# https://github.com/mikedh/trimesh
v -0.00143397 -0.07209688 -0.03199994
v 0.00275999 -0.07481193 -0.03199994
v -0.00143397 -0.07209688 -0.03250002
v 0.00275999 -0.07481193 -0.03250002
v 0.00275999 -0.07481193 -0.03250002
v 0.00275999 -0.07481193 -0.03199994
v 0.00332898 -0.07620692 -0.03250002
v 0.00332898 -0.07620692 -0.03199994
v 0.00349796 -0.07770490 -0.03250002
v 0.00349796 -0.07770490 -0.03199994
v 0.00325495 -0.07919192 -0.03250002
v 0.00325495 -0.07919192 -0.03199994
v 0.00261694 -0.08055692 -0.03250002
v 0.00261694 -0.08055692 -0.03199994
v 0.00163198 -0.08169788 -0.03250002
v 0.00163198 -0.08169788 -0.03199994
v 0.00037500 -0.08252793 -0.03250002
v 0.00037500 -0.08252793 -0.03199994
v -0.00105995 -0.08298689 -0.03250002
v -0.00105995 -0.08298689 -0.03199994
v -0.00256598 -0.08303892 -0.03250002
v -0.00256598 -0.08303892 -0.03199994
v -0.00623095 -0.08143091 -0.03250002
v -0.00497097 -0.08246588 -0.03250002
v -0.00256598 -0.08303892 -0.03250002
v -0.00347096 -0.08310490 -0.03250002
v -0.00185096 -0.08329492 -0.03250002
v -0.00105995 -0.08298689 -0.03250002
v -0.00024400 -0.08302092 -0.03250002
v 0.00037500 -0.08252793 -0.03250002
v 0.00122094 -0.08230590 -0.03250002
v 0.00163198 -0.08169788 -0.03250002
v 0.00242597 -0.08120590 -0.03250002
v 0.00261694 -0.08055692 -0.03250002
v 0.00327200 -0.07981193 -0.03250002
v 0.00325495 -0.07919192 -0.03250002
v 0.00368994 -0.07823592 -0.03250002
v 0.00349796 -0.07770490 -0.03250002
v 0.00364798 -0.07660591 -0.03250002
v 0.00332898 -0.07620692 -0.03250002
v 0.00314796 -0.07505291 -0.03250002
v 0.00275999 -0.07481193 -0.03250002
v 0.00223094 -0.07370489 -0.03250002
v -0.00143397 -0.07209688 -0.03250002
v 0.00097100 -0.07266891 -0.03250002
v -0.00052900 -0.07203090 -0.03250002
v -0.00214898 -0.07183992 -0.03250002
v -0.00294000 -0.07214891 -0.03250002
v -0.00375599 -0.07211393 -0.03250002
v -0.00437498 -0.07260692 -0.03250002
v -0.00522095 -0.07282990 -0.03250002
v -0.00563198 -0.07343792 -0.03250002
v -0.00642598 -0.07392889 -0.03250002
v -0.00661695 -0.07457888 -0.03250002
v -0.00727195 -0.07532387 -0.03250002
v -0.00725496 -0.07594388 -0.03250002
v -0.00768995 -0.07689988 -0.03250002
v -0.00749797 -0.07743090 -0.03250002
v -0.00764799 -0.07852989 -0.03250002
v -0.00732899 -0.07892793 -0.03250002
v -0.00714797 -0.08008188 -0.03250002
v -0.00675994 -0.08032292 -0.03250002
v -0.00675994 -0.08032292 -0.03250002
v -0.00675994 -0.08032292 -0.03199994
v -0.00732899 -0.07892793 -0.03250002
v -0.00732899 -0.07892793 -0.03199994
v -0.00749797 -0.07743090 -0.03250002
v -0.00749797 -0.07743090 -0.03199994
v -0.00725496 -0.07594388 -0.03250002
v -0.00725496 -0.07594388 -0.03199994
v -0.00661695 -0.07457888 -0.03250002
v -0.00661695 -0.07457888 -0.03199994
v -0.00563198 -0.07343792 -0.03250002
v -0.00563198 -0.07343792 -0.03199994
v -0.00437498 -0.07260692 -0.03250002
v -0.00437498 -0.07260692 -0.03199994
v -0.00294000 -0.07214891 -0.03250002
v -0.00294000 -0.07214891 -0.03199994
v -0.00143397 -0.07209688 -0.03250002
v -0.00143397 -0.07209688 -0.03199994
v -0.00256598 -0.08303892 -0.03199994
v -0.00675994 -0.08032292 -0.03199994
v -0.00256598 -0.08303892 -0.03250002
v -0.00675994 -0.08032292 -0.03250002
v -0.00623095 -0.08143091 -0.03250002
v -0.00623095 -0.08143091 -0.03199994
v -0.00497097 -0.08246588 -0.03250002
v -0.00497097 -0.08246588 -0.03250002
v -0.00497097 -0.08246588 -0.03199994
v -0.00497097 -0.08246588 -0.03250002
v -0.00497097 -0.08246588 -0.03199994
v -0.00347096 -0.08310490 -0.03250002
v -0.00497097 -0.08246588 -0.03199994
v -0.00347096 -0.08310490 -0.03199994
v -0.00185096 -0.08329492 -0.03250002
v -0.00185096 -0.08329492 -0.03199994
v -0.00024400 -0.08302092 -0.03250002
v -0.00024400 -0.08302092 -0.03199994
v 0.00122094 -0.08230590 -0.03250002
v 0.00122094 -0.08230590 -0.03199994
v 0.00242597 -0.08120590 -0.03250002
v 0.00242597 -0.08120590 -0.03199994
v 0.00242597 -0.08120590 -0.03250002
v 0.00242597 -0.08120590 -0.03199994
v 0.00327200 -0.07981193 -0.03250002
v 0.00327200 -0.07981193 -0.03199994
v 0.00368994 -0.07823592 -0.03250002
v 0.00368994 -0.07823592 -0.03199994
v 0.00364798 -0.07660591 -0.03250002
v 0.00364798 -0.07660591 -0.03199994
v 0.00314796 -0.07505291 -0.03250002
v 0.00314796 -0.07505291 -0.03199994
v 0.00223094 -0.07370489 -0.03250002
v 0.00223094 -0.07370489 -0.03199994
v 0.00097100 -0.07266891 -0.03250002
v 0.00097100 -0.07266891 -0.03250002
v 0.00097100 -0.07266891 -0.03199994
v 0.00097100 -0.07266891 -0.03199994
v -0.00052900 -0.07203090 -0.03250002
v -0.00052900 -0.07203090 -0.03199994
v -0.00214898 -0.07183992 -0.03250002
v -0.00214898 -0.07183992 -0.03199994
v -0.00375599 -0.07211393 -0.03250002
v -0.00375599 -0.07211393 -0.03199994
v -0.00522095 -0.07282990 -0.03250002
v -0.00522095 -0.07282990 -0.03199994
v -0.00642598 -0.07392889 -0.03250002
v -0.00642598 -0.07392889 -0.03199994
v -0.00642598 -0.07392889 -0.03250002
v -0.00642598 -0.07392889 -0.03199994
v -0.00727195 -0.07532387 -0.03250002
v -0.00727195 -0.07532387 -0.03199994
v -0.00768995 -0.07689988 -0.03250002
v -0.00768995 -0.07689988 -0.03199994
v -0.00764799 -0.07852989 -0.03250002
v -0.00764799 -0.07852989 -0.03199994
v -0.00714797 -0.08008188 -0.03250002
v -0.00714797 -0.08008188 -0.03199994
v -0.00347096 -0.08310490 -0.03199994
v -0.00497097 -0.08246588 -0.03199994
v -0.00256598 -0.08303892 -0.03199994
v -0.00623095 -0.08143091 -0.03199994
v -0.00675994 -0.08032292 -0.03199994
v -0.00714797 -0.08008188 -0.03199994
v -0.00732899 -0.07892793 -0.03199994
v -0.00764799 -0.07852989 -0.03199994
v -0.00749797 -0.07743090 -0.03199994
v -0.00768995 -0.07689988 -0.03199994
v -0.00725496 -0.07594388 -0.03199994
v -0.00727195 -0.07532387 -0.03199994
v -0.00661695 -0.07457888 -0.03199994
v -0.00642598 -0.07392889 -0.03199994
v -0.00563198 -0.07343792 -0.03199994
v -0.00522095 -0.07282990 -0.03199994
v -0.00437498 -0.07260692 -0.03199994
v -0.00375599 -0.07211393 -0.03199994
v -0.00294000 -0.07214891 -0.03199994
v -0.00214898 -0.07183992 -0.03199994
v -0.00143397 -0.07209688 -0.03199994
v -0.00052900 -0.07203090 -0.03199994
v 0.00097100 -0.07266891 -0.03199994
v 0.00223094 -0.07370489 -0.03199994
v 0.00275999 -0.07481193 -0.03199994
v 0.00314796 -0.07505291 -0.03199994
v 0.00332898 -0.07620692 -0.03199994
v 0.00364798 -0.07660591 -0.03199994
v 0.00349796 -0.07770490 -0.03199994
v 0.00368994 -0.07823592 -0.03199994
v 0.00325495 -0.07919192 -0.03199994
v 0.00327200 -0.07981193 -0.03199994
v 0.00261694 -0.08055692 -0.03199994
v 0.00242597 -0.08120590 -0.03199994
v 0.00163198 -0.08169788 -0.03199994
v 0.00122094 -0.08230590 -0.03199994
v 0.00037500 -0.08252793 -0.03199994
v -0.00024400 -0.08302092 -0.03199994
v -0.00105995 -0.08298689 -0.03199994
v -0.00185096 -0.08329492 -0.03199994
v 0.00300497 -0.08059591 0.03443896
v 0.01013898 -0.07804387 0.03443896
v 0.00240695 -0.08059591 0.03443896
v 0.01041895 -0.07723891 0.03443896
v 0.00080500 -0.08059489 0.03443896
v 0.01054096 -0.07639491 0.03443896
v 0.00000500 -0.07175487 0.03443896
v 0.01049697 -0.07552790 0.03443896
v 0.00174195 -0.07175487 0.03443896
v 0.01028996 -0.07469886 0.03443896
v 0.00201094 -0.07175487 0.03443896
v 0.00347298 -0.07175487 0.03443896
v 0.00991398 -0.07389491 0.03443896
v 0.00938898 -0.07317888 0.03443896
v 0.00360298 -0.08059388 0.03443896
v 0.00968599 -0.07881391 0.03443896
v 0.00420099 -0.08059090 0.03443896
v 0.00479895 -0.08058488 0.03443896
v 0.00621200 -0.08059889 0.03443896
v 0.00774997 -0.08029788 0.03443896
v 0.00847196 -0.07993692 0.03443896
v 0.00915200 -0.07941490 0.03443896
v 0.00695896 -0.08052188 0.03443896
v 0.00505096 -0.07174390 0.03443896
v 0.00885397 -0.07267487 0.03443896
v 0.00804394 -0.07216989 0.03443896
v 0.00719899 -0.07187688 0.03443896
v 0.00648397 -0.07177287 0.03443896
v -0.00173700 -0.07175487 0.03443896
v -0.01051098 -0.07567191 0.03443896
v -0.00079700 -0.08059489 0.03443896
v -0.01018297 -0.07443690 0.03443896
v -0.00200599 -0.07175487 0.03443896
v -0.00346798 -0.07175588 0.03443896
v -0.00951797 -0.07333391 0.03443896
v -0.00538296 -0.07173889 0.03443896
v -0.00856697 -0.07246989 0.03443896
v -0.00791395 -0.07211786 0.03443896
v -0.00702697 -0.07184588 0.03443896
v -0.01048296 -0.07689291 0.03443896
v -0.00239998 -0.08059591 0.03443896
v -0.01026195 -0.07773488 0.03443896
v -0.00987697 -0.07851988 0.03443896
v -0.00479394 -0.08058488 0.03443896
v -0.00938296 -0.07917386 0.03443896
v -0.00870198 -0.07978087 0.03443896
v -0.00808400 -0.08015090 0.03443896
v -0.00595295 -0.08060187 0.03443896
v -0.00716996 -0.08047688 0.03443896
v 0.00039600 -0.07355391 0.03773701
v 0.00039600 -0.07355391 0.03583800
v 0.00620198 -0.07355391 0.03773701
v 0.00620496 -0.07355391 0.03583800
v 0.00458598 -0.07879489 0.03773403
v 0.00458598 -0.07879388 0.03584003
v -0.00458097 -0.07879489 0.03773403
v -0.00458097 -0.07879388 0.03584003
v -0.00619596 -0.07355391 0.03773701
v -0.00679397 -0.07363986 0.03773701
v -0.00619996 -0.07355391 0.03583800
v -0.00679499 -0.07363891 0.03583800
v -0.00735098 -0.07385390 0.03773701
v -0.00735098 -0.07385289 0.03583800
v -0.00820994 -0.07459092 0.03773605
v -0.00820994 -0.07459092 0.03583800
v -0.00867897 -0.07561486 0.03773605
v -0.00867897 -0.07561391 0.03583800
v -0.00868195 -0.07675486 0.03773498
v -0.00868195 -0.07675391 0.03583800
v -0.00849998 -0.07730090 0.03773498
v -0.00849998 -0.07729989 0.03583800
v -0.00820398 -0.07778888 0.03773498
v -0.00820398 -0.07778787 0.03583800
v -0.00754994 -0.07838588 0.03773498
v -0.00754994 -0.07838487 0.03583800
v -0.00683498 -0.07870888 0.03773498
v -0.00683498 -0.07870888 0.03583800
v -0.00651699 -0.07876586 0.03773403
v -0.00651699 -0.07876491 0.03583800
v -0.00458097 -0.07879489 0.03773403
v -0.00458097 -0.07879388 0.03584003
v 0.00039600 -0.07355391 0.03773701
v -0.00619596 -0.07355391 0.03773701
v 0.00039600 -0.07355391 0.03583800
v -0.00619996 -0.07355391 0.03583800
v 0.00458598 -0.07879388 0.03584003
v 0.00458598 -0.07879489 0.03773403
v 0.00652999 -0.07876288 0.03583800
v 0.00652999 -0.07876390 0.03773498
v 0.00685400 -0.07870388 0.03583800
v 0.00685400 -0.07870489 0.03773498
v 0.00759196 -0.07836186 0.03583800
v 0.00759196 -0.07836288 0.03773498
v 0.00822598 -0.07776087 0.03583800
v 0.00822598 -0.07776188 0.03773498
v 0.00865698 -0.07687890 0.03583800
v 0.00865698 -0.07687991 0.03773498
v 0.00874597 -0.07629591 0.03583800
v 0.00874597 -0.07629686 0.03773605
v 0.00870395 -0.07570791 0.03583800
v 0.00870395 -0.07570886 0.03773605
v 0.00853699 -0.07515192 0.03583800
v 0.00853699 -0.07515287 0.03773605
v 0.00825399 -0.07464390 0.03583800
v 0.00825399 -0.07464486 0.03773605
v 0.00786400 -0.07420688 0.03583800
v 0.00786400 -0.07420790 0.03773605
v 0.00738895 -0.07386988 0.03583800
v 0.00738895 -0.07387089 0.03773701
v 0.00681800 -0.07364386 0.03583800
v 0.00681800 -0.07364487 0.03773701
v 0.00620496 -0.07355391 0.03583800
v 0.00620198 -0.07355391 0.03773701
v -0.00479394 -0.08058488 0.03443896
v -0.00595295 -0.08060187 0.03443896
v -0.00479394 -0.08058488 0.03583800
v -0.00702298 -0.08050787 0.03583800
v -0.00716996 -0.08047688 0.03443896
v -0.00807995 -0.08015191 0.03583800
v -0.00808400 -0.08015090 0.03443896
v -0.00870198 -0.07978087 0.03443896
v -0.00900996 -0.07953691 0.03583800
v -0.00938296 -0.07917386 0.03443896
v -0.00975394 -0.07870692 0.03583800
v -0.00987697 -0.07851988 0.03443896
v -0.01026797 -0.07771790 0.03583800
v -0.01026195 -0.07773488 0.03443896
v -0.01048296 -0.07689291 0.03443896
v -0.01051795 -0.07663089 0.03583800
v -0.01051098 -0.07567191 0.03443896
v -0.01049000 -0.07551586 0.03583800
v -0.01018297 -0.07443690 0.03443896
v -0.01018500 -0.07444286 0.03583800
v -0.00962895 -0.07347589 0.03583800
v -0.00951797 -0.07333391 0.03443896
v -0.00885296 -0.07267689 0.03583705
v -0.00856697 -0.07246989 0.03443896
v -0.00789297 -0.07210886 0.03583705
v -0.00791395 -0.07211786 0.03443896
v -0.00702697 -0.07184588 0.03443896
v -0.00681800 -0.07181191 0.03583705
v -0.00538296 -0.07173889 0.03443896
v -0.00570399 -0.07174086 0.03583705
v -0.00346798 -0.07175588 0.03583705
v -0.00346798 -0.07175588 0.03583705
v -0.00346798 -0.07175588 0.03443896
v -0.00346798 -0.07175588 0.03443896
v -0.00200599 -0.07175487 0.03443896
v -0.00346798 -0.07175588 0.03583705
v -0.00200599 -0.07175487 0.03583705
v -0.00173700 -0.07175487 0.03443896
v -0.00173700 -0.07175487 0.03583705
v -0.00200599 -0.07175487 0.03443896
v -0.00200599 -0.07175487 0.03583705
v 0.00240695 -0.08059591 0.03583800
v 0.00240695 -0.08059591 0.03443896
v 0.00080500 -0.08059489 0.03583800
v 0.00080500 -0.08059489 0.03443896
v -0.00079700 -0.08059489 0.03583800
v -0.00079700 -0.08059489 0.03443896
v -0.00239998 -0.08059591 0.03583800
v -0.00239998 -0.08059591 0.03443896
v -0.00479394 -0.08058488 0.03443896
v -0.00479394 -0.08058488 0.03583800
v -0.00239998 -0.08059591 0.03443896
v -0.00239998 -0.08059591 0.03583800
v 0.00174195 -0.07175487 0.03583705
v 0.00201094 -0.07175487 0.03583705
v 0.00039600 -0.07355391 0.03583800
v 0.00347298 -0.07175487 0.03583705
v 0.00620496 -0.07355391 0.03583800
v 0.00570899 -0.07174289 0.03583705
v 0.00682497 -0.07180887 0.03583705
v 0.00789899 -0.07210487 0.03583705
v 0.00885600 -0.07267689 0.03583705
v 0.00681800 -0.07364386 0.03583800
v 0.00963396 -0.07347589 0.03583800
v 0.00738895 -0.07386988 0.03583800
v 0.00786400 -0.07420688 0.03583800
v 0.01018995 -0.07444286 0.03583800
v 0.00825399 -0.07464390 0.03583800
v 0.00853699 -0.07515192 0.03583800
v 0.01049494 -0.07551491 0.03583800
v 0.00870395 -0.07570791 0.03583800
v 0.00874597 -0.07629591 0.03583800
v 0.01052296 -0.07662987 0.03583800
v 0.00865698 -0.07687890 0.03583800
v 0.01027399 -0.07771790 0.03583800
v 0.00822598 -0.07776087 0.03583800
v 0.00976097 -0.07870787 0.03583800
v 0.00759196 -0.07836186 0.03583800
v 0.00901699 -0.07953691 0.03583800
v 0.00685400 -0.07870388 0.03583800
v 0.00652999 -0.07876288 0.03583800
v 0.00808495 -0.08015090 0.03583800
v 0.00702900 -0.08050787 0.03583800
v 0.00479895 -0.08058488 0.03583800
v 0.00458598 -0.07879388 0.03584003
v 0.00240695 -0.08059591 0.03583800
v 0.00080500 -0.08059489 0.03583800
v -0.00079700 -0.08059489 0.03583800
v -0.00458097 -0.07879388 0.03584003
v -0.00239998 -0.08059591 0.03583800
v -0.00479394 -0.08058488 0.03583800
v -0.00651699 -0.07876491 0.03583800
v -0.00702298 -0.08050787 0.03583800
v -0.00807995 -0.08015191 0.03583800
v -0.00900996 -0.07953691 0.03583800
v -0.00683498 -0.07870888 0.03583800
v -0.00754994 -0.07838487 0.03583800
v -0.00975394 -0.07870692 0.03583800
v -0.00820398 -0.07778787 0.03583800
v -0.01026797 -0.07771790 0.03583800
v -0.00849998 -0.07729989 0.03583800
v -0.01051795 -0.07663089 0.03583800
v -0.00868195 -0.07675391 0.03583800
v -0.00867897 -0.07561391 0.03583800
v -0.01049000 -0.07551586 0.03583800
v -0.01018500 -0.07444286 0.03583800
v -0.00820994 -0.07459092 0.03583800
v -0.00962895 -0.07347589 0.03583800
v -0.00735098 -0.07385289 0.03583800
v -0.00885296 -0.07267689 0.03583705
v -0.00679499 -0.07363891 0.03583800
v -0.00619996 -0.07355391 0.03583800
v -0.00789297 -0.07210886 0.03583705
v -0.00681800 -0.07181191 0.03583705
v -0.00570399 -0.07174086 0.03583705
v -0.00346798 -0.07175588 0.03583705
v -0.00200599 -0.07175487 0.03583705
v -0.00173700 -0.07175487 0.03583705
v 0.00000100 -0.07175487 0.03583705
v 0.00000000 -0.07815688 0.03627896
v -0.00093000 -0.07792788 0.03627896
v 0.00092900 -0.07792788 0.03627896
v 0.00164598 -0.07729387 0.03627896
v -0.00164598 -0.07729387 0.03627896
v 0.00198495 -0.07639890 0.03627896
v -0.00198597 -0.07639890 0.03627896
v 0.00186998 -0.07544791 0.03627896
v -0.00186998 -0.07544791 0.03627896
v 0.00132596 -0.07465988 0.03627896
v -0.00132596 -0.07465988 0.03627896
v 0.00047800 -0.07421588 0.03627896
v -0.00047900 -0.07421588 0.03627896
v -0.00093000 -0.07792788 0.03627896
v 0.00000000 -0.07815688 0.03627896
v 0.00000000 -0.07815688 0.03773498
v 0.00000000 -0.07815688 0.03773498
v 0.00000000 -0.07815688 0.03627896
v 0.00092900 -0.07792788 0.03627896
v 0.00092900 -0.07792788 0.03773498
v 0.00164598 -0.07729387 0.03627896
v 0.00164598 -0.07729387 0.03773498
v 0.00198495 -0.07639890 0.03627896
v 0.00198495 -0.07639890 0.03773605
v 0.00186998 -0.07544791 0.03627896
v 0.00186998 -0.07544791 0.03773605
v 0.00132596 -0.07465988 0.03627896
v 0.00186998 -0.07544791 0.03773605
v 0.00132596 -0.07465988 0.03773605
v 0.00047800 -0.07421588 0.03627896
v 0.00047800 -0.07421588 0.03773605
v -0.00047900 -0.07421588 0.03773605
v -0.00047900 -0.07421588 0.03627896
v -0.00132596 -0.07465988 0.03773605
v -0.00132596 -0.07465988 0.03627896
v -0.00186998 -0.07544791 0.03773605
v -0.00186998 -0.07544791 0.03773605
v -0.00186998 -0.07544791 0.03627896
v -0.00198597 -0.07639890 0.03773605
v -0.00198597 -0.07639890 0.03627896
v -0.00164598 -0.07729387 0.03773498
v -0.00164598 -0.07729387 0.03627896
v -0.00093000 -0.07792788 0.03773498
v 0.00681800 -0.07364487 0.03773701
v 0.00738895 -0.07387089 0.03773701
v 0.00620198 -0.07355391 0.03773701
v 0.00132596 -0.07465988 0.03773605
v 0.00047800 -0.07421588 0.03773605
v 0.00786400 -0.07420790 0.03773605
v 0.00825399 -0.07464486 0.03773605
v 0.00186998 -0.07544791 0.03773605
v 0.00853699 -0.07515287 0.03773605
v 0.00870395 -0.07570886 0.03773605
v 0.00198495 -0.07639890 0.03773605
v 0.00874597 -0.07629686 0.03773605
v 0.00865698 -0.07687991 0.03773498
v 0.00164598 -0.07729387 0.03773498
v 0.00822598 -0.07776188 0.03773498
v 0.00759196 -0.07836288 0.03773498
v 0.00685400 -0.07870489 0.03773498
v 0.00652999 -0.07876390 0.03773498
v 0.00458598 -0.07879489 0.03773403
v 0.00092900 -0.07792788 0.03773498
v 0.00000000 -0.07815688 0.03773498
v -0.00458097 -0.07879489 0.03773403
v -0.00093000 -0.07792788 0.03773498
v -0.00164598 -0.07729387 0.03773498
v -0.00754994 -0.07838588 0.03773498
v -0.00820398 -0.07778888 0.03773498
v -0.00651699 -0.07876586 0.03773403
v -0.00683498 -0.07870888 0.03773498
v -0.00849998 -0.07730090 0.03773498
v -0.00198597 -0.07639890 0.03773605
v -0.00868195 -0.07675486 0.03773498
v -0.00867897 -0.07561486 0.03773605
v -0.00186998 -0.07544791 0.03773605
v -0.00820994 -0.07459092 0.03773605
v -0.00132596 -0.07465988 0.03773605
v -0.00735098 -0.07385390 0.03773701
v -0.00619596 -0.07355391 0.03773701
v -0.00679397 -0.07363986 0.03773701
v -0.00047900 -0.07421588 0.03773605
v 0.00039600 -0.07355391 0.03773701
v 0.00479895 -0.08058488 0.03443896
v 0.00420099 -0.08059090 0.03443896
v 0.00479895 -0.08058488 0.03583800
v 0.00360298 -0.08059388 0.03443896
v 0.00240695 -0.08059591 0.03583800
v 0.00300497 -0.08059591 0.03443896
v 0.00240695 -0.08059591 0.03443896
v 0.00347298 -0.07175487 0.03443896
v 0.00505096 -0.07174390 0.03443896
v 0.00347298 -0.07175487 0.03583705
v 0.00570899 -0.07174289 0.03583705
v 0.00648397 -0.07177287 0.03443896
v 0.00682497 -0.07180887 0.03583705
v 0.00719899 -0.07187688 0.03443896
v 0.00789899 -0.07210487 0.03583705
v 0.00804394 -0.07216989 0.03443896
v 0.00885600 -0.07267689 0.03583705
v 0.00885397 -0.07267487 0.03443896
v 0.00938898 -0.07317888 0.03443896
v 0.00963396 -0.07347589 0.03583800
v 0.00991398 -0.07389491 0.03443896
v 0.01018995 -0.07444286 0.03583800
v 0.01028996 -0.07469886 0.03443896
v 0.01049494 -0.07551491 0.03583800
v 0.01049697 -0.07552790 0.03443896
v 0.01054096 -0.07639491 0.03443896
v 0.01052296 -0.07662987 0.03583800
v 0.01041895 -0.07723891 0.03443896
v 0.01027399 -0.07771790 0.03583800
v 0.01013898 -0.07804387 0.03443896
v 0.00976097 -0.07870787 0.03583800
v 0.00968599 -0.07881391 0.03443896
v 0.00915200 -0.07941490 0.03443896
v 0.00901699 -0.07953691 0.03583800
v 0.00847196 -0.07993692 0.03443896
v 0.00808495 -0.08015090 0.03583800
v 0.00774997 -0.08029788 0.03443896
v 0.00702900 -0.08050787 0.03583800
v 0.00695896 -0.08052188 0.03443896
v 0.00621200 -0.08059889 0.03443896
v 0.00479895 -0.08058488 0.03443896
v 0.00479895 -0.08058488 0.03583800
v 0.00201094 -0.07175487 0.03443896
v 0.00347298 -0.07175487 0.03443896
v 0.00201094 -0.07175487 0.03583705
v 0.00347298 -0.07175487 0.03583705
v 0.00201094 -0.07175487 0.03443896
v 0.00201094 -0.07175487 0.03583705
v 0.00174195 -0.07175487 0.03443896
v 0.00174195 -0.07175487 0.03583705
v -0.00173700 -0.07175487 0.03583705
v -0.00173700 -0.07175487 0.03443896
v 0.00000100 -0.07175487 0.03583705
v 0.00000500 -0.07175487 0.03443896
v 0.00174195 -0.07175487 0.03583705
v 0.00174195 -0.07175487 0.03443896
v -0.00347096 -0.08310490 -0.04299998
v 0.00223094 -0.07370489 -0.04299998
v -0.00497097 -0.08246588 -0.04299998
v 0.00097100 -0.07266891 -0.04299998
v -0.00623095 -0.08143091 -0.04299998
v -0.00052900 -0.07203090 -0.04299998
v -0.00714797 -0.08008188 -0.04299998
v -0.00214898 -0.07183992 -0.04299998
v -0.00764799 -0.07852989 -0.04299998
v -0.00375599 -0.07211393 -0.04299998
v -0.00768995 -0.07689988 -0.04299998
v -0.00522095 -0.07282990 -0.04299998
v -0.00727195 -0.07532387 -0.04299998
v -0.00642598 -0.07392889 -0.04299998
v 0.00314796 -0.07505291 -0.04299998
v -0.00185096 -0.08329492 -0.04299998
v 0.00364798 -0.07660591 -0.04299998
v -0.00024400 -0.08302092 -0.04299998
v 0.00368994 -0.07823592 -0.04299998
v 0.00122094 -0.08230590 -0.04299998
v 0.00327200 -0.07981193 -0.04299998
v 0.00242597 -0.08120590 -0.04299998
v -0.00623095 -0.08143091 -0.04299998
v -0.00623095 -0.08143091 -0.03349995
v -0.00497097 -0.08246588 -0.04299998
v -0.00497097 -0.08246588 -0.03349995
v -0.00497097 -0.08246588 -0.04299998
v -0.00497097 -0.08246588 -0.03349995
v -0.00347096 -0.08310490 -0.04299998
v -0.00497097 -0.08246588 -0.03349995
v -0.00347096 -0.08310490 -0.03349995
v -0.00185096 -0.08329492 -0.04299998
v -0.00185096 -0.08329492 -0.03349995
v -0.00024400 -0.08302092 -0.04299998
v -0.00024400 -0.08302092 -0.03349995
v 0.00122094 -0.08230590 -0.04299998
v 0.00122094 -0.08230590 -0.03349995
v 0.00242597 -0.08120590 -0.04299998
v 0.00242597 -0.08120590 -0.03349995
v 0.00327200 -0.07981193 -0.04299998
v 0.00327200 -0.07981193 -0.03349995
v 0.00368994 -0.07823592 -0.04299998
v 0.00368994 -0.07823592 -0.03349995
v 0.00364798 -0.07660591 -0.04299998
v 0.00364798 -0.07660591 -0.03349995
v 0.00314796 -0.07505291 -0.04299998
v 0.00314796 -0.07505291 -0.03349995
v 0.00223094 -0.07370489 -0.04299998
v 0.00223094 -0.07370489 -0.03349995
v 0.00097100 -0.07266891 -0.04299998
v 0.00097100 -0.07266891 -0.03349995
v 0.00097100 -0.07266891 -0.04299998
v 0.00097100 -0.07266891 -0.03349995
v -0.00052900 -0.07203090 -0.04299998
v -0.00052900 -0.07203090 -0.03349995
v -0.00214898 -0.07183992 -0.04299998
v -0.00214898 -0.07183992 -0.03349995
v -0.00375599 -0.07211393 -0.04299998
v -0.00375599 -0.07211393 -0.03349995
v -0.00522095 -0.07282990 -0.04299998
v -0.00522095 -0.07282990 -0.03349995
v -0.00642598 -0.07392889 -0.04299998
v -0.00642598 -0.07392889 -0.03349995
v -0.00727195 -0.07532387 -0.04299998
v -0.00727195 -0.07532387 -0.03349995
v -0.00768995 -0.07689988 -0.04299998
v -0.00768995 -0.07689988 -0.03349995
v -0.00764799 -0.07852989 -0.04299998
v -0.00764799 -0.07852989 -0.03349995
v -0.00714797 -0.08008188 -0.04299998
v -0.00714797 -0.08008188 -0.03349995
v -0.00184697 -0.07374888 -0.03299999
v -0.00143796 -0.07343888 -0.03299999
v -0.00196195 -0.07424890 -0.03299999
v -0.00092500 -0.07346588 -0.03299999
v -0.00172800 -0.07470589 -0.03299999
v -0.00055000 -0.07381492 -0.03299999
v -0.00125599 -0.07490491 -0.03299999
v -0.00048600 -0.07432389 -0.03299999
v -0.00076500 -0.07475489 -0.03299999
v -0.00196195 -0.07424890 -0.03299999
v -0.00196195 -0.07424890 -0.03799998
v -0.00184697 -0.07374888 -0.03299999
v -0.00184697 -0.07374888 -0.03799998
v -0.00184697 -0.07374888 -0.03299999
v -0.00184697 -0.07374888 -0.03799998
v -0.00143796 -0.07343888 -0.03299999
v -0.00143796 -0.07343888 -0.03799998
v -0.00092500 -0.07346588 -0.03299999
v -0.00092500 -0.07346588 -0.03799998
v -0.00055000 -0.07381492 -0.03299999
v -0.00055000 -0.07381492 -0.03799998
v -0.00048600 -0.07432389 -0.03299999
v -0.00048600 -0.07432389 -0.03799998
v -0.00076500 -0.07475489 -0.03299999
v -0.00076500 -0.07475489 -0.03799998
v -0.00125599 -0.07490491 -0.03299999
v -0.00125599 -0.07490491 -0.03799998
v -0.00172800 -0.07470589 -0.03299999
v -0.00172800 -0.07470589 -0.03799998
v 0.00016300 -0.07504987 -0.03299999
v 0.00057200 -0.07474088 -0.03299999
v 0.00004800 -0.07554990 -0.03299999
v 0.00108397 -0.07476693 -0.03299999
v 0.00028200 -0.07600688 -0.03299999
v 0.00145996 -0.07511591 -0.03299999
v 0.00075400 -0.07620692 -0.03299999
v 0.00152296 -0.07562488 -0.03299999
v 0.00124395 -0.07605588 -0.03299999
v 0.00004800 -0.07554990 -0.03299999
v 0.00004800 -0.07554990 -0.03799998
v 0.00016300 -0.07504987 -0.03299999
v 0.00016300 -0.07504987 -0.03799998
v 0.00016300 -0.07504987 -0.03299999
v 0.00016300 -0.07504987 -0.03799998
v 0.00057200 -0.07474088 -0.03299999
v 0.00057200 -0.07474088 -0.03799998
v 0.00108397 -0.07476693 -0.03299999
v 0.00108397 -0.07476693 -0.03799998
v 0.00145996 -0.07511591 -0.03299999
v 0.00145996 -0.07511591 -0.03799998
v 0.00152296 -0.07562488 -0.03299999
v 0.00152296 -0.07562488 -0.03799998
v 0.00124395 -0.07605588 -0.03299999
v 0.00124395 -0.07605588 -0.03799998
v 0.00075400 -0.07620692 -0.03299999
v 0.00075400 -0.07620692 -0.03799998
v 0.00028200 -0.07600688 -0.03299999
v 0.00028200 -0.07600688 -0.03799998
v 0.00086600 -0.07733893 -0.03299999
v 0.00127494 -0.07702893 -0.03299999
v 0.00075100 -0.07783889 -0.03299999
v 0.00178796 -0.07705491 -0.03299999
v 0.00098500 -0.07829493 -0.03299999
v 0.00216299 -0.07740491 -0.03299999
v 0.00145698 -0.07849490 -0.03299999
v 0.00222600 -0.07791388 -0.03299999
v 0.00194800 -0.07834392 -0.03299999
v 0.00075100 -0.07783889 -0.03299999
v 0.00075100 -0.07783889 -0.03799998
v 0.00086600 -0.07733893 -0.03299999
v 0.00086600 -0.07733893 -0.03799998
v 0.00086600 -0.07733893 -0.03299999
v 0.00086600 -0.07733893 -0.03799998
v 0.00127494 -0.07702893 -0.03299999
v 0.00127494 -0.07702893 -0.03799998
v 0.00178796 -0.07705491 -0.03299999
v 0.00178796 -0.07705491 -0.03799998
v 0.00216299 -0.07740491 -0.03299999
v 0.00216299 -0.07740491 -0.03799998
v 0.00222600 -0.07791388 -0.03299999
v 0.00222600 -0.07791388 -0.03799998
v 0.00194800 -0.07834392 -0.03299999
v 0.00194800 -0.07834392 -0.03799998
v 0.00145698 -0.07849490 -0.03299999
v 0.00145698 -0.07849490 -0.03799998
v 0.00098500 -0.07829493 -0.03299999
v 0.00098500 -0.07829493 -0.03799998
v -0.00006700 -0.07954388 -0.03299999
v 0.00034300 -0.07923388 -0.03299999
v -0.00018100 -0.08004391 -0.03299999
v 0.00085500 -0.07925993 -0.03299999
v 0.00005200 -0.08049988 -0.03299999
v 0.00123096 -0.07960993 -0.03299999
v 0.00052500 -0.08069992 -0.03299999
v 0.00129396 -0.08011889 -0.03299999
v 0.00101495 -0.08054989 -0.03299999
v -0.00018100 -0.08004391 -0.03299999
v -0.00018100 -0.08004391 -0.03799998
v -0.00006700 -0.07954388 -0.03299999
v -0.00006700 -0.07954388 -0.03799998
v -0.00006700 -0.07954388 -0.03299999
v -0.00006700 -0.07954388 -0.03799998
v 0.00034300 -0.07923388 -0.03299999
v 0.00034300 -0.07923388 -0.03799998
v 0.00085500 -0.07925993 -0.03299999
v 0.00085500 -0.07925993 -0.03799998
v 0.00123096 -0.07960993 -0.03299999
v 0.00123096 -0.07960993 -0.03799998
v 0.00129396 -0.08011889 -0.03299999
v 0.00129396 -0.08011889 -0.03799998
v 0.00101495 -0.08054989 -0.03299999
v 0.00101495 -0.08054989 -0.03799998
v 0.00052500 -0.08069992 -0.03299999
v 0.00052500 -0.08069992 -0.03799998
v 0.00005200 -0.08049988 -0.03299999
v 0.00005200 -0.08049988 -0.03799998
v -0.00453198 -0.08009791 -0.03299999
v -0.00412196 -0.07978892 -0.03299999
v -0.00464594 -0.08059787 -0.03299999
v -0.00360996 -0.07981491 -0.03299999
v -0.00441295 -0.08105492 -0.03299999
v -0.00323397 -0.08016389 -0.03299999
v -0.00393999 -0.08125489 -0.03299999
v -0.00317097 -0.08067291 -0.03299999
v -0.00344998 -0.08110392 -0.03299999
v -0.00464594 -0.08059787 -0.03299999
v -0.00464594 -0.08059787 -0.03799998
v -0.00453198 -0.08009791 -0.03299999
v -0.00453198 -0.08009791 -0.03799998
v -0.00453198 -0.08009791 -0.03299999
v -0.00453198 -0.08009791 -0.03799998
v -0.00412196 -0.07978892 -0.03299999
v -0.00412196 -0.07978892 -0.03799998
v -0.00360996 -0.07981491 -0.03299999
v -0.00360996 -0.07981491 -0.03799998
v -0.00323397 -0.08016389 -0.03299999
v -0.00323397 -0.08016389 -0.03799998
v -0.00317097 -0.08067291 -0.03299999
v -0.00317097 -0.08067291 -0.03799998
v -0.00344998 -0.08110392 -0.03299999
v -0.00344998 -0.08110392 -0.03799998
v -0.00393999 -0.08125489 -0.03299999
v -0.00393999 -0.08125489 -0.03799998
v -0.00441295 -0.08105492 -0.03299999
v -0.00441295 -0.08105492 -0.03799998
v -0.00129396 -0.07647693 -0.03299999
v -0.00088500 -0.07616788 -0.03299999
v -0.00140899 -0.07697689 -0.03299999
v -0.00037200 -0.07619392 -0.03299999
v -0.00117499 -0.07743388 -0.03299999
v 0.00000300 -0.07654392 -0.03299999
v -0.00070300 -0.07763391 -0.03299999
v 0.00006700 -0.07705289 -0.03299999
v -0.00021200 -0.07748287 -0.03299999
v -0.00140899 -0.07697689 -0.03299999
v -0.00140899 -0.07697689 -0.03799998
v -0.00129396 -0.07647693 -0.03299999
v -0.00129396 -0.07647693 -0.03799998
v -0.00129396 -0.07647693 -0.03299999
v -0.00129396 -0.07647693 -0.03799998
v -0.00088500 -0.07616788 -0.03299999
v -0.00088500 -0.07616788 -0.03799998
v -0.00037200 -0.07619392 -0.03299999
v -0.00037200 -0.07619392 -0.03799998
v 0.00000300 -0.07654392 -0.03299999
v 0.00000300 -0.07654392 -0.03799998
v 0.00006700 -0.07705289 -0.03299999
v 0.00006700 -0.07705289 -0.03799998
v -0.00021200 -0.07748287 -0.03299999
v -0.00021200 -0.07748287 -0.03799998
v -0.00070300 -0.07763391 -0.03299999
v -0.00070300 -0.07763391 -0.03799998
v -0.00117499 -0.07743388 -0.03299999
v -0.00117499 -0.07743388 -0.03799998
v -0.00388896 -0.07634490 -0.03299999
v -0.00347894 -0.07603591 -0.03299999
v -0.00400299 -0.07684493 -0.03299999
v -0.00296700 -0.07606190 -0.03299999
v -0.00376999 -0.07730191 -0.03299999
v -0.00259095 -0.07641088 -0.03299999
v -0.00329697 -0.07750189 -0.03299999
v -0.00252795 -0.07691991 -0.03299999
v -0.00280696 -0.07735091 -0.03299999
v -0.00400299 -0.07684493 -0.03299999
v -0.00400299 -0.07684493 -0.03799998
v -0.00388896 -0.07634490 -0.03299999
v -0.00388896 -0.07634490 -0.03799998
v -0.00388896 -0.07634490 -0.03299999
v -0.00388896 -0.07634490 -0.03799998
v -0.00347894 -0.07603591 -0.03299999
v -0.00347894 -0.07603591 -0.03799998
v -0.00296700 -0.07606190 -0.03299999
v -0.00296700 -0.07606190 -0.03799998
v -0.00259095 -0.07641088 -0.03299999
v -0.00259095 -0.07641088 -0.03799998
v -0.00252795 -0.07691991 -0.03299999
v -0.00252795 -0.07691991 -0.03799998
v -0.00280696 -0.07735091 -0.03299999
v -0.00280696 -0.07735091 -0.03799998
v -0.00329697 -0.07750189 -0.03299999
v -0.00329697 -0.07750189 -0.03799998
v -0.00376999 -0.07730191 -0.03299999
v -0.00376999 -0.07730191 -0.03799998
v -0.00219798 -0.08063387 -0.03299999
v -0.00178897 -0.08032393 -0.03299999
v -0.00231296 -0.08113390 -0.03299999
v -0.00127697 -0.08034992 -0.03299999
v -0.00207895 -0.08158987 -0.03299999
v -0.00090100 -0.08069992 -0.03299999
v -0.00160694 -0.08178991 -0.03299999
v -0.00083800 -0.08120888 -0.03299999
v -0.00111598 -0.08163893 -0.03299999
v -0.00231296 -0.08113390 -0.03299999
v -0.00231296 -0.08113390 -0.03799998
v -0.00219798 -0.08063387 -0.03299999
v -0.00219798 -0.08063387 -0.03799998
v -0.00219798 -0.08063387 -0.03299999
v -0.00219798 -0.08063387 -0.03799998
v -0.00178897 -0.08032393 -0.03299999
v -0.00178897 -0.08032393 -0.03799998
v -0.00127697 -0.08034992 -0.03299999
v -0.00127697 -0.08034992 -0.03799998
v -0.00090100 -0.08069992 -0.03299999
v -0.00090100 -0.08069992 -0.03799998
v -0.00083800 -0.08120888 -0.03299999
v -0.00083800 -0.08120888 -0.03799998
v -0.00111598 -0.08163893 -0.03299999
v -0.00111598 -0.08163893 -0.03799998
v -0.00160694 -0.08178991 -0.03299999
v -0.00160694 -0.08178991 -0.03799998
v -0.00207895 -0.08158987 -0.03299999
v -0.00207895 -0.08158987 -0.03799998
v -0.00422299 -0.07404392 -0.03299999
v -0.00381398 -0.07373487 -0.03299999
v -0.00433797 -0.07454389 -0.03299999
v -0.00330096 -0.07376092 -0.03299999
v -0.00410396 -0.07500088 -0.03299999
v -0.00292599 -0.07410991 -0.03299999
v -0.00363195 -0.07520091 -0.03299999
v -0.00286198 -0.07461893 -0.03299999
v -0.00314099 -0.07504987 -0.03299999
v -0.00433797 -0.07454389 -0.03299999
v -0.00433797 -0.07454389 -0.03799998
v -0.00422299 -0.07404392 -0.03299999
v -0.00422299 -0.07404392 -0.03799998
v -0.00422299 -0.07404392 -0.03299999
v -0.00422299 -0.07404392 -0.03799998
v -0.00381398 -0.07373487 -0.03299999
v -0.00381398 -0.07373487 -0.03799998
v -0.00330096 -0.07376092 -0.03299999
v -0.00330096 -0.07376092 -0.03799998
v -0.00292599 -0.07410991 -0.03299999
v -0.00292599 -0.07410991 -0.03799998
v -0.00286198 -0.07461893 -0.03299999
v -0.00286198 -0.07461893 -0.03799998
v -0.00314099 -0.07504987 -0.03299999
v -0.00314099 -0.07504987 -0.03799998
v -0.00363195 -0.07520091 -0.03299999
v -0.00363195 -0.07520091 -0.03799998
v -0.00410396 -0.07500088 -0.03299999
v -0.00410396 -0.07500088 -0.03799998
v -0.00585300 -0.07579690 -0.03299999
v -0.00544399 -0.07548791 -0.03299999
v -0.00596797 -0.07629692 -0.03299999
v -0.00493199 -0.07551389 -0.03299999
v -0.00573397 -0.07675391 -0.03299999
v -0.00455600 -0.07586288 -0.03299999
v -0.00526196 -0.07695388 -0.03299999
v -0.00449300 -0.07637190 -0.03299999
v -0.00477099 -0.07680290 -0.03299999
v -0.00596797 -0.07629692 -0.03299999
v -0.00596797 -0.07629692 -0.03799998
v -0.00585300 -0.07579690 -0.03299999
v -0.00585300 -0.07579690 -0.03799998
v -0.00585300 -0.07579690 -0.03299999
v -0.00585300 -0.07579690 -0.03799998
v -0.00544399 -0.07548791 -0.03299999
v -0.00544399 -0.07548791 -0.03799998
v -0.00493199 -0.07551389 -0.03299999
v -0.00493199 -0.07551389 -0.03799998
v -0.00455600 -0.07586288 -0.03299999
v -0.00455600 -0.07586288 -0.03799998
v -0.00449300 -0.07637190 -0.03299999
v -0.00449300 -0.07637190 -0.03799998
v -0.00477099 -0.07680290 -0.03299999
v -0.00477099 -0.07680290 -0.03799998
v -0.00526196 -0.07695388 -0.03299999
v -0.00526196 -0.07695388 -0.03799998
v -0.00573397 -0.07675391 -0.03299999
v -0.00573397 -0.07675391 -0.03799998
v -0.00597495 -0.07818788 -0.03299999
v -0.00556594 -0.07787889 -0.03299999
v -0.00608998 -0.07868790 -0.03299999
v -0.00505400 -0.07790488 -0.03299999
v -0.00585598 -0.07914489 -0.03299999
v -0.00467795 -0.07825392 -0.03299999
v -0.00538397 -0.07934492 -0.03299999
v -0.00461495 -0.07876288 -0.03299999
v -0.00489294 -0.07919389 -0.03299999
v -0.00608998 -0.07868790 -0.03299999
v -0.00608998 -0.07868790 -0.03799998
v -0.00597495 -0.07818788 -0.03299999
v -0.00597495 -0.07818788 -0.03799998
v -0.00597495 -0.07818788 -0.03299999
v -0.00597495 -0.07818788 -0.03799998
v -0.00556594 -0.07787889 -0.03299999
v -0.00556594 -0.07787889 -0.03799998
v -0.00505400 -0.07790488 -0.03299999
v -0.00505400 -0.07790488 -0.03799998
v -0.00467795 -0.07825392 -0.03299999
v -0.00467795 -0.07825392 -0.03799998
v -0.00461495 -0.07876288 -0.03299999
v -0.00461495 -0.07876288 -0.03799998
v -0.00489294 -0.07919389 -0.03299999
v -0.00489294 -0.07919389 -0.03799998
v -0.00538397 -0.07934492 -0.03299999
v -0.00538397 -0.07934492 -0.03799998
v -0.00585598 -0.07914489 -0.03299999
v -0.00585598 -0.07914489 -0.03799998
v -0.00270599 -0.07865792 -0.03299999
v -0.00229698 -0.07834893 -0.03299999
v -0.00282097 -0.07915788 -0.03299999
v -0.00178397 -0.07837492 -0.03299999
v -0.00258696 -0.07961487 -0.03299999
v -0.00140899 -0.07872390 -0.03299999
v -0.00211495 -0.07981491 -0.03299999
v -0.00134498 -0.07923388 -0.03299999
v -0.00162399 -0.07966393 -0.03299999
v -0.00282097 -0.07915788 -0.03299999
v -0.00282097 -0.07915788 -0.03799998
v -0.00270599 -0.07865792 -0.03299999
v -0.00270599 -0.07865792 -0.03799998
v -0.00270599 -0.07865792 -0.03299999
v -0.00270599 -0.07865792 -0.03799998
v -0.00229698 -0.07834893 -0.03299999
v -0.00229698 -0.07834893 -0.03799998
v -0.00178397 -0.07837492 -0.03299999
v -0.00178397 -0.07837492 -0.03799998
v -0.00140899 -0.07872390 -0.03299999
v -0.00140899 -0.07872390 -0.03799998
v -0.00134498 -0.07923388 -0.03299999
v -0.00134498 -0.07923388 -0.03799998
v -0.00162399 -0.07966393 -0.03299999
v -0.00162399 -0.07966393 -0.03799998
v -0.00211495 -0.07981491 -0.03299999
v -0.00211495 -0.07981491 -0.03799998
v -0.00258696 -0.07961487 -0.03299999
v -0.00258696 -0.07961487 -0.03799998
v -0.00515199 -0.07368588 -0.03799998
v -0.00544399 -0.07548791 -0.03799998
v -0.00619697 -0.07484990 -0.03799998
v -0.00585300 -0.07579690 -0.03799998
v -0.00683099 -0.07627987 -0.03799998
v -0.00596797 -0.07629692 -0.03799998
v -0.00573397 -0.07675391 -0.03799998
v -0.00379795 -0.07290190 -0.03799998
v -0.00381398 -0.07373487 -0.03799998
v -0.00422299 -0.07404392 -0.03799998
v -0.00433797 -0.07454389 -0.03799998
v -0.00330096 -0.07376092 -0.03799998
v -0.00226897 -0.07257491 -0.03799998
v -0.00292599 -0.07410991 -0.03799998
v -0.00184697 -0.07374888 -0.03799998
v -0.00196195 -0.07424890 -0.03799998
v -0.00143796 -0.07343888 -0.03799998
v -0.00071300 -0.07273590 -0.03799998
v -0.00092500 -0.07346588 -0.03799998
v -0.00055000 -0.07381492 -0.03799998
v 0.00071700 -0.07337093 -0.03799998
v -0.00048600 -0.07432389 -0.03799998
v 0.00057200 -0.07474088 -0.03799998
v 0.00016300 -0.07504987 -0.03799998
v 0.00108397 -0.07476693 -0.03799998
v 0.00188094 -0.07441592 -0.03799998
v 0.00145996 -0.07511591 -0.03799998
v 0.00266498 -0.07576888 -0.03799998
v 0.00152296 -0.07562488 -0.03799998
v 0.00124395 -0.07605588 -0.03799998
v 0.00178796 -0.07705491 -0.03799998
v 0.00127494 -0.07702893 -0.03799998
v 0.00216299 -0.07740491 -0.03799998
v 0.00299299 -0.07729887 -0.03799998
v 0.00222600 -0.07791388 -0.03799998
v 0.00283098 -0.07885491 -0.03799998
v 0.00194800 -0.07834392 -0.03799998
v 0.00123096 -0.07960993 -0.03799998
v 0.00145698 -0.07849490 -0.03799998
v 0.00085500 -0.07925993 -0.03799998
v 0.00098500 -0.07829493 -0.03799998
v 0.00034300 -0.07923388 -0.03799998
v 0.00075100 -0.07783889 -0.03799998
v -0.00021200 -0.07748287 -0.03799998
v 0.00006700 -0.07705289 -0.03799998
v 0.00219697 -0.08028489 -0.03799998
v 0.00129396 -0.08011889 -0.03799998
v 0.00101495 -0.08054989 -0.03799998
v 0.00115198 -0.08144891 -0.03799998
v 0.00052500 -0.08069992 -0.03799998
v -0.00020200 -0.08223289 -0.03799998
v 0.00005200 -0.08049988 -0.03799998
v -0.00083800 -0.08120888 -0.03799998
v -0.00090100 -0.08069992 -0.03799998
v -0.00111598 -0.08163893 -0.03799998
v -0.00173098 -0.08256089 -0.03799998
v -0.00160694 -0.08178991 -0.03799998
v -0.00207895 -0.08158987 -0.03799998
v -0.00328696 -0.08239889 -0.03799998
v -0.00231296 -0.08113390 -0.03799998
v -0.00344998 -0.08110392 -0.03799998
v -0.00317097 -0.08067291 -0.03799998
v -0.00393999 -0.08125489 -0.03799998
v -0.00471699 -0.08176493 -0.03799998
v -0.00441295 -0.08105492 -0.03799998
v -0.00588095 -0.08071988 -0.03799998
v -0.00464594 -0.08059787 -0.03799998
v -0.00453198 -0.08009791 -0.03799998
v -0.00538397 -0.07934492 -0.03799998
v -0.00489294 -0.07919389 -0.03799998
v -0.00585598 -0.07914489 -0.03799998
v -0.00666499 -0.07936590 -0.03799998
v -0.00608998 -0.07868790 -0.03799998
v -0.00699299 -0.07783591 -0.03799998
v -0.00597495 -0.07818788 -0.03799998
v -0.00556594 -0.07787889 -0.03799998
v -0.00526196 -0.07695388 -0.03799998
v -0.00505400 -0.07790488 -0.03799998
v -0.00477099 -0.07680290 -0.03799998
v -0.00376999 -0.07730191 -0.03799998
v -0.00400299 -0.07684493 -0.03799998
v -0.00449300 -0.07637190 -0.03799998
v -0.00388896 -0.07634490 -0.03799998
v -0.00455600 -0.07586288 -0.03799998
v -0.00347894 -0.07603591 -0.03799998
v -0.00363195 -0.07520091 -0.03799998
v -0.00314099 -0.07504987 -0.03799998
v -0.00286198 -0.07461893 -0.03799998
v -0.00172800 -0.07470589 -0.03799998
v -0.00296700 -0.07606190 -0.03799998
v -0.00125599 -0.07490491 -0.03799998
v -0.00129396 -0.07647693 -0.03799998
v -0.00259095 -0.07641088 -0.03799998
v -0.00088500 -0.07616788 -0.03799998
v -0.00076500 -0.07475489 -0.03799998
v 0.00004800 -0.07554990 -0.03799998
v -0.00037200 -0.07619392 -0.03799998
v 0.00028200 -0.07600688 -0.03799998
v 0.00000300 -0.07654392 -0.03799998
v 0.00075400 -0.07620692 -0.03799998
v 0.00086600 -0.07733893 -0.03799998
v -0.00018100 -0.08004391 -0.03799998
v -0.00134498 -0.07923388 -0.03799998
v -0.00006700 -0.07954388 -0.03799998
v -0.00140899 -0.07872390 -0.03799998
v -0.00070300 -0.07763391 -0.03799998
v -0.00127697 -0.08034992 -0.03799998
v -0.00162399 -0.07966393 -0.03799998
v -0.00178897 -0.08032393 -0.03799998
v -0.00211495 -0.07981491 -0.03799998
v -0.00219798 -0.08063387 -0.03799998
v -0.00258696 -0.07961487 -0.03799998
v -0.00323397 -0.08016389 -0.03799998
v -0.00360996 -0.07981491 -0.03799998
v -0.00412196 -0.07978892 -0.03799998
v -0.00461495 -0.07876288 -0.03799998
v -0.00282097 -0.07915788 -0.03799998
v -0.00140899 -0.07697689 -0.03799998
v -0.00252795 -0.07691991 -0.03799998
v -0.00117499 -0.07743388 -0.03799998
v -0.00178397 -0.07837492 -0.03799998
v -0.00467795 -0.07825392 -0.03799998
v -0.00329697 -0.07750189 -0.03799998
v -0.00270599 -0.07865792 -0.03799998
v -0.00229698 -0.07834893 -0.03799998
v -0.00280696 -0.07735091 -0.03799998
v -0.00410396 -0.07500088 -0.03799998
v -0.00493199 -0.07551389 -0.03799998
v -0.00683099 -0.07627987 -0.03799998
v -0.00683099 -0.07627987 -0.03349995
v -0.00619697 -0.07484990 -0.03799998
v -0.00619697 -0.07484990 -0.03349995
v -0.00619697 -0.07484990 -0.03799998
v -0.00619697 -0.07484990 -0.03349995
v -0.00515199 -0.07368588 -0.03799998
v -0.00515199 -0.07368588 -0.03349995
v -0.00379795 -0.07290190 -0.03799998
v -0.00379795 -0.07290190 -0.03349995
v -0.00226897 -0.07257491 -0.03799998
v -0.00226897 -0.07257491 -0.03349995
v -0.00071300 -0.07273590 -0.03799998
v -0.00071300 -0.07273590 -0.03349995
v 0.00071700 -0.07337093 -0.03799998
v 0.00071700 -0.07337093 -0.03349995
v 0.00188094 -0.07441592 -0.03799998
v 0.00188094 -0.07441592 -0.03349995
v 0.00266498 -0.07576888 -0.03799998
v 0.00266498 -0.07576888 -0.03349995
v 0.00299299 -0.07729887 -0.03799998
v 0.00299299 -0.07729887 -0.03349995
v 0.00283098 -0.07885491 -0.03799998
v 0.00283098 -0.07885491 -0.03349995
v 0.00219697 -0.08028489 -0.03799998
v 0.00219697 -0.08028489 -0.03349995
v 0.00115198 -0.08144891 -0.03799998
v 0.00115198 -0.08144891 -0.03349995
v -0.00020200 -0.08223289 -0.03799998
v -0.00020200 -0.08223289 -0.03349995
v -0.00173098 -0.08256089 -0.03799998
v -0.00173098 -0.08256089 -0.03349995
v -0.00328696 -0.08239889 -0.03799998
v -0.00328696 -0.08239889 -0.03349995
v -0.00471699 -0.08176493 -0.03799998
v -0.00471699 -0.08176493 -0.03349995
v -0.00588095 -0.08071988 -0.03799998
v -0.00588095 -0.08071988 -0.03349995
v -0.00666499 -0.07936590 -0.03799998
v -0.00666499 -0.07936590 -0.03349995
v -0.00699299 -0.07783591 -0.03799998
v -0.00699299 -0.07783591 -0.03349995
v -0.00623095 -0.08143091 -0.03349995
v -0.00471699 -0.08176493 -0.03349995
v -0.00497097 -0.08246588 -0.03349995
v -0.00328696 -0.08239889 -0.03349995
v -0.00347096 -0.08310490 -0.03349995
v -0.00185096 -0.08329492 -0.03349995
v -0.00173098 -0.08256089 -0.03349995
v -0.00024400 -0.08302092 -0.03349995
v -0.00020200 -0.08223289 -0.03349995
v 0.00122094 -0.08230590 -0.03349995
v 0.00115198 -0.08144891 -0.03349995
v 0.00242597 -0.08120590 -0.03349995
v 0.00219697 -0.08028489 -0.03349995
v 0.00327200 -0.07981193 -0.03349995
v 0.00283098 -0.07885491 -0.03349995
v 0.00368994 -0.07823592 -0.03349995
v 0.00299299 -0.07729887 -0.03349995
v 0.00364798 -0.07660591 -0.03349995
v 0.00266498 -0.07576888 -0.03349995
v 0.00314796 -0.07505291 -0.03349995
v 0.00188094 -0.07441592 -0.03349995
v 0.00223094 -0.07370489 -0.03349995
v 0.00071700 -0.07337093 -0.03349995
v 0.00097100 -0.07266891 -0.03349995
v -0.00071300 -0.07273590 -0.03349995
v -0.00052900 -0.07203090 -0.03349995
v -0.00214898 -0.07183992 -0.03349995
v -0.00226897 -0.07257491 -0.03349995
v -0.00375599 -0.07211393 -0.03349995
v -0.00379795 -0.07290190 -0.03349995
v -0.00522095 -0.07282990 -0.03349995
v -0.00515199 -0.07368588 -0.03349995
v -0.00642598 -0.07392889 -0.03349995
v -0.00619697 -0.07484990 -0.03349995
v -0.00727195 -0.07532387 -0.03349995
v -0.00683099 -0.07627987 -0.03349995
v -0.00768995 -0.07689988 -0.03349995
v -0.00699299 -0.07783591 -0.03349995
v -0.00764799 -0.07852989 -0.03349995
v -0.00666499 -0.07936590 -0.03349995
v -0.00714797 -0.08008188 -0.03349995
v -0.00588095 -0.08071988 -0.03349995
v -0.01101797 -0.07725489 0.03623902
v -0.00945097 -0.07697790 0.03623795
v -0.01112198 -0.07568687 0.03623795
v -0.00949800 -0.07563889 0.03623795
v -0.00923198 -0.07475692 0.03623795
v -0.00923699 -0.07761186 0.03623902
v -0.01077598 -0.07802891 0.03623902
v -0.00890195 -0.07819086 0.03623902
v -0.01041495 -0.07874989 0.03623902
v -0.00883698 -0.07827889 0.03623902
v -0.00799698 -0.07904791 0.03623902
v -0.00994599 -0.07939887 0.03623902
v -0.00769198 -0.07922887 0.03623902
v -0.00938195 -0.07996290 0.03623902
v -0.00702697 -0.07948487 0.03623902
v -0.00808597 -0.08075988 0.03623902
v -0.00661498 -0.07955789 0.03623902
v -0.00725496 -0.08102589 0.03623902
v -0.00609100 -0.07959991 0.03623902
v -0.00597399 -0.08114689 0.03623902
v -0.00571597 -0.07960891 0.03623902
v -0.00540400 -0.08114689 0.03623902
v -0.00458395 -0.07959491 0.03623902
v -0.00461298 -0.08114689 0.03623902
v -0.00270897 -0.08114689 0.03623902
v -0.00094400 -0.08114689 0.03623902
v -0.00032800 -0.08114689 0.03623902
v -0.00000100 -0.08114689 0.03623902
v 0.00000000 -0.08114689 0.03623902
v 0.00458896 -0.07959491 0.03623795
v 0.00032400 -0.08114689 0.03623902
v 0.00094000 -0.08114689 0.03623902
v 0.00270498 -0.08114689 0.03623902
v 0.00461095 -0.08114689 0.03623902
v 0.00540298 -0.08114689 0.03623902
v 0.00607997 -0.07960188 0.03623795
v 0.00597399 -0.08114689 0.03623902
v 0.00645596 -0.08113890 0.03623902
v 0.00725496 -0.08102589 0.03623795
v 0.00801998 -0.08078688 0.03623795
v 0.00683397 -0.07952588 0.03623795
v 0.00906795 -0.08020889 0.03623795
v 0.00734097 -0.07938891 0.03623795
v 0.00796497 -0.07907491 0.03623795
v 0.00994599 -0.07939887 0.03623795
v 0.00870395 -0.07843989 0.03623795
v 0.01041495 -0.07874989 0.03623795
v 0.01077598 -0.07802891 0.03623795
v 0.01112997 -0.07649189 0.03623795
v 0.00945794 -0.07697188 0.03623795
v 0.00925499 -0.07757890 0.03623795
v 0.00954598 -0.07630687 0.03623795
v 0.01103198 -0.07514292 0.03623795
v 0.00937098 -0.07509690 0.03623795
v 0.00905299 -0.07440686 0.03623795
v 0.01057898 -0.07386690 0.03623795
v 0.00867796 -0.07389390 0.03623795
v 0.00999600 -0.07298487 0.03623795
v 0.00777197 -0.07316887 0.03623795
v 0.00921398 -0.07220989 0.03623795
v 0.00697797 -0.07285887 0.03623795
v 0.00827897 -0.07162088 0.03623795
v 0.00620794 -0.07275390 0.03623795
v 0.00725996 -0.07127887 0.03623795
v 0.00610196 -0.07115089 0.03623795
v 0.00039600 -0.07275390 0.03623795
v 0.00000300 -0.07116186 0.03623795
v -0.00312894 -0.07114887 0.03623795
v -0.00620198 -0.07275390 0.03623795
v -0.00609398 -0.07115191 0.03623795
v -0.00726896 -0.07128089 0.03623795
v -0.00803298 -0.07151287 0.03623795
v -0.00694996 -0.07285386 0.03623795
v -0.00890297 -0.07198888 0.03623795
v -0.00772399 -0.07314586 0.03623795
v -0.00966400 -0.07262289 0.03623795
v -0.00812799 -0.07339787 0.03623795
v -0.01032400 -0.07344287 0.03623795
v -0.00884897 -0.07411086 0.03623795
v -0.01081895 -0.07441687 0.03623795
v 0.01103198 -0.07514292 0.03623795
v 0.01112997 -0.07649189 0.03623795
v 0.01103198 -0.07514190 0.03573799
v 0.01112997 -0.07649189 0.03523898
v 0.01103198 -0.07514190 0.03523898
v 0.01057898 -0.07386690 0.03573799
v 0.01057898 -0.07386690 0.03523898
v 0.01008397 -0.07309687 0.03523898
v 0.00973499 -0.07268887 0.03573799
v 0.00946295 -0.07242190 0.03523898
v 0.00860196 -0.07179087 0.03573799
v 0.00828099 -0.07162189 0.03523898
v 0.00725996 -0.07127791 0.03573799
v 0.00725996 -0.07127791 0.03523898
v 0.00648898 -0.07117587 0.03573799
v 0.00610196 -0.07115089 0.03523898
v 0.00610196 -0.07115089 0.03623795
v 0.00725996 -0.07127887 0.03623795
v 0.00827897 -0.07162088 0.03623795
v 0.00921398 -0.07220989 0.03623795
v 0.00999600 -0.07298487 0.03623795
v 0.01057898 -0.07386690 0.03623795
v -0.01112198 -0.07568788 0.03523898
v -0.01112198 -0.07568687 0.03623795
v -0.01095998 -0.07483989 0.03523898
v -0.01089996 -0.07464587 0.03573799
v -0.01065397 -0.07403188 0.03523898
v -0.01046395 -0.07367187 0.03573799
v -0.01021796 -0.07328587 0.03523898
v -0.00966400 -0.07262289 0.03573799
v -0.00966400 -0.07262289 0.03523898
v -0.00890297 -0.07198888 0.03523898
v -0.00890297 -0.07198888 0.03573799
v -0.00803298 -0.07151287 0.03523898
v -0.00803298 -0.07151287 0.03573799
v -0.00726896 -0.07128089 0.03523898
v -0.00726896 -0.07128089 0.03623795
v -0.00803298 -0.07151287 0.03623795
v -0.00890297 -0.07198888 0.03623795
v -0.00966400 -0.07262289 0.03623795
v -0.01032400 -0.07344287 0.03623795
v -0.01081895 -0.07441687 0.03623795
v 0.00000100 -0.07125389 0.03443896
v 0.00263095 -0.07125186 0.03473901
v 0.00523996 -0.07123786 0.03443896
v 0.00437099 -0.07124286 0.03473901
v 0.00523996 -0.07123786 0.03523898
v 0.00175398 -0.07125288 0.03473901
v 0.00000100 -0.07125389 0.03473901
v -0.00087800 -0.07125389 0.03473901
v -0.00100899 -0.07125389 0.03523898
v -0.00263596 -0.07125186 0.03473901
v -0.00263596 -0.07125186 0.03523898
v -0.00346500 -0.07124888 0.03523898
v -0.00350696 -0.07124787 0.03473901
v -0.00416696 -0.07124489 0.03523898
v -0.00524998 -0.07123786 0.03473901
v -0.00524998 -0.07123786 0.03523898
v -0.00591898 -0.07124489 0.03473901
v -0.00595397 -0.07124590 0.03523898
v -0.00646096 -0.07127386 0.03523898
v -0.00724995 -0.07137888 0.03523898
v -0.00724995 -0.07137888 0.03443896
v -0.00491595 -0.07123988 0.03443896
v -0.00263596 -0.07125186 0.03443896
v -0.00724995 -0.07137888 0.03523898
v -0.00724995 -0.07137888 0.03443896
v -0.00850898 -0.07185989 0.03473901
v -0.00847596 -0.07184189 0.03443896
v -0.00953096 -0.07262891 0.03443896
v -0.00953096 -0.07262891 0.03443896
v -0.00958896 -0.07268691 0.03473901
v -0.01034599 -0.07366389 0.03443896
v -0.01041495 -0.07378387 0.03473901
v -0.01086395 -0.07487291 0.03443896
v -0.01091498 -0.07507491 0.03473901
v -0.01091498 -0.07507491 0.03443896
v -0.01103395 -0.07594990 0.03443896
v -0.01103299 -0.07643389 0.03473901
v -0.01099699 -0.07682991 0.03443896
v -0.01078599 -0.07774889 0.03473901
v -0.01078599 -0.07774889 0.03443896
v -0.01041895 -0.07859289 0.03443896
v -0.01021599 -0.07892590 0.03473901
v -0.00986296 -0.07938987 0.03443896
v -0.00930595 -0.07994091 0.03473901
v -0.00930595 -0.07994091 0.03443896
v -0.00830299 -0.08059787 0.03443896
v -0.00830299 -0.08059787 0.03473901
v -0.00717395 -0.08098989 0.03443896
v -0.00717395 -0.08098989 0.03473901
v -0.00597399 -0.08109891 0.03443896
v -0.00559199 -0.08109492 0.03473901
v -0.00479996 -0.08108490 0.03443896
v -0.00479996 -0.08108490 0.03473901
v -0.00440997 -0.08108788 0.03443896
v -0.00386798 -0.08109188 0.03473901
v -0.00360197 -0.08109390 0.03443896
v -0.00200397 -0.08109492 0.03473901
v -0.00200397 -0.08109492 0.03443896
v -0.00133794 -0.08109390 0.03473901
v -0.00113899 -0.08109390 0.03443896
v 0.00000300 -0.08109289 0.03443896
v 0.00067400 -0.08109390 0.03473901
v 0.00200999 -0.08109492 0.03443896
v 0.00200999 -0.08109492 0.03473901
v 0.00304699 -0.08109492 0.03443896
v 0.00387299 -0.08109188 0.03473901
v 0.00381195 -0.08109289 0.03443896
v 0.00437397 -0.08108890 0.03443896
v 0.00480497 -0.08108490 0.03473901
v 0.00480497 -0.08108490 0.03443896
v 0.00597399 -0.08109891 0.03443896
v 0.00639194 -0.08108991 0.03473901
v 0.00744396 -0.08092391 0.03443896
v 0.00717896 -0.08098989 0.03473901
v 0.00830895 -0.08059686 0.03473901
v 0.00830895 -0.08059686 0.03523898
v 0.00865996 -0.08040589 0.03473901
v 0.00931096 -0.07994091 0.03523898
v 0.00931096 -0.07994091 0.03473901
v 0.00971395 -0.07956087 0.03523898
v 0.00995999 -0.07928186 0.03473901
v 0.00997698 -0.07925987 0.03523898
v 0.01034998 -0.07872086 0.03523898
v 0.01044797 -0.07854890 0.03473901
v 0.01079297 -0.07774591 0.03523898
v 0.01079297 -0.07774591 0.03473901
v 0.01079297 -0.07774287 0.03523898
v 0.01099598 -0.07687687 0.03473901
v 0.01103597 -0.07646691 0.03523898
v 0.01103997 -0.07597488 0.03473901
v 0.01103097 -0.07581591 0.03523898
v 0.01091796 -0.07506686 0.03473901
v 0.01091796 -0.07506686 0.03523898
v 0.01060295 -0.07414388 0.03523898
v 0.01041597 -0.07377588 0.03473901
v 0.01003700 -0.07319891 0.03523898
v 0.00958598 -0.07267886 0.03473901
v 0.00927997 -0.07239592 0.03523898
v 0.00850296 -0.07185387 0.03473901
v 0.00836498 -0.07177889 0.03523898
v 0.00724000 -0.07137590 0.03523898
v 0.00724000 -0.07137590 0.03443896
v 0.00851500 -0.07185989 0.03443896
v 0.00959998 -0.07269388 0.03443896
v 0.01042300 -0.07378786 0.03443896
v 0.01091796 -0.07506686 0.03473901
v 0.01091694 -0.07506287 0.03443896
v 0.01091796 -0.07506686 0.03443896
v 0.01104098 -0.07636487 0.03443896
v 0.01079297 -0.07774591 0.03443896
v 0.00830895 -0.08059686 0.03443896
v 0.00912499 -0.08009088 0.03443896
v 0.00931096 -0.07994091 0.03443896
v 0.00988799 -0.07936787 0.03443896
v 0.01038599 -0.07866090 0.03443896
v 0.00717896 -0.08098989 0.03523898
v 0.00597399 -0.08109891 0.03523898
v 0.00200999 -0.08109492 0.03523898
v -0.00200397 -0.08109492 0.03523898
v -0.00361895 -0.08109289 0.03523898
v -0.00431996 -0.08108890 0.03523898
v -0.00479996 -0.08108490 0.03523898
v -0.00527894 -0.08108890 0.03523898
v -0.00597399 -0.08109891 0.03523898
v -0.00717395 -0.08098989 0.03523898
v -0.00830299 -0.08059787 0.03523898
v -0.00930595 -0.07994091 0.03523898
v -0.00953496 -0.07973587 0.03523898
v -0.01027095 -0.07884186 0.03523898
v -0.01078599 -0.07774889 0.03523898
v -0.01102298 -0.07658988 0.03523898
v -0.01103097 -0.07588791 0.03523898
v -0.01091498 -0.07507491 0.03523898
v -0.01043498 -0.07382190 0.03523898
v -0.00961298 -0.07271391 0.03523898
v -0.00852698 -0.07187086 0.03523898
v 0.00000300 -0.08109492 0.03763902
v 0.00000300 -0.08109492 0.03723895
v 0.00001000 -0.08109492 0.03763902
v 0.00001000 -0.08109492 0.03723895
v 0.00480497 -0.08108490 0.03763902
v 0.00360894 -0.08109289 0.03763902
v 0.00480497 -0.08108490 0.03723895
v 0.00360894 -0.08109289 0.03723895
v 0.00241297 -0.08109492 0.03763902
v 0.00241297 -0.08109492 0.03723895
v 0.00121099 -0.08109492 0.03763902
v 0.00121099 -0.08109492 0.03723895
v 0.00001000 -0.08109492 0.03763902
v 0.00001000 -0.08109492 0.03723895
v 0.00347894 -0.07125490 0.03763902
v 0.00692695 -0.07132291 0.03763902
v 0.00347894 -0.07125490 0.03723895
v 0.00692695 -0.07132291 0.03723895
v 0.00776797 -0.07152187 0.03763902
v 0.00776797 -0.07152187 0.03723895
v 0.00855398 -0.07187986 0.03763902
v 0.00855398 -0.07187986 0.03723895
v 0.00926399 -0.07237386 0.03763902
v 0.00926399 -0.07237386 0.03723895
v 0.00987500 -0.07298088 0.03763902
v 0.00987500 -0.07298088 0.03723895
v 0.01053094 -0.07398289 0.03763902
v 0.01053094 -0.07398289 0.03723895
v 0.01092797 -0.07511186 0.03763902
v 0.01092797 -0.07511186 0.03723895
v 0.01104497 -0.07618290 0.03763902
v 0.01104497 -0.07618290 0.03723895
v 0.01093095 -0.07723987 0.03763902
v 0.01093095 -0.07723987 0.03723895
v 0.01059395 -0.07824987 0.03763902
v 0.01059395 -0.07824987 0.03723895
v 0.01004499 -0.07916587 0.03763902
v 0.01004499 -0.07916587 0.03723895
v 0.00931197 -0.07994186 0.03763902
v 0.00931197 -0.07994186 0.03723895
v 0.00830895 -0.08059686 0.03763902
v 0.00830895 -0.08059686 0.03723895
v 0.00717896 -0.08099186 0.03763902
v 0.00717896 -0.08099186 0.03763902
v 0.00717896 -0.08099186 0.03723895
v 0.00717896 -0.08099186 0.03723895
v 0.00599498 -0.08109891 0.03763902
v 0.00599498 -0.08109891 0.03723895
v 0.00480497 -0.08108490 0.03763902
v 0.00480497 -0.08108490 0.03723895
v -0.00347400 -0.07125490 0.03763902
v -0.00200397 -0.07125389 0.03763902
v -0.00347400 -0.07125490 0.03723895
v -0.00173599 -0.07125389 0.03723895
v -0.00173599 -0.07125389 0.03763902
v -0.00087000 -0.07125389 0.03763902
v 0.00000300 -0.07125389 0.03723895
v -0.00000500 -0.07125389 0.03763902
v 0.00000300 -0.07125389 0.03763902
v 0.00174099 -0.07125389 0.03763902
v 0.00174099 -0.07125389 0.03723895
v 0.00200999 -0.07125389 0.03763902
v 0.00347894 -0.07125490 0.03723895
v 0.00347894 -0.07125490 0.03763902
v -0.00479996 -0.08108490 0.03763902
v -0.00598896 -0.08109891 0.03763902
v -0.00479996 -0.08108490 0.03723895
v -0.00717395 -0.08099186 0.03723895
v -0.00717395 -0.08099186 0.03763902
v -0.00830299 -0.08059686 0.03723895
v -0.00830400 -0.08059686 0.03763902
v -0.00930595 -0.07994186 0.03723895
v -0.00930595 -0.07994186 0.03763902
v -0.01003998 -0.07916587 0.03763902
v -0.01003998 -0.07916587 0.03723895
v -0.01058900 -0.07824987 0.03763902
v -0.01058900 -0.07824987 0.03723895
v -0.01092594 -0.07723987 0.03763902
v -0.01092594 -0.07723987 0.03723895
v -0.01103997 -0.07618290 0.03763902
v -0.01103997 -0.07618290 0.03723895
v -0.01092296 -0.07511186 0.03763902
v -0.01092296 -0.07511186 0.03723895
v -0.01052498 -0.07398289 0.03763902
v -0.01052498 -0.07398289 0.03723895
v -0.00986999 -0.07298088 0.03763902
v -0.00986999 -0.07298088 0.03723895
v -0.00925797 -0.07237386 0.03763902
v -0.00925797 -0.07237386 0.03723895
v -0.00854897 -0.07187986 0.03763902
v -0.00854897 -0.07187986 0.03723895
v -0.00776297 -0.07152187 0.03763902
v -0.00776297 -0.07152187 0.03723895
v -0.00692195 -0.07132291 0.03763902
v -0.00692195 -0.07132291 0.03723895
v -0.00347400 -0.07125490 0.03763902
v -0.00347400 -0.07125490 0.03723895
v -0.00000500 -0.08109492 0.03763902
v -0.00120598 -0.08109492 0.03763902
v -0.00000500 -0.08109492 0.03723895
v -0.00240695 -0.08109492 0.03763902
v -0.00360399 -0.08109289 0.03763902
v -0.00479996 -0.08108490 0.03763902
v -0.00479996 -0.08108490 0.03723895
v -0.00000500 -0.08109492 0.03763902
v -0.00000500 -0.08109492 0.03723895
v 0.00000300 -0.08109492 0.03763902
v 0.00000300 -0.08109492 0.03723895
v 0.00499398 -0.07974386 0.04072999
v 0.00700200 -0.07963287 0.04045701
v 0.00577998 -0.07962387 0.04058802
v 0.00691998 -0.07952690 0.04043102
v 0.00683999 -0.07942789 0.04045104
v 0.00570995 -0.07950788 0.04060506
v 0.00677097 -0.07934486 0.04051506
v 0.00677097 -0.07934486 0.04051506
v 0.00564796 -0.07940888 0.04067206
v 0.00588399 -0.07933992 0.04073500
v 0.00504500 -0.07933789 0.04084599
v 0.00671899 -0.07928591 0.04061698
v 0.00508499 -0.07940691 0.04074597
v 0.00508499 -0.07940691 0.04074597
v 0.00501996 -0.07933789 0.04085004
v 0.00499398 -0.07933789 0.04085302
v 0.00417995 -0.07933586 0.04094600
v 0.00417995 -0.07933586 0.04094600
v 0.00336397 -0.07933491 0.04102098
v 0.00338995 -0.07940489 0.04092800
v 0.00167596 -0.07933586 0.04112303
v -0.00001500 -0.07940888 0.04106795
v -0.00001500 -0.07940888 0.04106795
v 0.00167596 -0.07933586 0.04112303
v -0.00001500 -0.07933586 0.04115605
v 0.00342798 -0.07950592 0.04086899
v -0.00001400 -0.07950788 0.04101502
v 0.00342798 -0.07950592 0.04086899
v -0.00001200 -0.07962191 0.04100406
v 0.00347096 -0.07962286 0.04085600
v -0.00001100 -0.07973891 0.04103505
v 0.00351095 -0.07973790 0.04088807
v 0.00499398 -0.07974386 0.04072999
v 0.00520396 -0.07962691 0.04066503
v 0.00513995 -0.07950890 0.04068100
v 0.00513995 -0.07950890 0.04068100
v 0.00625795 -0.07257890 0.04023706
v 0.00583696 -0.07257890 0.04029905
v 0.00624800 -0.07273590 0.04023206
v 0.00541598 -0.07257992 0.04035806
v 0.00499398 -0.07257992 0.04041206
v 0.00499398 -0.07257992 0.04041206
v 0.00311697 -0.07280892 0.04061698
v 0.00351095 -0.07257789 0.04056704
v -0.00000600 -0.07257491 0.04071903
v -0.00000600 -0.07273089 0.04071307
v -0.00000600 -0.07287287 0.04077506
v 0.00249797 -0.07297688 0.04081606
v -0.00000600 -0.07297587 0.04089200
v 0.00499398 -0.07297790 0.04058706
v 0.00624597 -0.07287889 0.04029500
v 0.00625396 -0.07297891 0.04041397
v -0.00691700 -0.07952487 0.04043102
v -0.00699598 -0.07963186 0.04045796
v -0.00578195 -0.07962286 0.04058802
v -0.00498796 -0.07974487 0.04072999
v -0.00578195 -0.07962286 0.04058802
v -0.00498796 -0.07974487 0.04072999
v -0.00520795 -0.07962590 0.04066395
v -0.00348300 -0.07962286 0.04085505
v -0.00344199 -0.07950490 0.04086804
v -0.00344199 -0.07950490 0.04086804
v -0.00173098 -0.07950592 0.04097902
v -0.00171196 -0.07940489 0.04103505
v -0.00001500 -0.07940888 0.04106795
v -0.00001500 -0.07940888 0.04106795
v -0.00001500 -0.07933586 0.04115605
v -0.00176698 -0.07973790 0.04099905
v -0.00174999 -0.07962387 0.04096806
v -0.00001400 -0.07950788 0.04101502
v -0.00001200 -0.07962191 0.04100406
v -0.00001200 -0.07962191 0.04100406
v -0.00085600 -0.07933586 0.04114806
v -0.00169694 -0.07933586 0.04112195
v -0.00340497 -0.07940387 0.04092705
v -0.00337595 -0.07933491 0.04101896
v -0.00498796 -0.07933789 0.04085302
v -0.00498796 -0.07933789 0.04085302
v -0.00501895 -0.07933789 0.04084897
v -0.00340497 -0.07940387 0.04092705
v -0.00501895 -0.07933789 0.04084897
v -0.00509000 -0.07940590 0.04074597
v -0.00514597 -0.07950687 0.04068005
v -0.00514597 -0.07950687 0.04068005
v -0.00571299 -0.07950592 0.04060506
v -0.00501895 -0.07933789 0.04084897
v -0.00504899 -0.07933789 0.04084503
v -0.00565100 -0.07940691 0.04067099
v -0.00676799 -0.07934290 0.04051506
v -0.00683796 -0.07942587 0.04045104
v -0.00588298 -0.07933992 0.04073500
v -0.00671399 -0.07928591 0.04061698
v -0.00344199 -0.07950490 0.04086804
v -0.00625294 -0.07257890 0.04023706
v -0.00624096 -0.07273590 0.04023206
v -0.00583196 -0.07257890 0.04029905
v -0.00541097 -0.07257992 0.04035806
v -0.00541097 -0.07257992 0.04035806
v -0.00498796 -0.07257992 0.04041206
v -0.00498796 -0.07257992 0.04041206
v -0.00350594 -0.07257789 0.04056704
v -0.00623995 -0.07287788 0.04029500
v -0.00311899 -0.07280892 0.04061603
v -0.00498796 -0.07297790 0.04058706
v -0.00250196 -0.07297688 0.04081499
v -0.00624800 -0.07297891 0.04041397
v -0.00000600 -0.07297587 0.04089200
v -0.00000600 -0.07287287 0.04077506
v -0.00000600 -0.07273089 0.04071307
v -0.00000600 -0.07257491 0.04071903
v -0.00176698 -0.07973790 0.04099905
v -0.00126296 -0.08063489 0.04069805
v -0.00001100 -0.07973891 0.04103505
v -0.00000900 -0.08048588 0.04077398
v -0.00000400 -0.07992690 0.04097402
v -0.00000400 -0.08033490 0.04083096
v -0.00498796 -0.07974487 0.04072999
v -0.00374997 -0.08063191 0.04054605
v -0.00250798 -0.08063286 0.04064202
v -0.00498796 -0.08063691 0.04040801
v -0.00001700 -0.08063590 0.04071497
v -0.00699598 -0.07963186 0.04045796
v -0.00698799 -0.08055686 0.04013097
v -0.00498796 -0.07974487 0.04072999
v -0.00498796 -0.08063691 0.04040801
v -0.00498796 -0.07257992 0.04041206
v -0.00350594 -0.07257789 0.04056704
v -0.00498796 -0.07167887 0.03993499
v -0.00252897 -0.07167690 0.04016506
v -0.00000600 -0.07257491 0.04071903
v -0.00000500 -0.07167291 0.04024600
v -0.00000500 -0.07167291 0.04024600
v -0.00000600 -0.07257491 0.04071903
v 0.00245595 -0.07167690 0.04016995
v 0.00351095 -0.07257789 0.04056704
v 0.00499398 -0.07167887 0.03993499
v 0.00499398 -0.07257992 0.04041206
v -0.00583196 -0.07257890 0.04029905
v -0.00626194 -0.07168489 0.03975200
v -0.00625294 -0.07257890 0.04023706
v -0.00698799 -0.07175391 0.03964304
v -0.00698799 -0.07267189 0.04013001
v -0.00498796 -0.07167887 0.03993499
v -0.00541097 -0.07257992 0.04035806
v -0.00498796 -0.07257992 0.04041206
v 0.00499398 -0.07257992 0.04041206
v 0.00541598 -0.07257992 0.04035806
v 0.00499398 -0.07167887 0.03993499
v 0.00583696 -0.07257890 0.04029905
v 0.00626695 -0.07168489 0.03975200
v 0.00625795 -0.07257890 0.04023706
v 0.00699395 -0.07267189 0.04013001
v 0.00699299 -0.07175391 0.03964304
v 0.00499296 -0.08063691 0.04040801
v 0.00499398 -0.07974386 0.04072999
v 0.00374496 -0.08063191 0.04054701
v 0.00351095 -0.07973790 0.04088807
v 0.00249296 -0.08063286 0.04064297
v 0.00123894 -0.08063489 0.04069900
v -0.00001100 -0.07973891 0.04103505
v -0.00000400 -0.07992690 0.04097402
v -0.00000400 -0.08033490 0.04083096
v -0.00000400 -0.08033490 0.04083096
v -0.00000900 -0.08048588 0.04077398
v -0.00001700 -0.08063590 0.04071497
v 0.00700200 -0.07963287 0.04045701
v 0.00499398 -0.07974386 0.04072999
v 0.00699299 -0.08055686 0.04013097
v 0.00499296 -0.08063691 0.04040801
v 0.00000300 -0.08109492 0.04001796
v -0.00000800 -0.08103090 0.04028999
v -0.00000500 -0.08109492 0.04001796
v -0.00240695 -0.08109492 0.03995501
v -0.00237995 -0.08100688 0.04027104
v -0.00479996 -0.08108490 0.03973698
v -0.00473696 -0.08099687 0.04005897
v -0.00597894 -0.08109891 0.03957605
v -0.00630295 -0.08099788 0.03984403
v -0.00597894 -0.08109891 0.03957605
v -0.00714695 -0.08099788 0.03941702
v -0.00708199 -0.08090889 0.03973805
v -0.00717395 -0.08099186 0.03941404
v -0.00821596 -0.08053088 0.03962302
v -0.00830299 -0.08059686 0.03930699
v -0.00930595 -0.07994091 0.03928899
v -0.00911099 -0.07980287 0.03978300
v -0.00812495 -0.08042991 0.03981804
v -0.00701499 -0.08078390 0.03993105
v -0.00469398 -0.08085888 0.04024803
v -0.00001100 -0.08086591 0.04051601
v -0.00001100 -0.08086591 0.04051601
v -0.00235099 -0.08086389 0.04045498
v -0.00894797 -0.07963991 0.03997802
v -0.00911099 -0.07980287 0.03978300
v -0.00797796 -0.08024686 0.04002606
v -0.00812495 -0.08042991 0.03981804
v -0.00698799 -0.08055686 0.04013097
v -0.00701499 -0.08078390 0.03993105
v -0.00498796 -0.08063691 0.04040801
v -0.00469398 -0.08085888 0.04024803
v -0.00374997 -0.08063191 0.04054605
v -0.00235099 -0.08086389 0.04045498
v -0.00250798 -0.08063286 0.04064202
v -0.00126296 -0.08063489 0.04069805
v -0.00001100 -0.08086591 0.04051601
v -0.00001700 -0.08063590 0.04071497
v 0.00347894 -0.07125490 0.03932905
v -0.00000500 -0.07125389 0.03947305
v 0.00344896 -0.07129687 0.03955698
v -0.00000500 -0.07131290 0.03976106
v 0.00339699 -0.07147091 0.03987503
v -0.00000500 -0.07146388 0.04001402
v 0.00517297 -0.07128387 0.03936696
v 0.00677299 -0.07152688 0.03944706
v 0.00574398 -0.07128787 0.03928804
v 0.00687599 -0.07136386 0.03911602
v 0.00615299 -0.07125389 0.03900206
v 0.00692695 -0.07132291 0.03888201
v 0.00776297 -0.07151991 0.03875100
v 0.00771296 -0.07155388 0.03898406
v 0.00854695 -0.07187587 0.03863501
v 0.00849795 -0.07190287 0.03886604
v 0.00925898 -0.07236891 0.03854000
v 0.00921094 -0.07239091 0.03876900
v 0.00987500 -0.07298088 0.03847205
v 0.00982898 -0.07299786 0.03869903
v 0.01037496 -0.07369190 0.03843605
v 0.01037496 -0.07369190 0.03843605
v 0.01032996 -0.07370388 0.03866398
v 0.01070296 -0.07448786 0.03866899
v 0.01018595 -0.07376390 0.03899800
v 0.01055997 -0.07452791 0.03901004
v 0.00771296 -0.07155388 0.03898406
v 0.00759596 -0.07169687 0.03931701
v 0.00836998 -0.07202488 0.03920006
v 0.00907499 -0.07249087 0.03910195
v 0.00968599 -0.07307791 0.03903102
v 0.01093399 -0.07532286 0.03871798
v 0.01079499 -0.07534289 0.03906595
v 0.01087695 -0.07618290 0.03916800
v 0.01104497 -0.07618290 0.03857696
v 0.01104497 -0.07618290 0.03857696
v 0.01096999 -0.07531988 0.03848505
v 0.01074397 -0.07447987 0.03843903
v 0.00000300 -0.08109492 0.04001796
v 0.00241297 -0.08109492 0.03995501
v -0.00000800 -0.08103090 0.04028999
v 0.00237697 -0.08100688 0.04027104
v -0.00001100 -0.08086591 0.04051601
v 0.00234199 -0.08086490 0.04045498
v 0.00468600 -0.08085888 0.04024899
v 0.00474000 -0.08099687 0.04005897
v 0.00630796 -0.08099788 0.03984403
v 0.00480497 -0.08108490 0.03973698
v 0.00717896 -0.08099186 0.03941404
v 0.00709295 -0.08090788 0.03973698
v 0.00830895 -0.08059686 0.03930699
v 0.00821996 -0.08053189 0.03962302
v 0.00821996 -0.08053189 0.03962302
v 0.00931096 -0.07994091 0.03928899
v 0.00911599 -0.07980287 0.03978300
v 0.00812697 -0.08043086 0.03981804
v 0.00701296 -0.08078390 0.03993296
v 0.00983000 -0.07907789 0.03972804
v 0.00911599 -0.07980287 0.03978300
v 0.00981599 -0.07928186 0.03956305
v 0.00931096 -0.07994091 0.03928899
v 0.01005095 -0.07915788 0.03920197
v 0.01005095 -0.07915788 0.03920197
v 0.01030796 -0.07858788 0.03941500
v 0.01059395 -0.07824987 0.03897106
v 0.01049995 -0.07822489 0.03932106
v 0.01084697 -0.07723486 0.03910505
v 0.01039695 -0.07818186 0.03952503
v 0.01074898 -0.07719391 0.03931498
v 0.01087695 -0.07618290 0.03916800
v 0.01104497 -0.07618290 0.03857696
v 0.01093000 -0.07724589 0.03874504
v 0.00895298 -0.07963991 0.03997802
v 0.00798297 -0.08024686 0.04002606
v 0.00911599 -0.07980287 0.03978300
v 0.00812697 -0.08043086 0.03981804
v 0.00755095 -0.08041691 0.04006505
v 0.00701296 -0.08078390 0.03993296
v 0.00699299 -0.08055686 0.04013097
v 0.00499296 -0.08063691 0.04040801
v 0.00468600 -0.08085888 0.04024899
v 0.00468600 -0.08085888 0.04024899
v 0.00374496 -0.08063191 0.04054701
v 0.00234199 -0.08086490 0.04045498
v 0.00249296 -0.08063286 0.04064297
v 0.00123894 -0.08063489 0.04069900
v -0.00001700 -0.08063590 0.04071497
v -0.00001100 -0.08086591 0.04051601
v -0.00001100 -0.08086591 0.04051601
v -0.00000500 -0.07131290 0.03976106
v -0.00000500 -0.07125389 0.03947305
v -0.00345296 -0.07129687 0.03955507
v -0.00347400 -0.07125490 0.03932905
v -0.00516897 -0.07128286 0.03936505
v -0.00614697 -0.07125389 0.03900206
v -0.00573999 -0.07128787 0.03928601
v -0.00687998 -0.07136386 0.03911197
v -0.00677496 -0.07152789 0.03944504
v -0.00771499 -0.07155591 0.03898096
v -0.00787997 -0.07179790 0.03927206
v -0.00849998 -0.07190591 0.03886306
v -0.00852400 -0.07211291 0.03917598
v -0.00921094 -0.07239490 0.03876602
v -0.00968295 -0.07307988 0.03903102
v -0.00982696 -0.07300090 0.03869605
v -0.01032799 -0.07370787 0.03866100
v -0.01036995 -0.07369190 0.03843605
v -0.01073896 -0.07447987 0.03843903
v -0.00692195 -0.07132291 0.03888201
v -0.00775695 -0.07151991 0.03875100
v -0.00854200 -0.07187587 0.03863501
v -0.00925398 -0.07236987 0.03854000
v -0.00986999 -0.07298088 0.03847205
v -0.01036995 -0.07369190 0.03843605
v -0.01069897 -0.07448989 0.03866696
v -0.01096397 -0.07531988 0.03848505
v -0.01093000 -0.07532387 0.03871595
v -0.01103997 -0.07618290 0.03857696
v -0.01103997 -0.07618290 0.03857696
v -0.01087194 -0.07618290 0.03916800
v -0.01079797 -0.07538187 0.03907001
v -0.01056796 -0.07456088 0.03901004
v -0.01031696 -0.07400590 0.03899598
v -0.00340295 -0.07146990 0.03987205
v -0.00000500 -0.07146388 0.04001402
v -0.00930595 -0.07994091 0.03928899
v -0.00911099 -0.07980287 0.03978300
v -0.00980699 -0.07929289 0.03955602
v -0.00982398 -0.07907891 0.03972804
v -0.01029497 -0.07860988 0.03941106
v -0.01039195 -0.07818186 0.03952503
v -0.01049900 -0.07822591 0.03931200
v -0.01074296 -0.07719391 0.03931498
v -0.01084494 -0.07723486 0.03909599
v -0.01087194 -0.07618290 0.03916800
v -0.01103997 -0.07618290 0.03857696
v -0.01097798 -0.07696586 0.03869497
v -0.01079499 -0.07772392 0.03884303
v -0.01058900 -0.07824987 0.03897106
v -0.01003497 -0.07917189 0.03920495
v -0.00347400 -0.07125490 0.03932905
v -0.00000500 -0.07125389 0.03947305
v -0.00200397 -0.07125389 0.03824198
v -0.00000500 -0.07125389 0.03763902
v -0.00173599 -0.07125389 0.03763902
v -0.00173599 -0.07125389 0.03763902
v -0.00000500 -0.07125389 0.03763902
v -0.00087000 -0.07125389 0.03763902
v -0.00200397 -0.07125389 0.03763902
v -0.00347400 -0.07125490 0.03763902
v -0.00347400 -0.07125490 0.03814101
v -0.00525898 -0.07123786 0.03794097
v -0.00614697 -0.07125389 0.03900206
v -0.00614697 -0.07125490 0.03781306
v -0.00692195 -0.07132291 0.03769302
v -0.00692195 -0.07132291 0.03763902
v -0.00776297 -0.07152187 0.03763902
v -0.00854897 -0.07187986 0.03763902
v -0.00775695 -0.07151991 0.03875100
v -0.00776297 -0.07152187 0.03763902
v -0.00692195 -0.07132291 0.03888201
v -0.00854200 -0.07187587 0.03863501
v -0.00925797 -0.07237386 0.03763902
v -0.00925398 -0.07236987 0.03854000
v -0.00986999 -0.07298088 0.03763902
v -0.00986999 -0.07298088 0.03847205
v -0.01036995 -0.07369190 0.03843605
v -0.01052498 -0.07398289 0.03763902
v -0.01073896 -0.07447987 0.03843903
v -0.01092296 -0.07511186 0.03763902
v -0.01096397 -0.07531988 0.03848505
v -0.01103997 -0.07618290 0.03763902
v -0.01103997 -0.07618290 0.03857696
v -0.01097798 -0.07696586 0.03869497
v -0.01092594 -0.07723987 0.03763902
v -0.01079499 -0.07772392 0.03884303
v -0.01058900 -0.07824987 0.03778207
v -0.01058900 -0.07824987 0.03897106
v -0.01004499 -0.07915890 0.03801298
v -0.01003497 -0.07917189 0.03920495
v -0.00930595 -0.07994186 0.03809905
v -0.00930595 -0.07994091 0.03928899
v -0.00830299 -0.08059686 0.03811800
v -0.00830299 -0.08059686 0.03930699
v -0.00717395 -0.08099186 0.03822505
v -0.00717395 -0.08099186 0.03822505
v -0.00717395 -0.08099186 0.03941404
v -0.00717395 -0.08099186 0.03941404
v -0.00714695 -0.08099788 0.03941702
v -0.00597894 -0.08109891 0.03957605
v -0.00598896 -0.08109891 0.03763902
v -0.00479996 -0.08108490 0.03854906
v -0.00479996 -0.08108490 0.03763902
v -0.00360399 -0.08109289 0.03763902
v -0.01058900 -0.07824987 0.03763902
v -0.01003998 -0.07916587 0.03763902
v -0.00930595 -0.07994186 0.03763902
v -0.00830400 -0.08059686 0.03763902
v -0.00717395 -0.08099186 0.03763902
v -0.00717395 -0.08099186 0.03763902
v -0.00240397 -0.08109492 0.03876698
v -0.00240695 -0.08109492 0.03763902
v -0.00120598 -0.08109492 0.03763902
v -0.00000500 -0.08109492 0.04001796
v -0.00000500 -0.08109492 0.03763902
v 0.00000300 -0.08109492 0.03763902
v 0.00000300 -0.08109492 0.04001796
v -0.00240695 -0.08109492 0.03995501
v -0.00479996 -0.08108490 0.03973698
v 0.00625795 -0.07257890 0.04023706
v 0.00624800 -0.07273590 0.04023206
v 0.00699395 -0.07267189 0.04013001
v 0.00746596 -0.07294088 0.04004704
v 0.00816900 -0.07318890 0.03996002
v 0.00816900 -0.07318890 0.03996002
v 0.00851697 -0.07361590 0.03990602
v 0.00900596 -0.07397788 0.03988099
v 0.00900596 -0.07397788 0.03988099
v 0.00927997 -0.07461887 0.03988504
v 0.00953496 -0.07489287 0.03990697
v 0.00965798 -0.07581388 0.03998506
v 0.00979495 -0.07606291 0.04003596
v 0.00966400 -0.07643789 0.04006206
v 0.00960398 -0.07720988 0.04017698
v 0.00954199 -0.07704991 0.04014003
v 0.00897700 -0.07816290 0.04025506
v 0.00897700 -0.07816290 0.04025506
v 0.00885499 -0.07812988 0.04027104
v 0.00897700 -0.07816290 0.04025506
v 0.00796700 -0.07896786 0.04033005
v 0.00786996 -0.07890892 0.04039406
v 0.00734097 -0.07918286 0.04044306
v 0.00757599 -0.07900089 0.04051196
v 0.00699395 -0.07922786 0.04057800
v 0.00742596 -0.07305490 0.04008007
v 0.00624597 -0.07287889 0.04029500
v 0.00739795 -0.07315391 0.04015505
v 0.00739795 -0.07315391 0.04015505
v 0.00699395 -0.07308590 0.04031097
v 0.00739795 -0.07315391 0.04015505
v 0.00775295 -0.07339990 0.04020106
v 0.00625396 -0.07297891 0.04041397
v 0.00838798 -0.07379990 0.04002606
v 0.00835699 -0.07385689 0.04013204
v 0.00889897 -0.07452189 0.04010605
v 0.00910097 -0.07475692 0.04000699
v 0.00927097 -0.07534188 0.04014706
v 0.00944299 -0.07589387 0.04009807
v 0.00938100 -0.07591688 0.04020404
v 0.00943500 -0.07648491 0.04016697
v 0.00935596 -0.07657289 0.04027998
v 0.00930500 -0.07706087 0.04023599
v 0.00891197 -0.07774388 0.04040503
v 0.00930500 -0.07706087 0.04023599
v 0.00874597 -0.07810288 0.04033303
v 0.00812197 -0.07864189 0.04046404
v 0.00812197 -0.07864189 0.04046404
v 0.00671899 -0.07928591 0.04061698
v 0.00677097 -0.07934486 0.04051506
v 0.00683999 -0.07942789 0.04045104
v 0.00742894 -0.07925790 0.04037702
v 0.00807500 -0.07903790 0.04031503
v 0.00900495 -0.07830888 0.04029703
v 0.00691998 -0.07952690 0.04043102
v 0.00752598 -0.07934588 0.04035997
v 0.00818199 -0.07909691 0.04034006
v 0.00900495 -0.07830888 0.04029703
v 0.00700200 -0.07963287 0.04045701
v 0.00752598 -0.07934588 0.04035997
v 0.00700200 -0.07963287 0.04045701
v 0.00760597 -0.07943189 0.04038703
v 0.00844395 -0.07371389 0.03994500
v 0.00918096 -0.07469391 0.03992402
v 0.00954098 -0.07585686 0.04001903
v 0.00953996 -0.07646286 0.04009199
v 0.00941497 -0.07705491 0.04016506
v 0.00885499 -0.07812988 0.04027104
v 0.00786996 -0.07890892 0.04039406
v 0.00941497 -0.07705491 0.04016506
v -0.00625294 -0.07257890 0.04023706
v -0.00698799 -0.07267189 0.04013001
v -0.00624096 -0.07273590 0.04023206
v -0.00746000 -0.07294189 0.04004704
v -0.00741899 -0.07305586 0.04008102
v -0.00843698 -0.07371491 0.03994500
v -0.00739199 -0.07315391 0.04015600
v -0.00838095 -0.07379990 0.04002702
v -0.00771898 -0.07338291 0.04020404
v -0.00835395 -0.07385486 0.04013407
v -0.00838095 -0.07379990 0.04002702
v -0.00891000 -0.07454186 0.04010605
v -0.00909400 -0.07475692 0.04000806
v -0.00926697 -0.07534086 0.04014706
v -0.00943595 -0.07589191 0.04009902
v -0.00933695 -0.07562589 0.04017198
v -0.00937694 -0.07591688 0.04020202
v -0.00937694 -0.07637786 0.04025602
v -0.00942796 -0.07648289 0.04016804
v -0.00929898 -0.07683086 0.04031002
v -0.00929898 -0.07705891 0.04023706
v -0.00904399 -0.07749986 0.04038298
v -0.00873995 -0.07810091 0.04033398
v -0.00866598 -0.07808786 0.04042601
v -0.00815195 -0.07861286 0.04046297
v -0.00786495 -0.07890588 0.04039502
v -0.00773895 -0.07890588 0.04049599
v -0.00733399 -0.07918089 0.04044497
v -0.00698799 -0.07922691 0.04057800
v -0.00676799 -0.07934290 0.04051506
v -0.00671399 -0.07928591 0.04061698
v -0.00698799 -0.07267189 0.04013001
v -0.00797796 -0.07307189 0.03998506
v -0.00850999 -0.07361590 0.03990602
v -0.00927299 -0.07461887 0.03988504
v -0.00917399 -0.07469290 0.03992497
v -0.00953400 -0.07585489 0.04001998
v -0.00895196 -0.07391691 0.03988206
v -0.00952995 -0.07489287 0.03990697
v -0.00965196 -0.07581287 0.03998506
v -0.00965798 -0.07643687 0.04006302
v -0.00953299 -0.07646089 0.04009306
v -0.00940800 -0.07705289 0.04016602
v -0.00972998 -0.07553690 0.03996706
v -0.00979096 -0.07614791 0.04004204
v -0.00958997 -0.07723689 0.04018104
v -0.00953597 -0.07704788 0.04014098
v -0.00897199 -0.07815986 0.04025602
v -0.00884897 -0.07812690 0.04027199
v -0.00884897 -0.07812690 0.04027199
v -0.00796199 -0.07896488 0.04033100
v -0.00796199 -0.07896488 0.04033100
v -0.00733399 -0.07918089 0.04044497
v -0.00900400 -0.07830786 0.04029107
v -0.00806999 -0.07903587 0.04031503
v -0.00741994 -0.07925689 0.04037797
v -0.00683796 -0.07942587 0.04045104
v -0.00817597 -0.07909691 0.04034101
v -0.00817597 -0.07909691 0.04034101
v -0.00760096 -0.07943290 0.04038703
v -0.00751597 -0.07934689 0.04035997
v -0.00699598 -0.07963186 0.04045796
v -0.00691700 -0.07952487 0.04043102
v -0.00698799 -0.07308489 0.04031097
v -0.00623995 -0.07287788 0.04029500
v -0.00624800 -0.07297891 0.04041397
v -0.00940800 -0.07705289 0.04016602
v -0.00873995 -0.07810091 0.04033398
v 0.00699299 -0.07175391 0.03964304
v 0.00699395 -0.07267189 0.04013001
v 0.00793296 -0.07302790 0.03998506
v 0.00816900 -0.07318890 0.03996002
v 0.00816900 -0.07318890 0.03996002
v 0.00844997 -0.07326090 0.03987097
v 0.00900596 -0.07397788 0.03988099
v 0.00844997 -0.07326090 0.03987097
v 0.00925100 -0.07290291 0.03931200
v 0.00940394 -0.07389390 0.03964102
v 0.01005399 -0.07391291 0.03925502
v 0.00982898 -0.07427990 0.03953802
v 0.01021200 -0.07470190 0.03944206
v 0.00964695 -0.07488489 0.03984606
v 0.01004797 -0.07517290 0.03970396
v 0.00994998 -0.07565790 0.03988504
v 0.01056098 -0.07510089 0.03931701
v 0.01070195 -0.07637089 0.03948104
v 0.00991797 -0.07614988 0.03998398
v 0.00995999 -0.07669889 0.03999805
v 0.00979495 -0.07606291 0.04003596
v 0.00960398 -0.07720988 0.04017698
v 0.00953496 -0.07489287 0.03990697
v 0.00940394 -0.07389390 0.03964102
v 0.00900495 -0.07830888 0.04029703
v 0.00926697 -0.07781690 0.04027795
v 0.00968999 -0.07754087 0.04011905
v 0.01008296 -0.07724291 0.03991603
v 0.00983995 -0.07801890 0.03999900
v 0.01021599 -0.07761591 0.03980505
v 0.01042097 -0.07760488 0.03966295
v 0.00818199 -0.07909691 0.04034006
v 0.00846195 -0.07900488 0.04029202
v 0.00895298 -0.07963991 0.03997802
v 0.00895298 -0.07963991 0.03997802
v 0.00941896 -0.07839190 0.04014205
v 0.00983000 -0.07871288 0.03990805
v 0.00818199 -0.07909691 0.04034006
v 0.00760597 -0.07943189 0.04038703
v 0.00760597 -0.07943189 0.04038703
v 0.00700200 -0.07963287 0.04045701
v 0.00755095 -0.08041691 0.04006505
v 0.00798297 -0.08024686 0.04002606
v 0.00699299 -0.08055686 0.04013097
v 0.00820297 -0.07215791 0.03945398
v -0.00698799 -0.07175391 0.03964304
v -0.00819796 -0.07215791 0.03945398
v -0.00698799 -0.07267189 0.04013001
v -0.00797796 -0.07307189 0.03998506
v -0.00844496 -0.07326090 0.03987097
v -0.00844496 -0.07326090 0.03987097
v -0.00895196 -0.07391691 0.03988206
v -0.00895196 -0.07391691 0.03988206
v -0.00924599 -0.07290291 0.03931200
v -0.00939900 -0.07389390 0.03964102
v -0.01004797 -0.07391291 0.03925502
v -0.01020699 -0.07470190 0.03944206
v -0.01004797 -0.07391291 0.03925502
v -0.01055598 -0.07510089 0.03931701
v -0.01004296 -0.07517290 0.03970396
v -0.00994498 -0.07565790 0.03988504
v -0.00972998 -0.07553690 0.03996706
v -0.00979096 -0.07614791 0.04004204
v -0.00991297 -0.07614988 0.03998398
v -0.00979096 -0.07614791 0.04004204
v -0.00995499 -0.07669889 0.03999805
v -0.01069694 -0.07637089 0.03948104
v -0.01069694 -0.07637089 0.03948104
v -0.01041597 -0.07760488 0.03966295
v -0.00982398 -0.07871288 0.03990805
v -0.01021099 -0.07761591 0.03980505
v -0.01007795 -0.07724291 0.03991603
v -0.00958997 -0.07723689 0.04018104
v -0.00941396 -0.07839190 0.04014205
v -0.00894797 -0.07963991 0.03997802
v -0.00845599 -0.07900488 0.04029202
v -0.00797796 -0.08024686 0.04002606
v -0.00760096 -0.07943290 0.04038703
v -0.00698799 -0.08055686 0.04013097
v -0.00699598 -0.07963186 0.04045796
v -0.00760096 -0.07943290 0.04038703
v -0.00817597 -0.07909691 0.04034101
v -0.00900400 -0.07830786 0.04029107
v -0.00952995 -0.07489287 0.03990697
v -0.00001500 -0.07933586 0.04115605
v -0.00000500 -0.07762587 0.04150307
v -0.00085600 -0.07933586 0.04114806
v -0.00116795 -0.07760691 0.04148900
v -0.00169694 -0.07933586 0.04112195
v -0.00233298 -0.07760691 0.04144096
v -0.00337595 -0.07933491 0.04101896
v -0.00291699 -0.07760590 0.04140400
v -0.00350100 -0.07760590 0.04135799
v -0.00291496 -0.07592886 0.04145896
v -0.00349998 -0.07592886 0.04141402
v -0.00291699 -0.07442790 0.04124903
v -0.00350100 -0.07442790 0.04120302
v -0.00250196 -0.07297688 0.04081499
v -0.00498796 -0.07297790 0.04058706
v -0.00000100 -0.07631790 0.04157495
v -0.00116700 -0.07592988 0.04154503
v -0.00116700 -0.07592988 0.04154503
v -0.00233197 -0.07592886 0.04149603
v -0.00000100 -0.07504189 0.04146897
v -0.00116795 -0.07442891 0.04133605
v -0.00233298 -0.07442790 0.04128599
v -0.00000500 -0.07343590 0.04106700
v -0.00000600 -0.07297587 0.04089200
v -0.00498897 -0.07445186 0.04105496
v -0.00467294 -0.07442688 0.04108595
v -0.00408596 -0.07442790 0.04114902
v -0.00408494 -0.07592791 0.04136002
v -0.00408596 -0.07760590 0.04130399
v -0.00467294 -0.07592791 0.04129803
v -0.00498897 -0.07618790 0.04127097
v -0.00467294 -0.07760590 0.04124200
v -0.00498897 -0.07782191 0.04117596
v -0.00498796 -0.07933789 0.04085302
v 0.00499398 -0.07297790 0.04058706
v 0.00566298 -0.07467788 0.04101705
v 0.00625396 -0.07297891 0.04041397
v 0.00599694 -0.07467788 0.04097104
v 0.00633097 -0.07467889 0.04092097
v 0.00632995 -0.07644587 0.04109406
v 0.00666296 -0.07644486 0.04103803
v 0.00666296 -0.07789790 0.04092705
v 0.00699395 -0.07737886 0.04092597
v 0.00699395 -0.07861286 0.04072999
v 0.00671899 -0.07928591 0.04061698
v 0.00699395 -0.07922786 0.04057800
v 0.00532800 -0.07467788 0.04106104
v 0.00499398 -0.07445186 0.04105496
v 0.00499499 -0.07618790 0.04127097
v 0.00532800 -0.07644689 0.04123306
v 0.00499398 -0.07782191 0.04117596
v 0.00532699 -0.07790690 0.04112195
v 0.00499398 -0.07933789 0.04085302
v 0.00499398 -0.07933789 0.04085302
v 0.00501996 -0.07933789 0.04085004
v 0.00501996 -0.07933789 0.04085004
v 0.00504500 -0.07933789 0.04084599
v 0.00532699 -0.07790690 0.04112195
v 0.00588399 -0.07933992 0.04073500
v 0.00566298 -0.07790690 0.04107797
v 0.00599694 -0.07790690 0.04103195
v 0.00566298 -0.07644689 0.04119002
v 0.00599694 -0.07644689 0.04114401
v 0.00632995 -0.07790589 0.04098200
v 0.00699395 -0.07613086 0.04096603
v 0.00666296 -0.07468587 0.04086506
v 0.00699395 -0.07484889 0.04082596
v 0.00699395 -0.07359892 0.04050207
v 0.00699395 -0.07308590 0.04031097
v 0.00167596 -0.07933586 0.04112303
v 0.00117296 -0.07760691 0.04148900
v -0.00001500 -0.07933586 0.04115605
v 0.00001000 -0.07760691 0.04150497
v -0.00000500 -0.07762587 0.04150307
v -0.00000100 -0.07631790 0.04157495
v 0.00117296 -0.07592988 0.04154503
v 0.00350594 -0.07760590 0.04135799
v 0.00117296 -0.07592988 0.04154503
v 0.00350499 -0.07592886 0.04141402
v 0.00467795 -0.07760590 0.04124200
v 0.00467795 -0.07592791 0.04129803
v 0.00499499 -0.07618790 0.04127097
v 0.00499398 -0.07445186 0.04105496
v 0.00336397 -0.07933491 0.04102098
v 0.00417995 -0.07933586 0.04094600
v 0.00499398 -0.07933789 0.04085302
v 0.00499398 -0.07782191 0.04117596
v 0.00467795 -0.07442688 0.04108595
v 0.00499398 -0.07297790 0.04058706
v 0.00350594 -0.07442790 0.04120302
v 0.00249797 -0.07297688 0.04081606
v 0.00117296 -0.07442891 0.04133605
v -0.00000600 -0.07297587 0.04089200
v -0.00000500 -0.07343590 0.04106700
v 0.00001000 -0.07442891 0.04135298
v -0.00000100 -0.07504189 0.04146897
v 0.00001000 -0.07592988 0.04156196
v -0.00698799 -0.07308489 0.04031097
v -0.00698799 -0.07359987 0.04050207
v -0.00624800 -0.07297891 0.04041397
v -0.00632495 -0.07467889 0.04092097
v -0.00599199 -0.07467788 0.04097104
v -0.00632495 -0.07644587 0.04109406
v -0.00599199 -0.07644689 0.04114401
v -0.00632495 -0.07790589 0.04098200
v -0.00599199 -0.07790690 0.04103195
v -0.00588298 -0.07933992 0.04073500
v -0.00565696 -0.07790690 0.04107797
v -0.00504899 -0.07933789 0.04084503
v -0.00532198 -0.07790690 0.04112195
v -0.00532198 -0.07790690 0.04112195
v -0.00501895 -0.07933789 0.04084897
v -0.00498897 -0.07782191 0.04117596
v -0.00498796 -0.07933789 0.04085302
v -0.00665796 -0.07468587 0.04086506
v -0.00698799 -0.07482886 0.04082202
v -0.00698799 -0.07608991 0.04096400
v -0.00665796 -0.07644486 0.04103803
v -0.00665796 -0.07644486 0.04103803
v -0.00698799 -0.07608991 0.04096400
v -0.00698799 -0.07613086 0.04096603
v -0.00698799 -0.07613086 0.04096603
v -0.00698799 -0.07737886 0.04092597
v -0.00665796 -0.07789790 0.04092705
v -0.00698799 -0.07861387 0.04072999
v -0.00671399 -0.07928591 0.04061698
v -0.00698799 -0.07922691 0.04057800
v -0.00532198 -0.07644689 0.04123306
v -0.00498897 -0.07618790 0.04127097
v -0.00532198 -0.07467788 0.04106104
v -0.00498897 -0.07445186 0.04105496
v -0.00498796 -0.07297790 0.04058706
v -0.00565797 -0.07467788 0.04101705
v -0.00565797 -0.07644689 0.04119002
v 0.00889897 -0.07452189 0.04010605
v 0.00841397 -0.07484990 0.04039406
v 0.00927097 -0.07534188 0.04014706
v 0.00836200 -0.07611590 0.04060006
v 0.00938100 -0.07591688 0.04020404
v 0.00935596 -0.07657289 0.04027998
v 0.00836396 -0.07630491 0.04061102
v 0.00840896 -0.07725787 0.04058897
v 0.00814396 -0.07731586 0.04065597
v 0.00823498 -0.07831287 0.04050207
v 0.00794899 -0.07840889 0.04055607
v 0.00812197 -0.07864189 0.04046404
v 0.00757599 -0.07900089 0.04051196
v 0.00736398 -0.07855486 0.04066300
v 0.00699395 -0.07922786 0.04057800
v 0.00699395 -0.07861286 0.04072999
v 0.00733495 -0.07744288 0.04084396
v 0.00699395 -0.07737886 0.04092597
v 0.00732195 -0.07631987 0.04089295
v 0.00699395 -0.07613086 0.04096603
v 0.00699395 -0.07613086 0.04096603
v 0.00732195 -0.07609587 0.04088604
v 0.00699395 -0.07484889 0.04082596
v 0.00699395 -0.07484889 0.04082596
v 0.00733596 -0.07460391 0.04068803
v 0.00699395 -0.07359892 0.04050207
v 0.00775295 -0.07339990 0.04020106
v 0.00699395 -0.07308590 0.04031097
v 0.00835699 -0.07385689 0.04013204
v 0.00814795 -0.07477492 0.04047298
v 0.00810397 -0.07610988 0.04067802
v 0.00784397 -0.07610487 0.04075098
v 0.00784498 -0.07631486 0.04076004
v 0.00787997 -0.07470786 0.04054796
v 0.00891197 -0.07774388 0.04040503
v 0.00810498 -0.07631087 0.04068696
v 0.00787598 -0.07736688 0.04072105
v 0.00787997 -0.07470786 0.04054796
v -0.00904399 -0.07749986 0.04038298
v -0.00840497 -0.07725691 0.04058897
v -0.00929898 -0.07683086 0.04031002
v -0.00835997 -0.07630491 0.04060995
v -0.00937694 -0.07637786 0.04025602
v -0.00835794 -0.07611590 0.04060006
v -0.00937694 -0.07591688 0.04020202
v -0.00836998 -0.07547986 0.04052603
v -0.00933695 -0.07562589 0.04017198
v -0.00840998 -0.07484990 0.04039299
v -0.00926697 -0.07534086 0.04014706
v -0.00891000 -0.07454186 0.04010605
v -0.00835395 -0.07385486 0.04013407
v -0.00733095 -0.07460391 0.04068803
v -0.00771898 -0.07338291 0.04020404
v -0.00698799 -0.07359987 0.04050207
v -0.00698799 -0.07308489 0.04031097
v -0.00866598 -0.07808786 0.04042601
v -0.00851196 -0.07820087 0.04044806
v -0.00735897 -0.07855486 0.04066300
v -0.00815195 -0.07861286 0.04046297
v -0.00773895 -0.07890588 0.04049599
v -0.00698799 -0.07922691 0.04057800
v -0.00698799 -0.07861387 0.04072999
v -0.00732899 -0.07744288 0.04084396
v -0.00698799 -0.07737886 0.04092597
v -0.00731695 -0.07631987 0.04089295
v -0.00698799 -0.07613086 0.04096603
v -0.00698799 -0.07613086 0.04096603
v -0.00731599 -0.07609587 0.04088604
v -0.00731599 -0.07609587 0.04088604
v -0.00698799 -0.07608991 0.04096400
v -0.00698799 -0.07608991 0.04096400
v -0.00731999 -0.07534587 0.04082000
v -0.00698799 -0.07482886 0.04082202
v -0.00733095 -0.07460391 0.04068803
v -0.00000500 -0.07167291 0.04024600
v 0.00245595 -0.07167690 0.04016995
v -0.00000500 -0.07146388 0.04001402
v 0.00339699 -0.07147091 0.03987503
v 0.00499398 -0.07167887 0.03993499
v 0.00677299 -0.07152688 0.03944706
v 0.00626695 -0.07168489 0.03975200
v 0.00699299 -0.07175391 0.03964304
v 0.00759596 -0.07169687 0.03931701
v 0.00820297 -0.07215791 0.03945398
v 0.00836998 -0.07202488 0.03920006
v 0.00907499 -0.07249087 0.03910195
v 0.00925100 -0.07290291 0.03931200
v 0.00925100 -0.07290291 0.03931200
v 0.00968599 -0.07307791 0.03903102
v 0.01005399 -0.07391291 0.03925502
v 0.01018595 -0.07376390 0.03899800
v 0.01055997 -0.07452791 0.03901004
v 0.01056098 -0.07510089 0.03931701
v 0.01079499 -0.07534289 0.03906595
v 0.01079499 -0.07534289 0.03906595
v 0.01070195 -0.07637089 0.03948104
v 0.01087695 -0.07618290 0.03916800
v 0.01074898 -0.07719391 0.03931498
v 0.01042097 -0.07760488 0.03966295
v 0.01039695 -0.07818186 0.03952503
v 0.00983000 -0.07871288 0.03990805
v 0.00983000 -0.07907789 0.03972804
v 0.00895298 -0.07963991 0.03997802
v 0.00911599 -0.07980287 0.03978300
v -0.00000500 -0.07167291 0.04024600
v -0.00000500 -0.07146388 0.04001402
v -0.00252897 -0.07167690 0.04016506
v -0.00340295 -0.07146990 0.03987205
v -0.00498796 -0.07167887 0.03993499
v -0.00677496 -0.07152789 0.03944504
v -0.00626194 -0.07168489 0.03975200
v -0.00698799 -0.07175391 0.03964304
v -0.00787997 -0.07179790 0.03927206
v -0.00819796 -0.07215791 0.03945398
v -0.00852400 -0.07211291 0.03917598
v -0.00924599 -0.07290291 0.03931200
v -0.00852400 -0.07211291 0.03917598
v -0.00968295 -0.07307988 0.03903102
v -0.00968295 -0.07307988 0.03903102
v -0.01004797 -0.07391291 0.03925502
v -0.01031696 -0.07400590 0.03899598
v -0.01031696 -0.07400590 0.03899598
v -0.01056796 -0.07456088 0.03901004
v -0.01055598 -0.07510089 0.03931701
v -0.01079797 -0.07538187 0.03907001
v -0.01069694 -0.07637089 0.03948104
v -0.01087194 -0.07618290 0.03916800
v -0.01074296 -0.07719391 0.03931498
v -0.01041597 -0.07760488 0.03966295
v -0.01039195 -0.07818186 0.03952503
v -0.00982398 -0.07871288 0.03990805
v -0.00982398 -0.07907891 0.03972804
v -0.00894797 -0.07963991 0.03997802
v -0.00911099 -0.07980287 0.03978300
v -0.00725496 -0.08102589 0.03523898
v -0.00717395 -0.08098989 0.03523898
v -0.00597399 -0.08114689 0.03523898
v -0.00597399 -0.08109891 0.03523898
v -0.00527894 -0.08108890 0.03523898
v -0.00802100 -0.08078688 0.03523898
v -0.00830299 -0.08059787 0.03523898
v -0.00830299 -0.08059787 0.03523898
v -0.00802100 -0.08078688 0.03523898
v -0.00906795 -0.08020889 0.03523898
v -0.00906795 -0.08020889 0.03523898
v -0.00930595 -0.07994091 0.03523898
v -0.00953496 -0.07973587 0.03523898
v -0.00994599 -0.07939887 0.03523898
v -0.01027095 -0.07884186 0.03523898
v -0.01041495 -0.07874989 0.03523898
v -0.01077598 -0.07802891 0.03523898
v -0.01078599 -0.07774889 0.03523898
v -0.01101797 -0.07725489 0.03523898
v -0.01102298 -0.07658988 0.03523898
v -0.01112198 -0.07568788 0.03523898
v -0.01103097 -0.07588791 0.03523898
v -0.01091498 -0.07507491 0.03523898
v -0.01095998 -0.07483989 0.03523898
v -0.01043498 -0.07382190 0.03523898
v -0.01065397 -0.07403188 0.03523898
v -0.01021796 -0.07328587 0.03523898
v -0.00961298 -0.07271391 0.03523898
v -0.00966400 -0.07262289 0.03523898
v -0.00890297 -0.07198888 0.03523898
v -0.00852698 -0.07187086 0.03523898
v -0.00803298 -0.07151287 0.03523898
v -0.00724995 -0.07137888 0.03523898
v -0.00726896 -0.07128089 0.03523898
v -0.00646096 -0.07127386 0.03523898
v -0.00609398 -0.07115191 0.03523898
v -0.00595397 -0.07124590 0.03523898
v -0.00524998 -0.07123786 0.03523898
v -0.00312894 -0.07114887 0.03523898
v -0.00416696 -0.07124489 0.03523898
v -0.00346500 -0.07124888 0.03523898
v -0.00263596 -0.07125186 0.03523898
v -0.00100899 -0.07125389 0.03523898
v 0.00000300 -0.07116186 0.03523898
v 0.00523996 -0.07123786 0.03523898
v 0.00610196 -0.07115089 0.03523898
v 0.00724000 -0.07137590 0.03523898
v 0.00725996 -0.07127791 0.03523898
v 0.00828099 -0.07162189 0.03523898
v 0.00836498 -0.07177889 0.03523898
v 0.00946295 -0.07242190 0.03523898
v 0.00927997 -0.07239592 0.03523898
v 0.01008397 -0.07309687 0.03523898
v 0.01003700 -0.07319891 0.03523898
v 0.01057898 -0.07386690 0.03523898
v 0.01060295 -0.07414388 0.03523898
v 0.01103198 -0.07514190 0.03523898
v 0.01091796 -0.07506686 0.03523898
v 0.01103097 -0.07581591 0.03523898
v 0.01112997 -0.07649189 0.03523898
v 0.01103597 -0.07646691 0.03523898
v 0.01079297 -0.07774287 0.03523898
v 0.01077598 -0.07802891 0.03523898
v 0.01079297 -0.07774287 0.03523898
v 0.01077598 -0.07802891 0.03523898
v 0.01079297 -0.07774591 0.03523898
v 0.01079297 -0.07774591 0.03523898
v 0.01034998 -0.07872086 0.03523898
v 0.01041495 -0.07874989 0.03523898
v 0.00997698 -0.07925987 0.03523898
v 0.00994599 -0.07939887 0.03523898
v 0.00971395 -0.07956087 0.03523898
v 0.00938195 -0.07996290 0.03523898
v 0.00931096 -0.07994091 0.03523898
v 0.00873500 -0.08042889 0.03523898
v 0.00830895 -0.08059686 0.03523898
v 0.00801998 -0.08078688 0.03523898
v 0.00717896 -0.08098989 0.03523898
v 0.00725496 -0.08102589 0.03523898
v 0.00597399 -0.08114689 0.03523898
v 0.00597399 -0.08109891 0.03523898
v 0.00298697 -0.08114689 0.03523898
v 0.00200999 -0.08109492 0.03523898
v 0.00000000 -0.08114689 0.03523898
v -0.00200397 -0.08109492 0.03523898
v -0.00298697 -0.08114689 0.03523898
v -0.00361895 -0.08109289 0.03523898
v -0.00431996 -0.08108890 0.03523898
v -0.00479996 -0.08108490 0.03523898
v 0.00610196 -0.07115089 0.03623795
v 0.00610196 -0.07115089 0.03523898
v 0.00000300 -0.07116186 0.03573799
v 0.00000300 -0.07116186 0.03523898
v -0.00071100 -0.07116091 0.03573799
v -0.00312894 -0.07114887 0.03523898
v -0.00312894 -0.07114887 0.03623795
v -0.00609398 -0.07115191 0.03523898
v -0.00609398 -0.07115191 0.03623795
v 0.00000300 -0.07116186 0.03623795
v -0.00609398 -0.07115191 0.03623795
v -0.00609398 -0.07115191 0.03523898
v -0.00681299 -0.07120788 0.03573799
v -0.00726896 -0.07128089 0.03523898
v -0.00726896 -0.07128089 0.03623795
v 0.00039600 -0.07275390 0.03623795
v -0.00620198 -0.07275390 0.03623795
v 0.00039600 -0.07275390 0.03723895
v -0.00620198 -0.07275390 0.03723895
v -0.00620198 -0.07275390 0.03723895
v -0.00620198 -0.07275390 0.03623795
v -0.00695097 -0.07285386 0.03723895
v -0.00694996 -0.07285386 0.03623795
v -0.00772399 -0.07314586 0.03623795
v -0.00772399 -0.07314586 0.03723895
v -0.00812799 -0.07339787 0.03623795
v -0.00812900 -0.07339888 0.03723895
v -0.00884897 -0.07411086 0.03623795
v -0.00884897 -0.07411086 0.03723895
v -0.00923198 -0.07475692 0.03623795
v -0.00923198 -0.07475787 0.03723895
v -0.00949800 -0.07563889 0.03623795
v -0.00949800 -0.07563990 0.03723895
v -0.00945097 -0.07697790 0.03623795
v -0.00945097 -0.07697886 0.03723895
v -0.00923699 -0.07761186 0.03623902
v -0.00923598 -0.07761287 0.03723895
v -0.00890195 -0.07819086 0.03623902
v -0.00890100 -0.07819187 0.03723895
v -0.00883698 -0.07827889 0.03623902
v -0.00883698 -0.07827889 0.03723895
v -0.00799698 -0.07904791 0.03623902
v -0.00799698 -0.07904887 0.03723895
v -0.00769198 -0.07922887 0.03623902
v -0.00769198 -0.07922887 0.03723895
v -0.00702697 -0.07948487 0.03623902
v -0.00702697 -0.07948589 0.03723895
v -0.00661498 -0.07955789 0.03623902
v -0.00661498 -0.07955890 0.03723895
v -0.00609100 -0.07959991 0.03623902
v -0.00608998 -0.07960087 0.03723895
v -0.00571597 -0.07960891 0.03623902
v -0.00571400 -0.07960891 0.03723895
v -0.00458395 -0.07959491 0.03623902
v -0.00458395 -0.07959491 0.03723895
v 0.00458896 -0.07959491 0.03623795
v 0.00458896 -0.07959491 0.03723895
v -0.00458395 -0.07959491 0.03623902
v -0.00458395 -0.07959491 0.03723895
v 0.00458896 -0.07959491 0.03723895
v 0.00458896 -0.07959491 0.03623795
v 0.00607997 -0.07960188 0.03723895
v 0.00607997 -0.07960188 0.03623795
v 0.00683397 -0.07952588 0.03723895
v 0.00683397 -0.07952588 0.03623795
v 0.00734097 -0.07938891 0.03723895
v 0.00734097 -0.07938891 0.03623795
v 0.00796497 -0.07907491 0.03723895
v 0.00796497 -0.07907491 0.03623795
v 0.00870395 -0.07843989 0.03723895
v 0.00870395 -0.07843989 0.03623795
v 0.00925499 -0.07757890 0.03723895
v 0.00925499 -0.07757890 0.03623795
v 0.00945794 -0.07697188 0.03723895
v 0.00945794 -0.07697188 0.03623795
v 0.00954598 -0.07630687 0.03723895
v 0.00954598 -0.07630687 0.03623795
v 0.00937098 -0.07509791 0.03723895
v 0.00937098 -0.07509690 0.03623795
v 0.00918496 -0.07464891 0.03723895
v 0.00905299 -0.07440686 0.03623795
v 0.00867796 -0.07389491 0.03723895
v 0.00867796 -0.07389390 0.03623795
v 0.00777197 -0.07316887 0.03723895
v 0.00777197 -0.07316887 0.03623795
v 0.00697797 -0.07285988 0.03723895
v 0.00697797 -0.07285887 0.03623795
v 0.00620794 -0.07275390 0.03623795
v 0.00620794 -0.07275390 0.03723895
v 0.00039600 -0.07275390 0.03623795
v 0.00039600 -0.07275390 0.03723895
v 0.00620794 -0.07275390 0.03623795
v 0.00620794 -0.07275390 0.03723895
v -0.00000500 -0.08109492 0.03723895
v -0.00458395 -0.07959491 0.03723895
v 0.00000300 -0.08109492 0.03723895
v 0.00458896 -0.07959491 0.03723895
v 0.00000300 -0.08109492 0.03723895
v 0.00458896 -0.07959491 0.03723895
v 0.00001000 -0.08109492 0.03723895
v 0.00001000 -0.08109492 0.03723895
v 0.00121099 -0.08109492 0.03723895
v 0.00241297 -0.08109492 0.03723895
v 0.00360894 -0.08109289 0.03723895
v 0.00480497 -0.08108490 0.03723895
v 0.00607997 -0.07960188 0.03723895
v 0.00599498 -0.08109891 0.03723895
v 0.00717896 -0.08099186 0.03723895
v 0.00683397 -0.07952588 0.03723895
v 0.00830895 -0.08059686 0.03723895
v 0.00734097 -0.07938891 0.03723895
v 0.00931197 -0.07994186 0.03723895
v 0.00796497 -0.07907491 0.03723895
v 0.01004499 -0.07916587 0.03723895
v 0.00870395 -0.07843989 0.03723895
v 0.01059395 -0.07824987 0.03723895
v 0.00925499 -0.07757890 0.03723895
v 0.01093095 -0.07723987 0.03723895
v 0.00945794 -0.07697188 0.03723895
v 0.01104497 -0.07618290 0.03723895
v 0.00954598 -0.07630687 0.03723895
v 0.00937098 -0.07509791 0.03723895
v -0.00479996 -0.08108490 0.03723895
v -0.00571400 -0.07960891 0.03723895
v -0.00717395 -0.08099186 0.03723895
v -0.00608998 -0.07960087 0.03723895
v -0.00661498 -0.07955890 0.03723895
v -0.00830299 -0.08059686 0.03723895
v -0.00702697 -0.07948589 0.03723895
v -0.00930595 -0.07994186 0.03723895
v -0.00769198 -0.07922887 0.03723895
v -0.00799698 -0.07904887 0.03723895
v -0.01003998 -0.07916587 0.03723895
v -0.00883698 -0.07827889 0.03723895
v -0.01058900 -0.07824987 0.03723895
v -0.00890100 -0.07819187 0.03723895
v -0.00923598 -0.07761287 0.03723895
v -0.01092594 -0.07723987 0.03723895
v -0.00945097 -0.07697886 0.03723895
v -0.01103997 -0.07618290 0.03723895
v -0.00949800 -0.07563990 0.03723895
v -0.01092296 -0.07511186 0.03723895
v -0.00923198 -0.07475787 0.03723895
v -0.01052498 -0.07398289 0.03723895
v -0.00884897 -0.07411086 0.03723895
v -0.00986999 -0.07298088 0.03723895
v -0.00812900 -0.07339888 0.03723895
v -0.00772399 -0.07314586 0.03723895
v -0.00925797 -0.07237386 0.03723895
v -0.00695097 -0.07285386 0.03723895
v -0.00854897 -0.07187986 0.03723895
v -0.00776297 -0.07152187 0.03723895
v -0.00620198 -0.07275390 0.03723895
v -0.00692195 -0.07132291 0.03723895
v -0.00347400 -0.07125490 0.03723895
v 0.00039600 -0.07275390 0.03723895
v -0.00173599 -0.07125389 0.03723895
v 0.00000300 -0.07125389 0.03723895
v 0.00174099 -0.07125389 0.03723895
v 0.00347894 -0.07125490 0.03723895
v 0.00620794 -0.07275390 0.03723895
v 0.00692695 -0.07132291 0.03723895
v 0.00776797 -0.07152187 0.03723895
v 0.00697797 -0.07285988 0.03723895
v 0.00855398 -0.07187986 0.03723895
v 0.00926399 -0.07237386 0.03723895
v 0.00777197 -0.07316887 0.03723895
v 0.00987500 -0.07298088 0.03723895
v 0.00867796 -0.07389491 0.03723895
v 0.01053094 -0.07398289 0.03723895
v 0.00918496 -0.07464891 0.03723895
v 0.01092797 -0.07511186 0.03723895
v 0.00724000 -0.07137590 0.03523898
v 0.00724000 -0.07137590 0.03443896
v 0.00650799 -0.07127791 0.03473901
v 0.00523996 -0.07123786 0.03443896
v 0.00523996 -0.07123786 0.03523898
v 0.00347894 -0.07125490 0.03932905
v 0.00200999 -0.07125389 0.03824198
v -0.00000500 -0.07125389 0.03947305
v 0.00174099 -0.07125389 0.03763902
v 0.00000300 -0.07125389 0.03763902
v 0.00615299 -0.07125389 0.03900206
v 0.00437295 -0.07124990 0.03805196
v 0.00347894 -0.07125490 0.03814101
v 0.00347894 -0.07125490 0.03763902
v 0.00200999 -0.07125389 0.03763902
v 0.00615197 -0.07125389 0.03781402
v 0.00692695 -0.07132291 0.03888201
v 0.00692695 -0.07132291 0.03769302
v 0.00776797 -0.07152187 0.03763902
v 0.00776797 -0.07152187 0.03763902
v 0.00692695 -0.07132291 0.03763902
v 0.00776297 -0.07151991 0.03875100
v 0.00855398 -0.07187986 0.03763902
v 0.00854695 -0.07187587 0.03863501
v 0.00926399 -0.07237386 0.03763902
v 0.00925898 -0.07236891 0.03854000
v 0.00987500 -0.07298088 0.03763902
v 0.00987500 -0.07298088 0.03847205
v 0.01037496 -0.07369190 0.03843605
v 0.01053094 -0.07398289 0.03763902
v 0.01074397 -0.07447987 0.03843903
v 0.01092797 -0.07511186 0.03763902
v 0.01096999 -0.07531988 0.03848505
v 0.01104497 -0.07618290 0.03763902
v 0.01104497 -0.07618290 0.03857696
v 0.01093000 -0.07724589 0.03874504
v 0.01093095 -0.07723987 0.03763902
v 0.01059395 -0.07824987 0.03897106
v 0.01059395 -0.07824987 0.03778207
v 0.01005095 -0.07915890 0.03801298
v 0.01059395 -0.07824987 0.03763902
v 0.01004499 -0.07916587 0.03763902
v 0.00931197 -0.07994186 0.03809905
v 0.00931197 -0.07994186 0.03763902
v 0.00830895 -0.08059686 0.03811800
v 0.00830895 -0.08059686 0.03763902
v 0.00717896 -0.08099186 0.03822505
v 0.00717896 -0.08099186 0.03822505
v 0.00717896 -0.08099186 0.03763902
v 0.00599498 -0.08109891 0.03763902
v 0.00480497 -0.08108490 0.03854906
v 0.00480497 -0.08108490 0.03763902
v 0.00360894 -0.08109289 0.03763902
v 0.00240898 -0.08109492 0.03876698
v 0.00241297 -0.08109492 0.03763902
v 0.00121099 -0.08109492 0.03763902
v 0.00000300 -0.08109492 0.04001796
v 0.00001000 -0.08109492 0.03763902
v 0.00000300 -0.08109492 0.03763902
v 0.01005095 -0.07915788 0.03920197
v 0.00931096 -0.07994091 0.03928899
v 0.00830895 -0.08059686 0.03930699
v 0.00717896 -0.08099186 0.03941404
v 0.00717896 -0.08099186 0.03941404
v 0.00480497 -0.08108490 0.03973698
v 0.00241297 -0.08109492 0.03995501
v -0.00000500 -0.07125389 0.03763902
v 0.00597399 -0.08114689 0.03443896
v 0.00597399 -0.08114689 0.03523898
v 0.00725496 -0.08102589 0.03443896
v 0.00725496 -0.08102589 0.03523898
v 0.00801998 -0.08078688 0.03443896
v 0.00801998 -0.08078688 0.03523898
v 0.00873500 -0.08042889 0.03443896
v 0.00873500 -0.08042889 0.03523898
v 0.00938195 -0.07996290 0.03443896
v 0.00938195 -0.07996290 0.03523898
v 0.00994599 -0.07939887 0.03443896
v 0.00994599 -0.07939887 0.03523898
v 0.01041495 -0.07874989 0.03443896
v 0.01041495 -0.07874989 0.03523898
v 0.01077598 -0.07802891 0.03443896
v 0.01077598 -0.07802891 0.03523898
v 0.01101797 -0.07725489 0.03443896
v 0.01112997 -0.07649189 0.03523898
v 0.01113295 -0.07644587 0.03443896
v 0.01112997 -0.07649189 0.03623795
v 0.01113599 -0.07639491 0.03908705
v 0.01089596 -0.07769888 0.03932702
v 0.01077598 -0.07802891 0.03623795
v 0.01042395 -0.07873392 0.03959000
v 0.01041495 -0.07874989 0.03623795
v 0.00994599 -0.07939887 0.03972399
v 0.00994599 -0.07939887 0.03623795
v 0.00941199 -0.07993692 0.03974902
v 0.00906795 -0.08020889 0.03623795
v 0.00873500 -0.08042889 0.03975498
v 0.00801998 -0.08078688 0.03623795
v 0.00779897 -0.08086991 0.03982102
v 0.00725496 -0.08102589 0.03623795
v 0.00689799 -0.08109289 0.03992307
v 0.00645596 -0.08113890 0.03623902
v 0.00597399 -0.08114689 0.04005706
v 0.00597399 -0.08114689 0.03623902
v 0.01105999 -0.07522791 0.03443896
v 0.01104694 -0.07516390 0.03894901
v 0.01069498 -0.07406091 0.03443896
v 0.01052600 -0.07371991 0.03890299
v 0.01030099 -0.07334589 0.03443896
v 0.00966197 -0.07256591 0.03897500
v 0.00979799 -0.07270687 0.03443896
v 0.00920099 -0.07215887 0.03443896
v 0.00852799 -0.07171690 0.03912806
v 0.00852799 -0.07171690 0.03443896
v 0.00741297 -0.07127088 0.03443896
v 0.00741297 -0.07127088 0.03929603
v 0.00622797 -0.07110589 0.03443896
v 0.00622797 -0.07110589 0.03947997
v 0.00597399 -0.08114689 0.03623902
v 0.00540298 -0.08114689 0.03623902
v 0.00597399 -0.08114689 0.04005706
v 0.00461095 -0.08114689 0.03623902
v 0.00270498 -0.08114689 0.03623902
v 0.00209796 -0.08114689 0.04044902
v 0.00094000 -0.08114689 0.03623902
v 0.00032400 -0.08114689 0.03623902
v -0.00146496 -0.08114689 0.04047703
v 0.00000000 -0.08114689 0.03623902
v -0.00000100 -0.08114689 0.03623902
v -0.00032800 -0.08114689 0.03623902
v -0.00094400 -0.08114689 0.03623902
v -0.00270897 -0.08114689 0.03623902
v -0.00461298 -0.08114689 0.03623902
v -0.00540400 -0.08114689 0.03623902
v -0.00597399 -0.08114689 0.04006004
v -0.00597399 -0.08114689 0.03623902
v -0.00597399 -0.08114689 0.03443896
v -0.00597399 -0.08114689 0.03523898
v -0.00298697 -0.08114689 0.03443896
v -0.00298697 -0.08114689 0.03523898
v 0.00000000 -0.08114689 0.03443896
v 0.00000000 -0.08114689 0.03523898
v 0.00298697 -0.08114689 0.03443896
v 0.00298697 -0.08114689 0.03523898
v 0.00597399 -0.08114689 0.03443896
v 0.00597399 -0.08114689 0.03523898
v -0.00741297 -0.07127088 0.03443896
v -0.00724995 -0.07137888 0.03443896
v -0.00622797 -0.07110589 0.03443896
v -0.00491595 -0.07123988 0.03443896
v -0.00263596 -0.07125186 0.03443896
v -0.00852799 -0.07171690 0.03443896
v -0.00847596 -0.07184189 0.03443896
v -0.00920099 -0.07215887 0.03443896
v -0.00953096 -0.07262891 0.03443896
v -0.00979799 -0.07270687 0.03443896
v -0.01030099 -0.07334589 0.03443896
v -0.01034599 -0.07366389 0.03443896
v -0.01069498 -0.07406091 0.03443896
v -0.01086395 -0.07487291 0.03443896
v -0.01105999 -0.07522791 0.03443896
v -0.01091498 -0.07507491 0.03443896
v -0.01103395 -0.07594990 0.03443896
v -0.01113295 -0.07644587 0.03443896
v -0.01099699 -0.07682991 0.03443896
v -0.01101797 -0.07725489 0.03443896
v -0.01078599 -0.07774889 0.03443896
v -0.01077598 -0.07802891 0.03443896
v -0.01041895 -0.07859289 0.03443896
v -0.01041495 -0.07874989 0.03443896
v -0.00986296 -0.07938987 0.03443896
v -0.00994599 -0.07939887 0.03443896
v -0.00938195 -0.07996290 0.03443896
v -0.00930595 -0.07994091 0.03443896
v -0.00873500 -0.08042889 0.03443896
v -0.00830299 -0.08059787 0.03443896
v -0.00802100 -0.08078688 0.03443896
v -0.00717395 -0.08098989 0.03443896
v -0.00725496 -0.08102589 0.03443896
v -0.00597399 -0.08114689 0.03443896
v -0.00298697 -0.08114689 0.03443896
v -0.00440997 -0.08108788 0.03443896
v -0.00479996 -0.08108490 0.03443896
v -0.00597399 -0.08109891 0.03443896
v 0.00000000 -0.08114689 0.03443896
v -0.00113899 -0.08109390 0.03443896
v -0.00298697 -0.08114689 0.03443896
v -0.00113899 -0.08109390 0.03443896
v -0.00200397 -0.08109492 0.03443896
v -0.00200397 -0.08109492 0.03443896
v -0.00360197 -0.08109390 0.03443896
v 0.00298697 -0.08114689 0.03443896
v 0.00200999 -0.08109492 0.03443896
v 0.00000300 -0.08109289 0.03443896
v 0.00597399 -0.08114689 0.03443896
v 0.00437397 -0.08108890 0.03443896
v 0.00381195 -0.08109289 0.03443896
v 0.00304699 -0.08109492 0.03443896
v 0.00725496 -0.08102589 0.03443896
v 0.00597399 -0.08109891 0.03443896
v 0.00480497 -0.08108490 0.03443896
v 0.00744396 -0.08092391 0.03443896
v 0.00801998 -0.08078688 0.03443896
v 0.00830895 -0.08059686 0.03443896
v 0.00873500 -0.08042889 0.03443896
v 0.00912499 -0.08009088 0.03443896
v 0.00938195 -0.07996290 0.03443896
v 0.00931096 -0.07994091 0.03443896
v 0.00994599 -0.07939887 0.03443896
v 0.00988799 -0.07936787 0.03443896
v 0.01041495 -0.07874989 0.03443896
v 0.01038599 -0.07866090 0.03443896
v 0.01077598 -0.07802891 0.03443896
v 0.01079297 -0.07774591 0.03443896
v 0.01101797 -0.07725489 0.03443896
v 0.01104098 -0.07636487 0.03443896
v 0.01113295 -0.07644587 0.03443896
v 0.01105999 -0.07522791 0.03443896
v 0.01069498 -0.07406091 0.03443896
v 0.01091694 -0.07506287 0.03443896
v 0.01105999 -0.07522791 0.03443896
v 0.01091694 -0.07506287 0.03443896
v 0.01091796 -0.07506686 0.03443896
v 0.01091796 -0.07506686 0.03443896
v 0.01042300 -0.07378786 0.03443896
v 0.01030099 -0.07334589 0.03443896
v 0.00959998 -0.07269388 0.03443896
v 0.00979799 -0.07270687 0.03443896
v 0.00920099 -0.07215887 0.03443896
v 0.00851500 -0.07185989 0.03443896
v 0.00852799 -0.07171690 0.03443896
v 0.00724000 -0.07137590 0.03443896
v 0.00741297 -0.07127088 0.03443896
v 0.00622797 -0.07110589 0.03443896
v 0.00523996 -0.07123786 0.03443896
v -0.00009000 -0.07110589 0.03443896
v 0.00000100 -0.07125389 0.03443896
v -0.00360197 -0.08109390 0.03443896
v -0.00440997 -0.08108788 0.03443896
v -0.00298697 -0.08114689 0.03443896
v -0.00685894 -0.07218688 -0.03349995
v -0.00684094 -0.07251191 -0.03349995
v -0.00808597 -0.07362788 -0.03349995
v -0.00798499 -0.07393687 -0.03349995
v -0.00889796 -0.07533693 -0.03349995
v -0.00872099 -0.07560992 -0.03349995
v -0.00924098 -0.07719790 -0.03349995
v -0.00899798 -0.07741588 -0.03349995
v -0.00908899 -0.07908493 -0.03349995
v -0.00879896 -0.07923293 -0.03349995
v -0.00845498 -0.08086788 -0.03349995
v -0.00813699 -0.08093589 -0.03349995
v -0.00738096 -0.08242589 -0.03349995
v -0.00705600 -0.08240890 -0.03349995
v -0.00593996 -0.08365392 -0.03349995
v -0.00562996 -0.08355289 -0.03349995
v -0.00423098 -0.08446592 -0.03349995
v -0.00395799 -0.08428788 -0.03349995
v -0.00236899 -0.08480793 -0.03349995
v -0.00215197 -0.08456587 -0.03349995
v -0.00048300 -0.08465689 -0.03349995
v -0.00033500 -0.08436691 -0.03349995
v 0.00129998 -0.08402287 -0.03349995
v 0.00136799 -0.08370393 -0.03349995
v 0.00285900 -0.08294892 -0.03349995
v 0.00284100 -0.08262389 -0.03349995
v 0.00408596 -0.08150792 -0.03349995
v 0.00398499 -0.08119791 -0.03349995
v 0.00489795 -0.07979887 -0.03349995
v 0.00472098 -0.07952588 -0.03349995
v 0.00524098 -0.07793688 -0.03349995
v 0.00499797 -0.07771891 -0.03349995
v 0.00508898 -0.07605087 -0.03349995
v 0.00479895 -0.07590287 -0.03349995
v 0.00445497 -0.07426691 -0.03349995
v 0.00413698 -0.07419991 -0.03349995
v 0.00338095 -0.07270890 -0.03349995
v 0.00305599 -0.07272589 -0.03349995
v 0.00193995 -0.07148188 -0.03349995
v 0.00163096 -0.07158291 -0.03349995
v 0.00023100 -0.07066988 -0.03349995
v -0.00004200 -0.07084691 -0.03349995
v -0.00163096 -0.07032692 -0.03349995
v -0.00184798 -0.07056891 -0.03349995
v -0.00351697 -0.07047790 -0.03349995
v -0.00366497 -0.07076889 -0.03349995
v -0.00529998 -0.07111293 -0.03349995
v -0.00536799 -0.07143092 -0.03349995
v -0.00889796 -0.07533693 -0.03250002
v -0.00798499 -0.07393687 -0.03250002
v -0.00808597 -0.07362788 -0.03250002
v -0.00684094 -0.07251191 -0.03250002
v -0.00685894 -0.07218688 -0.03250002
v -0.00536799 -0.07143092 -0.03250002
v -0.00529998 -0.07111293 -0.03250002
v -0.00366497 -0.07076889 -0.03250002
v -0.00351697 -0.07047790 -0.03250002
v -0.00184798 -0.07056891 -0.03250002
v -0.00163096 -0.07032692 -0.03250002
v -0.00004200 -0.07084691 -0.03250002
v 0.00023100 -0.07066988 -0.03250002
v 0.00163096 -0.07158291 -0.03250002
v 0.00193995 -0.07148188 -0.03250002
v 0.00305599 -0.07272589 -0.03250002
v 0.00338095 -0.07270890 -0.03250002
v 0.00413698 -0.07419991 -0.03250002
v 0.00445497 -0.07426691 -0.03250002
v 0.00479895 -0.07590287 -0.03250002
v 0.00508898 -0.07605087 -0.03250002
v 0.00499797 -0.07771891 -0.03250002
v 0.00524098 -0.07793688 -0.03250002
v 0.00472098 -0.07952588 -0.03250002
v 0.00489795 -0.07979887 -0.03250002
v 0.00398499 -0.08119791 -0.03250002
v 0.00408596 -0.08150792 -0.03250002
v 0.00284100 -0.08262389 -0.03250002
v 0.00285900 -0.08294892 -0.03250002
v 0.00136799 -0.08370393 -0.03250002
v 0.00129998 -0.08402287 -0.03250002
v -0.00033500 -0.08436691 -0.03250002
v -0.00048300 -0.08465689 -0.03250002
v -0.00215197 -0.08456587 -0.03250002
v -0.00236899 -0.08480793 -0.03250002
v -0.00395799 -0.08428788 -0.03250002
v -0.00423098 -0.08446592 -0.03250002
v -0.00562996 -0.08355289 -0.03250002
v -0.00593996 -0.08365392 -0.03250002
v -0.00705600 -0.08240890 -0.03250002
v -0.00738096 -0.08242589 -0.03250002
v -0.00813699 -0.08093589 -0.03250002
v -0.00845498 -0.08086788 -0.03250002
v -0.00879896 -0.07923293 -0.03250002
v -0.00908899 -0.07908493 -0.03250002
v -0.00899798 -0.07741588 -0.03250002
v -0.00924098 -0.07719790 -0.03250002
v -0.00872099 -0.07560992 -0.03250002
v -0.00685894 -0.07218688 -0.03250002
v -0.00685894 -0.07218688 -0.03349995
v -0.00808597 -0.07362788 -0.03250002
v -0.00808597 -0.07362788 -0.03349995
v -0.00808597 -0.07362788 -0.03250002
v -0.00808597 -0.07362788 -0.03349995
v -0.00889796 -0.07533693 -0.03250002
v -0.00889796 -0.07533693 -0.03349995
v -0.00924098 -0.07719790 -0.03250002
v -0.00924098 -0.07719790 -0.03349995
v -0.00908899 -0.07908493 -0.03250002
v -0.00908899 -0.07908493 -0.03349995
v -0.00845498 -0.08086788 -0.03250002
v -0.00845498 -0.08086788 -0.03349995
v -0.00738096 -0.08242589 -0.03250002
v -0.00738096 -0.08242589 -0.03349995
v -0.00593996 -0.08365392 -0.03250002
v -0.00593996 -0.08365392 -0.03349995
v -0.00423098 -0.08446592 -0.03250002
v -0.00423098 -0.08446592 -0.03349995
v -0.00236899 -0.08480793 -0.03250002
v -0.00236899 -0.08480793 -0.03349995
v -0.00048300 -0.08465689 -0.03250002
v -0.00048300 -0.08465689 -0.03349995
v 0.00129998 -0.08402287 -0.03250002
v 0.00129998 -0.08402287 -0.03349995
v 0.00285900 -0.08294892 -0.03250002
v 0.00285900 -0.08294892 -0.03349995
v 0.00408596 -0.08150792 -0.03250002
v 0.00408596 -0.08150792 -0.03349995
v 0.00489795 -0.07979887 -0.03250002
v 0.00489795 -0.07979887 -0.03349995
v 0.00524098 -0.07793688 -0.03250002
v 0.00524098 -0.07793688 -0.03349995
v 0.00508898 -0.07605087 -0.03250002
v 0.00508898 -0.07605087 -0.03349995
v 0.00445497 -0.07426691 -0.03250002
v 0.00445497 -0.07426691 -0.03349995
v 0.00338095 -0.07270890 -0.03250002
v 0.00338095 -0.07270890 -0.03349995
v 0.00193995 -0.07148188 -0.03250002
v 0.00193995 -0.07148188 -0.03349995
v 0.00023100 -0.07066988 -0.03250002
v 0.00023100 -0.07066988 -0.03349995
v -0.00163096 -0.07032692 -0.03250002
v -0.00163096 -0.07032692 -0.03349995
v -0.00351697 -0.07047790 -0.03250002
v -0.00351697 -0.07047790 -0.03349995
v -0.00529998 -0.07111293 -0.03250002
v -0.00529998 -0.07111293 -0.03349995
v 0.00472098 -0.07952588 -0.03250002
v 0.00472098 -0.07952588 -0.03199994
v 0.00398499 -0.08119791 -0.03250002
v 0.00398499 -0.08119791 -0.03250002
v 0.00398499 -0.08119791 -0.03199994
v 0.00398499 -0.08119791 -0.03250002
v 0.00398499 -0.08119791 -0.03199994
v 0.00284100 -0.08262389 -0.03250002
v 0.00398499 -0.08119791 -0.03199994
v 0.00284100 -0.08262389 -0.03199994
v 0.00136799 -0.08370393 -0.03250002
v 0.00136799 -0.08370393 -0.03199994
v -0.00033500 -0.08436691 -0.03250002
v -0.00033500 -0.08436691 -0.03199994
v -0.00215197 -0.08456587 -0.03250002
v -0.00215197 -0.08456587 -0.03199994
v -0.00395799 -0.08428788 -0.03250002
v -0.00395799 -0.08428788 -0.03199994
v -0.00562996 -0.08355289 -0.03250002
v -0.00562996 -0.08355289 -0.03250002
v -0.00562996 -0.08355289 -0.03199994
v -0.00562996 -0.08355289 -0.03199994
v -0.00705600 -0.08240890 -0.03250002
v -0.00705600 -0.08240890 -0.03199994
v -0.00813699 -0.08093589 -0.03250002
v -0.00813699 -0.08093589 -0.03199994
v -0.00879896 -0.07923293 -0.03250002
v -0.00879896 -0.07923293 -0.03199994
v -0.00899798 -0.07741588 -0.03250002
v -0.00899798 -0.07741588 -0.03199994
v -0.00872099 -0.07560992 -0.03250002
v -0.00872099 -0.07560992 -0.03199994
v -0.00798499 -0.07393687 -0.03250002
v -0.00798499 -0.07393687 -0.03250002
v -0.00798499 -0.07393687 -0.03199994
v -0.00684094 -0.07251191 -0.03250002
v -0.00684094 -0.07251191 -0.03199994
v -0.00536799 -0.07143092 -0.03250002
v -0.00536799 -0.07143092 -0.03199994
v -0.00366497 -0.07076889 -0.03250002
v -0.00366497 -0.07076889 -0.03199994
v -0.00184798 -0.07056891 -0.03250002
v -0.00184798 -0.07056891 -0.03199994
v -0.00004200 -0.07084691 -0.03250002
v -0.00004200 -0.07084691 -0.03199994
v 0.00163096 -0.07158291 -0.03250002
v 0.00163096 -0.07158291 -0.03250002
v 0.00163096 -0.07158291 -0.03199994
v 0.00163096 -0.07158291 -0.03199994
v 0.00305599 -0.07272589 -0.03250002
v 0.00305599 -0.07272589 -0.03199994
v 0.00413698 -0.07419991 -0.03250002
v 0.00413698 -0.07419991 -0.03199994
v 0.00479895 -0.07590287 -0.03250002
v 0.00479895 -0.07590287 -0.03199994
v 0.00499797 -0.07771891 -0.03250002
v 0.00499797 -0.07771891 -0.03199994
v -0.01101797 -0.07725489 0.03523898
v -0.01113295 -0.07644587 0.03443896
v -0.01112198 -0.07568788 0.03523898
v -0.01105999 -0.07522791 0.03443896
v -0.01112198 -0.07568687 0.03623795
v -0.01104694 -0.07516390 0.03894901
v -0.01113599 -0.07639491 0.03908705
v -0.01077598 -0.07802891 0.03523898
v -0.01077598 -0.07802891 0.03443896
v -0.01101797 -0.07725489 0.03443896
v -0.01077598 -0.07802891 0.03443896
v -0.01077598 -0.07802891 0.03523898
v -0.01041495 -0.07874989 0.03443896
v -0.01041495 -0.07874989 0.03443896
v -0.01041495 -0.07874989 0.03523898
v -0.00994599 -0.07939887 0.03443896
v -0.00994599 -0.07939887 0.03523898
v -0.00938195 -0.07996290 0.03443896
v -0.00906795 -0.08020889 0.03523898
v -0.00873500 -0.08042889 0.03443896
v -0.00802100 -0.08078688 0.03523898
v -0.00802100 -0.08078688 0.03443896
v -0.00725496 -0.08102589 0.03443896
v -0.00725496 -0.08102589 0.03523898
v -0.00597399 -0.08114689 0.03443896
v -0.00597399 -0.08114689 0.03523898
v -0.01069498 -0.07406091 0.03443896
v -0.01052695 -0.07372188 0.03890299
v -0.01030099 -0.07334589 0.03443896
v -0.00966298 -0.07256686 0.03897404
v -0.00979799 -0.07270687 0.03443896
v -0.00920099 -0.07215887 0.03443896
v -0.00852799 -0.07171690 0.03912806
v -0.00852799 -0.07171690 0.03443896
v -0.00741297 -0.07127088 0.03443896
v -0.00741297 -0.07127088 0.03929603
v -0.00622797 -0.07110589 0.03443896
v -0.00622797 -0.07110589 0.03947997
v -0.01101797 -0.07725489 0.03623902
v -0.01089596 -0.07769888 0.03932702
v -0.01077598 -0.07802891 0.03623902
v -0.01042395 -0.07873392 0.03959095
v -0.01041495 -0.07874989 0.03623902
v -0.01016396 -0.07912290 0.03968298
v -0.00994599 -0.07939887 0.03623902
v -0.00994599 -0.07939887 0.03972399
v -0.00964695 -0.07971990 0.03974807
v -0.00938195 -0.07996290 0.03623902
v -0.00941098 -0.07993692 0.03974997
v -0.00873500 -0.08042889 0.03975999
v -0.00808597 -0.08075988 0.03623902
v -0.00780398 -0.08086788 0.03982496
v -0.00725496 -0.08102589 0.03623902
v -0.00690097 -0.08109188 0.03992605
v -0.00597399 -0.08114689 0.03623902
v -0.00597399 -0.08114689 0.04006004
v -0.01117795 -0.07873392 -0.03938496
v -0.01101100 -0.07993590 -0.03933203
v -0.01413398 -0.07934093 -0.03844094
v -0.01447397 -0.07993793 -0.03819501
v -0.01712799 -0.07934093 -0.03720498
v -0.01788699 -0.07993793 -0.03672397
v -0.01860696 -0.07993793 -0.03636503
v -0.02001696 -0.07934093 -0.03573203
v -0.02089995 -0.07993793 -0.03509402
v -0.02279597 -0.07934093 -0.03402495
v -0.02312296 -0.07993692 -0.03366601
v -0.02555698 -0.07934093 -0.03200495
v -0.02580296 -0.07993692 -0.03165602
v -0.02812397 -0.07934093 -0.02977693
v -0.02580296 -0.07993692 -0.03165602
v -0.02831798 -0.07993692 -0.02943193
v -0.02831798 -0.07993692 -0.02943193
v -0.02958399 -0.07993692 -0.02816295
v -0.03049600 -0.07934093 -0.02733993
v -0.03015196 -0.07993692 -0.02755594
v -0.03113996 -0.07993692 -0.02643704
v -0.03049600 -0.07934093 -0.02733993
v -0.03267097 -0.07934093 -0.02469694
v -0.03214198 -0.07993692 -0.02520799
v -0.03277397 -0.07993692 -0.02437901
v -0.03462100 -0.07934093 -0.02188503
v -0.03466898 -0.07993489 -0.02159297
v -0.03529298 -0.07993489 -0.02055597
v -0.03631800 -0.07934093 -0.01893997
v -0.03577494 -0.07993388 -0.01970398
v -0.03612196 -0.07993388 -0.01906001
v -0.03631997 -0.07993489 -0.01867902
v -0.03755295 -0.07993590 -0.01606297
v -0.03776097 -0.07934093 -0.01586198
v -0.03858596 -0.07993692 -0.01340293
v -0.03895199 -0.07934093 -0.01265203
v -0.03889697 -0.07993692 -0.01247501
v -0.03901797 -0.07993692 -0.01209294
v -0.03920799 -0.07993692 -0.01146101
v -0.03945899 -0.07993692 -0.01056396
v -0.03987497 -0.07934087 -0.00934994
v -0.03979498 -0.07993692 -0.00921893
v -0.04004299 -0.07993692 -0.00807202
v -0.04013794 -0.07993692 -0.00758696
v -0.04051595 -0.07934087 -0.00600004
v -0.04028397 -0.07873392 -0.00729799
v -0.04077798 -0.07873392 -0.00363994
v -0.04087299 -0.07934087 -0.00261104
v -0.04093998 -0.07873392 0.00000000
v -0.04094696 -0.07934087 0.00081098
v -0.04093199 -0.07873392 0.00081098
v -0.04072099 -0.07873392 0.00422907
v -0.04073697 -0.07934087 0.00423098
v -0.04024100 -0.07934087 0.00761700
v -0.04054498 -0.07993692 0.00496399
v -0.04025095 -0.07993692 0.00694704
v -0.04028099 -0.07993692 -0.00678801
v -0.04037100 -0.07993692 -0.00622797
v -0.04041796 -0.07993692 -0.00591695
v -0.04061800 -0.07993692 -0.00433099
v -0.04081296 -0.07993787 -0.00175297
v -0.04084295 -0.07993787 0.00079501
v -0.04074496 -0.07993692 0.00291300
v -0.03987395 -0.07993590 0.00885105
v -0.03946197 -0.07934087 0.01095795
v -0.04022598 -0.07873392 0.00761497
v -0.03944694 -0.07873392 0.01095306
v -0.03839796 -0.07873392 0.01420199
v -0.03841197 -0.07934087 0.01420700
v -0.03709000 -0.07873392 0.01733398
v -0.03710299 -0.07934087 0.01734101
v -0.03553396 -0.07934087 0.02036404
v -0.03608000 -0.07993787 0.01915204
v -0.03589600 -0.07993787 0.01949203
v -0.03943699 -0.07993590 0.01062798
v -0.03920495 -0.07993590 0.01145505
v -0.03873199 -0.07993590 0.01296699
v -0.03837096 -0.07993692 0.01400303
v -0.03773200 -0.07993692 0.01564598
v -0.03741699 -0.07993692 0.01638603
v -0.03682595 -0.07993692 0.01767599
v -0.03651499 -0.07993787 0.01831007
v -0.03555697 -0.07993787 0.02010202
v -0.03472900 -0.07993692 0.02149701
v -0.03370696 -0.07934087 0.02326297
v -0.03394395 -0.07993590 0.02271306
v -0.03322499 -0.07993590 0.02375102
v -0.03322499 -0.07993590 0.02375102
v -0.03291195 -0.07993590 0.02418196
v -0.03291195 -0.07993590 0.02418196
v -0.03238600 -0.07993489 0.02488195
v -0.03165096 -0.07934087 0.02599203
v -0.03216999 -0.07993489 0.02516102
v -0.03187298 -0.07993489 0.02553701
v -0.03187298 -0.07993489 0.02553701
v -0.03177696 -0.07993489 0.02565598
v -0.03177696 -0.07993489 0.02565598
v -0.03151196 -0.07993489 0.02598106
v -0.03085500 -0.07993590 0.02675902
v -0.03046298 -0.07993590 0.02720606
v -0.02938896 -0.07934087 0.02852499
v -0.02937799 -0.07873392 0.02851402
v -0.02691799 -0.07934087 0.03086698
v -0.02690696 -0.07873392 0.03085601
v -0.02424299 -0.07934087 0.03300905
v -0.02423399 -0.07873392 0.03299605
v -0.02139794 -0.07873392 0.03490304
v -0.02140694 -0.07934087 0.03491604
v -0.01879698 -0.07873392 0.03637003
v -0.01857799 -0.07934087 0.03649902
v -0.01609200 -0.07873392 0.03764402
v -0.01562899 -0.07934087 0.03785502
v -0.01329696 -0.07873392 0.03872001
v -0.01257598 -0.07934087 0.03897607
v -0.01016396 -0.07912290 0.03968298
v -0.00994599 -0.07939887 0.03972399
v -0.00964695 -0.07971990 0.03974807
v -0.01097095 -0.07993692 0.03934800
v -0.01097095 -0.07993692 0.03934800
v -0.00941098 -0.07993692 0.03974997
v -0.02956497 -0.07993692 0.02818095
v -0.02871298 -0.07993692 0.02905106
v -0.02675598 -0.07993787 0.03086602
v -0.02432799 -0.07993692 0.03281104
v -0.02802598 -0.07993787 0.02971696
v -0.02752095 -0.07993787 0.03018605
v -0.02714794 -0.07993787 0.03052198
v -0.02177399 -0.07993590 0.03455400
v -0.02104496 -0.07993489 0.03500199
v -0.01945894 -0.07993489 0.03590798
v -0.01945894 -0.07993489 0.03590798
v -0.01773798 -0.07993590 0.03679001
v -0.01582598 -0.07993590 0.03765499
v -0.01480597 -0.07993692 0.03806900
v -0.01422095 -0.07993692 0.03829205
v -0.01290994 -0.07993692 0.03875505
v -0.01042395 -0.07873392 0.03959095
v -0.03163897 -0.07873392 0.02598202
v -0.03369396 -0.07873392 0.02325403
v -0.03552097 -0.07873392 0.02035605
v -0.03946495 -0.07873392 -0.01089000
v -0.03873795 -0.07873392 -0.01324498
v -0.03756797 -0.07873392 -0.01627099
v -0.03689199 -0.07873392 -0.01775097
v -0.03536397 -0.07873392 -0.02062797
v -0.03451496 -0.07873392 -0.02201902
v -0.03265899 -0.07873392 -0.02468800
v -0.03042095 -0.07873392 -0.02739894
v -0.02805000 -0.07873392 -0.02982103
v -0.02551996 -0.07873392 -0.03201293
v -0.02279597 -0.07934093 -0.03402495
v -0.02278697 -0.07873392 -0.03401196
v -0.02122098 -0.07873392 -0.03501093
v -0.01799994 -0.07873392 -0.03677093
v -0.01464200 -0.07873392 -0.03823196
v 0.00691599 -0.07993692 -0.04025900
v 0.00707799 -0.07873392 -0.04032397
v 0.01025098 -0.07933992 -0.03965294
v 0.01035499 -0.07873392 -0.03961098
v 0.01347899 -0.07933992 -0.03867697
v 0.01354295 -0.07873392 -0.03863799
v 0.01660799 -0.07933992 -0.03743803
v 0.01663500 -0.07873392 -0.03740894
v 0.01963198 -0.07933992 -0.03594398
v 0.01962399 -0.07873392 -0.03593003
v 0.02266895 -0.07873392 -0.03409004
v 0.02267700 -0.07933992 -0.03410303
v 0.02553695 -0.07873392 -0.03199994
v 0.02554595 -0.07933992 -0.03201198
v 0.02819597 -0.07873392 -0.02968299
v 0.02820700 -0.07933992 -0.02969396
v 0.03065299 -0.07873392 -0.02713799
v 0.03066396 -0.07933992 -0.02714896
v 0.03289300 -0.07873392 -0.02437400
v 0.03290498 -0.07933992 -0.02438402
v 0.03487998 -0.07873392 -0.02143597
v 0.03489297 -0.07933992 -0.02144396
v 0.03659498 -0.07873392 -0.01835501
v 0.03660899 -0.07933992 -0.01836204
v 0.03804397 -0.07873392 -0.01512503
v 0.03805798 -0.07933992 -0.01513099
v 0.03921198 -0.07873392 -0.01176297
v 0.03922694 -0.07933992 -0.01176702
v 0.04008495 -0.07873392 -0.00830603
v 0.04009997 -0.07933992 -0.00830901
v 0.04065698 -0.07873392 -0.00478899
v 0.04067200 -0.07933992 -0.00479102
v 0.04092097 -0.07873392 -0.00124598
v 0.04093694 -0.07933992 -0.00124693
v 0.04087597 -0.07873392 0.00229001
v 0.04089200 -0.07933992 0.00229096
v 0.04052597 -0.07873392 0.00581098
v 0.04054099 -0.07933992 0.00581300
v 0.03986698 -0.07873392 0.00930703
v 0.03988200 -0.07933992 0.00931096
v 0.03891199 -0.07873392 0.01272702
v 0.03892600 -0.07933992 0.01273202
v 0.03767198 -0.07873392 0.01603007
v 0.03768599 -0.07933992 0.01603603
v 0.03614896 -0.07873392 0.01921904
v 0.03616195 -0.07933992 0.01922595
v 0.03434300 -0.07873392 0.02228403
v 0.03435599 -0.07933992 0.02229297
v 0.03228396 -0.07873392 0.02517604
v 0.03229695 -0.07933992 0.02518498
v 0.02999800 -0.07873392 0.02786099
v 0.03000897 -0.07933992 0.02787196
v 0.02748095 -0.07873392 0.03034603
v 0.02749198 -0.07933992 0.03035700
v 0.02474296 -0.07873392 0.03261697
v 0.02475196 -0.07933992 0.03262901
v 0.02182698 -0.07873392 0.03463697
v 0.02183496 -0.07933992 0.03464996
v 0.01913195 -0.07873392 0.03619396
v 0.01891398 -0.07933992 0.03632497
v 0.01632100 -0.07873392 0.03754401
v 0.01585894 -0.07933992 0.03775799
v 0.01341295 -0.07873392 0.03867900
v 0.01269197 -0.07933992 0.03893804
v 0.01042395 -0.07873392 0.03959000
v 0.00994599 -0.07939887 0.03972399
v 0.00941199 -0.07993692 0.03974902
v 0.01265895 -0.07993692 0.03883600
v 0.01265895 -0.07993692 0.03883600
v 0.01581698 -0.07993692 0.03766000
v 0.01581698 -0.07993692 0.03766000
v 0.01886397 -0.07993692 0.03623104
v 0.02177798 -0.07993692 0.03455901
v 0.02468699 -0.07993692 0.03254401
v 0.02741998 -0.07993692 0.03027796
v 0.02993094 -0.07993692 0.02779901
v 0.03221195 -0.07993692 0.02511906
v 0.03426599 -0.07993692 0.02223396
v 0.03606796 -0.07993692 0.01917600
v 0.03758800 -0.07993692 0.01599407
v 0.03882497 -0.07993692 0.01269900
v 0.03977799 -0.07993692 0.00928605
v 0.04043495 -0.07993692 0.00579798
v 0.04078495 -0.07993692 0.00228500
v 0.04082995 -0.07993692 -0.00124300
v 0.04056596 -0.07993692 -0.00477898
v 0.03999596 -0.07993692 -0.00828802
v 0.03912395 -0.07993692 -0.01173698
v 0.03795897 -0.07993692 -0.01509201
v 0.03651398 -0.07993692 -0.01831400
v 0.03480195 -0.07993692 -0.02138793
v 0.03281897 -0.07993692 -0.02432000
v 0.03058397 -0.07993692 -0.02707803
v 0.02813297 -0.07993692 -0.02961695
v 0.02547997 -0.07993692 -0.03192794
v 0.02261799 -0.07993692 -0.03401398
v 0.01957994 -0.07993692 -0.03584992
v 0.01656395 -0.07993692 -0.03734099
v 0.01344299 -0.07993692 -0.03857600
v 0.01022499 -0.07993692 -0.03954994
v 0.00622797 -0.07110589 0.03443896
v 0.00413096 -0.07110589 0.03975403
v -0.00009000 -0.07110589 0.03443896
v 0.00202399 -0.07110589 0.03991699
v -0.00009000 -0.07110589 0.03996801
v 0.00622797 -0.07110589 0.03947997
v -0.00622797 -0.07110589 0.03947997
v -0.00622797 -0.07110589 0.03443896
v -0.00419098 -0.07110589 0.03974807
v -0.00009000 -0.07110589 0.03443896
v -0.00214297 -0.07110589 0.03991103
v -0.00009000 -0.07110589 0.03996801
v 0.00050000 -0.06206786 0.03851699
v 0.00000000 -0.06206786 0.03575003
v -0.00050000 -0.06206786 0.03851699
v -0.00414997 -0.06206786 0.03550803
v -0.00482500 -0.06206786 0.03851604
v -0.00824499 -0.06206786 0.03478598
v -0.00908995 -0.06206786 0.03773796
v -0.01222699 -0.06206786 0.03359401
v -0.01324099 -0.06206786 0.03648900
v -0.01722699 -0.06206786 0.03478503
v -0.01604497 -0.06206786 0.03194701
v -0.02099800 -0.06206786 0.03264701
v -0.01964497 -0.06206786 0.02986896
v -0.02450799 -0.06206786 0.03010201
v -0.02297997 -0.06206786 0.02738606
v -0.02771198 -0.06206786 0.02718102
v -0.02600395 -0.06206786 0.02453303
v -0.03056997 -0.06206786 0.02392196
v -0.02867597 -0.06206786 0.02134799
v -0.03304696 -0.06206786 0.02036404
v -0.03095996 -0.06206786 0.01787495
v -0.03511095 -0.06206786 0.01655197
v -0.03282594 -0.06206786 0.01416003
v -0.03673797 -0.06206786 0.01253402
v -0.03424799 -0.06206786 0.01025307
v -0.03790599 -0.06206786 0.00835896
v -0.03520697 -0.06206786 0.00620806
v -0.03860199 -0.06206786 0.00408006
v -0.03568994 -0.06206786 0.00207901
v -0.03881597 -0.06206786 -0.00024998
v -0.03568994 -0.06206786 -0.00207901
v -0.03854596 -0.06206786 -0.00457704
v -0.03520697 -0.06206786 -0.00620794
v -0.03779596 -0.06206786 -0.00884604
v -0.03424799 -0.06206786 -0.01025295
v -0.03657299 -0.06206792 -0.01300597
v -0.03282594 -0.06206792 -0.01416003
v -0.03489500 -0.06206792 -0.01700294
v -0.03095996 -0.06206792 -0.01787495
v -0.03278195 -0.06206792 -0.02078795
v -0.02867597 -0.06206792 -0.02134799
v -0.03025895 -0.06206792 -0.02431392
v -0.02600395 -0.06206792 -0.02453303
v -0.02735894 -0.06206792 -0.02753603
v -0.02297997 -0.06206792 -0.02738595
v -0.02411800 -0.06206792 -0.03041493
v -0.01964497 -0.06206792 -0.02986896
v -0.02057600 -0.06206792 -0.03291499
v -0.01604497 -0.06206792 -0.03194701
v -0.01677799 -0.06206792 -0.03500401
v -0.01222699 -0.06206792 -0.03359401
v -0.01276999 -0.06206792 -0.03665602
v -0.00824499 -0.06206792 -0.03478598
v -0.00860298 -0.06206792 -0.03785192
v -0.00414997 -0.06206792 -0.03550803
v -0.00432795 -0.06206792 -0.03857493
v 0.00000000 -0.06206792 -0.03575003
v 0.00000000 -0.06206792 -0.03881692
v 0.00432795 -0.06206792 -0.03857493
v 0.00414997 -0.06206792 -0.03550803
v 0.00860298 -0.06206792 -0.03785192
v 0.00824499 -0.06206792 -0.03478598
v 0.01276999 -0.06206792 -0.03665602
v 0.01222699 -0.06206792 -0.03359401
v 0.01677799 -0.06206792 -0.03500401
v 0.01604497 -0.06206792 -0.03194701
v 0.02057600 -0.06206792 -0.03291499
v 0.01964497 -0.06206792 -0.02986896
v 0.02411800 -0.06206792 -0.03041493
v 0.02297997 -0.06206792 -0.02738595
v 0.02735894 -0.06206792 -0.02753603
v 0.02600395 -0.06206792 -0.02453303
v 0.03025895 -0.06206792 -0.02431392
v 0.02867597 -0.06206792 -0.02134799
v 0.03278100 -0.06206792 -0.02078795
v 0.03095996 -0.06206792 -0.01787495
v 0.03489500 -0.06206792 -0.01700294
v 0.03282594 -0.06206792 -0.01416003
v 0.03657299 -0.06206792 -0.01300597
v 0.03424799 -0.06206786 -0.01025295
v 0.03779596 -0.06206786 -0.00884604
v 0.03520697 -0.06206786 -0.00620794
v 0.03854596 -0.06206786 -0.00457704
v 0.03568994 -0.06206786 -0.00207901
v 0.03881597 -0.06206786 -0.00024998
v 0.03568994 -0.06206786 0.00207901
v 0.03860199 -0.06206786 0.00408006
v 0.03520697 -0.06206786 0.00620806
v 0.03790599 -0.06206786 0.00835896
v 0.03424799 -0.06206786 0.01025307
v 0.03673797 -0.06206786 0.01253402
v 0.03282594 -0.06206786 0.01416003
v 0.03511095 -0.06206786 0.01655197
v 0.03095996 -0.06206786 0.01787495
v 0.03304696 -0.06206786 0.02036404
v 0.02867597 -0.06206786 0.02134799
v 0.03056997 -0.06206786 0.02392196
v 0.02600395 -0.06206786 0.02453303
v 0.02771198 -0.06206786 0.02718102
v 0.02297997 -0.06206786 0.02738606
v 0.02450799 -0.06206786 0.03010201
v 0.01964497 -0.06206786 0.02986896
v 0.02099895 -0.06206786 0.03264701
v 0.01604497 -0.06206786 0.03194701
v 0.01722699 -0.06206786 0.03478503
v 0.01222699 -0.06206786 0.03359401
v 0.01324099 -0.06206786 0.03648900
v 0.00908995 -0.06206786 0.03773796
v 0.00824499 -0.06206786 0.03478598
v 0.00482500 -0.06206786 0.03851604
v 0.00414997 -0.06206786 0.03550803
v 0.00050000 -0.06206786 0.03881406
v -0.00050000 -0.06206786 0.03881406
v -0.00050000 -0.06456786 0.03913199
v -0.00050000 -0.06456786 0.03851699
v -0.00050000 -0.06206786 0.03881406
v -0.00050000 -0.06206786 0.03851699
v -0.00050000 -0.06456786 0.03913199
v -0.00046200 -0.06475889 0.03915703
v -0.00050000 -0.06456786 0.03851699
v -0.00040500 -0.06486189 0.03851699
v -0.00035400 -0.06492090 0.03917896
v -0.00015500 -0.06504291 0.03851699
v -0.00019200 -0.06502890 0.03919398
v 0.00000000 -0.06506788 0.03919899
v 0.00015500 -0.06504291 0.03851699
v 0.00019200 -0.06502890 0.03919398
v 0.00035400 -0.06492090 0.03917896
v 0.00040500 -0.06486189 0.03851699
v 0.00046200 -0.06475889 0.03915703
v 0.00050000 -0.06456786 0.03851699
v 0.00050000 -0.06456786 0.03913199
v 0.00050000 -0.06456786 0.03913199
v 0.00050000 -0.06206786 0.03881406
v 0.00050000 -0.06456786 0.03851699
v 0.00050000 -0.06206786 0.03851699
v 0.00689799 -0.08109289 0.03992307
v 0.00597399 -0.08114689 0.04005706
v 0.00566399 -0.08319091 0.03951203
v 0.00209796 -0.08114689 0.04044902
v 0.00206697 -0.08319091 0.03986501
v -0.00146496 -0.08114689 0.04047703
v -0.00144398 -0.08319187 0.03989303
v -0.00502294 -0.08319187 0.03960096
v -0.00141096 -0.08640789 0.03897404
v -0.00490797 -0.08640789 0.03868997
v -0.00867295 -0.08319288 0.03896498
v -0.00852096 -0.08640688 0.03805804
v -0.01234596 -0.08319288 0.03796100
v -0.01206195 -0.08640789 0.03708803
v -0.01598799 -0.08319389 0.03657197
v -0.01569396 -0.08639490 0.03570306
v -0.01954096 -0.08319389 0.03480005
v -0.01917296 -0.08638387 0.03396201
v -0.02294600 -0.08319491 0.03265905
v -0.02247095 -0.08639389 0.03187501
v -0.02614599 -0.08319491 0.03016304
v -0.02554500 -0.08640587 0.02946996
v -0.02839398 -0.08639186 0.02673506
v -0.02908098 -0.08319586 0.02733802
v -0.03095495 -0.08637988 0.02372300
v -0.03170895 -0.08319586 0.02423405
v -0.03319799 -0.08639186 0.02046597
v -0.03399997 -0.08319687 0.02090501
v -0.03509795 -0.08640789 0.01700496
v -0.03592300 -0.08319687 0.01740503
v -0.03655600 -0.08639889 0.01358997
v -0.03745597 -0.08319789 0.01379203
v -0.03768098 -0.08639186 0.01005697
v -0.03860598 -0.08319890 0.01012706
v -0.03846395 -0.08640086 0.00644505
v -0.03938800 -0.08319890 0.00646007
v -0.03890097 -0.08641290 0.00278103
v -0.03981494 -0.08319991 0.00284600
v -0.03991299 -0.08319991 -0.00068402
v -0.04084295 -0.07993787 0.00079501
v -0.04081296 -0.07993787 -0.00175297
v -0.00597399 -0.08114689 0.04006004
v -0.00690097 -0.08109188 0.03992605
v -0.00780398 -0.08086788 0.03982496
v -0.00873500 -0.08042889 0.03975999
v -0.00941098 -0.07993692 0.03974997
v -0.01097095 -0.07993692 0.03934800
v -0.01290994 -0.07993692 0.03875505
v -0.01422095 -0.07993692 0.03829205
v -0.01480597 -0.07993692 0.03806900
v -0.01582598 -0.07993590 0.03765499
v -0.01773798 -0.07993590 0.03679001
v -0.01945894 -0.07993489 0.03590798
v -0.02104496 -0.07993489 0.03500199
v -0.02104496 -0.07993489 0.03500199
v -0.02177399 -0.07993590 0.03455400
v -0.02432799 -0.07993692 0.03281104
v -0.02675598 -0.07993787 0.03086602
v -0.02714794 -0.07993787 0.03052198
v -0.02752095 -0.07993787 0.03018605
v -0.02802598 -0.07993787 0.02971696
v -0.02871298 -0.07993692 0.02905106
v -0.02956497 -0.07993692 0.02818095
v -0.03046298 -0.07993590 0.02720606
v -0.03085500 -0.07993590 0.02675902
v -0.03151196 -0.07993489 0.02598106
v -0.03177696 -0.07993489 0.02565598
v -0.03187298 -0.07993489 0.02553701
v -0.03216999 -0.07993489 0.02516102
v -0.03238600 -0.07993489 0.02488195
v -0.03291195 -0.07993590 0.02418196
v -0.03322499 -0.07993590 0.02375102
v -0.03394395 -0.07993590 0.02271306
v -0.03472900 -0.07993692 0.02149701
v -0.03555697 -0.07993787 0.02010202
v -0.03589600 -0.07993787 0.01949203
v -0.03608000 -0.07993787 0.01915204
v -0.03651499 -0.07993787 0.01831007
v -0.03682595 -0.07993692 0.01767599
v -0.03741699 -0.07993692 0.01638603
v -0.03773200 -0.07993692 0.01564598
v -0.03837096 -0.07993692 0.01400303
v -0.03873199 -0.07993590 0.01296699
v -0.03920495 -0.07993590 0.01145505
v -0.03943699 -0.07993590 0.01062798
v -0.03987395 -0.07993590 0.00885105
v -0.04025095 -0.07993692 0.00694704
v -0.04054498 -0.07993692 0.00496399
v -0.04074496 -0.07993692 0.00291300
v -0.03969097 -0.08320087 -0.00423193
v -0.04061800 -0.07993692 -0.00433099
v -0.04041796 -0.07993692 -0.00591695
v -0.04037100 -0.07993692 -0.00622797
v -0.03913199 -0.08320087 -0.00786996
v -0.03877997 -0.08640789 -0.00413501
v -0.03822696 -0.08640688 -0.00772595
v -0.03821098 -0.08320188 -0.01154196
v -0.03733396 -0.08640789 -0.01127696
v -0.03690600 -0.08320188 -0.01519501
v -0.03602999 -0.08639490 -0.01492702
v -0.03521698 -0.08320289 -0.01877295
v -0.03436899 -0.08638387 -0.01843202
v -0.03315699 -0.08320289 -0.02221596
v -0.03236198 -0.08639287 -0.02176499
v -0.03073698 -0.08320391 -0.02546501
v -0.03003197 -0.08640390 -0.02488100
v -0.02735698 -0.08639192 -0.02779495
v -0.02797895 -0.08320391 -0.02846097
v -0.02439796 -0.08637893 -0.03042602
v -0.02493298 -0.08320492 -0.03115999
v -0.02118796 -0.08639192 -0.03274202
v -0.02164900 -0.08320492 -0.03352797
v -0.01776498 -0.08640789 -0.03471899
v -0.01818197 -0.08320587 -0.03553295
v -0.01468396 -0.08639991 -0.03612995
v -0.01493299 -0.08320587 -0.03701293
v -0.01149499 -0.08639091 -0.03726804
v -0.01162695 -0.08320689 -0.03817796
v -0.00944996 -0.08320689 -0.03877496
v -0.01017695 -0.08208090 -0.03892195
v -0.01065194 -0.08106392 -0.03909599
v -0.01101100 -0.07993590 -0.03933203
v -0.01447397 -0.07993793 -0.03819501
v -0.01788699 -0.07993793 -0.03672397
v -0.01860696 -0.07993793 -0.03636503
v -0.02089995 -0.07993793 -0.03509402
v -0.02312296 -0.07993692 -0.03366601
v -0.02580296 -0.07993692 -0.03165602
v -0.02831798 -0.07993692 -0.02943193
v -0.02958399 -0.07993692 -0.02816295
v -0.03015196 -0.07993692 -0.02755594
v -0.03113996 -0.07993692 -0.02643704
v -0.03214198 -0.07993692 -0.02520799
v -0.03277397 -0.07993692 -0.02437901
v -0.03466898 -0.07993489 -0.02159297
v -0.03529298 -0.07993489 -0.02055597
v -0.03577494 -0.07993388 -0.01970398
v -0.03612196 -0.07993388 -0.01906001
v -0.03631997 -0.07993489 -0.01867902
v -0.03755295 -0.07993590 -0.01606297
v -0.03858596 -0.07993692 -0.01340293
v -0.03889697 -0.07993692 -0.01247501
v -0.03901797 -0.07993692 -0.01209294
v -0.03920799 -0.07993692 -0.01146101
v -0.03945899 -0.07993692 -0.01056396
v -0.03979498 -0.07993692 -0.00921893
v -0.04004299 -0.07993692 -0.00807202
v -0.04013794 -0.07993692 -0.00758696
v -0.04028099 -0.07993692 -0.00678801
v -0.00881594 -0.08395689 -0.03870403
v -0.00821799 -0.08639389 -0.03812396
v -0.00778794 -0.08488589 -0.03865396
v -0.00701797 -0.08542191 -0.03864693
v -0.00597495 -0.08598589 -0.03865993
v -0.00488394 -0.08640688 -0.03869199
v -0.03899395 -0.08641690 -0.00067997
v 0.00201994 -0.08640789 0.03894805
v 0.00568098 -0.08639788 0.03858399
v 0.00932300 -0.08318990 0.03881001
v 0.00929695 -0.08639186 0.03787600
v 0.01299297 -0.08318990 0.03774297
v 0.01282495 -0.08639991 0.03683102
v 0.01662194 -0.08318889 0.03629398
v 0.01623898 -0.08640789 0.03545796
v 0.02015298 -0.08318889 0.03445398
v 0.01974099 -0.08639186 0.03363502
v 0.02352499 -0.08318787 0.03224205
v 0.02303999 -0.08637988 0.03146696
v 0.02668297 -0.08318787 0.02968597
v 0.02610200 -0.08639287 0.02897703
v 0.02957296 -0.08318686 0.02681505
v 0.02889198 -0.08640789 0.02619695
v 0.03136700 -0.08639389 0.02317595
v 0.03214299 -0.08318686 0.02366697
v 0.03352898 -0.08638191 0.01991999
v 0.03436398 -0.08318591 0.02030205
v 0.03535395 -0.08639186 0.01646506
v 0.03621995 -0.08318591 0.01677596
v 0.03682398 -0.08640587 0.01284503
v 0.03769296 -0.08318489 0.01314806
v 0.03787297 -0.08640688 0.00930607
v 0.03877896 -0.08318388 0.00947702
v 0.03858399 -0.08640789 0.00568402
v 0.03949499 -0.08318388 0.00581801
v 0.03893995 -0.08640789 0.00216806
v 0.03985995 -0.08318287 0.00222003
v 0.03897994 -0.08640789 -0.00126302
v 0.03990000 -0.08318287 -0.00129294
v 0.03962099 -0.08318191 -0.00487101
v 0.04056596 -0.07993692 -0.00477898
v 0.03999596 -0.07993692 -0.00828802
v 0.03899699 -0.08318191 -0.00852096
v 0.03912395 -0.07993692 -0.01173698
v 0.03801196 -0.08318090 -0.01219201
v 0.03795897 -0.07993692 -0.01509201
v 0.03664696 -0.08318090 -0.01583492
v 0.03651398 -0.07993692 -0.01831400
v 0.03488999 -0.08317989 -0.01939201
v 0.03480195 -0.07993692 -0.02138793
v 0.03275799 -0.08317989 -0.02280497
v 0.03281897 -0.07993692 -0.02432000
v 0.03027600 -0.08317887 -0.02601504
v 0.03058397 -0.07993692 -0.02707803
v 0.02747100 -0.08317887 -0.02896797
v 0.02813297 -0.07993692 -0.02961695
v 0.02547997 -0.07993692 -0.03192794
v 0.02437800 -0.08317792 -0.03161001
v 0.02261799 -0.07993692 -0.03401398
v 0.02105498 -0.08317792 -0.03391003
v 0.01957994 -0.07993692 -0.03584992
v 0.01755899 -0.08317691 -0.03584897
v 0.01656395 -0.07993692 -0.03734099
v 0.01394897 -0.08317691 -0.03740704
v 0.01344299 -0.07993692 -0.03857600
v 0.01028198 -0.08317589 -0.03857600
v 0.01022499 -0.07993692 -0.03954994
v 0.00661600 -0.08317589 -0.03937196
v 0.00691599 -0.07993692 -0.04025900
v 0.00653297 -0.08111792 -0.03998196
v 0.00607300 -0.08207792 -0.03977704
v 0.00554097 -0.08292490 -0.03961002
v 0.00521594 -0.08335489 -0.03953003
v 0.00646299 -0.08640789 -0.03846096
v 0.00493598 -0.08368790 -0.03946900
v 0.00470597 -0.08393889 -0.03942501
v 0.00444895 -0.08420193 -0.03937995
v 0.00413096 -0.08449792 -0.03932893
v 0.00363195 -0.08640992 -0.03883004
v 0.00371200 -0.08484989 -0.03926897
v 0.00291097 -0.08541691 -0.03917396
v 0.00164795 -0.08608490 -0.03905701
v 0.00078200 -0.08640789 -0.03899192
v 0.03868895 -0.08639788 -0.00491595
v 0.03805696 -0.08639389 -0.00852394
v 0.03709197 -0.08640187 -0.01204895
v 0.03580099 -0.08640688 -0.01546895
v 0.03406095 -0.08639192 -0.01899600
v 0.03197097 -0.08637988 -0.02233397
v 0.02955496 -0.08639287 -0.02544593
v 0.02683597 -0.08640789 -0.02829897
v 0.02385199 -0.08639287 -0.03085601
v 0.02062898 -0.08638387 -0.03309798
v 0.01721197 -0.08639591 -0.03499698
v 0.01362597 -0.08640789 -0.03654193
v 0.01009094 -0.08640688 -0.03767204
v 0.04082995 -0.07993692 -0.00124300
v 0.04078495 -0.07993692 0.00228500
v 0.04043495 -0.07993692 0.00579798
v 0.03977799 -0.07993692 0.00928605
v 0.03882497 -0.07993692 0.01269900
v 0.03758800 -0.07993692 0.01599407
v 0.03606796 -0.07993692 0.01917600
v 0.03426599 -0.07993692 0.02223396
v 0.03221195 -0.07993692 0.02511906
v 0.02993094 -0.07993692 0.02779901
v 0.02741998 -0.07993692 0.03027796
v 0.02468699 -0.07993692 0.03254401
v 0.02177798 -0.07993692 0.03455901
v 0.01886397 -0.07993692 0.03623104
v 0.01581698 -0.07993692 0.03766000
v 0.01265895 -0.07993692 0.03883600
v 0.00941199 -0.07993692 0.03974902
v 0.00873500 -0.08042889 0.03975498
v 0.00779897 -0.08086991 0.03982102
v -0.00999999 -0.07756793 -0.03823196
v -0.00991696 -0.07871693 -0.03842997
v -0.01007598 -0.07808887 -0.03874099
v -0.01010799 -0.07864689 -0.03899300
v -0.01037997 -0.07805389 -0.03911101
v -0.01058495 -0.07865291 -0.03935396
v -0.01082098 -0.07805693 -0.03929996
v -0.01117795 -0.07873392 -0.03938496
v -0.01127398 -0.07744091 -0.03918600
v -0.01066797 -0.07744389 -0.03916800
v -0.01018399 -0.07749187 -0.03880500
v 0.00591695 -0.07871693 -0.03934693
v 0.00599998 -0.07756793 -0.03916299
v 0.00606698 -0.07809191 -0.03964698
v 0.00616497 -0.07749688 -0.03970801
v 0.00633997 -0.07806092 -0.04000604
v 0.00660396 -0.07744991 -0.04007399
v 0.00674200 -0.07806092 -0.04021000
v 0.00717497 -0.07744091 -0.04013895
v 0.00707799 -0.07873392 -0.04032397
v 0.00652099 -0.07866489 -0.04024803
v 0.00608796 -0.07865792 -0.03988397
v 0.00414997 -0.06056791 -0.03550803
v 0.00414997 -0.06206792 -0.03550803
v 0.00000000 -0.06056791 -0.03575003
v 0.00000000 -0.06206792 -0.03575003
v 0.00000000 -0.06056791 -0.03575003
v 0.00000000 -0.06206792 -0.03575003
v -0.00414997 -0.06056791 -0.03550803
v -0.00414997 -0.06206792 -0.03550803
v -0.00824499 -0.06056791 -0.03478598
v -0.00824499 -0.06206792 -0.03478598
v -0.01222699 -0.06056791 -0.03359401
v -0.01222699 -0.06206792 -0.03359401
v -0.01604497 -0.06056791 -0.03194701
v -0.01604497 -0.06206792 -0.03194701
v -0.01964497 -0.06056791 -0.02986896
v -0.01964497 -0.06206792 -0.02986896
v -0.02297997 -0.06056791 -0.02738595
v -0.02297997 -0.06206792 -0.02738595
v -0.02600395 -0.06056791 -0.02453303
v -0.02600395 -0.06206792 -0.02453303
v -0.02867597 -0.06056791 -0.02134799
v -0.02867597 -0.06206792 -0.02134799
v -0.03095996 -0.06056791 -0.01787495
v -0.03095996 -0.06206792 -0.01787495
v -0.03282594 -0.06056791 -0.01416003
v -0.03282594 -0.06206792 -0.01416003
v -0.03424799 -0.06056791 -0.01025295
v -0.03424799 -0.06206786 -0.01025295
v -0.03520697 -0.06056791 -0.00620794
v -0.03520697 -0.06206786 -0.00620794
v -0.03568994 -0.06056791 -0.00207901
v -0.03568994 -0.06206786 -0.00207901
v -0.03568994 -0.06056791 0.00207901
v -0.03568994 -0.06206786 0.00207901
v -0.03520697 -0.06056791 0.00620806
v -0.03520697 -0.06206786 0.00620806
v -0.03424799 -0.06056791 0.01025307
v -0.03424799 -0.06206786 0.01025307
v -0.03282594 -0.06056791 0.01416003
v -0.03282594 -0.06206786 0.01416003
v -0.03095996 -0.06056791 0.01787495
v -0.03095996 -0.06206786 0.01787495
v -0.02867597 -0.06056791 0.02134799
v -0.02867597 -0.06206786 0.02134799
v -0.02600395 -0.06056791 0.02453303
v -0.02600395 -0.06206786 0.02453303
v -0.02297997 -0.06056791 0.02738606
v -0.02297997 -0.06206786 0.02738606
v -0.01964497 -0.06056791 0.02986896
v -0.01964497 -0.06206786 0.02986896
v -0.01604497 -0.06056791 0.03194701
v -0.01604497 -0.06206786 0.03194701
v -0.01222699 -0.06056791 0.03359401
v -0.01222699 -0.06206786 0.03359401
v -0.00824499 -0.06056791 0.03478598
v -0.00824499 -0.06206786 0.03478598
v -0.00414997 -0.06056791 0.03550803
v -0.00414997 -0.06206786 0.03550803
v 0.00000000 -0.06056791 0.03575003
v 0.00000000 -0.06206786 0.03575003
v 0.00414997 -0.06056791 0.03550803
v 0.00414997 -0.06206786 0.03550803
v 0.00824499 -0.06056791 0.03478598
v 0.00824499 -0.06206786 0.03478598
v 0.01222699 -0.06056791 0.03359401
v 0.01222699 -0.06206786 0.03359401
v 0.01604497 -0.06056791 0.03194701
v 0.01604497 -0.06206786 0.03194701
v 0.01964497 -0.06056791 0.02986896
v 0.01964497 -0.06206786 0.02986896
v 0.02297997 -0.06056791 0.02738606
v 0.02297997 -0.06206786 0.02738606
v 0.02600395 -0.06056791 0.02453303
v 0.02600395 -0.06206786 0.02453303
v 0.02867597 -0.06056791 0.02134799
v 0.02867597 -0.06206786 0.02134799
v 0.03095996 -0.06056791 0.01787495
v 0.03095996 -0.06206786 0.01787495
v 0.03282594 -0.06056791 0.01416003
v 0.03282594 -0.06206786 0.01416003
v 0.03424799 -0.06056791 0.01025307
v 0.03424799 -0.06206786 0.01025307
v 0.03520697 -0.06056791 0.00620806
v 0.03520697 -0.06206786 0.00620806
v 0.03568994 -0.06056791 0.00207901
v 0.03568994 -0.06206786 0.00207901
v 0.03568994 -0.06056791 -0.00207901
v 0.03568994 -0.06206786 -0.00207901
v 0.03520697 -0.06056791 -0.00620794
v 0.03520697 -0.06206786 -0.00620794
v 0.03424799 -0.06056791 -0.01025295
v 0.03424799 -0.06206786 -0.01025295
v 0.03282594 -0.06056791 -0.01416003
v 0.03282594 -0.06206792 -0.01416003
v 0.03095996 -0.06056791 -0.01787495
v 0.03095996 -0.06206792 -0.01787495
v 0.02867597 -0.06056791 -0.02134799
v 0.02867597 -0.06206792 -0.02134799
v 0.02600395 -0.06056791 -0.02453303
v 0.02600395 -0.06206792 -0.02453303
v 0.02297997 -0.06056791 -0.02738595
v 0.02297997 -0.06206792 -0.02738595
v 0.01964497 -0.06056791 -0.02986896
v 0.01964497 -0.06206792 -0.02986896
v 0.01604497 -0.06056791 -0.03194701
v 0.01604497 -0.06206792 -0.03194701
v 0.01222699 -0.06056791 -0.03359401
v 0.01222699 -0.06206792 -0.03359401
v 0.00824499 -0.06056791 -0.03478598
v 0.00824499 -0.06206792 -0.03478598
v -0.00040500 -0.06486189 0.03851699
v -0.00015500 -0.06504291 0.03851699
v -0.00050000 -0.06456786 0.03851699
v -0.00050000 -0.06206786 0.03851699
v 0.00015500 -0.06504291 0.03851699
v 0.00050000 -0.06206786 0.03851699
v 0.00050000 -0.06456786 0.03851699
v 0.00040500 -0.06486189 0.03851699
v 0.00551796 -0.08029788 -0.03907895
v 0.00577998 -0.07942992 -0.03931093
v 0.00553799 -0.08050590 -0.03946101
v 0.00591797 -0.07959890 -0.03985893
v 0.00578594 -0.08068192 -0.03982496
v 0.00578594 -0.08068192 -0.03982496
v 0.00634599 -0.07978993 -0.04021596
v 0.00617599 -0.08087188 -0.04001593
v 0.00691599 -0.07993692 -0.04025900
v 0.00653297 -0.08111792 -0.03998196
v 0.00607300 -0.08207792 -0.03977704
v 0.00571299 -0.08186292 -0.03979694
v 0.00534296 -0.08162790 -0.03960800
v 0.00510996 -0.08142793 -0.03924000
v 0.00506097 -0.08132290 -0.03883099
v 0.00456899 -0.08229392 -0.03904902
v 0.00439197 -0.08237588 -0.03859996
v 0.00392097 -0.08308589 -0.03888595
v 0.00389099 -0.08297991 -0.03847599
v 0.00370795 -0.08330589 -0.03884303
v 0.00299197 -0.08393591 -0.03872203
v 0.00314897 -0.08419787 -0.03909504
v 0.00233298 -0.08475691 -0.03899192
v 0.00254995 -0.08514291 -0.03918194
v 0.00162595 -0.08562588 -0.03909301
v 0.00164795 -0.08608490 -0.03905701
v 0.00078200 -0.08640789 -0.03899192
v 0.00554097 -0.08292490 -0.03961002
v 0.00521594 -0.08335489 -0.03953003
v 0.00512499 -0.08279389 -0.03960800
v 0.00493598 -0.08368790 -0.03946900
v 0.00470597 -0.08393889 -0.03942501
v 0.00444895 -0.08420193 -0.03937995
v 0.00418895 -0.08388090 -0.03940403
v 0.00441998 -0.08364492 -0.03944694
v 0.00441998 -0.08364492 -0.03944694
v 0.00478095 -0.08251488 -0.03941893
v 0.00413096 -0.08449792 -0.03932893
v 0.00340897 -0.08455789 -0.03928399
v 0.00388998 -0.08355188 -0.03921604
v 0.00371200 -0.08484989 -0.03926897
v 0.00291097 -0.08541691 -0.03917396
v 0.00059900 -0.08583289 -0.03896999
v 0.00145400 -0.08521789 -0.03890299
v 0.00220299 -0.08448088 -0.03861796
v 0.00328594 -0.08357089 -0.03835999
v 0.00047500 -0.08536690 -0.03860592
v 0.00135398 -0.08493191 -0.03852903
v 0.00232697 -0.08429390 -0.03821897
v 0.00045600 -0.08518087 -0.03803098
v 0.00122398 -0.08488792 -0.03809797
v 0.00411099 -0.08332592 -0.03925895
v -0.00010500 -0.08640789 -0.03900003
v 0.00000000 -0.08640789 -0.03900003
v 0.00206995 -0.08906793 -0.03894495
v 0.00078200 -0.08640789 -0.03899192
v 0.00206995 -0.08906793 -0.03894495
v 0.00078200 -0.08640789 -0.03899192
v 0.00363195 -0.08640992 -0.03883004
v 0.00641799 -0.08906793 -0.03846800
v 0.00646299 -0.08640789 -0.03846096
v 0.01009094 -0.08640688 -0.03767204
v 0.01068395 -0.08906793 -0.03750801
v 0.01362597 -0.08640789 -0.03654193
v 0.01481699 -0.08906793 -0.03607594
v 0.01721197 -0.08639591 -0.03499698
v 0.01876300 -0.08906793 -0.03418993
v 0.02062898 -0.08638387 -0.03309798
v 0.02247297 -0.08906793 -0.03187394
v 0.02385199 -0.08639287 -0.03085601
v 0.02590000 -0.08906793 -0.02915799
v 0.02683597 -0.08640789 -0.02829897
v 0.02900195 -0.08906793 -0.02607393
v 0.02955496 -0.08639287 -0.02544593
v 0.03173899 -0.08906793 -0.02266299
v 0.03197097 -0.08637988 -0.02233397
v 0.03407698 -0.08906793 -0.01896703
v 0.03406095 -0.08639192 -0.01899600
v 0.03580099 -0.08640688 -0.01546895
v 0.03598594 -0.08906793 -0.01503193
v 0.03709197 -0.08640187 -0.01204895
v 0.03744298 -0.08906787 -0.01090896
v 0.03805696 -0.08639389 -0.00852394
v 0.03842896 -0.08906787 -0.00664794
v 0.03868895 -0.08639788 -0.00491595
v 0.03893196 -0.08906787 -0.00230300
v 0.03897994 -0.08640789 -0.00126302
v 0.03894495 -0.08906787 0.00207007
v 0.03893995 -0.08640789 0.00216806
v 0.03858399 -0.08640789 0.00568402
v 0.03846800 -0.08906787 0.00641799
v 0.03787297 -0.08640688 0.00930607
v 0.03750795 -0.08906787 0.01068401
v 0.03682398 -0.08640587 0.01284503
v 0.03607594 -0.08906787 0.01481699
v 0.03535395 -0.08639186 0.01646506
v 0.03418999 -0.08906787 0.01876306
v 0.03352898 -0.08638191 0.01991999
v 0.03187400 -0.08906787 0.02247297
v 0.03136700 -0.08639389 0.02317595
v 0.02915799 -0.08906787 0.02590000
v 0.02889198 -0.08640789 0.02619695
v 0.02607399 -0.08906787 0.02900207
v 0.02610200 -0.08639287 0.02897703
v 0.02303999 -0.08637988 0.03146696
v 0.02266299 -0.08906787 0.03173899
v 0.01974099 -0.08639186 0.03363502
v 0.01896697 -0.08906787 0.03407704
v 0.01623898 -0.08640789 0.03545796
v 0.01503199 -0.08906787 0.03598606
v 0.01282495 -0.08639991 0.03683102
v 0.01090896 -0.08906787 0.03744304
v 0.00929695 -0.08639186 0.03787600
v 0.00664794 -0.08906787 0.03842902
v 0.00568098 -0.08639788 0.03858399
v 0.00230294 -0.08906787 0.03893196
v 0.00201994 -0.08640789 0.03894805
v -0.00141096 -0.08640789 0.03897404
v -0.00206995 -0.08906787 0.03894495
v -0.00490797 -0.08640789 0.03868997
v -0.00641799 -0.08906787 0.03846800
v -0.00852096 -0.08640688 0.03805804
v -0.01068395 -0.08906787 0.03750801
v -0.01206195 -0.08640789 0.03708803
v -0.01481699 -0.08906787 0.03607606
v -0.01569396 -0.08639490 0.03570306
v -0.01876300 -0.08906787 0.03419005
v -0.01917296 -0.08638387 0.03396201
v -0.02247297 -0.08906787 0.03187406
v -0.02247095 -0.08639389 0.03187501
v -0.02554500 -0.08640587 0.02946996
v -0.02554500 -0.08640587 0.02946996
v -0.02590000 -0.08906787 0.02915799
v -0.02839398 -0.08639186 0.02673506
v -0.02900195 -0.08906787 0.02607405
v -0.03095495 -0.08637988 0.02372300
v -0.03173899 -0.08906787 0.02266299
v -0.03319799 -0.08639186 0.02046597
v -0.03407698 -0.08906787 0.01896703
v -0.03509795 -0.08640789 0.01700496
v -0.03598594 -0.08906787 0.01503205
v -0.03655600 -0.08639889 0.01358997
v -0.03744298 -0.08906787 0.01090896
v -0.03768098 -0.08639186 0.01005697
v -0.03842896 -0.08906787 0.00664806
v -0.03846395 -0.08640086 0.00644505
v -0.03890097 -0.08641290 0.00278103
v -0.03893196 -0.08906787 0.00230300
v -0.03899395 -0.08641690 -0.00067997
v -0.03894495 -0.08906787 -0.00206995
v -0.03877997 -0.08640789 -0.00413501
v -0.03846800 -0.08906787 -0.00641799
v -0.03822696 -0.08640688 -0.00772595
v -0.03750795 -0.08906787 -0.01068401
v -0.03733396 -0.08640789 -0.01127696
v -0.03607594 -0.08906793 -0.01481699
v -0.03602999 -0.08639490 -0.01492702
v -0.03436899 -0.08638387 -0.01843202
v -0.03418999 -0.08906793 -0.01876294
v -0.03236198 -0.08639287 -0.02176499
v -0.03187400 -0.08906793 -0.02247297
v -0.03003197 -0.08640390 -0.02488100
v -0.02915799 -0.08906793 -0.02590000
v -0.02735698 -0.08639192 -0.02779495
v -0.02607399 -0.08906793 -0.02900195
v -0.02439796 -0.08637893 -0.03042602
v -0.02266299 -0.08906793 -0.03173899
v -0.02118796 -0.08639192 -0.03274202
v -0.01896697 -0.08906793 -0.03407692
v -0.01776498 -0.08640789 -0.03471899
v -0.01503199 -0.08906793 -0.03598594
v -0.01468396 -0.08639991 -0.03612995
v -0.01149499 -0.08639091 -0.03726804
v -0.01090896 -0.08906793 -0.03744304
v -0.00821799 -0.08639389 -0.03812396
v -0.00664794 -0.08906793 -0.03842902
v -0.00488394 -0.08640688 -0.03869199
v -0.00448596 -0.08640789 -0.03874099
v -0.00230294 -0.08906793 -0.03893196
v -0.00408900 -0.08640789 -0.03878498
v -0.00369096 -0.08640789 -0.03882503
v -0.00308096 -0.08640789 -0.03887796
v -0.00246400 -0.08640789 -0.03892195
v -0.00138396 -0.08640789 -0.03897500
v -0.00031600 -0.08640789 -0.03899896
v -0.00021000 -0.08640789 -0.03899896
v -0.01065194 -0.08106392 -0.03909599
v -0.01101100 -0.07993590 -0.03933203
v -0.01025497 -0.08087289 -0.03916001
v -0.01040899 -0.07979393 -0.03934001
v -0.00982797 -0.08067888 -0.03898501
v -0.00993699 -0.07959991 -0.03898596
v -0.00954896 -0.08049988 -0.03860902
v -0.00977999 -0.07942992 -0.03840994
v -0.00948298 -0.08039289 -0.03818202
v -0.00948298 -0.08039289 -0.03818202
v -0.00906294 -0.08131891 -0.03800094
v -0.00912398 -0.08141893 -0.03843200
v -0.00938898 -0.08161890 -0.03881204
v -0.00979495 -0.08186191 -0.03898596
v -0.01017695 -0.08208090 -0.03892195
v -0.00920898 -0.08278989 -0.03885495
v -0.00944996 -0.08320689 -0.03877496
v -0.00944996 -0.08320689 -0.03877496
v -0.00850797 -0.08363890 -0.03876602
v -0.00881594 -0.08395689 -0.03870403
v -0.00769597 -0.08439588 -0.03871500
v -0.00778794 -0.08488589 -0.03865396
v -0.00678795 -0.08504790 -0.03869593
v -0.00701797 -0.08542191 -0.03864693
v -0.00579995 -0.08558392 -0.03870201
v -0.00701797 -0.08542191 -0.03864693
v -0.00597495 -0.08598589 -0.03865993
v -0.00488394 -0.08640688 -0.03869199
v -0.00469500 -0.08582192 -0.03868699
v -0.00560099 -0.08516991 -0.03851997
v -0.00453198 -0.08535492 -0.03832304
v -0.00546098 -0.08488690 -0.03813993
v -0.00445598 -0.08518087 -0.03773903
v -0.00541299 -0.08480191 -0.03771102
v -0.00636595 -0.08438593 -0.03813493
v -0.00631499 -0.08430188 -0.03770196
v -0.00719798 -0.08377689 -0.03815495
v -0.00714499 -0.08369189 -0.03772103
v -0.00794196 -0.08307290 -0.03820800
v -0.00788695 -0.08298492 -0.03777301
v -0.00858599 -0.08228188 -0.03829896
v -0.00852799 -0.08218890 -0.03786504
v -0.00883198 -0.08250290 -0.03868103
v -0.00816697 -0.08331090 -0.03859102
v -0.00794196 -0.08307290 -0.03820800
v -0.00739795 -0.08403289 -0.03853797
v -0.00653696 -0.08465689 -0.03851604
v -0.01101100 -0.07993590 -0.03933203
v -0.01117795 -0.07873392 -0.03938496
v -0.01068300 -0.07926392 -0.03944897
v -0.01058495 -0.07865291 -0.03935396
v -0.01024496 -0.07917493 -0.03926002
v -0.01010799 -0.07864689 -0.03899300
v -0.00994599 -0.07910788 -0.03888404
v -0.00991696 -0.07871693 -0.03842997
v -0.00977999 -0.07942992 -0.03840994
v -0.00993699 -0.07959991 -0.03898596
v -0.01040899 -0.07979393 -0.03934001
v 0.00577998 -0.07942992 -0.03931093
v 0.00591695 -0.07871693 -0.03934693
v 0.00593799 -0.07910490 -0.03977298
v 0.00608796 -0.07865792 -0.03988397
v 0.00620496 -0.07917088 -0.04013693
v 0.00652099 -0.07866489 -0.04024803
v 0.00660396 -0.07925587 -0.04034101
v 0.00707799 -0.07873392 -0.04032397
v 0.00691599 -0.07993692 -0.04025900
v 0.00634599 -0.07978993 -0.04021596
v 0.00591797 -0.07959890 -0.03985893
v 0.00078200 -0.08640789 -0.03899192
v 0.00000000 -0.08640789 -0.03900003
v 0.00033500 -0.08601188 -0.03898298
v -0.00011500 -0.08589392 -0.03888797
v 0.00023300 -0.08561992 -0.03877794
v 0.00023300 -0.08561992 -0.03877794
v -0.00019700 -0.08551090 -0.03851997
v 0.00017300 -0.08535492 -0.03841495
v -0.00022200 -0.08536791 -0.03800201
v -0.00022200 -0.08536791 -0.03800201
v 0.00045600 -0.08518087 -0.03803098
v 0.00047500 -0.08536690 -0.03860592
v 0.00059900 -0.08583289 -0.03896999
v -0.02746397 -0.09106791 0.02479302
v -0.02900195 -0.08906787 0.02607405
v -0.03011196 -0.09106791 0.02150106
v -0.03173899 -0.08906787 0.02266299
v -0.03011196 -0.09106791 0.02150106
v -0.03173899 -0.08906787 0.02266299
v -0.03407698 -0.08906787 0.01896703
v -0.02590000 -0.08906787 0.02915799
v -0.02445900 -0.09106791 0.02776205
v -0.02247297 -0.08906787 0.03187406
v -0.02113497 -0.09106791 0.03036999
v -0.01876300 -0.08906787 0.03419005
v -0.01753497 -0.09106791 0.03258097
v -0.01481699 -0.08906787 0.03607606
v -0.01370698 -0.09106791 0.03436696
v -0.01068395 -0.08906787 0.03750801
v -0.00970000 -0.09106791 0.03570604
v -0.00641799 -0.08906787 0.03846800
v -0.00556695 -0.09106791 0.03657901
v -0.00206995 -0.08906787 0.03894495
v -0.00136095 -0.09106791 0.03697502
v 0.00230294 -0.08906787 0.03893196
v 0.00286299 -0.09106791 0.03688895
v 0.00286299 -0.09106791 0.03688895
v 0.00664794 -0.08906787 0.03842902
v 0.00704896 -0.09106791 0.03632199
v 0.01090896 -0.08906787 0.03744304
v 0.01114398 -0.09106791 0.03528201
v 0.01503199 -0.08906787 0.03598606
v 0.01509296 -0.09106791 0.03378200
v 0.01896697 -0.08906787 0.03407704
v 0.01884496 -0.09106791 0.03184103
v 0.02266299 -0.08906787 0.03173899
v 0.02235198 -0.09106791 0.02948498
v 0.02607399 -0.08906787 0.02900207
v 0.02556699 -0.09106791 0.02674496
v 0.02915799 -0.08906787 0.02590000
v 0.02844995 -0.09106791 0.02365601
v 0.03187400 -0.08906787 0.02247297
v 0.03096097 -0.09106791 0.02025902
v 0.03418999 -0.08906787 0.01876306
v 0.03306800 -0.09106791 0.01659798
v 0.03607594 -0.08906787 0.01481699
v 0.03474497 -0.09106791 0.01271998
v 0.03750795 -0.08906787 0.01068401
v 0.03596794 -0.09106791 0.00867700
v 0.03846800 -0.08906787 0.00641799
v 0.03672295 -0.09106791 0.00452006
v 0.03894495 -0.08906787 0.00207007
v 0.03699898 -0.09106791 0.00030398
v 0.03893196 -0.08906787 -0.00230300
v 0.03679198 -0.09106791 -0.00391495
v 0.03842896 -0.08906787 -0.00664794
v 0.03610599 -0.09106791 -0.00808394
v 0.03744298 -0.08906787 -0.01090896
v 0.03494900 -0.09106791 -0.01214694
v 0.03598594 -0.08906793 -0.01503193
v 0.03333699 -0.09106791 -0.01605093
v 0.03407698 -0.08906793 -0.01896703
v 0.03128999 -0.09106791 -0.01974701
v 0.03173899 -0.08906793 -0.02266299
v 0.02883499 -0.09106791 -0.02318501
v 0.02900195 -0.08906793 -0.02607393
v 0.02600395 -0.09106791 -0.02632093
v 0.02590000 -0.08906793 -0.02915799
v 0.02283400 -0.09106791 -0.02911293
v 0.02247297 -0.08906793 -0.03187394
v 0.01936697 -0.09106791 -0.03152704
v 0.01876300 -0.08906793 -0.03418993
v 0.01564699 -0.09106791 -0.03352904
v 0.01481699 -0.08906793 -0.03607594
v 0.01172298 -0.09106791 -0.03509402
v 0.01068395 -0.08906793 -0.03750801
v 0.00764596 -0.09106791 -0.03620100
v 0.00641799 -0.08906793 -0.03846800
v 0.00346899 -0.09106791 -0.03683698
v 0.00206995 -0.08906793 -0.03894495
v -0.00075200 -0.09106791 -0.03699195
v -0.00230294 -0.08906793 -0.03893196
v -0.00496399 -0.09106791 -0.03666496
v -0.00664794 -0.08906793 -0.03842902
v -0.00911099 -0.09106791 -0.03586101
v -0.01090896 -0.08906793 -0.03744304
v -0.01313996 -0.09106791 -0.03458797
v -0.01503199 -0.08906793 -0.03598594
v -0.01699697 -0.09106791 -0.03286492
v -0.01896697 -0.08906793 -0.03407692
v -0.02063196 -0.09106791 -0.03071296
v -0.02266299 -0.08906793 -0.03173899
v -0.02399897 -0.09106791 -0.02816092
v -0.02607399 -0.08906793 -0.02900195
v -0.02705299 -0.09106791 -0.02524197
v -0.02915799 -0.08906793 -0.02590000
v -0.02975398 -0.09106791 -0.02199399
v -0.03187400 -0.08906793 -0.02247297
v -0.03206700 -0.09106791 -0.01845896
v -0.03418999 -0.08906793 -0.01876294
v -0.03396195 -0.09106791 -0.01468300
v -0.03607594 -0.08906793 -0.01481699
v -0.03541398 -0.09106791 -0.01071596
v -0.03750795 -0.08906787 -0.01068401
v -0.03640496 -0.09106791 -0.00660896
v -0.03846800 -0.08906787 -0.00641799
v -0.03692096 -0.09106791 -0.00241601
v -0.03894495 -0.08906787 -0.00206995
v -0.03695595 -0.09106791 0.00180805
v -0.03893196 -0.08906787 0.00230300
v -0.03650897 -0.09106791 0.00600898
v -0.03842896 -0.08906787 0.00664806
v -0.03558599 -0.09106791 0.01013195
v -0.03744298 -0.08906787 0.01090896
v -0.03419899 -0.09106791 0.01412200
v -0.03598594 -0.08906787 0.01503205
v -0.03236597 -0.09106791 0.01792800
v -0.00488394 -0.08640688 -0.03869199
v -0.00469500 -0.08582192 -0.03868699
v -0.00448596 -0.08640789 -0.03874099
v -0.00400299 -0.08602792 -0.03874003
v -0.00408900 -0.08640789 -0.03878498
v -0.00361895 -0.08604693 -0.03875494
v -0.00369096 -0.08640789 -0.03882503
v -0.00308096 -0.08640789 -0.03887796
v -0.00244194 -0.08608388 -0.03881502
v -0.00246400 -0.08640789 -0.03892195
v -0.00164598 -0.08608293 -0.03885602
v -0.00164598 -0.08608293 -0.03885602
v -0.00138396 -0.08640789 -0.03897500
v -0.00011500 -0.08589392 -0.03888797
v -0.00031600 -0.08640789 -0.03899896
v -0.00021000 -0.08640789 -0.03899896
v -0.00010500 -0.08640789 -0.03900003
v 0.00000000 -0.08640789 -0.03900003
v -0.00390196 -0.08567088 -0.03852498
v -0.00453198 -0.08535492 -0.03832304
v -0.00381798 -0.08543789 -0.03817498
v -0.00445598 -0.08518087 -0.03773903
v -0.00341898 -0.08544093 -0.03782999
v -0.00346595 -0.08550393 -0.03819596
v -0.00235695 -0.08555990 -0.03793597
v -0.00238299 -0.08561688 -0.03827202
v -0.00143999 -0.08554792 -0.03798198
v -0.00164795 -0.08561688 -0.03831195
v -0.00019700 -0.08551090 -0.03851997
v -0.00165099 -0.08579993 -0.03862702
v -0.00022200 -0.08536791 -0.03800201
v -0.00353795 -0.08571690 -0.03853297
v -0.00241297 -0.08579993 -0.03858697
v -0.00244194 -0.08608388 -0.03881502
v -0.03236597 -0.09106791 0.01792800
v -0.02657496 -0.09106791 0.01686501
v -0.03011196 -0.09106791 0.02150106
v -0.02425199 -0.09106791 0.02006304
v -0.02746397 -0.09106791 0.02479302
v -0.02154600 -0.09106791 0.02294397
v -0.02445900 -0.09106791 0.02776205
v -0.01850098 -0.09106791 0.02546405
v -0.02113497 -0.09106791 0.03036999
v -0.01516300 -0.09106791 0.02758204
v -0.01753497 -0.09106791 0.03258097
v -0.01158696 -0.09106791 0.02926504
v -0.01370698 -0.09106791 0.03436696
v -0.00970000 -0.09106791 0.03570604
v -0.00782800 -0.09106791 0.03048598
v -0.00556695 -0.09106791 0.03657901
v -0.00394499 -0.09106791 0.03122699
v -0.00136095 -0.09106791 0.03697502
v 0.00000000 -0.09106791 0.03147506
v 0.00286299 -0.09106791 0.03688895
v 0.00394499 -0.09106791 0.03122699
v 0.00704896 -0.09106791 0.03632199
v 0.00782800 -0.09106791 0.03048598
v 0.01114398 -0.09106791 0.03528201
v 0.01158696 -0.09106791 0.02926504
v 0.01509296 -0.09106791 0.03378200
v 0.01516300 -0.09106791 0.02758204
v 0.01884496 -0.09106791 0.03184103
v 0.01850098 -0.09106791 0.02546405
v 0.02235198 -0.09106791 0.02948498
v 0.02154600 -0.09106791 0.02294397
v 0.02556699 -0.09106791 0.02674496
v 0.02425199 -0.09106791 0.02006304
v 0.02844995 -0.09106791 0.02365601
v 0.03096097 -0.09106791 0.02025902
v 0.02657496 -0.09106791 0.01686501
v 0.03306800 -0.09106791 0.01659798
v 0.02847898 -0.09106791 0.01340103
v 0.03474497 -0.09106791 0.01271998
v 0.02993500 -0.09106791 0.00972605
v 0.03596794 -0.09106791 0.00867700
v 0.03091698 -0.09106791 0.00589800
v 0.03672295 -0.09106791 0.00452006
v 0.03141295 -0.09106791 0.00197601
v 0.03699898 -0.09106791 0.00030398
v 0.03141295 -0.09106791 -0.00197601
v 0.03679198 -0.09106791 -0.00391495
v 0.03091698 -0.09106791 -0.00589800
v 0.03610599 -0.09106791 -0.00808394
v 0.02993500 -0.09106791 -0.00972593
v 0.03494900 -0.09106791 -0.01214694
v 0.02847898 -0.09106791 -0.01340103
v 0.03333699 -0.09106791 -0.01605093
v 0.02657496 -0.09106791 -0.01686501
v 0.03128999 -0.09106791 -0.01974701
v 0.02883499 -0.09106791 -0.02318501
v 0.02425199 -0.09106791 -0.02006304
v 0.02600395 -0.09106791 -0.02632093
v 0.02154600 -0.09106791 -0.02294397
v 0.02283400 -0.09106791 -0.02911293
v 0.01850098 -0.09106791 -0.02546393
v 0.01936697 -0.09106791 -0.03152704
v 0.01516300 -0.09106791 -0.02758193
v 0.01564699 -0.09106791 -0.03352904
v 0.01158696 -0.09106791 -0.02926492
v 0.01172298 -0.09106791 -0.03509402
v 0.00782800 -0.09106791 -0.03048598
v 0.00764596 -0.09106791 -0.03620100
v 0.00394499 -0.09106791 -0.03122699
v 0.00346899 -0.09106791 -0.03683698
v 0.00000000 -0.09106791 -0.03147494
v -0.00075200 -0.09106791 -0.03699195
v -0.00394499 -0.09106791 -0.03122699
v -0.00496399 -0.09106791 -0.03666496
v -0.00782800 -0.09106791 -0.03048598
v -0.00911099 -0.09106791 -0.03586101
v -0.01313996 -0.09106791 -0.03458797
v -0.01158696 -0.09106791 -0.02926492
v -0.01699697 -0.09106791 -0.03286492
v -0.01516300 -0.09106791 -0.02758193
v -0.02063196 -0.09106791 -0.03071296
v -0.01850098 -0.09106791 -0.02546393
v -0.02399897 -0.09106791 -0.02816092
v -0.02154600 -0.09106791 -0.02294397
v -0.02705299 -0.09106791 -0.02524197
v -0.02425199 -0.09106791 -0.02006304
v -0.02975398 -0.09106791 -0.02199399
v -0.02657496 -0.09106791 -0.01686501
v -0.03206700 -0.09106791 -0.01845896
v -0.02847898 -0.09106791 -0.01340103
v -0.03396195 -0.09106791 -0.01468300
v -0.02993500 -0.09106791 -0.00972593
v -0.03541398 -0.09106791 -0.01071596
v -0.03091698 -0.09106791 -0.00589800
v -0.03640496 -0.09106791 -0.00660896
v -0.03141295 -0.09106791 -0.00197601
v -0.03692096 -0.09106791 -0.00241601
v -0.03695595 -0.09106791 0.00180805
v -0.03141295 -0.09106791 0.00197601
v -0.03650897 -0.09106791 0.00600898
v -0.03091698 -0.09106791 0.00589800
v -0.03558599 -0.09106791 0.01013195
v -0.02993500 -0.09106791 0.00972605
v -0.03419899 -0.09106791 0.01412200
v -0.02847898 -0.09106791 0.01340103
v 0.00394499 -0.09106791 -0.03122699
v 0.00223499 -0.09556788 -0.03139603
v 0.00000000 -0.09106791 -0.03147494
v 0.00000000 -0.09106791 -0.03147494
v 0.00223499 -0.09556788 -0.03139603
v -0.00171798 -0.09556788 -0.03142797
v -0.00394499 -0.09106791 -0.03122699
v -0.00564295 -0.09556788 -0.03096497
v -0.00782800 -0.09106791 -0.03048598
v -0.00948000 -0.09556788 -0.03001403
v -0.01158696 -0.09106791 -0.02926492
v -0.01316696 -0.09556788 -0.02858901
v -0.01516300 -0.09106791 -0.02758193
v -0.01664596 -0.09556788 -0.02671301
v -0.01850098 -0.09106791 -0.02546393
v -0.01986294 -0.09556788 -0.02441596
v -0.02154600 -0.09106791 -0.02294397
v -0.02276599 -0.09556788 -0.02173399
v -0.02425199 -0.09106791 -0.02006304
v -0.02531099 -0.09556788 -0.01870894
v -0.02657496 -0.09106791 -0.01686501
v -0.02745598 -0.09556788 -0.01539003
v -0.02847898 -0.09106791 -0.01340103
v -0.02916795 -0.09556788 -0.01182699
v -0.02993500 -0.09106791 -0.00972593
v -0.03042095 -0.09556788 -0.00807798
v -0.03091698 -0.09106791 -0.00589800
v -0.03119295 -0.09556788 -0.00420201
v -0.03141295 -0.09106791 -0.00197601
v -0.03147399 -0.09556788 -0.00025904
v -0.03141295 -0.09106791 0.00197601
v -0.03125798 -0.09556788 0.00368798
v -0.03091698 -0.09106791 0.00589800
v -0.03055000 -0.09556788 0.00757599
v -0.02993500 -0.09106791 0.00972605
v -0.02935898 -0.09556788 0.01134598
v -0.02847898 -0.09106791 0.01340103
v -0.02770596 -0.09556788 0.01493597
v -0.02657496 -0.09106791 0.01686501
v -0.02561497 -0.09556788 0.01829004
v -0.02425199 -0.09106791 0.02006304
v -0.02312099 -0.09556788 0.02135705
v -0.02154600 -0.09106791 0.02294397
v -0.02026200 -0.09556788 0.02408599
v -0.01850098 -0.09106791 0.02546405
v -0.01708298 -0.09556788 0.02643597
v -0.01516300 -0.09106791 0.02758204
v -0.01363497 -0.09556788 0.02836799
v -0.01158696 -0.09106791 0.02926504
v -0.00997198 -0.09556788 0.02985298
v -0.00782800 -0.09106791 0.03048598
v -0.00615197 -0.09556788 0.03086805
v -0.00394499 -0.09106791 0.03122699
v -0.00223499 -0.09556788 0.03139603
v 0.00000000 -0.09106791 0.03147506
v 0.00171798 -0.09556788 0.03142797
v 0.00394499 -0.09106791 0.03122699
v 0.00564295 -0.09556788 0.03096497
v 0.00782800 -0.09106791 0.03048598
v 0.00948000 -0.09556788 0.03001403
v 0.01158696 -0.09106791 0.02926504
v 0.01316696 -0.09556788 0.02858901
v 0.01516300 -0.09106791 0.02758204
v 0.01664596 -0.09556788 0.02671301
v 0.01850098 -0.09106791 0.02546405
v 0.01986294 -0.09556788 0.02441596
v 0.02154600 -0.09106791 0.02294397
v 0.02276599 -0.09556788 0.02173399
v 0.02425199 -0.09106791 0.02006304
v 0.02531099 -0.09556788 0.01870906
v 0.02657496 -0.09106791 0.01686501
v 0.02745598 -0.09556788 0.01539003
v 0.02847898 -0.09106791 0.01340103
v 0.02916795 -0.09556788 0.01182699
v 0.02993500 -0.09106791 0.00972605
v 0.03042095 -0.09556788 0.00807798
v 0.03091698 -0.09106791 0.00589800
v 0.03119295 -0.09556788 0.00420201
v 0.03141295 -0.09106791 0.00197601
v 0.03147399 -0.09556788 0.00025904
v 0.03141295 -0.09106791 -0.00197601
v 0.03125798 -0.09556788 -0.00368798
v 0.03091698 -0.09106791 -0.00589800
v 0.03055000 -0.09556788 -0.00757599
v 0.02993500 -0.09106791 -0.00972593
v 0.02935898 -0.09556788 -0.01134598
v 0.02847898 -0.09106791 -0.01340103
v 0.02770596 -0.09556788 -0.01493597
v 0.02657496 -0.09106791 -0.01686501
v 0.02561497 -0.09556788 -0.01829004
v 0.02425199 -0.09106791 -0.02006304
v 0.02312099 -0.09556788 -0.02135694
v 0.02154600 -0.09106791 -0.02294397
v 0.02026200 -0.09556788 -0.02408599
v 0.01850098 -0.09106791 -0.02546393
v 0.01708298 -0.09556788 -0.02643597
v 0.01516300 -0.09106791 -0.02758193
v 0.01363497 -0.09556788 -0.02836799
v 0.01158696 -0.09106791 -0.02926492
v 0.00997198 -0.09556788 -0.02985298
v 0.00782800 -0.09106791 -0.03048598
v 0.00615197 -0.09556788 -0.03086793
v 0.02238595 -0.09656792 -0.02067804
v 0.02312099 -0.09556788 -0.02135694
v 0.02480095 -0.09656792 -0.01770901
v 0.02561497 -0.09556788 -0.01829004
v 0.02480095 -0.09656792 -0.01770901
v 0.02561497 -0.09556788 -0.01829004
v 0.02682495 -0.09656792 -0.01446104
v 0.02770596 -0.09556788 -0.01493597
v 0.02842599 -0.09656786 -0.01098501
v 0.02935898 -0.09556788 -0.01134598
v 0.02957898 -0.09656786 -0.00733602
v 0.03055000 -0.09556788 -0.00757599
v 0.03026497 -0.09656786 -0.00357103
v 0.03125798 -0.09556788 -0.00368798
v 0.03047394 -0.09656786 0.00025105
v 0.03147399 -0.09556788 0.00025904
v 0.03020197 -0.09656786 0.00406802
v 0.03119295 -0.09556788 0.00420201
v 0.02945399 -0.09656786 0.00782096
v 0.03042095 -0.09556788 0.00807798
v 0.02824199 -0.09656786 0.01145100
v 0.02916795 -0.09556788 0.01182699
v 0.02658396 -0.09656786 0.01490104
v 0.02745598 -0.09556788 0.01539003
v 0.02450698 -0.09656786 0.01811504
v 0.02531099 -0.09556788 0.01870906
v 0.02204298 -0.09656786 0.02104401
v 0.02276599 -0.09556788 0.02173399
v 0.01923197 -0.09656786 0.02364003
v 0.01986294 -0.09556788 0.02441596
v 0.01611697 -0.09656786 0.02586400
v 0.01664596 -0.09556788 0.02671301
v 0.01274800 -0.09656786 0.02768003
v 0.01316696 -0.09556788 0.02858901
v 0.00917798 -0.09656786 0.02906000
v 0.00948000 -0.09556788 0.03001403
v 0.00546396 -0.09656786 0.02998101
v 0.00564295 -0.09556788 0.03096497
v 0.00166297 -0.09656786 0.03042995
v 0.00171798 -0.09556788 0.03142797
v -0.00216395 -0.09656786 0.03039801
v -0.00223499 -0.09556788 0.03139603
v -0.00595695 -0.09656786 0.02988696
v -0.00615197 -0.09556788 0.03086805
v -0.00965500 -0.09656786 0.02890503
v -0.00997198 -0.09556788 0.02985298
v -0.01320195 -0.09656786 0.02746701
v -0.01363497 -0.09556788 0.02836799
v -0.01653999 -0.09656786 0.02559602
v -0.01708298 -0.09556788 0.02643597
v -0.01961797 -0.09656786 0.02332103
v -0.02026200 -0.09556788 0.02408599
v -0.02238595 -0.09656786 0.02067804
v -0.02312099 -0.09556788 0.02135705
v -0.02480095 -0.09656786 0.01770901
v -0.02561497 -0.09556788 0.01829004
v -0.02682495 -0.09656786 0.01446104
v -0.02770596 -0.09556788 0.01493597
v -0.02842599 -0.09656786 0.01098501
v -0.02935898 -0.09556788 0.01134598
v -0.02957898 -0.09656786 0.00733602
v -0.03055000 -0.09556788 0.00757599
v -0.03026497 -0.09656786 0.00357103
v -0.03125798 -0.09556788 0.00368798
v -0.03047394 -0.09656786 -0.00025094
v -0.03147399 -0.09556788 -0.00025904
v -0.03020197 -0.09656786 -0.00406802
v -0.03119295 -0.09556788 -0.00420201
v -0.02945399 -0.09656786 -0.00782096
v -0.03042095 -0.09556788 -0.00807798
v -0.02824199 -0.09656792 -0.01145100
v -0.02916795 -0.09556788 -0.01182699
v -0.02658396 -0.09656792 -0.01490104
v -0.02745598 -0.09556788 -0.01539003
v -0.02450698 -0.09656792 -0.01811504
v -0.02531099 -0.09556788 -0.01870894
v -0.02204298 -0.09656792 -0.02104401
v -0.02276599 -0.09556788 -0.02173399
v -0.01923197 -0.09656792 -0.02364003
v -0.01986294 -0.09556788 -0.02441596
v -0.01611697 -0.09656792 -0.02586400
v -0.01664596 -0.09556788 -0.02671301
v -0.01274800 -0.09656792 -0.02768003
v -0.01316696 -0.09556788 -0.02858901
v -0.00917798 -0.09656792 -0.02906000
v -0.00948000 -0.09556788 -0.03001403
v -0.00546396 -0.09656792 -0.02998101
v -0.00564295 -0.09556788 -0.03096497
v -0.00166297 -0.09656792 -0.03042995
v -0.00171798 -0.09556788 -0.03142797
v 0.00216395 -0.09656792 -0.03039801
v 0.00223499 -0.09556788 -0.03139603
v 0.00595695 -0.09656792 -0.02988696
v 0.00615197 -0.09556788 -0.03086793
v 0.00965500 -0.09656792 -0.02890503
v 0.00997198 -0.09556788 -0.02985298
v 0.01320195 -0.09656792 -0.02746701
v 0.01363497 -0.09556788 -0.02836799
v 0.01653999 -0.09656792 -0.02559602
v 0.01708298 -0.09556788 -0.02643597
v 0.01961797 -0.09656792 -0.02332103
v 0.02026200 -0.09556788 -0.02408599
v -0.00283295 -0.09656792 -0.01652395
v 0.00000000 -0.09656792 -0.01676499
v 0.00000000 -0.09556788 -0.01576495
v 0.00000000 -0.09556788 -0.01576495
v 0.00000000 -0.09656792 -0.01676499
v 0.00283295 -0.09656792 -0.01652395
v 0.00273800 -0.09556788 -0.01552498
v 0.00558496 -0.09656792 -0.01580703
v 0.00539195 -0.09556788 -0.01481401
v 0.00817597 -0.09656792 -0.01463603
v 0.00788295 -0.09556788 -0.01365303
v 0.01053196 -0.09656792 -0.01304399
v 0.01013398 -0.09556788 -0.01207697
v 0.01258498 -0.09656786 -0.01107597
v 0.01207697 -0.09556788 -0.01013398
v 0.01427596 -0.09656786 -0.00879002
v 0.01365298 -0.09556788 -0.00788200
v 0.01555597 -0.09656786 -0.00625098
v 0.01481395 -0.09556788 -0.00539195
v 0.01638895 -0.09656786 -0.00353193
v 0.01552498 -0.09556788 -0.00273800
v 0.01674997 -0.09656786 -0.00071204
v 0.01576495 -0.09556788 0.00000000
v 0.01662898 -0.09656786 0.00212896
v 0.01552498 -0.09556788 0.00273800
v 0.01602995 -0.09656786 0.00490904
v 0.01481395 -0.09556788 0.00539195
v 0.01497000 -0.09656786 0.00754797
v 0.01365298 -0.09556788 0.00788307
v 0.01347899 -0.09656786 0.00996900
v 0.01207697 -0.09556788 0.01013398
v 0.01159995 -0.09656786 0.01210403
v 0.01013398 -0.09556788 0.01207697
v 0.00938797 -0.09656786 0.01389002
v 0.00788295 -0.09556788 0.01365303
v 0.00690597 -0.09656786 0.01527702
v 0.00539195 -0.09556788 0.01481401
v 0.00422394 -0.09656786 0.01622402
v 0.00273800 -0.09556788 0.01552498
v 0.00142199 -0.09656786 0.01670503
v 0.00000000 -0.09556788 0.01576507
v -0.00142199 -0.09656786 0.01670503
v -0.00273800 -0.09556788 0.01552498
v -0.00422394 -0.09656786 0.01622402
v -0.00539195 -0.09556788 0.01481401
v -0.00690597 -0.09656786 0.01527702
v -0.00788200 -0.09556788 0.01365303
v -0.00938797 -0.09656786 0.01389002
v -0.01013398 -0.09556788 0.01207697
v -0.01159995 -0.09656786 0.01210403
v -0.01207697 -0.09556788 0.01013398
v -0.01347899 -0.09656786 0.00996900
v -0.01365298 -0.09556788 0.00788307
v -0.01497000 -0.09656786 0.00754797
v -0.01481395 -0.09556788 0.00539195
v -0.01602995 -0.09656786 0.00490904
v -0.01552498 -0.09556788 0.00273800
v -0.01662898 -0.09656786 0.00212896
v -0.01576495 -0.09556788 0.00000000
v -0.01674997 -0.09656786 -0.00071204
v -0.01552498 -0.09556788 -0.00273800
v -0.01638895 -0.09656786 -0.00353193
v -0.01481395 -0.09556788 -0.00539195
v -0.01555597 -0.09656786 -0.00625098
v -0.01365298 -0.09556788 -0.00788200
v -0.01427596 -0.09656786 -0.00879002
v -0.01207697 -0.09556788 -0.01013398
v -0.01258498 -0.09656786 -0.01107597
v -0.01013398 -0.09556788 -0.01207697
v -0.01053196 -0.09656792 -0.01304399
v -0.00788200 -0.09556788 -0.01365303
v -0.00817597 -0.09656792 -0.01463603
v -0.00539195 -0.09556788 -0.01481401
v -0.00558496 -0.09656792 -0.01580703
v -0.00273800 -0.09556788 -0.01552498
v 0.00114798 -0.09106791 0.02777206
v 0.00114798 -0.09656786 0.02777206
v 0.00000000 -0.09106791 0.02799999
v 0.00000000 -0.09656786 0.02799999
v 0.00000000 -0.09106791 0.02799999
v 0.00000000 -0.09656786 0.02799999
v -0.00114798 -0.09106791 0.02777206
v -0.00114798 -0.09656786 0.02777206
v -0.00212097 -0.09106791 0.02712106
v -0.00212097 -0.09656786 0.02712106
v -0.00277197 -0.09106791 0.02614796
v -0.00277197 -0.09656786 0.02614796
v -0.00299996 -0.09106791 0.02499997
v -0.00299996 -0.09656786 0.02499997
v -0.00277197 -0.09106791 0.02385199
v -0.00277197 -0.09656786 0.02385199
v -0.00212097 -0.09106791 0.02287900
v -0.00212097 -0.09656786 0.02287900
v -0.00114798 -0.09106791 0.02222800
v -0.00114798 -0.09656786 0.02222800
v 0.00000000 -0.09106791 0.02199995
v 0.00000000 -0.09656786 0.02199995
v 0.00114798 -0.09106791 0.02222800
v 0.00114798 -0.09656786 0.02222800
v 0.00212097 -0.09106791 0.02287900
v 0.00212097 -0.09656786 0.02287900
v 0.00277197 -0.09106791 0.02385199
v 0.00277197 -0.09656786 0.02385199
v 0.00299996 -0.09106791 0.02499997
v 0.00299996 -0.09656786 0.02499997
v 0.00277197 -0.09106791 0.02614796
v 0.00277197 -0.09656786 0.02614796
v 0.00212097 -0.09106791 0.02712106
v 0.00212097 -0.09656786 0.02712106
v -0.01894199 -0.09656786 0.01441407
v -0.01767796 -0.09656786 0.01417803
v -0.01767796 -0.09606790 0.01467800
v -0.01767796 -0.09606790 0.01467800
v -0.01767796 -0.09656786 0.01417803
v -0.01641297 -0.09656786 0.01441407
v -0.01652997 -0.09606790 0.01490604
v -0.01532000 -0.09656786 0.01509106
v -0.01555597 -0.09606790 0.01555597
v -0.01454496 -0.09656786 0.01611804
v -0.01490598 -0.09606790 0.01653003
v -0.01419299 -0.09656786 0.01735496
v -0.01467800 -0.09606790 0.01767802
v -0.01431095 -0.09656786 0.01863503
v -0.01490598 -0.09606790 0.01882600
v -0.01488494 -0.09656786 0.01978707
v -0.01555597 -0.09606790 0.01979899
v -0.01583498 -0.09656786 0.02065300
v -0.01652997 -0.09606790 0.02044904
v -0.01703494 -0.09656786 0.02111804
v -0.01703494 -0.09656786 0.02111804
v -0.01767796 -0.09606790 0.02067804
v -0.01832097 -0.09656786 0.02111804
v -0.01832097 -0.09656786 0.02111804
v -0.01882594 -0.09606790 0.02044904
v -0.01951998 -0.09656786 0.02065300
v -0.01979899 -0.09606790 0.01979899
v -0.02047097 -0.09656786 0.01978707
v -0.02044898 -0.09606790 0.01882600
v -0.02104395 -0.09656786 0.01863503
v -0.02067798 -0.09606790 0.01767802
v -0.02116298 -0.09656786 0.01735496
v -0.02044898 -0.09606790 0.01653003
v -0.02081096 -0.09656786 0.01611804
v -0.01979899 -0.09606790 0.01555597
v -0.02003598 -0.09656786 0.01509106
v -0.01882594 -0.09606790 0.01490604
v 0.01640999 -0.09656786 0.01441407
v 0.01767396 -0.09656786 0.01417803
v 0.01767396 -0.09606790 0.01467800
v 0.01767396 -0.09606790 0.01467800
v 0.01767396 -0.09656786 0.01417803
v 0.01893800 -0.09656786 0.01441407
v 0.01882195 -0.09606790 0.01490604
v 0.02003198 -0.09656786 0.01509106
v 0.01979500 -0.09606790 0.01555597
v 0.02080696 -0.09656786 0.01611804
v 0.02044600 -0.09606790 0.01653003
v 0.02115899 -0.09656786 0.01735496
v 0.02067399 -0.09606790 0.01767802
v 0.02103996 -0.09656786 0.01863503
v 0.02044600 -0.09606790 0.01882600
v 0.02046698 -0.09656786 0.01978707
v 0.01979500 -0.09606790 0.01979899
v 0.01951700 -0.09656786 0.02065300
v 0.01882195 -0.09606790 0.02044904
v 0.01831698 -0.09656786 0.02111804
v 0.01831698 -0.09656786 0.02111804
v 0.01767396 -0.09606790 0.02067804
v 0.01703095 -0.09656786 0.02111804
v 0.01703095 -0.09656786 0.02111804
v 0.01652598 -0.09606790 0.02044904
v 0.01583194 -0.09656786 0.02065300
v 0.01555299 -0.09606790 0.01979899
v 0.01488095 -0.09656786 0.01978707
v 0.01490199 -0.09606790 0.01882600
v 0.01430797 -0.09656786 0.01863503
v 0.01467394 -0.09606790 0.01767802
v 0.01418900 -0.09656786 0.01735496
v 0.01490199 -0.09606790 0.01653003
v 0.01454097 -0.09656786 0.01611804
v 0.01555299 -0.09606790 0.01555597
v 0.01531594 -0.09656786 0.01509106
v 0.01652598 -0.09606790 0.01490604
v 0.01640999 -0.09656792 -0.02094101
v 0.01767396 -0.09656792 -0.02117800
v 0.01767396 -0.09606790 -0.02067804
v 0.01767396 -0.09606790 -0.02067804
v 0.01767396 -0.09656792 -0.02117800
v 0.01893800 -0.09656792 -0.02094101
v 0.01882195 -0.09606790 -0.02044904
v 0.02003198 -0.09656792 -0.02026402
v 0.01979500 -0.09606790 -0.01979899
v 0.02080696 -0.09656792 -0.01923799
v 0.02044600 -0.09606790 -0.01882600
v 0.02115899 -0.09656792 -0.01800096
v 0.02067399 -0.09606790 -0.01767802
v 0.02103996 -0.09656792 -0.01671993
v 0.02044600 -0.09606790 -0.01653003
v 0.02046698 -0.09656792 -0.01556801
v 0.01979500 -0.09606790 -0.01555597
v 0.01951700 -0.09656792 -0.01470196
v 0.01882195 -0.09606790 -0.01490592
v 0.01831698 -0.09656792 -0.01423692
v 0.01831698 -0.09656792 -0.01423692
v 0.01767396 -0.09606790 -0.01467800
v 0.01703095 -0.09656792 -0.01423692
v 0.01652598 -0.09606790 -0.01490592
v 0.01583194 -0.09656792 -0.01470196
v 0.01555299 -0.09606790 -0.01555597
v 0.01488095 -0.09656792 -0.01556801
v 0.01490199 -0.09606790 -0.01653003
v 0.01430797 -0.09656792 -0.01671993
v 0.01467394 -0.09606790 -0.01767802
v 0.01418900 -0.09656792 -0.01800096
v 0.01490199 -0.09606790 -0.01882600
v 0.01454097 -0.09656792 -0.01923799
v 0.01555299 -0.09606790 -0.01979899
v 0.01531594 -0.09656792 -0.02026402
v 0.01652598 -0.09606790 -0.02044904
v -0.01894199 -0.09656792 -0.02094101
v -0.01767796 -0.09656792 -0.02117800
v -0.01767796 -0.09606790 -0.02067804
v -0.01767796 -0.09606790 -0.02067804
v -0.01767796 -0.09656792 -0.02117800
v -0.01641297 -0.09656792 -0.02094101
v -0.01652997 -0.09606790 -0.02044904
v -0.01532000 -0.09656792 -0.02026402
v -0.01555597 -0.09606790 -0.01979899
v -0.01454496 -0.09656792 -0.01923799
v -0.01490598 -0.09606790 -0.01882600
v -0.01419299 -0.09656792 -0.01800096
v -0.01467800 -0.09606790 -0.01767802
v -0.01431095 -0.09656792 -0.01671993
v -0.01490598 -0.09606790 -0.01653003
v -0.01488494 -0.09656792 -0.01556801
v -0.01555597 -0.09606790 -0.01555597
v -0.01583498 -0.09656792 -0.01470196
v -0.01652997 -0.09606790 -0.01490592
v -0.01703494 -0.09656792 -0.01423692
v -0.01703494 -0.09656792 -0.01423692
v -0.01767796 -0.09606790 -0.01467800
v -0.01832097 -0.09656792 -0.01423692
v -0.01832097 -0.09656792 -0.01423692
v -0.01882594 -0.09606790 -0.01490592
v -0.01951998 -0.09656792 -0.01470196
v -0.01979899 -0.09606790 -0.01555597
v -0.02047097 -0.09656792 -0.01556801
v -0.02044898 -0.09606790 -0.01653003
v -0.02104395 -0.09656792 -0.01671993
v -0.02067798 -0.09606790 -0.01767802
v -0.02116298 -0.09656792 -0.01800096
v -0.02044898 -0.09606790 -0.01882600
v -0.02081096 -0.09656792 -0.01923799
v -0.01979899 -0.09606790 -0.01979899
v -0.02003598 -0.09656792 -0.02026402
v -0.01882594 -0.09606790 -0.02044904
v 0.00273800 -0.09556788 -0.01552498
v 0.00273800 -0.08856791 -0.01552498
v 0.00000000 -0.09556788 -0.01576495
v 0.00000000 -0.08856791 -0.01576495
v 0.00000000 -0.09556788 -0.01576495
v 0.00000000 -0.08856791 -0.01576495
v -0.00273800 -0.09556788 -0.01552498
v -0.00273800 -0.08856791 -0.01552498
v -0.00539195 -0.09556788 -0.01481401
v -0.00539195 -0.08856791 -0.01481401
v -0.00788200 -0.09556788 -0.01365303
v -0.00788200 -0.08856791 -0.01365303
v -0.01013398 -0.09556788 -0.01207697
v -0.01013398 -0.08856791 -0.01207697
v -0.01207697 -0.09556788 -0.01013398
v -0.01207697 -0.08856791 -0.01013398
v -0.01365298 -0.09556788 -0.00788200
v -0.01365298 -0.08856791 -0.00788200
v -0.01481395 -0.09556788 -0.00539195
v -0.01481395 -0.08856791 -0.00539195
v -0.01552498 -0.09556788 -0.00273800
v -0.01552498 -0.08856791 -0.00273800
v -0.01576495 -0.09556788 0.00000000
v -0.01576495 -0.08856791 0.00000000
v -0.01552498 -0.09556788 0.00273800
v -0.01552498 -0.08856791 0.00273800
v -0.01481395 -0.09556788 0.00539195
v -0.01481395 -0.08856791 0.00539195
v -0.01365298 -0.09556788 0.00788307
v -0.01365298 -0.08856791 0.00788307
v -0.01207697 -0.09556788 0.01013398
v -0.01207697 -0.08856791 0.01013398
v -0.01013398 -0.09556788 0.01207697
v -0.01013398 -0.08856791 0.01207697
v -0.00788200 -0.09556788 0.01365303
v -0.00788200 -0.08856791 0.01365303
v -0.00539195 -0.09556788 0.01481401
v -0.00539195 -0.08856791 0.01481401
v -0.00273800 -0.09556788 0.01552498
v -0.00273800 -0.08856791 0.01552498
v 0.00000000 -0.09556788 0.01576507
v 0.00000000 -0.08856791 0.01576507
v 0.00273800 -0.09556788 0.01552498
v 0.00273800 -0.08856791 0.01552498
v 0.00539195 -0.09556788 0.01481401
v 0.00539195 -0.08856791 0.01481401
v 0.00788295 -0.09556788 0.01365303
v 0.00788295 -0.08856791 0.01365303
v 0.01013398 -0.09556788 0.01207697
v 0.01013398 -0.08856791 0.01207697
v 0.01207697 -0.09556788 0.01013398
v 0.01207697 -0.08856791 0.01013398
v 0.01365298 -0.09556788 0.00788307
v 0.01365298 -0.08856791 0.00788307
v 0.01481395 -0.09556788 0.00539195
v 0.01481395 -0.08856791 0.00539195
v 0.01552498 -0.09556788 0.00273800
v 0.01552498 -0.08856791 0.00273800
v 0.01576495 -0.09556788 0.00000000
v 0.01576495 -0.08856791 0.00000000
v 0.01552498 -0.09556788 -0.00273800
v 0.01552498 -0.08856791 -0.00273800
v 0.01481395 -0.09556788 -0.00539195
v 0.01481395 -0.08856791 -0.00539195
v 0.01365298 -0.09556788 -0.00788200
v 0.01365298 -0.08856791 -0.00788200
v 0.01207697 -0.09556788 -0.01013398
v 0.01207697 -0.08856791 -0.01013398
v 0.01013398 -0.09556788 -0.01207697
v 0.01013398 -0.08856791 -0.01207697
v 0.00788295 -0.09556788 -0.01365303
v 0.00788295 -0.08856791 -0.01365303
v 0.00539195 -0.09556788 -0.01481401
v 0.00539195 -0.08856791 -0.01481401
v -0.00114798 -0.09106791 0.02777206
v -0.00114798 -0.09106791 0.02222800
v 0.00000000 -0.09106791 0.02799999
v 0.00000000 -0.09106791 0.02199995
v 0.00114798 -0.09106791 0.02777206
v 0.00114798 -0.09106791 0.02222800
v 0.00212097 -0.09106791 0.02712106
v 0.00212097 -0.09106791 0.02287900
v 0.00277197 -0.09106791 0.02614796
v 0.00277197 -0.09106791 0.02385199
v 0.00299996 -0.09106791 0.02499997
v -0.00212097 -0.09106791 0.02287900
v -0.00212097 -0.09106791 0.02712106
v -0.00277197 -0.09106791 0.02385199
v -0.00277197 -0.09106791 0.02614796
v -0.00299996 -0.09106791 0.02499997
v -0.01652997 -0.08606791 0.02044904
v -0.01652997 -0.09606790 0.02044904
v -0.01767796 -0.08606791 0.02067804
v -0.01767796 -0.09606790 0.02067804
v -0.01767796 -0.08606791 0.02067804
v -0.01767796 -0.09606790 0.02067804
v -0.01882594 -0.08606791 0.02044904
v -0.01882594 -0.09606790 0.02044904
v -0.01979899 -0.08606791 0.01979899
v -0.01979899 -0.09606790 0.01979899
v -0.02044898 -0.08606791 0.01882600
v -0.02044898 -0.09606790 0.01882600
v -0.02067798 -0.08606791 0.01767802
v -0.02067798 -0.09606790 0.01767802
v -0.02044898 -0.08606791 0.01653003
v -0.02044898 -0.09606790 0.01653003
v -0.01979899 -0.08606791 0.01555597
v -0.01979899 -0.09606790 0.01555597
v -0.01882594 -0.08606791 0.01490604
v -0.01882594 -0.09606790 0.01490604
v -0.01767796 -0.08606791 0.01467800
v -0.01767796 -0.09606790 0.01467800
v -0.01652997 -0.08606791 0.01490604
v -0.01652997 -0.09606790 0.01490604
v -0.01555597 -0.08606791 0.01555597
v -0.01555597 -0.09606790 0.01555597
v -0.01490598 -0.08606791 0.01653003
v -0.01490598 -0.09606790 0.01653003
v -0.01467800 -0.08606791 0.01767802
v -0.01467800 -0.09606790 0.01767802
v -0.01490598 -0.08606791 0.01882600
v -0.01490598 -0.09606790 0.01882600
v -0.01555597 -0.08606791 0.01979899
v -0.01555597 -0.09606790 0.01979899
v 0.01882195 -0.08606791 0.02044904
v 0.01882195 -0.09606790 0.02044904
v 0.01767396 -0.08606791 0.02067804
v 0.01767396 -0.09606790 0.02067804
v 0.01767396 -0.08606791 0.02067804
v 0.01767396 -0.09606790 0.02067804
v 0.01652598 -0.08606791 0.02044904
v 0.01652598 -0.09606790 0.02044904
v 0.01555299 -0.08606791 0.01979899
v 0.01555299 -0.09606790 0.01979899
v 0.01490199 -0.08606791 0.01882600
v 0.01490199 -0.09606790 0.01882600
v 0.01467394 -0.08606791 0.01767802
v 0.01467394 -0.09606790 0.01767802
v 0.01490199 -0.08606791 0.01653003
v 0.01490199 -0.09606790 0.01653003
v 0.01555299 -0.08606791 0.01555597
v 0.01555299 -0.09606790 0.01555597
v 0.01652598 -0.08606791 0.01490604
v 0.01652598 -0.09606790 0.01490604
v 0.01767396 -0.08606791 0.01467800
v 0.01767396 -0.09606790 0.01467800
v 0.01882195 -0.08606791 0.01490604
v 0.01882195 -0.09606790 0.01490604
v 0.01979500 -0.08606791 0.01555597
v 0.01979500 -0.09606790 0.01555597
v 0.02044600 -0.08606791 0.01653003
v 0.02044600 -0.09606790 0.01653003
v 0.02067399 -0.08606791 0.01767802
v 0.02067399 -0.09606790 0.01767802
v 0.02044600 -0.08606791 0.01882600
v 0.02044600 -0.09606790 0.01882600
v 0.01979500 -0.08606791 0.01979899
v 0.01979500 -0.09606790 0.01979899
v 0.01882195 -0.08606791 -0.01490592
v 0.01882195 -0.09606790 -0.01490592
v 0.01767396 -0.08606791 -0.01467800
v 0.01767396 -0.09606790 -0.01467800
v 0.01767396 -0.08606791 -0.01467800
v 0.01767396 -0.09606790 -0.01467800
v 0.01652598 -0.08606791 -0.01490592
v 0.01652598 -0.09606790 -0.01490592
v 0.01555299 -0.08606791 -0.01555597
v 0.01555299 -0.09606790 -0.01555597
v 0.01490199 -0.08606791 -0.01653003
v 0.01490199 -0.09606790 -0.01653003
v 0.01467394 -0.08606791 -0.01767802
v 0.01467394 -0.09606790 -0.01767802
v 0.01490199 -0.08606791 -0.01882600
v 0.01490199 -0.09606790 -0.01882600
v 0.01555299 -0.08606791 -0.01979899
v 0.01555299 -0.09606790 -0.01979899
v 0.01652598 -0.08606791 -0.02044904
v 0.01652598 -0.09606790 -0.02044904
v 0.01767396 -0.08606791 -0.02067804
v 0.01767396 -0.09606790 -0.02067804
v 0.01882195 -0.08606791 -0.02044904
v 0.01882195 -0.09606790 -0.02044904
v 0.01979500 -0.08606791 -0.01979899
v 0.01979500 -0.09606790 -0.01979899
v 0.02044600 -0.08606791 -0.01882600
v 0.02044600 -0.09606790 -0.01882600
v 0.02067399 -0.08606791 -0.01767802
v 0.02067399 -0.09606790 -0.01767802
v 0.02044600 -0.08606791 -0.01653003
v 0.02044600 -0.09606790 -0.01653003
v 0.01979500 -0.08606791 -0.01555597
v 0.01979500 -0.09606790 -0.01555597
v -0.01652997 -0.08606791 -0.01490592
v -0.01652997 -0.09606790 -0.01490592
v -0.01767796 -0.08606791 -0.01467800
v -0.01767796 -0.09606790 -0.01467800
v -0.01767796 -0.08606791 -0.01467800
v -0.01767796 -0.09606790 -0.01467800
v -0.01882594 -0.08606791 -0.01490592
v -0.01882594 -0.09606790 -0.01490592
v -0.01979899 -0.08606791 -0.01555597
v -0.01979899 -0.09606790 -0.01555597
v -0.02044898 -0.08606791 -0.01653003
v -0.02044898 -0.09606790 -0.01653003
v -0.02067798 -0.08606791 -0.01767802
v -0.02067798 -0.09606790 -0.01767802
v -0.02044898 -0.08606791 -0.01882600
v -0.02044898 -0.09606790 -0.01882600
v -0.01979899 -0.08606791 -0.01979899
v -0.01979899 -0.09606790 -0.01979899
v -0.01882594 -0.08606791 -0.02044904
v -0.01882594 -0.09606790 -0.02044904
v -0.01767796 -0.08606791 -0.02067804
v -0.01767796 -0.09606790 -0.02067804
v -0.01652997 -0.08606791 -0.02044904
v -0.01652997 -0.09606790 -0.02044904
v -0.01555597 -0.08606791 -0.01979899
v -0.01555597 -0.09606790 -0.01979899
v -0.01490598 -0.08606791 -0.01882600
v -0.01490598 -0.09606790 -0.01882600
v -0.01467800 -0.08606791 -0.01767802
v -0.01467800 -0.09606790 -0.01767802
v -0.01490598 -0.08606791 -0.01653003
v -0.01490598 -0.09606790 -0.01653003
v -0.01555597 -0.08606791 -0.01555597
v -0.01555597 -0.09606790 -0.01555597
v 0.00273800 -0.08856791 -0.01552498
v 0.00273800 -0.08856791 0.01552498
v 0.00000000 -0.08856791 -0.01576495
v 0.00000000 -0.08856791 0.01576507
v -0.00273800 -0.08856791 -0.01552498
v -0.00273800 -0.08856791 0.01552498
v -0.00539195 -0.08856791 -0.01481401
v -0.00539195 -0.08856791 0.01481401
v -0.00788200 -0.08856791 -0.01365303
v -0.00788200 -0.08856791 0.01365303
v -0.01013398 -0.08856791 -0.01207697
v -0.01013398 -0.08856791 0.01207697
v -0.01207697 -0.08856791 -0.01013398
v -0.01207697 -0.08856791 0.01013398
v -0.01365298 -0.08856791 -0.00788200
v -0.01365298 -0.08856791 0.00788307
v -0.01481395 -0.08856791 -0.00539195
v -0.01481395 -0.08856791 0.00539195
v -0.01552498 -0.08856791 -0.00273800
v -0.01552498 -0.08856791 0.00273800
v -0.01576495 -0.08856791 0.00000000
v 0.00539195 -0.08856791 0.01481401
v 0.00539195 -0.08856791 -0.01481401
v 0.00788295 -0.08856791 0.01365303
v 0.00788295 -0.08856791 -0.01365303
v 0.01013398 -0.08856791 0.01207697
v 0.01013398 -0.08856791 -0.01207697
v 0.01207697 -0.08856791 0.01013398
v 0.01207697 -0.08856791 -0.01013398
v 0.01365298 -0.08856791 0.00788307
v 0.01365298 -0.08856791 -0.00788200
v 0.01481395 -0.08856791 0.00539195
v 0.01481395 -0.08856791 -0.00539195
v 0.01552498 -0.08856791 0.00273800
v 0.01552498 -0.08856791 -0.00273800
v 0.01576495 -0.08856791 0.00000000
v -0.01882594 -0.08606791 0.02044904
v -0.01882594 -0.08606791 0.01490604
v -0.01767796 -0.08606791 0.02067804
v -0.01767796 -0.08606791 0.01467800
v -0.01652997 -0.08606791 0.02044904
v -0.01652997 -0.08606791 0.01490604
v -0.01555597 -0.08606791 0.01979899
v -0.01555597 -0.08606791 0.01555597
v -0.01490598 -0.08606791 0.01882600
v -0.01490598 -0.08606791 0.01653003
v -0.01467800 -0.08606791 0.01767802
v -0.01979899 -0.08606791 0.01555597
v -0.01979899 -0.08606791 0.01979899
v -0.02044898 -0.08606791 0.01653003
v -0.02044898 -0.08606791 0.01882600
v -0.02067798 -0.08606791 0.01767802
v 0.01652598 -0.08606791 0.02044904
v 0.01652598 -0.08606791 0.01490604
v 0.01767396 -0.08606791 0.02067804
v 0.01767396 -0.08606791 0.01467800
v 0.01882195 -0.08606791 0.02044904
v 0.01882195 -0.08606791 0.01490604
v 0.01979500 -0.08606791 0.01979899
v 0.01979500 -0.08606791 0.01555597
v 0.02044600 -0.08606791 0.01882600
v 0.02044600 -0.08606791 0.01653003
v 0.02067399 -0.08606791 0.01767802
v 0.01555299 -0.08606791 0.01555597
v 0.01555299 -0.08606791 0.01979899
v 0.01490199 -0.08606791 0.01653003
v 0.01490199 -0.08606791 0.01882600
v 0.01467394 -0.08606791 0.01767802
v 0.01652598 -0.08606791 -0.01490592
v 0.01652598 -0.08606791 -0.02044904
v 0.01767396 -0.08606791 -0.01467800
v 0.01767396 -0.08606791 -0.02067804
v 0.01882195 -0.08606791 -0.01490592
v 0.01882195 -0.08606791 -0.02044904
v 0.01979500 -0.08606791 -0.01555597
v 0.01979500 -0.08606791 -0.01979899
v 0.02044600 -0.08606791 -0.01653003
v 0.02044600 -0.08606791 -0.01882600
v 0.02067399 -0.08606791 -0.01767802
v 0.01555299 -0.08606791 -0.01979899
v 0.01555299 -0.08606791 -0.01555597
v 0.01490199 -0.08606791 -0.01882600
v 0.01490199 -0.08606791 -0.01653003
v 0.01467394 -0.08606791 -0.01767802
v -0.01882594 -0.08606791 -0.01490592
v -0.01882594 -0.08606791 -0.02044904
v -0.01767796 -0.08606791 -0.01467800
v -0.01767796 -0.08606791 -0.02067804
v -0.01652997 -0.08606791 -0.01490592
v -0.01652997 -0.08606791 -0.02044904
v -0.01555597 -0.08606791 -0.01555597
v -0.01555597 -0.08606791 -0.01979899
v -0.01490598 -0.08606791 -0.01653003
v -0.01490598 -0.08606791 -0.01882600
v -0.01467800 -0.08606791 -0.01767802
v -0.01979899 -0.08606791 -0.01979899
v -0.01979899 -0.08606791 -0.01555597
v -0.02044898 -0.08606791 -0.01882600
v -0.02044898 -0.08606791 -0.01653003
v -0.02067798 -0.08606791 -0.01767802
v -0.00050000 -0.06456786 0.03913199
v -0.00050000 -0.06206786 0.03881406
v -0.00214297 -0.07110589 0.03991103
v -0.00482500 -0.06206786 0.03851604
v -0.00419098 -0.07110589 0.03974807
v -0.00622797 -0.07110589 0.03947997
v -0.00741297 -0.07127088 0.03929603
v -0.00908995 -0.06206786 0.03773796
v -0.00852799 -0.07171690 0.03912806
v -0.00966298 -0.07256686 0.03897404
v -0.01052695 -0.07372188 0.03890299
v -0.01324099 -0.06206786 0.03648900
v -0.01104694 -0.07516390 0.03894901
v -0.01329696 -0.07873392 0.03872001
v -0.01113599 -0.07639491 0.03908705
v -0.01089596 -0.07769888 0.03932702
v -0.01042395 -0.07873392 0.03959095
v -0.01609200 -0.07873392 0.03764402
v -0.01722699 -0.06206786 0.03478503
v -0.01879698 -0.07873392 0.03637003
v -0.02139794 -0.07873392 0.03490304
v -0.02099800 -0.06206786 0.03264701
v -0.02423399 -0.07873392 0.03299605
v -0.02450799 -0.06206786 0.03010201
v -0.02690696 -0.07873392 0.03085601
v -0.02771198 -0.06206786 0.02718102
v -0.02937799 -0.07873392 0.02851402
v -0.03163897 -0.07873392 0.02598202
v -0.03056997 -0.06206786 0.02392196
v -0.03369396 -0.07873392 0.02325403
v -0.03304696 -0.06206786 0.02036404
v -0.03552097 -0.07873392 0.02035605
v -0.03511095 -0.06206786 0.01655197
v -0.03709000 -0.07873392 0.01733398
v -0.03839796 -0.07873392 0.01420199
v -0.03673797 -0.06206786 0.01253402
v -0.03944694 -0.07873392 0.01095306
v -0.03790599 -0.06206786 0.00835896
v -0.04022598 -0.07873392 0.00761497
v -0.03860199 -0.06206786 0.00408006
v -0.04072099 -0.07873392 0.00422907
v -0.04093199 -0.07873392 0.00081098
v -0.04093998 -0.07873392 0.00000000
v -0.04093998 -0.07873392 0.00000000
v -0.03860199 -0.06206786 0.00408006
v -0.03881597 -0.06206786 -0.00024998
v -0.04077798 -0.07873392 -0.00363994
v -0.03854596 -0.06206786 -0.00457704
v -0.04028397 -0.07873392 -0.00729799
v -0.03779596 -0.06206786 -0.00884604
v -0.03946495 -0.07873392 -0.01089000
v -0.03657299 -0.06206792 -0.01300597
v -0.03873795 -0.07873392 -0.01324498
v -0.03756797 -0.07873392 -0.01627099
v -0.03489500 -0.06206792 -0.01700294
v -0.03689199 -0.07873392 -0.01775097
v -0.03536397 -0.07873392 -0.02062797
v -0.03278195 -0.06206792 -0.02078795
v -0.03451496 -0.07873392 -0.02201902
v -0.03265899 -0.07873392 -0.02468800
v -0.03025895 -0.06206792 -0.02431392
v -0.03042095 -0.07873392 -0.02739894
v -0.02735894 -0.06206792 -0.02753603
v -0.02805000 -0.07873392 -0.02982103
v -0.02411800 -0.06206792 -0.03041493
v -0.02551996 -0.07873392 -0.03201293
v -0.02278697 -0.07873392 -0.03401196
v -0.02057600 -0.06206792 -0.03291499
v -0.02122098 -0.07873392 -0.03501093
v -0.01677799 -0.06206792 -0.03500401
v -0.01799994 -0.07873392 -0.03677093
v -0.01464200 -0.07873392 -0.03823196
v -0.01276999 -0.06206792 -0.03665602
v -0.01127195 -0.07726287 -0.03916299
v -0.01126199 -0.07698988 -0.03912997
v -0.01116698 -0.07608491 -0.03903901
v -0.01090997 -0.07494992 -0.03896403
v -0.01061600 -0.07411289 -0.03893494
v -0.00987297 -0.07267689 -0.03893899
v -0.00860298 -0.06206792 -0.03785192
v -0.00902796 -0.07155090 -0.03899395
v -0.00861597 -0.07111591 -0.03902995
v -0.00831300 -0.07082992 -0.03905797
v -0.00801200 -0.07057189 -0.03908693
v -0.00760299 -0.07025289 -0.03912794
v -0.00708097 -0.06989789 -0.03917896
v -0.00666595 -0.06964993 -0.03921997
v -0.00432795 -0.06206792 -0.03857493
v -0.00524795 -0.06900191 -0.03935194
v -0.00332499 -0.06852889 -0.03949999
v -0.00177699 -0.06844592 -0.03959000
v 0.00000000 -0.06206792 -0.03881692
v 0.00000200 -0.06867289 -0.03965795
v 0.00084900 -0.06890588 -0.03967893
v 0.00149798 -0.06914192 -0.03969001
v 0.00230098 -0.06951290 -0.03969895
v 0.00432795 -0.06206792 -0.03857493
v 0.00316095 -0.07001888 -0.03970396
v 0.00447798 -0.07108092 -0.03971302
v 0.00543195 -0.07218188 -0.03973603
v 0.00628996 -0.07361590 -0.03979396
v 0.00665498 -0.07448887 -0.03984701
v 0.00673598 -0.07472288 -0.03986394
v 0.00860298 -0.06206792 -0.03785192
v 0.00690198 -0.07529389 -0.03990995
v 0.00698197 -0.07563489 -0.03993999
v 0.00705898 -0.07603889 -0.03997898
v 0.01035499 -0.07873392 -0.03961098
v 0.00711000 -0.07639193 -0.04001498
v 0.00714499 -0.07673192 -0.04005300
v 0.00717497 -0.07744091 -0.04013895
v 0.00707799 -0.07873392 -0.04032397
v 0.01276999 -0.06206792 -0.03665602
v 0.01354295 -0.07873392 -0.03863799
v 0.01663500 -0.07873392 -0.03740894
v 0.01677799 -0.06206792 -0.03500401
v 0.01962399 -0.07873392 -0.03593003
v 0.02057600 -0.06206792 -0.03291499
v 0.02266895 -0.07873392 -0.03409004
v 0.02411800 -0.06206792 -0.03041493
v 0.02553695 -0.07873392 -0.03199994
v 0.02819597 -0.07873392 -0.02968299
v 0.02735894 -0.06206792 -0.02753603
v 0.03065299 -0.07873392 -0.02713799
v 0.03025895 -0.06206792 -0.02431392
v 0.03289300 -0.07873392 -0.02437400
v 0.03278100 -0.06206792 -0.02078795
v 0.03487998 -0.07873392 -0.02143597
v 0.03489500 -0.06206792 -0.01700294
v 0.03659498 -0.07873392 -0.01835501
v 0.03804397 -0.07873392 -0.01512503
v 0.03657299 -0.06206792 -0.01300597
v 0.03921198 -0.07873392 -0.01176297
v 0.03779596 -0.06206786 -0.00884604
v 0.04008495 -0.07873392 -0.00830603
v 0.03854596 -0.06206786 -0.00457704
v 0.04065698 -0.07873392 -0.00478899
v 0.04092097 -0.07873392 -0.00124598
v 0.03881597 -0.06206786 -0.00024998
v 0.04087597 -0.07873392 0.00229001
v 0.03860199 -0.06206786 0.00408006
v 0.04052597 -0.07873392 0.00581098
v 0.03790599 -0.06206786 0.00835896
v 0.03986698 -0.07873392 0.00930703
v 0.03891199 -0.07873392 0.01272702
v 0.03673797 -0.06206786 0.01253402
v 0.03767198 -0.07873392 0.01603007
v 0.03511095 -0.06206786 0.01655197
v 0.03614896 -0.07873392 0.01921904
v 0.03304696 -0.06206786 0.02036404
v 0.03434300 -0.07873392 0.02228403
v 0.03056997 -0.06206786 0.02392196
v 0.03228396 -0.07873392 0.02517604
v 0.02999800 -0.07873392 0.02786099
v 0.02771198 -0.06206786 0.02718102
v 0.02748095 -0.07873392 0.03034603
v 0.02450799 -0.06206786 0.03010201
v 0.02474296 -0.07873392 0.03261697
v 0.02099895 -0.06206786 0.03264701
v 0.02182698 -0.07873392 0.03463697
v 0.01913195 -0.07873392 0.03619396
v 0.01722699 -0.06206786 0.03478503
v 0.01632100 -0.07873392 0.03754401
v 0.01324099 -0.06206786 0.03648900
v 0.01341295 -0.07873392 0.03867900
v 0.01341295 -0.07873392 0.03867900
v 0.01104694 -0.07516390 0.03894901
v 0.01113599 -0.07639491 0.03908705
v 0.00908995 -0.06206786 0.03773796
v 0.01052600 -0.07371991 0.03890299
v 0.00966197 -0.07256591 0.03897500
v 0.00852799 -0.07171690 0.03912806
v 0.00741297 -0.07127088 0.03929603
v 0.00482500 -0.06206786 0.03851604
v 0.00622797 -0.07110589 0.03947997
v 0.00413096 -0.07110589 0.03975403
v 0.00202399 -0.07110589 0.03991699
v 0.00050000 -0.06206786 0.03881406
v 0.00050000 -0.06456786 0.03913199
v 0.00046200 -0.06475889 0.03915703
v -0.00009000 -0.07110589 0.03996801
v 0.00035400 -0.06492090 0.03917896
v 0.00019200 -0.06502890 0.03919398
v 0.00000000 -0.06506788 0.03919899
v -0.00019200 -0.06502890 0.03919398
v -0.00035400 -0.06492090 0.03917896
v -0.00046200 -0.06475889 0.03915703
v 0.01089596 -0.07769888 0.03932702
v 0.01042395 -0.07873392 0.03959000
v -0.01127398 -0.07744091 -0.03918600
v -0.01117795 -0.07873392 -0.03938496
v 0.00673598 -0.07472288 -0.03986394
v 0.00690198 -0.07529389 -0.03990995
v 0.00659299 -0.07577389 -0.03993797
v 0.00698197 -0.07563489 -0.03993999
v 0.00659299 -0.07577389 -0.03993797
v 0.00698197 -0.07563489 -0.03993999
v 0.00705898 -0.07603889 -0.03997898
v 0.00711000 -0.07639193 -0.04001498
v 0.00714499 -0.07673192 -0.04005300
v 0.00660396 -0.07744991 -0.04007399
v 0.00717497 -0.07744091 -0.04013895
v 0.00619197 -0.07587188 -0.03973698
v 0.00616497 -0.07749688 -0.03970801
v 0.00592500 -0.07595992 -0.03937304
v 0.00599998 -0.07756793 -0.03916299
v 0.00599098 -0.07718193 -0.03910899
v 0.00599599 -0.07731091 -0.03912603
v 0.00599897 -0.07743889 -0.03914403
v 0.00598300 -0.07705390 -0.03909194
v 0.00594395 -0.07662892 -0.03903901
v 0.00588298 -0.07620590 -0.03899097
v 0.00579798 -0.07578593 -0.03894698
v 0.00579798 -0.07578593 -0.03894698
v 0.00569195 -0.07536989 -0.03890895
v 0.00546497 -0.07445788 -0.03924202
v 0.00517595 -0.07403188 -0.03881001
v 0.00471896 -0.07306891 -0.03916597
v 0.00434798 -0.07269889 -0.03874802
v 0.00371599 -0.07185089 -0.03912997
v 0.00327897 -0.07155692 -0.03872203
v 0.00248897 -0.07084792 -0.03911197
v 0.00242996 -0.07090592 -0.03871393
v 0.00108796 -0.07009989 -0.03909194
v 0.00106198 -0.07017689 -0.03869700
v -0.00036700 -0.06973588 -0.03865993
v -0.00043500 -0.06964093 -0.03905093
v -0.00166500 -0.06957489 -0.03860402
v -0.00202096 -0.06948691 -0.03897893
v -0.00304496 -0.06963592 -0.03851604
v -0.00360197 -0.06964588 -0.03887200
v -0.00423098 -0.06988489 -0.03841793
v -0.00512195 -0.07010990 -0.03874099
v -0.00566095 -0.07045388 -0.03827798
v -0.00651497 -0.07085788 -0.03860199
v -0.00684595 -0.07120293 -0.03814995
v -0.00773698 -0.07186192 -0.03848004
v -0.00796795 -0.07223993 -0.03803503
v -0.00873595 -0.07307988 -0.03840494
v -0.00865197 -0.07312393 -0.03798401
v -0.00947499 -0.07445591 -0.03839802
v -0.00939000 -0.07450389 -0.03797495
v -0.00993299 -0.07594990 -0.03847599
v -0.00984496 -0.07600092 -0.03805303
v -0.00999999 -0.07756793 -0.03823196
v -0.01018399 -0.07749187 -0.03880500
v -0.01023197 -0.07586091 -0.03885293
v -0.00975895 -0.07432889 -0.03877496
v -0.01017194 -0.07415592 -0.03896200
v -0.00936597 -0.07267892 -0.03896903
v -0.00987297 -0.07267689 -0.03893899
v -0.00902796 -0.07155090 -0.03899395
v -0.01066797 -0.07744389 -0.03916800
v -0.01067095 -0.07575988 -0.03903794
v -0.01061600 -0.07411289 -0.03893494
v -0.01127398 -0.07744091 -0.03918600
v -0.01127195 -0.07726287 -0.03916299
v -0.01126199 -0.07698988 -0.03912997
v -0.01126199 -0.07698988 -0.03912997
v -0.01116698 -0.07608491 -0.03903901
v -0.01090997 -0.07494992 -0.03896403
v -0.00827396 -0.07137489 -0.03904592
v -0.00861597 -0.07111591 -0.03902995
v -0.00831300 -0.07082992 -0.03905797
v -0.00801200 -0.07057189 -0.03908693
v -0.00760299 -0.07025289 -0.03912794
v -0.00694096 -0.07030087 -0.03916800
v -0.00708097 -0.06989789 -0.03917896
v -0.00666595 -0.06964993 -0.03921997
v -0.00542295 -0.06950390 -0.03930699
v -0.00524795 -0.06900191 -0.03935194
v -0.00376898 -0.06900990 -0.03943896
v -0.00332499 -0.06852889 -0.03949999
v -0.00204998 -0.06884092 -0.03954601
v -0.00177699 -0.06844592 -0.03959000
v -0.00032700 -0.06900691 -0.03961801
v 0.00000200 -0.06867289 -0.03965795
v -0.00032700 -0.06900691 -0.03961801
v 0.00084900 -0.06890588 -0.03967893
v 0.00132895 -0.06949692 -0.03965997
v 0.00149798 -0.06914192 -0.03969001
v 0.00230098 -0.06951290 -0.03969895
v 0.00285298 -0.07029688 -0.03968000
v 0.00316095 -0.07001888 -0.03970396
v 0.00418895 -0.07136988 -0.03969800
v 0.00447798 -0.07108092 -0.03971302
v 0.00543195 -0.07218188 -0.03973603
v 0.00528097 -0.07267493 -0.03973400
v 0.00628996 -0.07361590 -0.03979396
v 0.00609297 -0.07416290 -0.03980898
v 0.00665498 -0.07448887 -0.03984701
v 0.00571597 -0.07433187 -0.03960800
v 0.00494295 -0.07290691 -0.03953099
v 0.00390595 -0.07165592 -0.03949296
v 0.00390595 -0.07165592 -0.03949296
v 0.00263399 -0.07062590 -0.03947198
v 0.00118297 -0.06985688 -0.03944993
v -0.00039600 -0.06938588 -0.03940796
v -0.00203895 -0.06922793 -0.03933501
v -0.00367796 -0.06939291 -0.03923094
v -0.00367796 -0.06939291 -0.03923094
v -0.00367796 -0.06939291 -0.03923094
v -0.00525397 -0.06986993 -0.03910303
v -0.00669700 -0.07063889 -0.03896903
v -0.00796098 -0.07167088 -0.03885197
v -0.00899500 -0.07291889 -0.03877997
v 0.00576794 -0.07565289 -0.03199994
v 0.00594395 -0.07662892 -0.03903901
v 0.00599998 -0.07756793 -0.03199994
v 0.00598300 -0.07705390 -0.03909194
v 0.00599098 -0.07718193 -0.03910899
v 0.00508398 -0.07384991 -0.03199994
v 0.00569195 -0.07536989 -0.03890895
v 0.00579798 -0.07578593 -0.03894698
v 0.00588298 -0.07620590 -0.03899097
v 0.00398797 -0.07226288 -0.03199994
v 0.00434798 -0.07269889 -0.03874802
v 0.00517595 -0.07403188 -0.03881001
v 0.00327897 -0.07155692 -0.03872203
v 0.00254500 -0.07098388 -0.03199994
v 0.00242996 -0.07090592 -0.03871393
v 0.00106198 -0.07017689 -0.03869700
v 0.00083700 -0.07008790 -0.03199994
v -0.00036700 -0.06973588 -0.03865993
v -0.00103599 -0.06962591 -0.03199994
v -0.00166500 -0.06957489 -0.03860402
v -0.00296396 -0.06962591 -0.03199994
v -0.00304496 -0.06963592 -0.03851604
v -0.00423098 -0.06988489 -0.03841793
v -0.00483698 -0.07008790 -0.03199994
v -0.00566095 -0.07045388 -0.03827798
v -0.00654495 -0.07098388 -0.03199994
v -0.00684595 -0.07120293 -0.03814995
v -0.00798798 -0.07226288 -0.03199994
v -0.00796795 -0.07223993 -0.03803503
v -0.00865197 -0.07312393 -0.03798401
v -0.00908399 -0.07384991 -0.03199994
v -0.00939000 -0.07450389 -0.03797495
v -0.00976795 -0.07565289 -0.03199994
v -0.00984496 -0.07600092 -0.03805303
v -0.00999999 -0.07756793 -0.03199994
v -0.00999999 -0.07756793 -0.03823196
v -0.00991696 -0.07871693 -0.03842997
v -0.00976795 -0.07948189 -0.03199994
v -0.00977999 -0.07942992 -0.03840994
v -0.00948298 -0.08039289 -0.03818202
v -0.00908399 -0.08128589 -0.03199994
v -0.00906294 -0.08131891 -0.03800094
v -0.00852799 -0.08218890 -0.03786504
v -0.00798798 -0.08287292 -0.03199994
v -0.00788695 -0.08298492 -0.03777301
v -0.00714499 -0.08369189 -0.03772103
v -0.00654495 -0.08415192 -0.03199994
v -0.00631499 -0.08430188 -0.03770196
v -0.00541299 -0.08480191 -0.03771102
v -0.00483698 -0.08504790 -0.03199994
v -0.00445598 -0.08518087 -0.03773903
v -0.00341898 -0.08544093 -0.03782999
v -0.00296396 -0.08550888 -0.03199994
v -0.00235695 -0.08555990 -0.03793597
v -0.00103599 -0.08550888 -0.03199994
v -0.00143999 -0.08554792 -0.03798198
v -0.00022200 -0.08536791 -0.03800201
v 0.00083700 -0.08504790 -0.03199994
v -0.00022200 -0.08536791 -0.03800201
v 0.00045600 -0.08518087 -0.03803098
v 0.00083700 -0.08504790 -0.03199994
v 0.00122398 -0.08488792 -0.03809797
v 0.00254500 -0.08415192 -0.03199994
v 0.00232697 -0.08429390 -0.03821897
v 0.00328594 -0.08357089 -0.03835999
v 0.00398797 -0.08287292 -0.03199994
v 0.00389099 -0.08297991 -0.03847599
v 0.00439197 -0.08237588 -0.03859996
v 0.00508398 -0.08128589 -0.03199994
v 0.00506097 -0.08132290 -0.03883099
v 0.00551796 -0.08029788 -0.03907895
v 0.00576794 -0.07948189 -0.03199994
v 0.00577998 -0.07942992 -0.03931093
v 0.00591695 -0.07871693 -0.03934693
v 0.00599998 -0.07756793 -0.03199994
v 0.00599998 -0.07756793 -0.03916299
v 0.00599998 -0.07756793 -0.03916299
v 0.00599897 -0.07743889 -0.03914403
v 0.00599599 -0.07731091 -0.03912603
v 0.02682495 -0.09656792 -0.01446104
v 0.02103996 -0.09656792 -0.01671993
v 0.02480095 -0.09656792 -0.01770901
v 0.02115899 -0.09656792 -0.01800096
v 0.02238595 -0.09656792 -0.02067804
v 0.02080696 -0.09656792 -0.01923799
v 0.02003198 -0.09656792 -0.02026402
v 0.02842599 -0.09656786 -0.01098501
v 0.01951700 -0.09656792 -0.01470196
v 0.02046698 -0.09656792 -0.01556801
v 0.01555597 -0.09656786 -0.00625098
v 0.02957898 -0.09656786 -0.00733602
v 0.01638895 -0.09656786 -0.00353193
v 0.03026497 -0.09656786 -0.00357103
v 0.01674997 -0.09656786 -0.00071204
v 0.03047394 -0.09656786 0.00025105
v 0.01662898 -0.09656786 0.00212896
v 0.03020197 -0.09656786 0.00406802
v 0.02945399 -0.09656786 0.00782096
v 0.01602995 -0.09656786 0.00490904
v 0.02824199 -0.09656786 0.01145100
v 0.01893800 -0.09656786 0.01441407
v 0.02003198 -0.09656786 0.01509106
v 0.02658396 -0.09656786 0.01490104
v 0.02080696 -0.09656786 0.01611804
v 0.02450698 -0.09656786 0.01811504
v 0.02115899 -0.09656786 0.01735496
v 0.02103996 -0.09656786 0.01863503
v 0.02204298 -0.09656786 0.02104401
v 0.02046698 -0.09656786 0.01978707
v 0.01951700 -0.09656786 0.02065300
v 0.01923197 -0.09656786 0.02364003
v 0.01831698 -0.09656786 0.02111804
v 0.01703095 -0.09656786 0.02111804
v 0.01611697 -0.09656786 0.02586400
v 0.01583194 -0.09656786 0.02065300
v 0.01274800 -0.09656786 0.02768003
v 0.01488095 -0.09656786 0.01978707
v 0.00277197 -0.09656786 0.02385199
v 0.01430797 -0.09656786 0.01863503
v 0.00690597 -0.09656786 0.01527702
v 0.01418900 -0.09656786 0.01735496
v 0.00938797 -0.09656786 0.01389002
v 0.01454097 -0.09656786 0.01611804
v 0.01159995 -0.09656786 0.01210403
v 0.01531594 -0.09656786 0.01509106
v 0.01347899 -0.09656786 0.00996900
v 0.01640999 -0.09656786 0.01441407
v 0.01767396 -0.09656786 0.01417803
v 0.01497000 -0.09656786 0.00754797
v 0.00917798 -0.09656786 0.02906000
v 0.00299996 -0.09656786 0.02499997
v 0.00277197 -0.09656786 0.02614796
v 0.00546396 -0.09656786 0.02998101
v 0.00212097 -0.09656786 0.02712106
v 0.00166297 -0.09656786 0.03042995
v 0.00114798 -0.09656786 0.02777206
v 0.00000000 -0.09656786 0.02799999
v -0.00216395 -0.09656786 0.03039801
v -0.00114798 -0.09656786 0.02777206
v -0.00212097 -0.09656786 0.02712106
v -0.00595695 -0.09656786 0.02988696
v -0.00277197 -0.09656786 0.02614796
v -0.00299996 -0.09656786 0.02499997
v -0.00965500 -0.09656786 0.02890503
v -0.00277197 -0.09656786 0.02385199
v -0.01320195 -0.09656786 0.02746701
v -0.01488494 -0.09656786 0.01978707
v -0.01583498 -0.09656786 0.02065300
v -0.01653999 -0.09656786 0.02559602
v -0.01703494 -0.09656786 0.02111804
v -0.01961797 -0.09656786 0.02332103
v -0.01832097 -0.09656786 0.02111804
v -0.01951998 -0.09656786 0.02065300
v -0.02238595 -0.09656786 0.02067804
v -0.02047097 -0.09656786 0.01978707
v -0.02104395 -0.09656786 0.01863503
v -0.02480095 -0.09656786 0.01770901
v -0.02116298 -0.09656786 0.01735496
v -0.02081096 -0.09656786 0.01611804
v -0.02682495 -0.09656786 0.01446104
v -0.02003598 -0.09656786 0.01509106
v -0.02842599 -0.09656786 0.01098501
v -0.01894199 -0.09656786 0.01441407
v -0.01602995 -0.09656786 0.00490904
v -0.01497000 -0.09656786 0.00754797
v -0.02957898 -0.09656786 0.00733602
v -0.01662898 -0.09656786 0.00212896
v -0.03026497 -0.09656786 0.00357103
v -0.03047394 -0.09656786 -0.00025094
v -0.01674997 -0.09656786 -0.00071204
v -0.03020197 -0.09656786 -0.00406802
v -0.01638895 -0.09656786 -0.00353193
v -0.02945399 -0.09656786 -0.00782096
v -0.01555597 -0.09656786 -0.00625098
v -0.02824199 -0.09656792 -0.01145100
v -0.01951998 -0.09656792 -0.01470196
v -0.02658396 -0.09656792 -0.01490104
v -0.02047097 -0.09656792 -0.01556801
v -0.02104395 -0.09656792 -0.01671993
v -0.02450698 -0.09656792 -0.01811504
v -0.02116298 -0.09656792 -0.01800096
v -0.02081096 -0.09656792 -0.01923799
v -0.02204298 -0.09656792 -0.02104401
v -0.02003598 -0.09656792 -0.02026402
v -0.01923197 -0.09656792 -0.02364003
v -0.01894199 -0.09656792 -0.02094101
v -0.01767796 -0.09656792 -0.02117800
v -0.01611697 -0.09656792 -0.02586400
v -0.01641297 -0.09656792 -0.02094101
v -0.01532000 -0.09656792 -0.02026402
v -0.01274800 -0.09656792 -0.02768003
v -0.01454496 -0.09656792 -0.01923799
v -0.00558496 -0.09656792 -0.01580703
v -0.01419299 -0.09656792 -0.01800096
v -0.00817597 -0.09656792 -0.01463603
v -0.01431095 -0.09656792 -0.01671993
v -0.01053196 -0.09656792 -0.01304399
v -0.01488494 -0.09656792 -0.01556801
v -0.01258498 -0.09656786 -0.01107597
v -0.01583498 -0.09656792 -0.01470196
v -0.01703494 -0.09656792 -0.01423692
v -0.01427596 -0.09656786 -0.00879002
v -0.01832097 -0.09656792 -0.01423692
v -0.00917798 -0.09656792 -0.02906000
v -0.00283295 -0.09656792 -0.01652395
v -0.00546396 -0.09656792 -0.02998101
v -0.00166297 -0.09656792 -0.03042995
v 0.00000000 -0.09656792 -0.01676499
v 0.00216395 -0.09656792 -0.03039801
v 0.00283295 -0.09656792 -0.01652395
v 0.00595695 -0.09656792 -0.02988696
v 0.00558496 -0.09656792 -0.01580703
v 0.00965500 -0.09656792 -0.02890503
v 0.01454097 -0.09656792 -0.01923799
v 0.01320195 -0.09656792 -0.02746701
v 0.01531594 -0.09656792 -0.02026402
v 0.01653999 -0.09656792 -0.02559602
v 0.01640999 -0.09656792 -0.02094101
v 0.01767396 -0.09656792 -0.02117800
v 0.01961797 -0.09656792 -0.02332103
v 0.01893800 -0.09656792 -0.02094101
v 0.01418900 -0.09656792 -0.01800096
v 0.00817597 -0.09656792 -0.01463603
v 0.01430797 -0.09656792 -0.01671993
v 0.01053196 -0.09656792 -0.01304399
v 0.01488095 -0.09656792 -0.01556801
v 0.01258498 -0.09656786 -0.01107597
v 0.01583194 -0.09656792 -0.01470196
v 0.01703095 -0.09656792 -0.01423692
v 0.01427596 -0.09656786 -0.00879002
v 0.01831698 -0.09656792 -0.01423692
v -0.01767796 -0.09656786 0.01417803
v -0.01347899 -0.09656786 0.00996900
v -0.01641297 -0.09656786 0.01441407
v -0.01532000 -0.09656786 0.01509106
v -0.01159995 -0.09656786 0.01210403
v -0.01454496 -0.09656786 0.01611804
v -0.00938797 -0.09656786 0.01389002
v -0.01419299 -0.09656786 0.01735496
v -0.00690597 -0.09656786 0.01527702
v -0.01431095 -0.09656786 0.01863503
v 0.00422394 -0.09656786 0.01622402
v 0.00212097 -0.09656786 0.02287900
v 0.00114798 -0.09656786 0.02222800
v 0.00142199 -0.09656786 0.01670503
v 0.00000000 -0.09656786 0.02199995
v -0.00142199 -0.09656786 0.01670503
v -0.00114798 -0.09656786 0.02222800
v -0.00422394 -0.09656786 0.01622402
v -0.00212097 -0.09656786 0.02287900
v -0.00414997 -0.06056791 -0.03550803
v -0.00414997 -0.06056791 0.03550803
v 0.00000000 -0.06056791 -0.03575003
v 0.00000000 -0.06056791 0.03575003
v 0.00414997 -0.06056791 -0.03550803
v 0.00414997 -0.06056791 0.03550803
v 0.00824499 -0.06056791 -0.03478598
v 0.00824499 -0.06056791 0.03478598
v 0.01222699 -0.06056791 -0.03359401
v 0.01222699 -0.06056791 0.03359401
v 0.01604497 -0.06056791 -0.03194701
v 0.01604497 -0.06056791 0.03194701
v 0.01964497 -0.06056791 -0.02986896
v 0.01964497 -0.06056791 0.02986896
v 0.02297997 -0.06056791 -0.02738595
v 0.02297997 -0.06056791 0.02738606
v 0.02600395 -0.06056791 -0.02453303
v 0.02600395 -0.06056791 0.02453303
v 0.02867597 -0.06056791 -0.02134799
v 0.02867597 -0.06056791 0.02134799
v 0.03095996 -0.06056791 -0.01787495
v 0.03095996 -0.06056791 0.01787495
v 0.03282594 -0.06056791 -0.01416003
v 0.03282594 -0.06056791 0.01416003
v 0.03424799 -0.06056791 -0.01025295
v 0.03424799 -0.06056791 0.01025307
v 0.03520697 -0.06056791 -0.00620794
v 0.03520697 -0.06056791 0.00620806
v 0.03568994 -0.06056791 -0.00207901
v 0.03568994 -0.06056791 0.00207901
v -0.00824499 -0.06056791 0.03478598
v -0.00824499 -0.06056791 -0.03478598
v -0.01222699 -0.06056791 0.03359401
v -0.01222699 -0.06056791 -0.03359401
v -0.01604497 -0.06056791 0.03194701
v -0.01604497 -0.06056791 -0.03194701
v -0.01964497 -0.06056791 0.02986896
v -0.01964497 -0.06056791 -0.02986896
v -0.02297997 -0.06056791 0.02738606
v -0.02297997 -0.06056791 -0.02738595
v -0.02600395 -0.06056791 0.02453303
v -0.02600395 -0.06056791 -0.02453303
v -0.02867597 -0.06056791 0.02134799
v -0.02867597 -0.06056791 -0.02134799
v -0.03095996 -0.06056791 0.01787495
v -0.03095996 -0.06056791 -0.01787495
v -0.03282594 -0.06056791 0.01416003
v -0.03282594 -0.06056791 -0.01416003
v -0.03424799 -0.06056791 0.01025307
v -0.03424799 -0.06056791 -0.01025295
v -0.03520697 -0.06056791 0.00620806
v -0.03520697 -0.06056791 -0.00620794
v -0.03568994 -0.06056791 0.00207901
v -0.03568994 -0.06056791 -0.00207901
v 0.00576794 -0.07948189 -0.03199994
v 0.00499797 -0.07771891 -0.03199994
v 0.00599998 -0.07756793 -0.03199994
v 0.00479895 -0.07590287 -0.03199994
v 0.00576794 -0.07565289 -0.03199994
v 0.00508398 -0.07384991 -0.03199994
v 0.00413698 -0.07419991 -0.03199994
v 0.00398797 -0.07226288 -0.03199994
v 0.00305599 -0.07272589 -0.03199994
v 0.00254500 -0.07098388 -0.03199994
v 0.00163096 -0.07158291 -0.03199994
v 0.00083700 -0.07008790 -0.03199994
v -0.00004200 -0.07084691 -0.03199994
v -0.00103599 -0.06962591 -0.03199994
v -0.00184798 -0.07056891 -0.03199994
v -0.00296396 -0.06962591 -0.03199994
v -0.00366497 -0.07076889 -0.03199994
v -0.00483698 -0.07008790 -0.03199994
v -0.00536799 -0.07143092 -0.03199994
v -0.00654495 -0.07098388 -0.03199994
v -0.00684094 -0.07251191 -0.03199994
v -0.00798798 -0.07226288 -0.03199994
v -0.00798499 -0.07393687 -0.03199994
v -0.00908399 -0.07384991 -0.03199994
v -0.00872099 -0.07560992 -0.03199994
v -0.00976795 -0.07565289 -0.03199994
v -0.00899798 -0.07741588 -0.03199994
v -0.00999999 -0.07756793 -0.03199994
v -0.00879896 -0.07923293 -0.03199994
v -0.00976795 -0.07948189 -0.03199994
v -0.00908399 -0.08128589 -0.03199994
v -0.00813699 -0.08093589 -0.03199994
v -0.00798798 -0.08287292 -0.03199994
v -0.00705600 -0.08240890 -0.03199994
v -0.00654495 -0.08415192 -0.03199994
v -0.00562996 -0.08355289 -0.03199994
v -0.00483698 -0.08504790 -0.03199994
v -0.00395799 -0.08428788 -0.03199994
v -0.00296396 -0.08550888 -0.03199994
v -0.00215197 -0.08456587 -0.03199994
v -0.00103599 -0.08550888 -0.03199994
v -0.00033500 -0.08436691 -0.03199994
v 0.00083700 -0.08504790 -0.03199994
v 0.00136799 -0.08370393 -0.03199994
v 0.00254500 -0.08415192 -0.03199994
v 0.00284100 -0.08262389 -0.03199994
v 0.00398797 -0.08287292 -0.03199994
v 0.00398499 -0.08119791 -0.03199994
v 0.00508398 -0.08128589 -0.03199994
v 0.00472098 -0.07952588 -0.03199994
v -0.00395799 -0.08428788 -0.04219996
v -0.00395799 -0.08428788 -0.03349995
v -0.00562996 -0.08355289 -0.04219996
v -0.00562996 -0.08355289 -0.03349995
v -0.00705600 -0.08240890 -0.04219996
v -0.00562996 -0.08355289 -0.03349995
v -0.00705600 -0.08240890 -0.03349995
v -0.00813699 -0.08093589 -0.04219996
v -0.00813699 -0.08093589 -0.03349995
v -0.00879896 -0.07923293 -0.04219996
v -0.00879896 -0.07923293 -0.03349995
v -0.00899798 -0.07741588 -0.04219996
v -0.00899798 -0.07741588 -0.03349995
v -0.00872099 -0.07560992 -0.04219996
v -0.00872099 -0.07560992 -0.03349995
v -0.00798499 -0.07393687 -0.04219996
v -0.00798499 -0.07393687 -0.03349995
v -0.00798499 -0.07393687 -0.04219996
v -0.00798499 -0.07393687 -0.03349995
v -0.00684094 -0.07251191 -0.04219996
v -0.00684094 -0.07251191 -0.03349995
v -0.00536799 -0.07143092 -0.04219996
v -0.00536799 -0.07143092 -0.03349995
v -0.00366497 -0.07076889 -0.04219996
v -0.00366497 -0.07076889 -0.03349995
v -0.00184798 -0.07056891 -0.04219996
v -0.00184798 -0.07056891 -0.03349995
v -0.00004200 -0.07084691 -0.04219996
v -0.00004200 -0.07084691 -0.03349995
v 0.00163096 -0.07158291 -0.04219996
v 0.00163096 -0.07158291 -0.03349995
v 0.00163096 -0.07158291 -0.04219996
v 0.00163096 -0.07158291 -0.03349995
v 0.00305599 -0.07272589 -0.04219996
v 0.00305599 -0.07272589 -0.03349995
v 0.00413698 -0.07419991 -0.04219996
v 0.00413698 -0.07419991 -0.03349995
v 0.00479895 -0.07590287 -0.04219996
v 0.00479895 -0.07590287 -0.03349995
v 0.00499797 -0.07771891 -0.04219996
v 0.00499797 -0.07771891 -0.03349995
v 0.00472098 -0.07952588 -0.04219996
v 0.00472098 -0.07952588 -0.03349995
v 0.00398499 -0.08119791 -0.04219996
v 0.00398499 -0.08119791 -0.03349995
v 0.00398499 -0.08119791 -0.04219996
v 0.00398499 -0.08119791 -0.03349995
v 0.00284100 -0.08262389 -0.04219996
v 0.00398499 -0.08119791 -0.03349995
v 0.00284100 -0.08262389 -0.03349995
v 0.00136799 -0.08370393 -0.04219996
v 0.00136799 -0.08370393 -0.03349995
v -0.00033500 -0.08436691 -0.04219996
v -0.00033500 -0.08436691 -0.03349995
v -0.00215197 -0.08456587 -0.04219996
v -0.00215197 -0.08456587 -0.03349995
v -0.00417799 -0.08115893 -0.04499995
v -0.00522596 -0.08025687 -0.04499995
v -0.00289398 -0.08167088 -0.04499995
v -0.00592500 -0.07906389 -0.04499995
v -0.00151294 -0.08173990 -0.04499995
v -0.00619799 -0.07770788 -0.04499995
v -0.00018500 -0.08135491 -0.04499995
v -0.00601596 -0.07633793 -0.04499995
v 0.00094600 -0.08056092 -0.04499995
v -0.00539899 -0.07509988 -0.04499995
v 0.00175899 -0.07944190 -0.04499995
v -0.00441295 -0.07413089 -0.04499995
v -0.00316697 -0.07353287 -0.04499995
v -0.00179297 -0.07337290 -0.04499995
v -0.00044200 -0.07366693 -0.04499995
v 0.00074000 -0.07438391 -0.04499995
v 0.00162494 -0.07544589 -0.04499995
v 0.00211698 -0.07673788 -0.04499995
v 0.00216395 -0.07811993 -0.04499995
v -0.00289398 -0.08167088 -0.04499995
v -0.00347400 -0.08262890 -0.04478693
v -0.00417799 -0.08115893 -0.04499995
v -0.00473398 -0.08207488 -0.04478693
v -0.00417799 -0.08115893 -0.04499995
v -0.00473398 -0.08207488 -0.04478693
v -0.00580698 -0.08121389 -0.04478693
v -0.00520498 -0.08285188 -0.04418003
v -0.00646299 -0.08184188 -0.04418003
v -0.00551999 -0.08337092 -0.04327201
v -0.00690198 -0.08226191 -0.04327201
v -0.00562996 -0.08355289 -0.04219996
v -0.00562996 -0.08355289 -0.04219996
v -0.00705600 -0.08240890 -0.04219996
v -0.00211400 -0.08283787 -0.04478693
v -0.00151294 -0.08173990 -0.04499995
v -0.00074600 -0.08268791 -0.04478693
v -0.00018500 -0.08135491 -0.04499995
v 0.00053600 -0.08218890 -0.04478693
v 0.00094600 -0.08056092 -0.04499995
v 0.00164598 -0.08137488 -0.04478693
v 0.00250697 -0.08030188 -0.04478693
v 0.00328398 -0.08077293 -0.04418003
v 0.00393295 -0.07929593 -0.04418003
v 0.00451594 -0.07946592 -0.04327201
v 0.00478494 -0.07771492 -0.04327201
v 0.00499797 -0.07771891 -0.04219996
v 0.00479895 -0.07590287 -0.04219996
v 0.00459194 -0.07595390 -0.04327201
v 0.00413698 -0.07419991 -0.04219996
v 0.00395000 -0.07430189 -0.04327201
v 0.00305599 -0.07272589 -0.04219996
v 0.00290197 -0.07287389 -0.04327201
v 0.00163096 -0.07158291 -0.04219996
v 0.00163096 -0.07158291 -0.04219996
v 0.00151998 -0.07176488 -0.04327201
v -0.00004200 -0.07084691 -0.04219996
v -0.00010200 -0.07105189 -0.04327201
v -0.00184798 -0.07056891 -0.04219996
v -0.00185299 -0.07078289 -0.04327201
v -0.00366497 -0.07076889 -0.04219996
v -0.00361395 -0.07097589 -0.04327201
v -0.00536799 -0.07143092 -0.04219996
v -0.00526500 -0.07161790 -0.04327201
v -0.00684094 -0.07251191 -0.04219996
v -0.00669396 -0.07266592 -0.04327201
v -0.00798499 -0.07393687 -0.04219996
v -0.00798499 -0.07393687 -0.04219996
v -0.00780296 -0.07404792 -0.04327201
v -0.00872099 -0.07560992 -0.04219996
v -0.00851595 -0.07566988 -0.04327201
v -0.00899798 -0.07741588 -0.04219996
v -0.00878495 -0.07742089 -0.04327201
v -0.00879896 -0.07923293 -0.04219996
v -0.00859195 -0.07918190 -0.04327201
v -0.00813699 -0.08093589 -0.04219996
v -0.00794995 -0.08083289 -0.04327201
v 0.00175899 -0.07944190 -0.04499995
v 0.00306100 -0.07904189 -0.04478693
v 0.00417799 -0.07770192 -0.04418003
v 0.00216395 -0.07811993 -0.04499995
v 0.00326997 -0.07768189 -0.04478693
v 0.00400299 -0.07609790 -0.04418003
v 0.00211698 -0.07673788 -0.04499995
v 0.00311995 -0.07631391 -0.04478693
v 0.00341797 -0.07459491 -0.04418003
v 0.00162494 -0.07544589 -0.04499995
v 0.00262100 -0.07503193 -0.04478693
v 0.00246298 -0.07329392 -0.04418003
v 0.00180697 -0.07392191 -0.04478693
v 0.00074000 -0.07438391 -0.04499995
v 0.00073400 -0.07306092 -0.04478693
v -0.00044200 -0.07366693 -0.04499995
v -0.00052600 -0.07250690 -0.04478693
v -0.00179297 -0.07337290 -0.04499995
v -0.00188595 -0.07229793 -0.04478693
v -0.00325400 -0.07244789 -0.04478693
v -0.00346994 -0.07156491 -0.04418003
v -0.00497299 -0.07214993 -0.04418003
v -0.00316697 -0.07353287 -0.04499995
v -0.00453597 -0.07294690 -0.04478693
v -0.00627398 -0.07310390 -0.04418003
v -0.00441295 -0.07413089 -0.04499995
v -0.00564599 -0.07375991 -0.04478693
v -0.00728399 -0.07436293 -0.04418003
v -0.00539899 -0.07509988 -0.04499995
v -0.00650698 -0.07483392 -0.04478693
v -0.00793296 -0.07583892 -0.04418003
v -0.00601596 -0.07633793 -0.04499995
v -0.00706095 -0.07609289 -0.04478693
v -0.00817799 -0.07743388 -0.04418003
v -0.00726998 -0.07745391 -0.04478693
v -0.00619799 -0.07770788 -0.04499995
v -0.00711995 -0.07882189 -0.04478693
v -0.00592500 -0.07906389 -0.04499995
v -0.00662094 -0.08010393 -0.04478693
v -0.00522596 -0.08025687 -0.04499995
v 0.00472098 -0.07952588 -0.04219996
v 0.00380295 -0.08108788 -0.04327201
v 0.00227398 -0.08203089 -0.04418003
v 0.00398499 -0.08119791 -0.04219996
v 0.00269395 -0.08246988 -0.04327201
v 0.00097300 -0.08298492 -0.04418003
v 0.00398499 -0.08119791 -0.04219996
v 0.00284100 -0.08262389 -0.04219996
v 0.00126499 -0.08351790 -0.04327201
v -0.00053000 -0.08356988 -0.04418003
v 0.00136799 -0.08370393 -0.04219996
v -0.00038600 -0.08415991 -0.04327201
v -0.00213397 -0.08374589 -0.04418003
v -0.00033500 -0.08436691 -0.04219996
v -0.00214696 -0.08435291 -0.04327201
v -0.00372797 -0.08350092 -0.04418003
v -0.00215197 -0.08456587 -0.04219996
v -0.00389796 -0.08408391 -0.04327201
v -0.00520498 -0.08285188 -0.04418003
v -0.00372797 -0.08350092 -0.04418003
v -0.00395799 -0.08428788 -0.04219996
v -0.00551999 -0.08337092 -0.04327201
v -0.00389796 -0.08408391 -0.04327201
v -0.00395799 -0.08428788 -0.04219996
v 0.00120497 -0.07228392 -0.04418003
v -0.00027200 -0.07163488 -0.04418003
v -0.00186598 -0.07138890 -0.04418003
v -0.00800300 -0.07903790 -0.04418003
v -0.00741798 -0.08054089 -0.04418003
vn 0.54343632 0.83945039 0.00000000
vn 0.54343632 0.83945039 0.00000000
vn 0.54343632 0.83945039 0.00000000
vn 0.54343632 0.83945039 0.00000000
vn 0.92594041 0.37766963 0.00000000
vn 0.92594041 0.37766963 0.00000000
vn 0.96896087 0.24721414 0.00000000
vn 0.96896087 0.24721414 0.00000000
vn 0.99969179 -0.02482601 0.00000000
vn 0.99969179 -0.02482601 0.00000000
vn 0.95545145 -0.29514832 0.00000000
vn 0.95545145 -0.29514832 0.00000000
vn 0.83935893 -0.54357758 0.00000000
vn 0.83935893 -0.54357758 0.00000000
vn 0.66023467 -0.75105938 0.00000000
vn 0.66023467 -0.75105938 0.00000000
vn 0.43189347 -0.90192462 0.00000000
vn 0.43189347 -0.90192462 0.00000000
vn 0.17120042 -0.98523622 0.00000000
vn 0.17120042 -0.98523622 0.00000000
vn 0.03452547 -0.99940382 0.00000000
vn 0.03452547 -0.99940382 0.00000000
vn 0.00000000 0.00000000 1.00000000
vn 0.00000000 0.00000000 1.00000000
vn 0.00000000 0.00000000 1.00000000
vn 0.00000000 0.00000000 1.00000000
vn 0.00000000 0.00000000 1.00000000
vn 0.00000000 0.00000000 1.00000000
vn 0.00000000 0.00000000 1.00000000
vn 0.00000000 0.00000000 1.00000000
vn 0.00000000 0.00000000 1.00000000
vn 0.00000000 0.00000000 1.00000000
vn 0.00000000 0.00000000 1.00000000
vn 0.00000000 0.00000000 1.00000000
vn 0.00000000 0.00000000 1.00000000
vn 0.00000000 0.00000000 1.00000000
vn 0.00000000 0.00000000 1.00000000
vn 0.00000000 0.00000000 1.00000000
vn 0.00000000 0.00000000 1.00000000
vn 0.00000000 0.00000000 1.00000000
vn 0.00000000 0.00000000 1.00000000
vn 0.00000000 0.00000000 1.00000000
vn 0.00000000 0.00000000 1.00000000
vn 0.00000000 0.00000000 1.00000000
vn 0.00000000 0.00000000 1.00000000
vn 0.00000000 0.00000000 1.00000000
vn 0.00000000 0.00000000 1.00000000
vn 0.00000000 0.00000000 1.00000000
vn 0.00000000 0.00000000 1.00000000
vn 0.00000000 0.00000000 1.00000000
vn 0.00000000 0.00000000 1.00000000
vn 0.00000000 0.00000000 1.00000000
vn 0.00000000 0.00000000 1.00000000
vn 0.00000000 0.00000000 1.00000000
vn 0.00000000 0.00000000 1.00000000
vn 0.00000000 0.00000000 1.00000000
vn 0.00000000 0.00000000 1.00000000
vn 0.00000000 0.00000000 1.00000000
vn 0.00000000 0.00000000 1.00000000
vn 0.00000000 0.00000000 1.00000000
vn 0.00000000 0.00000000 1.00000000
vn 0.00000000 0.00000000 1.00000000
vn -0.92592647 -0.37770381 0.00000000
vn -0.92592647 -0.37770381 0.00000000
vn -0.96894762 -0.24726606 0.00000000
vn -0.96894762 -0.24726606 0.00000000
vn -0.99969265 0.02479122 0.00000000
vn -0.99969265 0.02479122 0.00000000
vn -0.95545143 0.29514836 0.00000000
vn -0.95545143 0.29514836 0.00000000
vn -0.83935891 0.54357761 0.00000000
vn -0.83935891 0.54357761 0.00000000
vn -0.66042892 0.75088857 0.00000000
vn -0.66042892 0.75088857 0.00000000
vn -0.43185221 0.90194438 0.00000000
vn -0.43185221 0.90194438 0.00000000
vn -0.17090259 0.98528793 0.00000000
vn -0.17090259 0.98528793 0.00000000
vn -0.03453038 0.99940365 0.00000000
vn -0.03453038 0.99940365 0.00000000
vn -0.54356967 -0.83936405 0.00000000
vn -0.54356967 -0.83936405 0.00000000
vn -0.54356967 -0.83936405 0.00000000
vn -0.54356967 -0.83936405 0.00000000
vn 0.73841938 0.67434177 0.00000000
vn 0.73841938 0.67434177 0.00000000
vn 0.63473266 0.77273181 0.00000000
vn 0.63473266 0.77273181 0.00000000
vn 0.63473266 0.77273181 0.00000000
vn 0.39192869 0.91999560 0.00000000
vn 0.39192869 0.91999560 0.00000000
vn 0.25683409 0.96645551 0.00000000
vn 0.39192869 0.91999560 0.00000000
vn 0.25683409 0.96645551 0.00000000
vn -0.02605834 0.99966042 0.00000000
vn -0.02605834 0.99966042 0.00000000
vn -0.30646614 0.95188156 0.00000000
vn -0.30646614 0.95188156 0.00000000
vn -0.56213836 0.82704321 0.00000000
vn -0.56213836 0.82704321 0.00000000
vn -0.67418970 0.73855822 0.00000000
vn -0.70680684 0.70740659 0.00000000
vn -0.85487147 0.51883983 0.00000000
vn -0.85487147 0.51883983 0.00000000
vn -0.92013952 0.39159069 0.00000000
vn -0.92013952 0.39159069 0.00000000
vn -0.99319310 0.11647951 0.00000000
vn -0.99319310 0.11647951 0.00000000
vn -0.98581823 -0.16781663 0.00000000
vn -0.98581823 -0.16781663 0.00000000
vn -0.89851285 -0.43894721 0.00000000
vn -0.89851285 -0.43894721 0.00000000
vn -0.73846880 -0.67428765 0.00000000
vn -0.73846880 -0.67428765 0.00000000
vn -0.43256903 -0.90160082 0.00000000
vn -0.63511584 -0.77241690 0.00000000
vn -0.59955985 -0.80032992 0.00000000
vn -0.39140465 -0.92021867 0.00000000
vn -0.25684200 -0.96645341 0.00000000
vn -0.25684200 -0.96645341 0.00000000
vn 0.02576572 -0.99966801 0.00000000
vn 0.02576572 -0.99966801 0.00000000
vn 0.30671367 -0.95180183 0.00000000
vn 0.30671367 -0.95180183 0.00000000
vn 0.56216355 -0.82702609 0.00000000
vn 0.56216355 -0.82702609 0.00000000
vn 0.67385084 -0.73886741 0.00000000
vn 0.70655857 -0.70765457 0.00000000
vn 0.85505463 -0.51853793 0.00000000
vn 0.85505463 -0.51853793 0.00000000
vn 0.92020158 -0.39144483 0.00000000
vn 0.92020158 -0.39144483 0.00000000
vn 0.99319098 -0.11649750 0.00000000
vn 0.99319098 -0.11649750 0.00000000
vn 0.98580236 0.16790981 0.00000000
vn 0.98580236 0.16790981 0.00000000
vn 0.89854801 0.43887524 0.00000000
vn 0.89854801 0.43887524 0.00000000
vn 0.00000000 0.00000000 -1.00000000
vn 0.00000000 0.00000000 -1.00000000
vn 0.00000000 0.00000000 -1.00000000
vn 0.00000000 0.00000000 -1.00000000
vn 0.00000000 0.00000000 -1.00000000
vn 0.00000000 0.00000000 -1.00000000
vn 0.00000000 0.00000000 -1.00000000
vn 0.00000000 0.00000000 -1.00000000
vn 0.00000000 0.00000000 -1.00000000
vn 0.00000000 0.00000000 -1.00000000
vn 0.00000000 0.00000000 -1.00000000
vn 0.00000000 0.00000000 -1.00000000
vn 0.00000000 0.00000000 -1.00000000
vn 0.00000000 0.00000000 -1.00000000
vn 0.00000000 0.00000000 -1.00000000
vn 0.00000000 0.00000000 -1.00000000
vn 0.00000000 0.00000000 -1.00000000
vn 0.00000000 0.00000000 -1.00000000
vn 0.00000000 0.00000000 -1.00000000
vn 0.00000000 0.00000000 -1.00000000
vn 0.00000000 0.00000000 -1.00000000
vn 0.00000000 0.00000000 -1.00000000
vn 0.00000000 0.00000000 -1.00000000
vn 0.00000000 0.00000000 -1.00000000
vn 0.00000000 0.00000000 -1.00000000
vn 0.00000000 0.00000000 -1.00000000
vn 0.00000000 0.00000000 -1.00000000
vn 0.00000000 0.00000000 -1.00000000
vn 0.00000000 0.00000000 -1.00000000
vn 0.00000000 0.00000000 -1.00000000
vn 0.00000000 0.00000000 -1.00000000
vn 0.00000000 0.00000000 -1.00000000
vn 0.00000000 0.00000000 -1.00000000
vn 0.00000000 0.00000000 -1.00000000
vn 0.00000000 0.00000000 -1.00000000
vn 0.00000000 0.00000000 -1.00000000
vn 0.00000000 0.00000000 -1.00000000
vn 0.00000000 0.00000000 -1.00000000
vn 0.00000000 0.00000000 -1.00000000
vn 0.00000000 0.00000000 -1.00000000
vn 0.00000000 0.00000000 1.00000000
vn 0.00000000 0.00000000 1.00000000
vn 0.00000000 0.00000000 1.00000000
vn 0.00000000 0.00000000 1.00000000
vn 0.00000000 0.00000000 1.00000000
vn 0.00000000 0.00000000 1.00000000
vn 0.00000000 0.00000000 1.00000000
vn 0.00000000 0.00000000 1.00000000
vn 0.00000000 0.00000000 1.00000000
vn 0.00000000 0.00000000 1.00000000
vn 0.00000000 0.00000000 1.00000000
vn 0.00000000 0.00000000 1.00000000
vn 0.00000000 0.00000000 1.00000000
vn 0.00000000 0.00000000 1.00000000
vn 0.00000000 0.00000000 1.00000000
vn 0.00000000 0.00000000 1.00000000
vn 0.00000000 0.00000000 1.00000000
vn 0.00000000 0.00000000 1.00000000
vn 0.00000000 0.00000000 1.00000000
vn 0.00000000 0.00000000 1.00000000
vn 0.00000000 0.00000000 1.00000000
vn 0.00000000 0.00000000 1.00000000
vn 0.00000000 0.00000000 1.00000000
vn 0.00000000 0.00000000 1.00000000
vn 0.00000000 0.00000000 1.00000000
vn 0.00000000 0.00000000 1.00000000
vn 0.00000000 0.00000000 1.00000000
vn 0.00000000 0.00000000 1.00000000
vn 0.00000000 0.00000000 1.00000000
vn 0.00000000 0.00000000 1.00000000
vn 0.00000000 0.00000000 1.00000000
vn 0.00000000 0.00000000 1.00000000
vn 0.00000000 0.00000000 1.00000000
vn 0.00000000 0.00000000 1.00000000
vn 0.00000000 0.00000000 1.00000000
vn 0.00000000 0.00000000 1.00000000
vn 0.00000000 0.00000000 1.00000000
vn 0.00000000 0.00000000 1.00000000
vn 0.00000000 0.00000000 1.00000000
vn 0.00000000 0.00000000 1.00000000
vn 0.00000000 0.00000000 1.00000000
vn 0.00000000 0.00000000 1.00000000
vn 0.00000000 0.00000000 1.00000000
vn 0.00000000 0.00000000 1.00000000
vn 0.00000000 0.00000000 1.00000000
vn 0.00000000 0.00000000 1.00000000
vn 0.00000000 0.00000000 1.00000000
vn 0.00000000 0.00000000 1.00000000
vn 0.00000000 0.00000000 1.00000000
vn 0.00000000 -1.00000000 0.00000000
vn 0.00000000 -1.00000000 0.00000000
vn 0.00000000 -1.00000000 0.00000000
vn 0.00000000 -1.00000000 0.00000000
vn 0.00000000 0.99999986 0.00053106
vn 0.00000000 0.99999986 0.00053106
vn 0.00000000 0.99999986 0.00053106
vn 0.00000000 0.99999986 0.00053106
vn 0.14226394 -0.98982871 -0.00029914
vn 0.25195318 -0.96773929 -0.00050959
vn 0.14157512 -0.98992738 -0.00051907
vn 0.25187187 -0.96776043 -0.00055457
vn 0.51245338 -0.85871489 -0.00052461
vn 0.51281316 -0.85850018 -0.00032305
vn 0.79877488 -0.60163001 -0.00013637
vn 0.79887472 -0.60149745 -0.00007064
vn 0.97673361 -0.21445618 -0.00003718
vn 0.97669412 -0.21463594 -0.00010784
vn 0.98730085 0.15886168 0.00007987
vn 0.98730745 0.15882066 0.00008342
vn 0.90750221 0.42004724 0.00021917
vn 0.90752487 0.41999829 0.00022353
vn 0.77243039 0.63509934 0.00033840
vn 0.77247615 0.63504369 0.00033921
vn 0.54973801 0.83533701 0.00044620
vn 0.55015566 0.83506208 0.00026128
vn 0.29655432 0.95501597 0.00018418
vn 0.29562532 0.95530394 0.00022282
vn 0.09592236 0.99538878 0.00027872
vn 0.09457953 0.99551718 0.00050767
vn 0.01497776 0.99988769 0.00051715
vn 0.01496420 0.99988789 0.00053100
vn 0.00000000 -1.00000000 0.00000000
vn 0.00000000 -1.00000000 0.00000000
vn 0.00000000 -1.00000000 0.00000000
vn 0.00000000 -1.00000000 0.00000000
vn -0.01594484 0.99987273 0.00053099
vn -0.01594147 0.99987278 0.00053445
vn -0.09790533 0.99519559 0.00053376
vn -0.09789356 0.99519675 0.00053377
vn -0.30226866 0.95322264 0.00051090
vn -0.30225036 0.95322844 0.00051050
vn -0.56163400 0.82738567 0.00044386
vn -0.56158185 0.82742107 0.00044417
vn -0.80608460 0.59180023 0.00031716
vn -0.80602823 0.59187701 0.00031615
vn -0.95445620 0.29835103 0.00015937
vn -0.95445533 0.29835380 0.00015717
vn -0.99919891 0.04001922 0.00002214
vn -0.99919895 0.04001818 0.00001995
vn -0.98356279 -0.18056642 -0.00009002
vn -0.98357518 -0.18049890 -0.00008998
vn -0.92105433 -0.38943405 -0.00019414
vn -0.92107696 -0.38938052 -0.00019567
vn -0.81477461 -0.57977776 -0.00029203
vn -0.81478927 -0.57975716 -0.00030209
vn -0.66655361 -0.74545700 -0.00039238
vn -0.66653068 -0.74547750 -0.00039951
vn -0.47674785 -0.87903997 -0.00047044
vn -0.47673439 -0.87904727 -0.00046757
vn -0.25833626 -0.96605492 -0.00051315
vn -0.25870879 -0.96595528 -0.00039306
vn -0.14535628 -0.98937927 -0.00046460
vn -0.14606991 -0.98927424 -0.00022920
vn -0.01465514 0.99989261 0.00000000
vn 0.04053406 0.99907789 -0.01415498
vn 0.01287008 0.99965720 -0.02279998
vn 0.18516935 0.98259029 -0.01512080
vn 0.22467314 0.97443134 0.00235559
vn 0.43581074 0.89995157 -0.01249711
vn 0.42705179 0.90422698 -0.00058711
vn 0.58757448 0.80916979 0.00069910
vn 0.65322626 0.75698165 -0.01656012
vn 0.73649099 0.67643499 0.00408967
vn 0.82368114 0.56685443 -0.01501445
vn 0.85397894 0.52030740 0.00043218
vn 0.93828817 0.34567606 -0.01110698
vn 0.93689859 0.34960117 -0.00021157
vn 0.98926811 0.14601153 0.00540749
vn 0.99521888 0.09746073 -0.00638655
vn 0.99285618 -0.11887309 0.01028571
vn 0.98791343 -0.15499278 -0.00207402
vn 0.92073860 -0.39008915 0.00841943
vn 0.92142789 -0.38854929 -0.00031881
vn 0.80124052 -0.59833649 -0.00266016
vn 0.77404867 -0.63299579 0.01284463
vn 0.62209705 -0.78291112 -0.00673996
vn 0.56985477 -0.82172488 0.00581098
vn 0.38906737 -0.92111604 -0.01310838
vn 0.38664993 -0.92222655 0.00013453
vn 0.18483536 -0.98276367 0.00338420
vn 0.15652073 -0.98767465 0.00022883
vn 0.02331354 -0.99971623 0.00489271
vn 0.03353525 -0.99941771 0.00629431
vn -0.00671731 -0.99997309 -0.00294928
vn -0.00887042 -0.99996066 0.00000000
vn -0.00887042 -0.99996066 0.00000000
vn 0.00068799 -0.99999976 0.00000000
vn 0.00068799 -0.99999976 0.00000000
vn 0.00068799 -0.99999976 0.00000000
vn 0.00068799 -0.99999976 0.00000000
vn 0.00000000 -1.00000000 0.00000000
vn 0.00000000 -1.00000000 0.00000000
vn 0.00000000 -1.00000000 0.00000000
vn 0.00000000 -1.00000000 0.00000000
vn 0.00063718 0.99999980 0.00000000
vn 0.00063718 0.99999980 0.00000000
vn 0.00031859 0.99999995 0.00000000
vn 0.00031859 0.99999995 0.00000000
vn -0.00031838 0.99999995 0.00000000
vn -0.00031838 0.99999995 0.00000000
vn -0.00063677 0.99999980 0.00000000
vn -0.00063677 0.99999980 0.00000000
vn 0.00460607 0.99998939 0.00000000
vn 0.00460607 0.99998939 0.00000000
vn 0.00460607 0.99998939 0.00000000
vn 0.00460607 0.99998939 0.00000000
vn 0.00000000 -0.00052803 -0.99999986
vn 0.00000000 -0.00052803 -0.99999986
vn 0.00000002 -0.00052804 -0.99999986
vn 0.00000052 -0.00052724 -0.99999986
vn -0.00006973 -0.00053761 -0.99999985
vn -0.00001108 -0.00052757 -0.99999986
vn -0.00009045 -0.00051223 -0.99999986
vn -0.00019869 -0.00042328 -0.99999989
vn -0.00002923 -0.00088793 -0.99999961
vn -0.00007571 -0.00069568 -0.99999976
vn 0.00001990 -0.00033357 -0.99999994
vn 0.00000000 0.00000000 -1.00000000
vn 0.00000000 0.00000000 -1.00000000
vn 0.00000000 0.00000000 -1.00000000
vn 0.00000000 0.00000000 -1.00000000
vn 0.00000000 0.00000000 -1.00000000
vn 0.00000000 0.00000000 -1.00000000
vn 0.00000000 0.00000000 -1.00000000
vn 0.00000000 0.00000000 -1.00000000
vn 0.00000000 0.00000000 -1.00000000
vn 0.00000000 0.00000000 -1.00000000
vn 0.00000000 0.00000000 -1.00000000
vn 0.00000000 0.00000000 -1.00000000
vn 0.00000000 0.00000000 -1.00000000
vn 0.00000000 0.00000000 -1.00000000
vn 0.00000000 0.00000000 -1.00000000
vn 0.00000000 0.00000000 -1.00000000
vn -0.00025504 0.00024231 -0.99999994
vn 0.00000000 0.00000000 -1.00000000
vn 0.00000000 0.00000000 -1.00000000
vn -0.00030172 0.00081485 -0.99999962
vn -0.00049475 0.00107327 -0.99999930
vn -0.00000058 0.00112737 -0.99999936
vn 0.00000010 0.00112709 -0.99999936
vn -0.00000010 0.00112709 -0.99999936
vn 0.00049611 0.00107311 -0.99999930
vn 0.00000058 0.00112737 -0.99999936
vn 0.00030205 0.00081418 -0.99999962
vn 0.00025709 0.00024340 -0.99999994
vn 0.00000000 0.00000000 -1.00000000
vn 0.00000000 0.00000000 -1.00000000
vn 0.00000000 0.00000000 -1.00000000
vn 0.00000000 0.00000000 -1.00000000
vn 0.00000000 0.00000000 -1.00000000
vn 0.00000000 0.00000000 -1.00000000
vn 0.00000000 0.00000000 -1.00000000
vn 0.00000000 0.00000000 -1.00000000
vn 0.00000000 0.00000000 -1.00000000
vn 0.00000000 0.00000000 -1.00000000
vn 0.00000000 0.00000000 -1.00000000
vn 0.00000000 0.00000000 -1.00000000
vn 0.00000000 0.00000000 -1.00000000
vn 0.00000000 0.00000000 -1.00000000
vn 0.00000000 0.00000000 -1.00000000
vn -0.00005649 -0.00034136 -0.99999994
vn 0.00010189 -0.00047505 -0.99999988
vn -0.00000980 -0.00078641 -0.99999969
vn 0.00013203 -0.00070501 -0.99999974
vn 0.00006966 -0.00053852 -0.99999985
vn 0.00019833 -0.00042502 -0.99999989
vn 0.00009173 -0.00051278 -0.99999986
vn 0.00001164 -0.00052713 -0.99999986
vn -0.00000061 -0.00052722 -0.99999986
vn 0.00000029 -0.00052765 -0.99999986
vn 0.00000000 -0.00052803 -0.99999986
vn 0.00000000 -0.00052803 -0.99999986
vn 0.00000000 0.00000000 -1.00000000
vn 0.00000000 0.00000000 -1.00000000
vn 0.00000000 0.00000000 -1.00000000
vn 0.00000000 0.00000000 -1.00000000
vn 0.00000000 0.00000000 -1.00000000
vn 0.00000000 0.00000000 -1.00000000
vn 0.00000000 0.00000000 -1.00000000
vn 0.00000000 0.00000000 -1.00000000
vn 0.00000000 0.00000000 -1.00000000
vn 0.00000000 0.00000000 -1.00000000
vn 0.00000000 0.00000000 -1.00000000
vn 0.00000000 0.00000000 -1.00000000
vn 0.00000000 0.00000000 -1.00000000
vn -0.46451979 -0.88556274 0.00000000
vn -0.23909581 -0.97099598 0.00000000
vn -0.23909581 -0.97099598 0.00000000
vn 0.23933844 -0.97093620 0.00000000
vn 0.23933844 -0.97093620 0.00000000
vn 0.46432372 -0.88566556 0.00000000
vn 0.46432372 -0.88566556 0.00000000
vn 0.82284496 -0.56826594 0.00000000
vn 0.82289489 -0.56819363 0.00000000
vn 0.99270431 -0.12057430 0.00000000
vn 0.99271485 -0.12048744 0.00000000
vn 0.93509608 0.35439431 0.00000000
vn 0.96908517 0.24672644 0.00000000
vn 0.66273555 0.74885352 0.00000000
vn 0.82294864 0.56811578 0.00000000
vn 0.66273555 0.74885352 0.00000000
vn 0.23884371 0.97105802 0.00000000
vn 0.23884371 0.97105802 0.00000000
vn -0.23907922 0.97100007 0.00000000
vn -0.23907922 0.97100007 0.00000000
vn -0.66291715 0.74869276 0.00000000
vn -0.66291715 0.74869276 0.00000000
vn -0.82294864 0.56811578 0.00000000
vn -0.96889285 0.24748061 0.00000000
vn -0.93490976 0.35488553 0.00000000
vn -0.99271852 -0.12045717 0.00000000
vn -0.99270794 -0.12054439 0.00000000
vn -0.82281008 -0.56831644 0.00000000
vn -0.82276033 -0.56838845 0.00000000
vn -0.46451979 -0.88556274 0.00000000
vn 0.00000000 0.00000000 -1.00000000
vn -0.00013344 0.00219035 -0.99999759
vn 0.00009915 0.00041781 -0.99999991
vn 0.00009181 0.00022918 -0.99999997
vn 0.00002259 0.00125098 -0.99999922
vn -0.00004209 0.00060892 -0.99999981
vn 0.00000000 0.00000000 -1.00000000
vn 0.00000000 0.00000000 -1.00000000
vn 0.00000000 0.00000000 -1.00000000
vn 0.00000000 0.00000000 -1.00000000
vn -0.00003771 0.00067162 -0.99999977
vn -0.00001335 0.00088425 -0.99999961
vn -0.00001946 0.00112495 -0.99999937
vn -0.00011853 0.00059096 -0.99999982
vn 0.00000000 0.00000000 -1.00000000
vn 0.00005953 0.00000647 -1.00000000
vn 0.00000000 0.00000000 -1.00000000
vn 0.00047919 -0.00126898 -0.99999908
vn 0.00014299 0.00083473 -0.99999964
vn -0.00015154 0.00045650 -0.99999988
vn 0.00000000 0.00128952 -0.99999917
vn -0.00012724 0.00100445 -0.99999949
vn 0.00015167 0.00045699 -0.99999988
vn 0.00009497 0.00060180 -0.99999981
vn -0.00014362 0.00003245 -0.99999999
vn 0.00000000 0.00000000 -1.00000000
vn -0.00025436 0.00180854 -0.99999833
vn -0.00495091 -0.01095890 -0.99992769
vn 0.00009430 0.00008733 -0.99999999
vn 0.00000819 0.00063667 -0.99999980
vn 0.00013158 0.00052837 -0.99999985
vn 0.00005894 0.00050314 -0.99999987
vn 0.00000000 0.00000000 -1.00000000
vn 0.00000341 0.00034081 -0.99999994
vn -0.00009432 0.00022939 -0.99999997
vn -0.00000394 0.00111059 -0.99999938
vn -0.00009812 0.00042378 -0.99999991
vn 0.00000000 0.00000000 -1.00000000
vn -0.00002264 0.00125080 -0.99999922
vn 0.00000000 0.00144629 -0.99999895
vn -0.01005481 0.99994945 0.00000000
vn -0.00686714 0.99997549 -0.00136253
vn -0.00608217 0.99997991 -0.00178585
vn -0.00438036 0.99998817 -0.00211530
vn -0.00319097 0.99999355 -0.00164795
vn -0.00213796 0.99999730 -0.00091386
vn 0.00000000 1.00000000 0.00000000
vn 0.00695476 -0.99997582 0.00000000
vn -0.00347993 -0.99998960 0.00294675
vn 0.00621773 -0.99998032 -0.00083190
vn -0.02416435 -0.99970702 -0.00139782
vn -0.08196531 -0.99662329 0.00486784
vn -0.15931538 -0.98713750 -0.01334804
vn -0.23734075 -0.97142498 0.00169733
vn -0.39533947 -0.91844694 -0.01272485
vn -0.43443998 -0.90069957 0.00148334
vn -0.61767568 -0.78633932 -0.01213370
vn -0.61025591 -0.79220430 -0.00025952
vn -0.74568822 -0.66629415 0.00108434
vn -0.79767458 -0.60287913 -0.01587499
vn -0.86078826 -0.50893868 0.00499947
vn -0.92162764 -0.38779514 -0.01474511
vn -0.94382139 -0.33045259 0.00150933
vn -0.98859775 -0.15012439 -0.01171139
vn -0.98919801 -0.14658546 -0.00007487
vn -0.99911519 0.04205020 0.00078066
vn -0.99508543 0.09792366 -0.01469496
vn -0.97182356 0.23567668 0.00393428
vn -0.93847299 0.34497907 -0.01605868
vn -0.90645653 0.42228283 0.00371187
vn -0.82151738 0.57006088 -0.01182328
vn -0.80517606 0.59303313 -0.00179708
vn -0.68615777 0.72745113 -0.00153774
vn -0.65458956 0.75587052 -0.01312529
vn -0.53151610 0.84704241 0.00313062
vn -0.43837633 0.89862719 -0.01718617
vn -0.35828763 0.93361015 0.00143480
vn -0.18562594 0.98235304 -0.02292409
vn -0.18545698 0.98265222 -0.00055963
vn -0.04604180 0.99873002 -0.02045736
vn 0.00991219 0.99995087 0.00000000
vn -0.01216295 0.99967748 -0.02229343
vn 0.00000000 -1.00000000 0.00000000
vn 0.00000000 -1.00000000 0.00000000
vn 0.00000000 -1.00000000 0.00000000
vn 0.00000000 -1.00000000 0.00000000
vn 0.00000000 -1.00000000 0.00000000
vn 0.00000000 -1.00000000 0.00000000
vn 0.00000000 -1.00000000 0.00000000
vn 0.00000000 -1.00000000 0.00000000
vn 0.00000000 -1.00000000 0.00000000
vn 0.00000000 -1.00000000 0.00000000
vn 0.00000000 -1.00000000 0.00000000
vn 0.00000000 -1.00000000 0.00000000
vn 0.00000000 -1.00000000 0.00000000
vn 0.00000000 -1.00000000 0.00000000
vn 0.00000000 0.00000000 1.00000000
vn 0.00000000 0.00000000 1.00000000
vn 0.00000000 0.00000000 1.00000000
vn 0.00000000 0.00000000 1.00000000
vn 0.00000000 0.00000000 1.00000000
vn 0.00000000 0.00000000 1.00000000
vn 0.00000000 0.00000000 1.00000000
vn 0.00000000 0.00000000 1.00000000
vn 0.00000000 0.00000000 1.00000000
vn 0.00000000 0.00000000 1.00000000
vn 0.00000000 0.00000000 1.00000000
vn 0.00000000 0.00000000 1.00000000
vn 0.00000000 0.00000000 1.00000000
vn 0.00000000 0.00000000 1.00000000
vn 0.00000000 0.00000000 1.00000000
vn 0.00000000 0.00000000 1.00000000
vn 0.00000000 0.00000000 1.00000000
vn 0.00000000 0.00000000 1.00000000
vn 0.00000000 0.00000000 1.00000000
vn 0.00000000 0.00000000 1.00000000
vn 0.00000000 0.00000000 1.00000000
vn 0.00000000 0.00000000 1.00000000
vn 0.73841938 0.67434177 0.00000000
vn 0.73841938 0.67434177 0.00000000
vn 0.63473266 0.77273181 0.00000000
vn 0.63473266 0.77273181 0.00000000
vn 0.39192869 0.91999560 0.00000000
vn 0.39192869 0.91999560 0.00000000
vn 0.25683409 0.96645551 0.00000000
vn 0.39192869 0.91999560 0.00000000
vn 0.25683409 0.96645551 0.00000000
vn -0.02605834 0.99966042 0.00000000
vn -0.02605834 0.99966042 0.00000000
vn -0.30646614 0.95188156 0.00000000
vn -0.30646614 0.95188156 0.00000000
vn -0.56213836 0.82704321 0.00000000
vn -0.56213836 0.82704321 0.00000000
vn -0.77238336 0.63515663 0.00000000
vn -0.77238336 0.63515663 0.00000000
vn -0.92013952 0.39159069 0.00000000
vn -0.92013952 0.39159069 0.00000000
vn -0.99319310 0.11647951 0.00000000
vn -0.99319310 0.11647951 0.00000000
vn -0.98581823 -0.16781663 0.00000000
vn -0.98581823 -0.16781663 0.00000000
vn -0.89851285 -0.43894721 0.00000000
vn -0.89851285 -0.43894721 0.00000000
vn -0.73846880 -0.67428765 0.00000000
vn -0.73846880 -0.67428765 0.00000000
vn -0.63511584 -0.77241690 0.00000000
vn -0.52557531 -0.85074708 0.00000000
vn -0.39140465 -0.92021867 0.00000000
vn -0.39140465 -0.92021867 0.00000000
vn -0.25684200 -0.96645341 0.00000000
vn -0.25684200 -0.96645341 0.00000000
vn 0.02576572 -0.99966801 0.00000000
vn 0.02576572 -0.99966801 0.00000000
vn 0.30671367 -0.95180183 0.00000000
vn 0.30671367 -0.95180183 0.00000000
vn 0.56216355 -0.82702609 0.00000000
vn 0.56216355 -0.82702609 0.00000000
vn 0.77234982 -0.63519741 0.00000000
vn 0.77234982 -0.63519741 0.00000000
vn 0.92020158 -0.39144483 0.00000000
vn 0.92020158 -0.39144483 0.00000000
vn 0.99319098 -0.11649750 0.00000000
vn 0.99319098 -0.11649750 0.00000000
vn 0.98580236 0.16790981 0.00000000
vn 0.98580236 0.16790981 0.00000000
vn 0.89854801 0.43887524 0.00000000
vn 0.89854801 0.43887524 0.00000000
vn 0.00000000 0.00000000 -1.00000000
vn 0.00000000 0.00000000 -1.00000000
vn 0.00000000 0.00000000 -1.00000000
vn 0.00000000 0.00000000 -1.00000000
vn 0.00000000 0.00000000 -1.00000000
vn 0.00000000 0.00000000 -1.00000000
vn 0.00000000 0.00000000 -1.00000000
vn 0.00000000 0.00000000 -1.00000000
vn 0.00000000 0.00000000 -1.00000000
vn 0.99237528 0.12325301 0.00000000
vn 0.99237528 0.12325301 0.00000000
vn 0.97456726 -0.22409519 0.00000000
vn 0.97456726 -0.22409519 0.00000000
vn 0.60403415 -0.79695843 0.00000000
vn 0.60403415 -0.79695843 0.00000000
vn 0.29359899 -0.95592868 0.00000000
vn 0.29359899 -0.95592868 0.00000000
vn -0.39040375 -0.92064375 0.00000000
vn -0.39040375 -0.92064375 0.00000000
vn -0.89013327 -0.45570030 0.00000000
vn -0.89013327 -0.45570030 0.00000000
vn -0.97485915 0.22282200 0.00000000
vn -0.97485915 0.22282200 0.00000000
vn -0.60233224 0.79824550 0.00000000
vn -0.60233224 0.79824550 0.00000000
vn 0.05121666 0.99868757 0.00000000
vn 0.05121666 0.99868757 0.00000000
vn 0.68042037 0.73282203 0.00000000
vn 0.68042037 0.73282203 0.00000000
vn 0.00000000 0.00000000 -1.00000000
vn 0.00000000 0.00000000 -1.00000000
vn 0.00000000 0.00000000 -1.00000000
vn 0.00000000 0.00000000 -1.00000000
vn 0.00000000 0.00000000 -1.00000000
vn 0.00000000 0.00000000 -1.00000000
vn 0.00000000 0.00000000 -1.00000000
vn 0.00000000 0.00000000 -1.00000000
vn 0.00000000 0.00000000 -1.00000000
vn 0.99237181 0.12328097 0.00000000
vn 0.99237181 0.12328097 0.00000000
vn 0.97455820 -0.22413458 0.00000000
vn 0.97455820 -0.22413458 0.00000000
vn 0.60279368 -0.79789710 0.00000000
vn 0.60279368 -0.79789710 0.00000000
vn 0.29368788 -0.95590137 0.00000000
vn 0.29368788 -0.95590137 0.00000000
vn -0.38895957 -0.92125483 0.00000000
vn -0.38895957 -0.92125483 0.00000000
vn -0.89025537 -0.45546171 0.00000000
vn -0.89025537 -0.45546171 0.00000000
vn -0.97464175 0.22377101 0.00000000
vn -0.97464175 0.22377101 0.00000000
vn -0.60332194 0.79749774 0.00000000
vn -0.60332194 0.79749774 0.00000000
vn 0.05088924 0.99870430 0.00000000
vn 0.05088924 0.99870430 0.00000000
vn 0.68105943 0.73222814 0.00000000
vn 0.68105943 0.73222814 0.00000000
vn 0.00000000 0.00000000 -1.00000000
vn 0.00000000 0.00000000 -1.00000000
vn 0.00000000 0.00000000 -1.00000000
vn 0.00000000 0.00000000 -1.00000000
vn 0.00000000 0.00000000 -1.00000000
vn 0.00000000 0.00000000 -1.00000000
vn 0.00000000 0.00000000 -1.00000000
vn 0.00000000 0.00000000 -1.00000000
vn 0.00000000 0.00000000 -1.00000000
vn 0.99232207 0.12368065 0.00000000
vn 0.99232207 0.12368065 0.00000000
vn 0.97455164 -0.22416313 0.00000000
vn 0.97455164 -0.22416313 0.00000000
vn 0.60409416 -0.79691295 0.00000000
vn 0.60409416 -0.79691295 0.00000000
vn 0.29457905 -0.95562712 0.00000000
vn 0.29457905 -0.95562712 0.00000000
vn -0.39010117 -0.92077200 0.00000000
vn -0.39010117 -0.92077200 0.00000000
vn -0.89087192 -0.45425458 0.00000000
vn -0.89087192 -0.45425458 0.00000000
vn -0.97471467 0.22345317 0.00000000
vn -0.97471467 0.22345317 0.00000000
vn -0.60328540 0.79752538 0.00000000
vn -0.60328540 0.79752538 0.00000000
vn 0.05120234 0.99868830 0.00000000
vn 0.05120234 0.99868830 0.00000000
vn 0.68071169 0.73255143 0.00000000
vn 0.68071169 0.73255143 0.00000000
vn 0.00000000 0.00000000 -1.00000000
vn 0.00000000 0.00000000 -1.00000000
vn 0.00000000 0.00000000 -1.00000000
vn 0.00000000 0.00000000 -1.00000000
vn 0.00000000 0.00000000 -1.00000000
vn 0.00000000 0.00000000 -1.00000000
vn 0.00000000 0.00000000 -1.00000000
vn 0.00000000 0.00000000 -1.00000000
vn 0.00000000 0.00000000 -1.00000000
vn 0.99230609 0.12380884 0.00000000
vn 0.99230609 0.12380884 0.00000000
vn 0.97498236 -0.22228227 0.00000000
vn 0.97498236 -0.22228227 0.00000000
vn 0.60311293 -0.79765581 0.00000000
vn 0.60311293 -0.79765581 0.00000000
vn 0.29387362 -0.95584428 0.00000000
vn 0.29387362 -0.95584428 0.00000000
vn -0.38964973 -0.92096313 0.00000000
vn -0.38964973 -0.92096313 0.00000000
vn -0.89059296 -0.45480126 0.00000000
vn -0.89059296 -0.45480126 0.00000000
vn -0.97464303 0.22376543 0.00000000
vn -0.97464303 0.22376543 0.00000000
vn -0.60257152 0.79806488 0.00000000
vn -0.60257152 0.79806488 0.00000000
vn 0.05145316 0.99867541 0.00000000
vn 0.05145316 0.99867541 0.00000000
vn 0.68108746 0.73220207 0.00000000
vn 0.68108746 0.73220207 0.00000000
vn 0.00000000 0.00000000 -1.00000000
vn 0.00000000 0.00000000 -1.00000000
vn 0.00000000 0.00000000 -1.00000000
vn 0.00000000 0.00000000 -1.00000000
vn 0.00000000 0.00000000 -1.00000000
vn 0.00000000 0.00000000 -1.00000000
vn 0.00000000 0.00000000 -1.00000000
vn 0.00000000 0.00000000 -1.00000000
vn 0.00000000 0.00000000 -1.00000000
vn 0.99236351 0.12334776 0.00000000
vn 0.99236351 0.12334776 0.00000000
vn 0.97499107 -0.22224403 0.00000000
vn 0.97499107 -0.22224403 0.00000000
vn 0.60182854 -0.79862532 0.00000000
vn 0.60182854 -0.79862532 0.00000000
vn 0.29316708 -0.95606122 0.00000000
vn 0.29316708 -0.95606122 0.00000000
vn -0.38889962 -0.92128013 0.00000000
vn -0.38889962 -0.92128013 0.00000000
vn -0.89025585 -0.45546079 0.00000000
vn -0.89025585 -0.45546079 0.00000000
vn -0.97464230 0.22376859 0.00000000
vn -0.97464230 0.22376859 0.00000000
vn -0.60325936 0.79754508 0.00000000
vn -0.60325936 0.79754508 0.00000000
vn 0.05055102 0.99872148 0.00000000
vn 0.05055102 0.99872148 0.00000000
vn 0.68140823 0.73190356 0.00000000
vn 0.68140823 0.73190356 0.00000000
vn 0.00000000 0.00000000 -1.00000000
vn 0.00000000 0.00000000 -1.00000000
vn 0.00000000 0.00000000 -1.00000000
vn 0.00000000 0.00000000 -1.00000000
vn 0.00000000 0.00000000 -1.00000000
vn 0.00000000 0.00000000 -1.00000000
vn 0.00000000 0.00000000 -1.00000000
vn 0.00000000 0.00000000 -1.00000000
vn 0.00000000 0.00000000 -1.00000000
vn 0.99237770 0.12323354 0.00000000
vn 0.99237770 0.12323354 0.00000000
vn 0.97453516 -0.22423473 0.00000000
vn 0.97453516 -0.22423473 0.00000000
vn 0.60290802 -0.79781070 0.00000000
vn 0.60290802 -0.79781070 0.00000000
vn 0.29381199 -0.95586323 0.00000000
vn 0.29381199 -0.95586323 0.00000000
vn -0.39017493 -0.92074075 0.00000000
vn -0.39017493 -0.92074075 0.00000000
vn -0.89044314 -0.45509452 0.00000000
vn -0.89044314 -0.45509452 0.00000000
vn -0.97473932 0.22334559 0.00000000
vn -0.97473932 0.22334559 0.00000000
vn -0.60265382 0.79800274 0.00000000
vn -0.60265382 0.79800274 0.00000000
vn 0.05119605 0.99868862 0.00000000
vn 0.05119605 0.99868862 0.00000000
vn 0.68105580 0.73223152 0.00000000
vn 0.68105580 0.73223152 0.00000000
vn 0.00000000 0.00000000 -1.00000000
vn 0.00000000 0.00000000 -1.00000000
vn 0.00000000 0.00000000 -1.00000000
vn 0.00000000 0.00000000 -1.00000000
vn 0.00000000 0.00000000 -1.00000000
vn 0.00000000 0.00000000 -1.00000000
vn 0.00000000 0.00000000 -1.00000000
vn 0.00000000 0.00000000 -1.00000000
vn 0.00000000 0.00000000 -1.00000000
vn 0.99236499 0.12333580 0.00000000
vn 0.99236499 0.12333580 0.00000000
vn 0.97497225 -0.22232661 0.00000000
vn 0.97497225 -0.22232661 0.00000000
vn 0.60183780 -0.79861835 0.00000000
vn 0.60183780 -0.79861835 0.00000000
vn 0.29316978 -0.95606039 0.00000000
vn 0.29316978 -0.95606039 0.00000000
vn -0.38887071 -0.92129234 0.00000000
vn -0.38887071 -0.92129234 0.00000000
vn -0.89024050 -0.45549077 0.00000000
vn -0.89024050 -0.45549077 0.00000000
vn -0.97464035 0.22377711 0.00000000
vn -0.97464035 0.22377711 0.00000000
vn -0.60326404 0.79754153 0.00000000
vn -0.60326404 0.79754153 0.00000000
vn 0.05052136 0.99872298 0.00000000
vn 0.05052136 0.99872298 0.00000000
vn 0.68137454 0.73193493 0.00000000
vn 0.68137454 0.73193493 0.00000000
vn 0.00000000 0.00000000 -1.00000000
vn 0.00000000 0.00000000 -1.00000000
vn 0.00000000 0.00000000 -1.00000000
vn 0.00000000 0.00000000 -1.00000000
vn 0.00000000 0.00000000 -1.00000000
vn 0.00000000 0.00000000 -1.00000000
vn 0.00000000 0.00000000 -1.00000000
vn 0.00000000 0.00000000 -1.00000000
vn 0.00000000 0.00000000 -1.00000000
vn 0.99231271 0.12375572 0.00000000
vn 0.99231271 0.12375572 0.00000000
vn 0.97456754 -0.22409396 0.00000000
vn 0.97456754 -0.22409396 0.00000000
vn 0.60396960 -0.79700735 0.00000000
vn 0.60396960 -0.79700735 0.00000000
vn 0.29444274 -0.95566912 0.00000000
vn 0.29444274 -0.95566912 0.00000000
vn -0.38958755 -0.92098944 0.00000000
vn -0.38958755 -0.92098944 0.00000000
vn -0.89058961 -0.45480781 0.00000000
vn -0.89058961 -0.45480781 0.00000000
vn -0.97471967 0.22343133 0.00000000
vn -0.97471967 0.22343133 0.00000000
vn -0.60331786 0.79750082 0.00000000
vn -0.60331786 0.79750082 0.00000000
vn 0.05123912 0.99868641 0.00000000
vn 0.05123912 0.99868641 0.00000000
vn 0.68072182 0.73254202 0.00000000
vn 0.68072182 0.73254202 0.00000000
vn 0.00000000 0.00000000 -1.00000000
vn 0.00000000 0.00000000 -1.00000000
vn 0.00000000 0.00000000 -1.00000000
vn 0.00000000 0.00000000 -1.00000000
vn 0.00000000 0.00000000 -1.00000000
vn 0.00000000 0.00000000 -1.00000000
vn 0.00000000 0.00000000 -1.00000000
vn 0.00000000 0.00000000 -1.00000000
vn 0.00000000 0.00000000 -1.00000000
vn 0.99237028 0.12329330 0.00000000
vn 0.99237028 0.12329330 0.00000000
vn 0.97456221 -0.22411718 0.00000000
vn 0.97456221 -0.22411718 0.00000000
vn 0.60286105 -0.79784620 0.00000000
vn 0.60286105 -0.79784620 0.00000000
vn 0.29377779 -0.95587374 0.00000000
vn 0.29377779 -0.95587374 0.00000000
vn -0.38953708 -0.92101078 0.00000000
vn -0.38953708 -0.92101078 0.00000000
vn -0.89012019 -0.45572584 0.00000000
vn -0.89012019 -0.45572584 0.00000000
vn -0.97485359 0.22284630 0.00000000
vn -0.97485359 0.22284630 0.00000000
vn -0.60306264 0.79769383 0.00000000
vn -0.60306264 0.79769383 0.00000000
vn 0.05117025 0.99868994 0.00000000
vn 0.05117025 0.99868994 0.00000000
vn 0.68104451 0.73224202 0.00000000
vn 0.68104451 0.73224202 0.00000000
vn 0.00000000 0.00000000 -1.00000000
vn 0.00000000 0.00000000 -1.00000000
vn 0.00000000 0.00000000 -1.00000000
vn 0.00000000 0.00000000 -1.00000000
vn 0.00000000 0.00000000 -1.00000000
vn 0.00000000 0.00000000 -1.00000000
vn 0.00000000 0.00000000 -1.00000000
vn 0.00000000 0.00000000 -1.00000000
vn 0.00000000 0.00000000 -1.00000000
vn 0.99236908 0.12330295 0.00000000
vn 0.99236908 0.12330295 0.00000000
vn 0.97456638 -0.22409901 0.00000000
vn 0.97456638 -0.22409901 0.00000000
vn 0.60278747 -0.79790179 0.00000000
vn 0.60278747 -0.79790179 0.00000000
vn 0.29374822 -0.95588283 0.00000000
vn 0.29374822 -0.95588283 0.00000000
vn -0.38889811 -0.92128077 0.00000000
vn -0.38889811 -0.92128077 0.00000000
vn -0.89025831 -0.45545597 0.00000000
vn -0.89025831 -0.45545597 0.00000000
vn -0.97482661 0.22296429 0.00000000
vn -0.97482661 0.22296429 0.00000000
vn -0.60370492 0.79720786 0.00000000
vn -0.60370492 0.79720786 0.00000000
vn 0.05117876 0.99868951 0.00000000
vn 0.05117876 0.99868951 0.00000000
vn 0.68101005 0.73227407 0.00000000
vn 0.68101005 0.73227407 0.00000000
vn 0.00000000 0.00000000 -1.00000000
vn 0.00000000 0.00000000 -1.00000000
vn 0.00000000 0.00000000 -1.00000000
vn 0.00000000 0.00000000 -1.00000000
vn 0.00000000 0.00000000 -1.00000000
vn 0.00000000 0.00000000 -1.00000000
vn 0.00000000 0.00000000 -1.00000000
vn 0.00000000 0.00000000 -1.00000000
vn 0.00000000 0.00000000 -1.00000000
vn 0.99237610 0.12324637 0.00000000
vn 0.99237610 0.12324637 0.00000000
vn 0.97454101 -0.22420934 0.00000000
vn 0.97454101 -0.22420934 0.00000000
vn 0.60278703 -0.79790212 0.00000000
vn 0.60278703 -0.79790212 0.00000000
vn 0.29373816 -0.95588592 0.00000000
vn 0.29373816 -0.95588592 0.00000000
vn -0.38890490 -0.92127791 0.00000000
vn -0.38890490 -0.92127791 0.00000000
vn -0.89025395 -0.45546449 0.00000000
vn -0.89025395 -0.45546449 0.00000000
vn -0.97482907 0.22295356 0.00000000
vn -0.97482907 0.22295356 0.00000000
vn -0.60373334 0.79718634 0.00000000
vn -0.60373334 0.79718634 0.00000000
vn 0.05120075 0.99868838 0.00000000
vn 0.05120075 0.99868838 0.00000000
vn 0.68104941 0.73223746 0.00000000
vn 0.68104941 0.73223746 0.00000000
vn 0.00000000 0.00000000 -1.00000000
vn 0.00000000 0.00000000 -1.00000000
vn 0.00000000 0.00000000 -1.00000000
vn 0.00000000 0.00000000 -1.00000000
vn 0.00000000 0.00000000 -1.00000000
vn 0.00000000 0.00000000 -1.00000000
vn 0.00000000 0.00000000 -1.00000000
vn 0.00000000 0.00000000 -1.00000000
vn 0.00000000 0.00000000 -1.00000000
vn 0.99237048 0.12329168 0.00000000
vn 0.99237048 0.12329168 0.00000000
vn 0.97456148 -0.22412035 0.00000000
vn 0.97456148 -0.22412035 0.00000000
vn 0.60278703 -0.79790212 0.00000000
vn 0.60278703 -0.79790212 0.00000000
vn 0.29378186 -0.95587249 0.00000000
vn 0.29378186 -0.95587249 0.00000000
vn -0.38947992 -0.92103496 0.00000000
vn -0.38947992 -0.92103496 0.00000000
vn -0.89016820 -0.45563205 0.00000000
vn -0.89016820 -0.45563205 0.00000000
vn -0.97472250 0.22341901 0.00000000
vn -0.97472250 0.22341901 0.00000000
vn -0.60264305 0.79801087 0.00000000
vn -0.60264305 0.79801087 0.00000000
vn 0.05123869 0.99868644 0.00000000
vn 0.05123869 0.99868644 0.00000000
vn 0.68105431 0.73223290 0.00000000
vn 0.68105431 0.73223290 0.00000000
vn 0.00000000 0.00000000 -1.00000000
vn 0.00000000 0.00000000 -1.00000000
vn 0.00000000 0.00000000 -1.00000000
vn 0.00000000 0.00000000 -1.00000000
vn 0.00000000 0.00000000 -1.00000000
vn 0.00000000 0.00000000 -1.00000000
vn 0.00000000 0.00000000 -1.00000000
vn 0.00000000 0.00000000 -1.00000000
vn 0.00000000 0.00000000 -1.00000000
vn 0.00000000 0.00000000 -1.00000000
vn 0.00000000 0.00000000 -1.00000000
vn 0.00000000 0.00000000 -1.00000000
vn 0.00000000 0.00000000 -1.00000000
vn 0.00000000 0.00000000 -1.00000000
vn 0.00000000 0.00000000 -1.00000000
vn 0.00000000 0.00000000 -1.00000000
vn 0.00000000 0.00000000 -1.00000000
vn 0.00000000 0.00000000 -1.00000000
vn 0.00000000 0.00000000 -1.00000000
vn 0.00000000 0.00000000 -1.00000000
vn 0.00000000 0.00000000 -1.00000000
vn 0.00000000 0.00000000 -1.00000000
vn 0.00000000 0.00000000 -1.00000000
vn 0.00000000 0.00000000 -1.00000000
vn 0.00000000 0.00000000 -1.00000000
vn 0.00000000 0.00000000 -1.00000000
vn 0.00000000 0.00000000 -1.00000000
vn 0.00000000 0.00000000 -1.00000000
vn 0.00000000 0.00000000 -1.00000000
vn 0.00000000 0.00000000 -1.00000000
vn 0.00000000 0.00000000 -1.00000000
vn 0.00000000 0.00000000 -1.00000000
vn 0.00000000 0.00000000 -1.00000000
vn 0.00000000 0.00000000 -1.00000000
vn 0.00000000 0.00000000 -1.00000000
vn 0.00000000 0.00000000 -1.00000000
vn 0.00000000 0.00000000 -1.00000000
vn 0.00000000 0.00000000 -1.00000000
vn 0.00000000 0.00000000 -1.00000000
vn 0.00000000 0.00000000 -1.00000000
vn 0.00000000 0.00000000 -1.00000000
vn 0.00000000 0.00000000 -1.00000000
vn 0.00000000 0.00000000 -1.00000000
vn 0.00000000 0.00000000 -1.00000000
vn 0.00000000 0.00000000 -1.00000000
vn 0.00000000 0.00000000 -1.00000000
vn 0.00000000 0.00000000 -1.00000000
vn 0.00000000 0.00000000 -1.00000000
vn 0.00000000 0.00000000 -1.00000000
vn 0.00000000 0.00000000 -1.00000000
vn 0.00000000 0.00000000 -1.00000000
vn 0.00000000 0.00000000 -1.00000000
vn 0.00000000 0.00000000 -1.00000000
vn 0.00000000 0.00000000 -1.00000000
vn 0.00000000 0.00000000 -1.00000000
vn 0.00000000 0.00000000 -1.00000000
vn 0.00000000 0.00000000 -1.00000000
vn 0.00000000 0.00000000 -1.00000000
vn 0.00000000 0.00000000 -1.00000000
vn 0.00000000 0.00000000 -1.00000000
vn 0.00000000 0.00000000 -1.00000000
vn 0.00000000 0.00000000 -1.00000000
vn 0.00000000 0.00000000 -1.00000000
vn 0.00000000 0.00000000 -1.00000000
vn 0.00000000 0.00000000 -1.00000000
vn 0.00000000 0.00000000 -1.00000000
vn 0.00000000 0.00000000 -1.00000000
vn 0.00000000 0.00000000 -1.00000000
vn 0.00000000 0.00000000 -1.00000000
vn 0.00000000 0.00000000 -1.00000000
vn 0.00000000 0.00000000 -1.00000000
vn 0.00000000 0.00000000 -1.00000000
vn 0.00000000 0.00000000 -1.00000000
vn 0.00000000 0.00000000 -1.00000000
vn 0.00000000 0.00000000 -1.00000000
vn 0.00000000 0.00000000 -1.00000000
vn 0.00000000 0.00000000 -1.00000000
vn 0.00000000 0.00000000 -1.00000000
vn 0.00000000 0.00000000 -1.00000000
vn 0.00000000 0.00000000 -1.00000000
vn 0.00000000 0.00000000 -1.00000000
vn 0.00000000 0.00000000 -1.00000000
vn 0.00000000 0.00000000 -1.00000000
vn 0.00000000 0.00000000 -1.00000000
vn 0.00000000 0.00000000 -1.00000000
vn 0.00000000 0.00000000 -1.00000000
vn 0.00000000 0.00000000 -1.00000000
vn 0.00000000 0.00000000 -1.00000000
vn 0.00000000 0.00000000 -1.00000000
vn 0.00000000 0.00000000 -1.00000000
vn 0.00000000 0.00000000 -1.00000000
vn 0.00000000 0.00000000 -1.00000000
vn 0.00000000 0.00000000 -1.00000000
vn 0.00000000 0.00000000 -1.00000000
vn 0.00000000 0.00000000 -1.00000000
vn 0.00000000 0.00000000 -1.00000000
vn 0.00000000 0.00000000 -1.00000000
vn 0.00000000 0.00000000 -1.00000000
vn 0.00000000 0.00000000 -1.00000000
vn 0.00000000 0.00000000 -1.00000000
vn 0.00000000 0.00000000 -1.00000000
vn 0.00000000 0.00000000 -1.00000000
vn 0.00000000 0.00000000 -1.00000000
vn 0.00000000 0.00000000 -1.00000000
vn 0.00000000 0.00000000 -1.00000000
vn 0.00000000 0.00000000 -1.00000000
vn 0.00000000 0.00000000 -1.00000000
vn 0.00000000 0.00000000 -1.00000000
vn 0.00000000 0.00000000 -1.00000000
vn 0.00000000 0.00000000 -1.00000000
vn 0.00000000 0.00000000 -1.00000000
vn 0.00000000 0.00000000 -1.00000000
vn 0.00000000 0.00000000 -1.00000000
vn 0.00000000 0.00000000 -1.00000000
vn 0.00000000 0.00000000 -1.00000000
vn 0.00000000 0.00000000 -1.00000000
vn 0.00000000 0.00000000 -1.00000000
vn 0.00000000 0.00000000 -1.00000000
vn 0.00000000 0.00000000 -1.00000000
vn 0.00000000 0.00000000 -1.00000000
vn 0.00000000 0.00000000 -1.00000000
vn 0.00000000 0.00000000 -1.00000000
vn 0.00000000 0.00000000 -1.00000000
vn 0.00000000 0.00000000 -1.00000000
vn 0.00000000 0.00000000 -1.00000000
vn 0.00000000 0.00000000 -1.00000000
vn 0.00000000 0.00000000 -1.00000000
vn 0.00000000 0.00000000 -1.00000000
vn -0.96625195 0.25759886 0.00000000
vn -0.96625195 0.25759886 0.00000000
vn -0.91417327 0.40532362 0.00000000
vn -0.91417327 0.40532362 0.00000000
vn -0.74413153 0.66803313 0.00000000
vn -0.74413153 0.66803313 0.00000000
vn -0.63037183 0.77629335 0.00000000
vn -0.63037183 0.77629335 0.00000000
vn -0.35952348 0.93313604 0.00000000
vn -0.35952348 0.93313604 0.00000000
vn -0.05376819 0.99855344 0.00000000
vn -0.05376819 0.99855344 0.00000000
vn 0.25757158 0.96625922 0.00000000
vn 0.25757158 0.96625922 0.00000000
vn 0.54363299 0.83932304 0.00000000
vn 0.54363299 0.83932304 0.00000000
vn 0.77618507 0.63050514 0.00000000
vn 0.77618507 0.63050514 0.00000000
vn 0.93297744 0.35993485 0.00000000
vn 0.93297744 0.35993485 0.00000000
vn 0.99855726 0.05369727 0.00000000
vn 0.99855726 0.05369727 0.00000000
vn 0.96625245 -0.25759699 0.00000000
vn 0.96625245 -0.25759699 0.00000000
vn 0.83949261 -0.54337111 0.00000000
vn 0.83949261 -0.54337111 0.00000000
vn 0.63037798 -0.77628835 0.00000000
vn 0.63037798 -0.77628835 0.00000000
vn 0.35982823 -0.93301857 0.00000000
vn 0.35982823 -0.93301857 0.00000000
vn 0.05376317 -0.99855372 0.00000000
vn 0.05376317 -0.99855372 0.00000000
vn -0.25757535 -0.96625822 0.00000000
vn -0.25757535 -0.96625822 0.00000000
vn -0.54337513 -0.83949001 0.00000000
vn -0.54337513 -0.83949001 0.00000000
vn -0.77629498 -0.63036982 0.00000000
vn -0.77629498 -0.63036982 0.00000000
vn -0.93303631 -0.35978222 0.00000000
vn -0.93303631 -0.35978222 0.00000000
vn -0.99855726 -0.05369727 0.00000000
vn -0.99855726 -0.05369727 0.00000000
vn 0.00000000 0.00000000 -1.00000000
vn 0.00000000 0.00000000 -1.00000000
vn 0.00000000 0.00000000 -1.00000000
vn 0.00000000 0.00000000 -1.00000000
vn 0.00000000 0.00000000 -1.00000000
vn 0.00000000 0.00000000 -1.00000000
vn 0.00000000 0.00000000 -1.00000000
vn 0.00000000 0.00000000 -1.00000000
vn 0.00000000 0.00000000 -1.00000000
vn 0.00000000 0.00000000 -1.00000000
vn 0.00000000 0.00000000 -1.00000000
vn 0.00000000 0.00000000 -1.00000000
vn 0.00000000 0.00000000 -1.00000000
vn 0.00000000 0.00000000 -1.00000000
vn 0.00000000 0.00000000 -1.00000000
vn 0.00000000 0.00000000 -1.00000000
vn 0.00000000 0.00000000 -1.00000000
vn 0.00000000 0.00000000 -1.00000000
vn 0.00000000 0.00000000 -1.00000000
vn 0.00000000 0.00000000 -1.00000000
vn 0.00000000 0.00000000 -1.00000000
vn 0.00000000 0.00000000 -1.00000000
vn 0.00000000 0.00000000 -1.00000000
vn 0.00000000 0.00000000 -1.00000000
vn 0.00000000 0.00000000 -1.00000000
vn 0.00000000 0.00000000 -1.00000000
vn 0.00000000 0.00000000 -1.00000000
vn 0.00000000 0.00000000 -1.00000000
vn 0.00000000 0.00000000 -1.00000000
vn 0.00000000 0.00000000 -1.00000000
vn 0.00000000 0.00000000 -1.00000000
vn 0.00000000 0.00000000 -1.00000000
vn 0.00000000 0.00000000 -1.00000000
vn 0.00000000 0.00000000 -1.00000000
vn 0.00000000 0.00000000 -1.00000000
vn 0.00000000 0.00000000 -1.00000000
vn 0.00000000 0.00000000 -1.00000000
vn 0.00000000 0.00000000 -1.00000000
vn 0.00000000 0.00000000 -1.00000000
vn 0.00000000 0.00000000 -1.00000000
vn 0.00000000 0.00000000 -1.00000000
vn 0.00000000 0.00000000 -1.00000000
vn 0.00032600 0.00059386 0.99999977
vn 0.00031658 0.00108163 0.99999936
vn 0.00016549 0.00021419 0.99999996
vn 0.00000000 0.00000000 1.00000000
vn 0.00000000 0.00000000 1.00000000
vn 0.00011368 0.00056716 0.99999983
vn 0.00000000 0.00000000 1.00000000
vn 0.00000000 0.00000000 1.00000000
vn 0.00000000 0.00000000 1.00000000
vn 0.00000000 0.00000000 1.00000000
vn 0.00000000 0.00000000 1.00000000
vn 0.00000000 0.00000000 1.00000000
vn 0.00000000 0.00000000 1.00000000
vn 0.00000000 0.00000000 1.00000000
vn 0.00000000 0.00000000 1.00000000
vn 0.00000000 0.00000000 1.00000000
vn 0.00000000 0.00000000 1.00000000
vn 0.00000000 0.00000000 1.00000000
vn 0.00000000 0.00000000 1.00000000
vn 0.00000000 0.00000000 1.00000000
vn 0.00000000 0.00000000 1.00000000
vn 0.00000000 0.00000000 1.00000000
vn 0.00001216 0.00003591 1.00000000
vn 0.00000000 0.00000000 1.00000000
vn 0.00000000 0.00000000 1.00000000
vn 0.00000000 0.00000000 1.00000000
vn 0.00000000 0.00000000 1.00000000
vn 0.00000000 0.00000000 1.00000000
vn 0.00009234 0.00034426 0.99999994
vn 0.00001323 0.00065365 0.99999979
vn 0.00000000 0.00068890 0.99999976
vn 0.00000000 0.00068890 0.99999976
vn 0.00000000 0.00068890 0.99999976
vn 0.00000000 0.00068890 0.99999976
vn 0.00000092 0.00069053 0.99999976
vn 0.00016613 0.00052353 0.99999985
vn -0.00000546 0.00069238 0.99999976
vn 0.00065809 0.00085658 0.99999942
vn 0.00041082 0.00033898 0.99999986
vn 0.00000000 0.00000000 1.00000000
vn 0.00000000 0.00000000 1.00000000
vn 0.00000000 0.00000000 1.00000000
vn 0.00000000 0.00000000 1.00000000
vn 0.00000000 0.00000000 1.00000000
vn 0.00000000 0.00000000 1.00000000
vn 0.00000000 0.00000000 1.00000000
vn 0.00000000 0.00000000 1.00000000
vn 0.00000000 0.00000000 1.00000000
vn 0.00000000 0.00000000 1.00000000
vn 0.00000000 0.00000000 1.00000000
vn 0.00000000 0.00000000 1.00000000
vn 0.00000000 0.00000000 1.00000000
vn 0.00000000 0.00000000 1.00000000
vn 0.00000000 0.00000000 1.00000000
vn 0.00000000 0.00000000 1.00000000
vn 0.00000000 0.00000000 1.00000000
vn 0.00000000 0.00000000 1.00000000
vn 0.00000000 0.00000000 1.00000000
vn 0.00000000 0.00000000 1.00000000
vn 0.00000000 0.00000000 1.00000000
vn 0.00000000 0.00000000 1.00000000
vn 0.00000000 0.00000000 1.00000000
vn 0.00000000 0.00000000 1.00000000
vn 0.00000000 0.00000000 1.00000000
vn 0.00000000 0.00000000 1.00000000
vn 0.00000000 0.00000000 1.00000000
vn 0.00000000 0.00000000 1.00000000
vn 0.00000000 0.00000000 1.00000000
vn 0.00000000 0.00000000 1.00000000
vn 0.00000000 0.00000000 1.00000000
vn 0.00000000 0.00000000 1.00000000
vn 0.00000000 0.00000000 1.00000000
vn 0.00000000 0.00000000 1.00000000
vn 0.00000000 0.00000000 1.00000000
vn 0.00000000 0.00000000 1.00000000
vn 0.00000000 0.00000000 1.00000000
vn 0.00000000 0.00000000 1.00000000
vn 0.00000000 0.00000000 1.00000000
vn 0.00000000 0.00000000 1.00000000
vn 0.00000000 0.00000000 1.00000000
vn 0.97872340 0.20518364 0.00041891
vn 0.99737514 0.07240740 0.00003332
vn 0.97865857 0.20549299 0.00016256
vn 0.99737603 0.07239512 0.00000000
vn 0.97866822 0.20544713 0.00000000
vn 0.89329374 0.44946992 0.00175419
vn 0.89766372 0.44068111 0.00000000
vn 0.79953176 0.59884565 0.04618274
vn 0.72352530 0.69027338 0.00581393
vn 0.64836609 0.76097616 0.02316655
vn 0.50546165 0.86276357 -0.01214668
vn 0.41554670 0.90924178 0.02450179
vn 0.23147769 0.97283991 0.00077027
vn 0.22233417 0.97494983 -0.00635149
vn 0.10036784 0.99495035 0.00031385
vn 0.09027394 0.99571281 -0.02016490
vn 0.09077321 0.99566025 0.02051569
vn 0.22194554 0.97502634 0.00798831
vn 0.40618522 0.91324688 -0.03152306
vn 0.62157996 0.78220536 -0.04234530
vn 0.78666873 0.61663718 -0.03018107
vn 0.89485834 0.44635025 0.00007752
vn -0.98223656 0.18764675 -0.00018894
vn -0.97757209 0.20940228 0.02243861
vn -0.96467032 0.26345748 0.00114983
vn -0.95197551 0.30585098 0.01406429
vn -0.90499362 0.42526038 0.01183907
vn -0.86413403 0.50321416 0.00692024
vn -0.80957347 0.58600404 0.03449733
vn -0.71372823 0.70041811 0.00254669
vn -0.70659144 0.70762175 0.00000000
vn -0.56267726 0.82667666 0.00000000
vn -0.56267726 0.82667666 0.00000000
vn -0.38731611 0.92194698 0.00000000
vn -0.38731611 0.92194698 0.00000000
vn -0.29053791 0.95686348 0.00000000
vn -0.29053791 0.95686348 0.00000000
vn -0.38731611 0.92194698 0.00000000
vn -0.56267726 0.82667666 0.00000000
vn -0.71304695 0.70111629 0.00000000
vn -0.82923759 0.55872135 -0.01398071
vn -0.93483180 0.35501820 0.00718275
vn -0.00030679 0.99999943 0.00102242
vn -0.00223657 0.99999706 -0.00093878
vn -0.00547609 0.99998357 0.00169547
vn -0.00525138 0.99998616 0.00033109
vn -0.00520391 0.99998452 -0.00197109
vn -0.00175983 0.99998896 -0.00435722
vn -0.00038836 0.99999980 -0.00049475
vn 0.00059555 0.99999931 0.00101044
vn 0.00048183 0.99999967 -0.00064953
vn 0.00272564 0.99999627 0.00015614
vn 0.00242019 0.99999707 0.00000000
vn 0.00493647 0.99998695 0.00131437
vn 0.00519665 0.99998522 0.00159666
vn 0.00583272 0.99998204 0.00138061
vn -0.00441333 0.99996582 -0.00699139
vn -0.00219459 0.99999756 0.00025076
vn -0.05203652 0.99532837 -0.08132432
vn -0.03422266 0.99941416 -0.00036941
vn -0.11347115 0.99137642 -0.06555223
vn -0.10739056 0.99402591 -0.01948720
vn -0.09442315 0.99520357 -0.02557584
vn -0.00260685 0.99980555 -0.01954667
vn 0.00291889 0.99999569 0.00032643
vn -0.35747914 0.93391957 0.00170525
vn -0.35638770 0.93433507 0.00240443
vn -0.48807655 0.87280026 0.00099496
vn -0.47057556 0.88235896 0.00114691
vn -0.76046931 0.64867155 -0.03019363
vn -0.60759445 0.79343388 0.03593980
vn -0.71295474 0.70120562 0.00249307
vn -0.84736205 0.53092199 0.00996994
vn -0.87727162 0.47999267 -0.00124070
vn -0.94342739 0.32815896 0.04750221
vn -0.97264346 0.23198889 0.01207701
vn -0.98175891 0.19013005 0.00000000
vn -0.99354317 0.06847247 0.09046263
vn -0.99851043 -0.05369213 -0.00969940
vn -0.98455972 -0.15874619 0.07376862
vn -0.94944745 -0.31381151 0.00847754
vn -0.94987806 -0.31262065 0.00000000
vn -0.88482731 -0.46075475 0.06917872
vn -0.82945133 -0.55854245 -0.00638868
vn -0.74837549 -0.65551034 0.10119441
vn -0.63559410 -0.77202121 -0.00184218
vn -0.62875672 -0.77760208 0.00000000
vn -0.44129810 -0.89736057 0.00000000
vn -0.44129810 -0.89736057 0.00000000
vn -0.21080456 -0.97752823 0.00000000
vn -0.20839528 -0.97804468 0.00012544
vn -0.05139645 -0.99631513 0.06866274
vn -0.00716281 -0.99997149 0.00239052
vn 0.00242190 -0.99999704 -0.00021955
vn 0.00193303 -0.99999803 0.00044537
vn -0.00751557 -0.99997175 0.00014364
vn -0.00531287 -0.99998571 0.00059879
vn -0.00313831 -0.99998866 0.00358272
vn 0.00024469 -0.99999997 0.00009876
vn 0.00039941 -0.99999991 0.00010543
vn 0.00069385 -0.99999955 -0.00064240
vn 0.00097911 -0.99999931 0.00064924
vn -0.00007348 -0.99999609 -0.00279581
vn -0.00047368 -0.99999865 -0.00157237
vn -0.00039955 -0.99999992 -0.00007810
vn 0.00009905 -0.99999996 0.00025279
vn 0.00159931 -0.99998710 0.00481998
vn 0.00247990 -0.99998695 -0.00446547
vn 0.00459241 -0.99998653 0.00241799
vn 0.00776900 -0.99996790 0.00196180
vn 0.00256245 -0.99980613 -0.01952288
vn -0.00134929 -0.99999909 0.00000000
vn 0.02025541 -0.99979291 -0.00196334
vn 0.08259229 -0.99591876 -0.03639141
vn 0.27762748 -0.96045008 0.02141564
vn 0.20472610 -0.97841278 -0.02820723
vn 0.40944691 -0.91232460 0.00412947
vn 0.42560094 -0.90471864 0.01865513
vn 0.52997920 -0.84800519 -0.00304001
vn 0.62948817 -0.77692370 0.01158472
vn 0.64865527 -0.76107396 0.00357374
vn 0.71867796 -0.69510416 -0.01822623
vn 0.78015441 -0.62552755 -0.00862445
vn 0.79013054 -0.61293859 0.00010708
vn 0.86289341 -0.50538315 0.00168238
vn 0.88602376 -0.46363979 -0.00019875
vn 0.97877375 -0.20485267 0.00611064
vn 0.95004301 -0.31211882 0.00034582
vn 0.99404471 -0.10822529 0.01274399
vn 0.98688131 -0.15768029 -0.03467288
vn 0.99727003 -0.07356616 0.00636384
vn 0.99757176 0.05609022 -0.04128535
vn 0.99629940 0.08586434 -0.00385010
vn 0.97724520 0.21185430 -0.01046808
vn 0.97149907 0.23704336 0.00000000
vn 0.91592684 0.40019641 -0.03034552
vn 0.87127004 0.49077879 -0.00496970
vn 0.79701494 0.60310853 -0.03205136
vn 0.70819017 0.70599603 -0.00602409
vn 0.63467853 0.77239639 -0.02422785
vn 0.48221888 0.87603329 -0.00553415
vn 0.43003699 0.90265721 -0.01667766
vn 0.35016768 0.93662409 -0.01085856
vn 0.35408205 0.93521415 -0.00062872
vn 0.48929856 0.87211603 0.00074237
vn 0.71400908 0.70013165 -0.00259066
vn 0.87575045 0.48276334 0.00084028
vn 0.93247141 0.36124011 0.00162970
vn 0.95216472 0.30558415 0.00082340
vn 0.98229297 0.18696385 -0.01204296
vn 0.99913412 -0.04049910 -0.00953071
vn 0.95102911 -0.30846057 -0.01989246
vn 0.42724845 -0.90400061 -0.01554542
vn 0.58646892 -0.80984885 0.01410831
vn 0.66708911 -0.74497794 0.00000000
vn 0.75468154 -0.65608398 0.00309567
vn 0.86393479 -0.50360367 0.00016345
vn 0.22221420 -0.97494306 0.01033844
vn 0.02357750 -0.99972186 0.00054822
vn 0.00030082 -0.99999940 -0.00105285
vn -0.00017758 -0.99999990 -0.00041847
vn -0.00302644 -0.99999535 -0.00037204
vn -0.00722710 -0.99997387 -0.00016894
vn 0.00000883 -1.00000000 0.00000000
vn 0.01210862 -0.99992302 0.00270932
vn -0.04567823 -0.99840467 -0.03319055
vn -0.21080456 -0.97752823 0.00000000
vn -0.44129810 -0.89736057 0.00000000
vn -0.60921584 -0.79300445 0.00000000
vn -0.72400345 -0.68901422 -0.03283906
vn -0.85064342 -0.52574052 -0.00163782
vn -0.94891024 -0.31554613 0.00000000
vn -0.99306297 -0.11705353 -0.01115365
vn -0.99612168 0.07288139 -0.04929401
vn -0.96797197 0.25105831 0.00000000
vn -0.87941095 0.47605855 0.00215308
vn -0.71708898 0.69696044 0.00543453
vn -0.49270272 0.87019096 0.00342402
vn 0.00000000 -1.00000000 0.00000000
vn 0.00000000 -1.00000000 0.00000000
vn 0.00000000 -1.00000000 0.00000000
vn 0.00000000 -1.00000000 0.00000000
vn 0.00667782 -0.99997770 0.00000000
vn 0.00418928 -0.99999122 0.00000000
vn 0.00667782 -0.99997770 0.00000000
vn 0.00418928 -0.99999122 0.00000000
vn 0.00085036 -0.99999964 0.00000000
vn 0.00085036 -0.99999964 0.00000000
vn 0.00000000 -1.00000000 0.00000000
vn 0.00000000 -1.00000000 0.00000000
vn 0.00000000 -1.00000000 0.00000000
vn 0.00000000 -1.00000000 0.00000000
vn 0.01972027 0.99980554 0.00000000
vn 0.12567705 0.99207121 0.00000000
vn 0.01972027 0.99980554 0.00000000
vn 0.12567705 0.99207121 0.00000000
vn 0.32388924 0.94609501 0.00000000
vn 0.32388924 0.94609501 0.00000000
vn 0.49482028 0.86899534 0.00000000
vn 0.49482028 0.86899534 0.00000000
vn 0.64038792 0.76805163 0.00000000
vn 0.64038792 0.76805163 0.00000000
vn 0.77495909 0.63201140 0.00000000
vn 0.77495909 0.63201140 0.00000000
vn 0.89654321 0.44295629 0.00000000
vn 0.89654321 0.44295629 0.00000000
vn 0.97513067 0.22163070 0.00000000
vn 0.97513067 0.22163070 0.00000000
vn 0.99999977 0.00067456 0.00000000
vn 0.99999977 0.00067456 0.00000000
vn 0.97702903 -0.21310623 0.00000000
vn 0.97702903 -0.21310623 0.00000000
vn 0.90855797 -0.41775879 0.00000000
vn 0.90855797 -0.41775879 0.00000000
vn 0.79704122 -0.60392491 0.00000000
vn 0.79704122 -0.60392491 0.00000000
vn 0.64129325 -0.76729588 0.00000000
vn 0.64129325 -0.76729588 0.00000000
vn 0.44160754 -0.89720833 0.00000000
vn 0.44160754 -0.89720833 0.00000000
vn 0.13148320 -0.99131840 0.00000000
vn 0.32998222 -0.94398715 0.00000000
vn 0.29013315 -0.95698629 0.00000000
vn 0.09004747 -0.99593747 0.00000000
vn 0.03918974 -0.99923179 0.00000000
vn 0.03918974 -0.99923179 0.00000000
vn -0.01176978 -0.99993073 0.00000000
vn -0.01176978 -0.99993073 0.00000000
vn -0.00068929 0.99999976 0.00000000
vn -0.00041002 0.99999989 -0.00023560
vn -0.00067131 0.99999977 -0.00006606
vn -0.00018198 0.99999998 -0.00012190
vn 0.00000000 1.00000000 0.00000000
vn 0.00000000 1.00000000 0.00000000
vn 0.00000000 1.00000000 0.00000000
vn 0.00000000 1.00000000 0.00000000
vn 0.00000000 1.00000000 0.00000000
vn 0.00000000 1.00000000 0.00000000
vn 0.00018166 0.99999998 -0.00012214
vn 0.00041041 0.99999989 -0.00023669
vn 0.00067172 0.99999977 -0.00006636
vn 0.00068979 0.99999976 0.00000000
vn 0.01177982 -0.99993062 0.00000000
vn -0.03887811 -0.99214105 -0.11893118
vn 0.00125038 -0.99950992 -0.03127866
vn -0.20654668 -0.97830974 -0.01576481
vn -0.21167819 -0.97733942 -0.00008652
vn -0.44148110 -0.89726995 -0.00103161
vn -0.44181166 -0.89710730 -0.00097566
vn -0.64118094 -0.76738972 -0.00014316
vn -0.64121741 -0.76735926 0.00000000
vn -0.79681882 -0.60421831 0.00000000
vn -0.79681882 -0.60421831 0.00000000
vn -0.90855891 -0.41775676 0.00000000
vn -0.90855891 -0.41775676 0.00000000
vn -0.97703367 -0.21308497 0.00000000
vn -0.97703367 -0.21308497 0.00000000
vn -0.99999977 0.00067449 0.00000000
vn -0.99999977 0.00067449 0.00000000
vn -0.97504652 0.22200065 0.00000000
vn -0.97504652 0.22200065 0.00000000
vn -0.89652486 0.44299342 0.00000000
vn -0.89652486 0.44299342 0.00000000
vn -0.77490791 0.63207415 0.00000000
vn -0.77490791 0.63207415 0.00000000
vn -0.64032695 0.76810247 0.00000000
vn -0.64032695 0.76810247 0.00000000
vn -0.49511123 0.86882960 0.00000000
vn -0.49511123 0.86882960 0.00000000
vn -0.32388935 0.94609497 0.00000000
vn -0.32388935 0.94609497 0.00000000
vn -0.12567734 0.99207117 0.00000000
vn -0.12567734 0.99207117 0.00000000
vn -0.01972061 0.99980553 0.00000000
vn -0.01972061 0.99980553 0.00000000
vn 0.00000000 -1.00000000 0.00000000
vn 0.00000000 -1.00000000 0.00000000
vn -0.00020607 -0.99999911 -0.00131962
vn -0.00160985 -0.99995199 -0.00966536
vn -0.00254744 -0.99992255 -0.01218229
vn -0.00667814 -0.99997770 0.00000000
vn -0.00573523 -0.99997958 -0.00281881
vn 0.00000000 -1.00000000 0.00000000
vn 0.00000000 -1.00000000 0.00000000
vn 0.00000000 -1.00000000 0.00000000
vn 0.00000000 -1.00000000 0.00000000
vn 0.10118838 0.36603532 0.92508327
vn 0.10335606 0.31883628 0.94215761
vn 0.12228365 0.18265102 0.97554360
vn 0.11802606 0.19039805 0.97458629
vn 0.14882561 -0.22250122 0.96350617
vn 0.13893025 -0.28254110 0.94914114
vn 0.14697412 -0.64035609 0.75388506
vn 0.14805118 -0.48903127 0.85960995
vn 0.10525638 -0.66967923 0.73515360
vn 0.11276129 -0.85042977 0.51386194
vn 0.08797742 -0.80283213 0.58967834
vn 0.13064348 -0.82789145 0.54546130
vn 0.08259814 -0.69429596 0.71493403
vn 0.11297092 -0.53860890 0.83494792
vn 0.07551422 -0.80860914 0.58347995
vn 0.06474101 -0.81271420 0.57905460
vn 0.06407534 -0.81302656 0.57869003
vn 0.04615926 -0.85699876 0.51324696
vn 0.04803023 -0.79331529 0.60691346
vn 0.05682041 -0.65555485 0.75300683
vn 0.02172240 -0.86702943 0.49778320
vn 0.03706912 -0.49577965 0.86765686
vn 0.01246012 -0.76987998 0.63806705
vn 0.01246012 -0.76987998 0.63806705
vn 0.01246012 -0.76987998 0.63806705
vn 0.04199863 -0.26339653 0.96377299
vn 0.04071364 -0.29146133 0.95571580
vn 0.10097717 -0.32101006 0.94167731
vn 0.04235314 0.08082850 0.99582778
vn 0.07548803 0.10697432 0.99139198
vn 0.01083131 0.25637419 0.96651692
vn 0.07722488 0.29255036 0.95312675
vn 0.10661110 0.32961154 0.93807798
vn 0.12501774 0.12260777 0.98454959
vn 0.11313409 -0.18593801 0.97602650
vn 0.11621190 -0.47615186 0.87165027
vn 0.14555458 -0.04072923 0.98851150
vn 0.13949996 -0.05661929 0.98860205
vn 0.12692807 0.16510987 0.97807361
vn 0.12673303 -0.11944381 0.98471921
vn 0.12596328 -0.12325060 0.98434879
vn 0.12327720 -0.13008504 0.98380924
vn 0.06221708 0.40899235 0.91041435
vn 0.09365569 0.05517043 0.99407486
vn 0.03042435 -0.02965937 0.99909693
vn 0.03480090 0.18290454 0.98251454
vn 0.02967365 0.59363673 0.80418586
vn 0.02486343 0.72502093 0.68827789
vn 0.02034466 0.75027453 0.66081330
vn 0.08054388 0.78108975 0.61920230
vn 0.09777911 0.59687103 0.79635684
vn 0.08819215 0.76536402 0.63752652
vn -0.11759950 0.19029619 0.97465775
vn -0.10326375 0.32008900 0.94174287
vn -0.12280405 0.17469597 0.97693423
vn -0.10038484 0.40445455 0.90903212
vn -0.12368170 0.29687762 0.94687196
vn -0.10640449 0.31611879 0.94273379
vn -0.12431551 0.11890862 0.98509207
vn -0.08790920 -0.02876195 0.99571317
vn -0.10231071 -0.33396824 0.93701533
vn -0.06605067 -0.08670987 0.99404160
vn -0.04118521 -0.28928613 0.95635627
vn -0.03359035 -0.64446420 0.76389632
vn -0.01811382 -0.48229677 0.87582060
vn -0.01685541 -0.63640225 0.77117318
vn -0.01376043 -0.77316137 0.63406006
vn -0.04363272 0.26216705 0.96403559
vn -0.04310184 0.09289758 0.99474231
vn -0.02017170 -0.28824336 0.95734470
vn -0.01966717 0.25581962 0.96652446
vn -0.02054974 -0.08126104 0.99648098
vn -0.00580453 -0.83321741 0.55291506
vn -0.02867683 -0.78058281 0.62439420
vn -0.06287534 -0.65247924 0.75519371
vn -0.04719932 -0.79177115 0.60899152
vn -0.06147661 -0.78894535 0.61138029
vn -0.05804016 -0.89402675 0.44423812
vn -0.05804016 -0.89402675 0.44423812
vn -0.05804016 -0.89402675 0.44423812
vn -0.06124881 -0.81298996 0.57904742
vn -0.08745724 -0.67193583 0.73542741
vn -0.10578342 -0.22434305 0.96875181
vn -0.12255219 -0.36033083 0.92473924
vn -0.13924415 -0.28003693 0.94983703
vn -0.07685052 -0.80684073 0.58574912
vn -0.07670438 -0.80712255 0.58537990
vn -0.10600672 -0.67182879 0.73308161
vn -0.14769247 -0.63594853 0.75746710
vn -0.14784124 -0.22436621 0.96322519
vn -0.11131251 -0.85861764 0.50038512
vn -0.13028940 -0.83437325 0.53558001
vn -0.05585244 -0.48822201 0.87093041
vn -0.14554302 -0.04260515 0.98843413
vn -0.14213467 0.17436657 0.97436853
vn -0.13949289 -0.05839474 0.98849977
vn -0.13870012 -0.06045478 0.98848748
vn -0.12561562 -0.12644565 0.98398791
vn -0.12561562 -0.12644565 0.98398791
vn -0.09877134 -0.30109714 0.94846441
vn -0.09356730 0.05554662 0.99406224
vn -0.11393191 0.58782515 0.80092516
vn -0.06306907 0.40783608 0.91087432
vn -0.08049543 0.77955752 0.62113651
vn -0.04197722 0.68958645 0.72298579
vn -0.08869850 0.76217848 0.64126168
vn -0.02069382 0.75026916 0.66080856
vn -0.01137490 0.58443443 0.81136121
vn -0.01799063 0.19441369 0.98075464
vn -0.03081711 -0.02978028 0.99908130
vn -0.04411428 -0.32760952 0.94378278
vn -0.02711018 -0.33379566 0.94225554
vn -0.03216744 -0.32903505 0.94376967
vn -0.02341173 -0.34573669 0.93803946
vn -0.56194014 -0.27425002 0.78039106
vn -0.60623127 -0.26315297 0.75048928
vn -0.09300635 -0.32496100 0.94114301
vn -0.08300397 -0.31445553 0.94563633
vn -0.06462301 -0.32314654 0.94413992
vn -0.10295716 -0.33770049 0.93560579
vn -0.01293471 -0.36541753 0.93075385
vn -0.14494495 -0.33088304 0.93247379
vn -0.14424081 -0.33232072 0.93207163
vn -0.14314116 -0.33456255 0.93143894
vn -0.14241326 -0.33604422 0.93101705
vn -0.09266104 0.46590900 0.87996746
vn -0.07303006 0.46720732 0.88112651
vn -0.08861121 0.47097881 0.87768275
vn -0.04931626 0.45476356 0.88924575
vn -0.03158413 0.45898530 0.88788228
vn -0.02912211 0.46426005 0.88522003
vn 0.02810993 0.46422375 0.88527179
vn 0.03083882 0.45850593 0.88815611
vn 0.04829270 0.45377673 0.88980587
vn 0.07300260 0.46794976 0.88073472
vn 0.08821880 0.47139637 0.87749810
vn 0.09259823 0.46591173 0.87997263
vn -0.12609569 0.47095442 0.87309897
vn -0.15169390 0.47031886 0.86936133
vn -0.15425638 0.46798514 0.87016945
vn -0.17862134 0.46514265 0.86702753
vn -0.18470783 0.46056174 0.86819693
vn -0.12253892 0.46969849 0.87428116
vn -0.11786236 0.46685028 0.87644696
vn -0.11211053 0.46497223 0.87819818
vn 0.11237620 0.46495819 0.87817166
vn 0.11796835 0.46677865 0.87647085
vn 0.12267058 0.46965278 0.87428725
vn 0.12613340 0.47090695 0.87311913
vn 0.15380530 0.46808941 0.87019322
vn 0.15627515 0.46982129 0.86881876
vn 0.18063138 0.46498498 0.86669561
vn 0.17440917 0.46158412 0.86978247
vn 0.10286297 -0.33747060 0.93569910
vn 0.10113963 -0.33524986 0.93668474
vn 0.08859432 -0.33608046 0.93765717
vn 0.07572927 -0.32808499 0.94160784
vn 0.05001411 -0.31633451 0.94732838
vn 0.03612345 -0.31025928 0.94996541
vn 0.03721911 -0.30499393 0.95162673
vn 0.03049273 -0.31495750 0.94861582
vn 0.02031875 -0.33082168 0.94347452
vn 0.01399269 -0.35345687 0.93534616
vn 0.01311267 -0.35964485 0.93299713
vn 0.01212320 -0.36657848 0.93030815
vn 0.14504834 -0.33049074 0.93259683
vn 0.14317133 -0.33431493 0.93152321
vn 0.14431552 -0.33198523 0.93217962
vn 0.14241506 -0.33585233 0.93108601
vn 0.00000000 -0.97340493 0.22909134
vn -0.00978768 -0.90904576 0.41658134
vn -0.00300495 -0.97340792 0.22905891
vn -0.02080154 -0.96304578 0.26853326
vn -0.02974724 -0.88981740 0.45534614
vn -0.02644649 -0.96291650 0.26850028
vn -0.05111614 -0.89406476 0.44501163
vn -0.03990633 -0.95191243 0.30376011
vn -0.11462048 -0.86495854 0.48857841
vn -0.11447746 -0.96731411 0.22627048
vn -0.19790987 -0.93567148 0.29214820
vn -0.23789330 -0.86381724 0.44410196
vn -0.29357402 -0.90404145 0.31068208
vn -0.41675891 -0.80255558 0.42686831
vn -0.44691188 -0.84310452 0.29907280
vn -0.52799321 -0.75122239 0.39609100
vn -0.52066857 -0.73541523 0.43366886
vn -0.37612731 -0.73735313 0.56110481
vn -0.21889347 -0.77004992 0.59925685
vn -0.06936978 -0.79310277 0.60512464
vn -0.01288892 -0.80771759 0.58942868
vn -0.01672778 -0.78813060 0.61528070
vn -0.03436953 -0.78642293 0.61673148
vn -0.37234610 -0.53504906 0.75834087
vn -0.37287240 -0.53747379 0.75636506
vn -0.31691223 -0.58865285 0.74367632
vn -0.33202233 -0.57920322 0.74450306
vn -0.19992303 -0.63412064 0.74694163
vn -0.20298955 -0.63500588 0.74536083
vn -0.11093574 -0.67173495 0.73243800
vn -0.09003103 -0.66233761 0.74377638
vn -0.06677817 -0.67746243 0.73251985
vn -0.04296787 -0.65213694 0.75688254
vn -0.05055796 -0.64894520 0.75915349
vn -0.02033379 -0.67693796 0.73575916
vn -0.01219306 -0.65880820 0.75221212
vn -0.01079656 -0.65432943 0.75613255
vn 0.01065705 0.98367998 0.17961105
vn 0.00733427 0.97978088 0.19993907
vn 0.02410124 0.93998839 0.34035416
vn 0.01556096 0.93040017 0.36621494
vn 0.03682657 0.86940768 0.49272110
vn 0.02270685 0.85845421 0.51238733
vn 0.05328462 0.92501766 0.37616895
vn 0.17767633 0.85285150 0.49099434
vn 0.06895742 0.91661520 0.39377842
vn 0.19383126 0.91680773 0.34913181
vn 0.09291449 0.96689085 0.23767409
vn 0.20202205 0.95630791 0.21133448
vn 0.35784876 0.90949933 0.21155434
vn 0.35480851 0.87875884 0.31920812
vn 0.51355398 0.83239078 0.20829760
vn 0.49344322 0.80408329 0.33160797
vn 0.64665668 0.73399151 0.20758516
vn 0.62319423 0.71131693 0.32504950
vn 0.75943569 0.61848916 0.20181325
vn 0.73324557 0.60097140 0.31809481
vn 0.80551050 0.55603252 0.20489187
vn 0.85408581 0.48350873 0.19172047
vn 0.82230725 0.47906203 0.30709991
vn 0.89463217 0.34231083 0.28715253
vn 0.78224239 0.46354941 0.41619561
vn 0.85386089 0.34060591 0.39358505
vn 0.24851851 0.85529462 0.45465335
vn 0.31627589 0.82822932 0.46260757
vn 0.46407176 0.76164447 0.45225557
vn 0.58896111 0.67709716 0.44120772
vn 0.69450095 0.57403827 0.43376088
vn 0.94563133 0.19309195 0.26171909
vn 0.90472767 0.20535167 0.37322719
vn 0.94931881 0.09398103 0.29993560
vn 0.95887875 0.07903768 0.27258868
vn 0.98294350 0.10171608 0.15321850
vn 0.96942903 0.19044169 0.15472336
vn 0.92275619 0.34261167 0.17646035
vn 0.00598989 -0.97333343 0.22931672
vn 0.02078174 -0.96291641 0.26899833
vn 0.00991247 -0.90620503 0.42272235
vn 0.02963722 -0.89020801 0.45458919
vn 0.01303323 -0.80647678 0.59112210
vn 0.03373460 -0.78804754 0.61468939
vn 0.06892075 -0.79287396 0.60547569
vn 0.05300111 -0.89421705 0.44448482
vn 0.09649184 -0.89848943 0.42825935
vn 0.03423133 -0.96545642 0.25830624
vn 0.25478928 -0.92309680 0.28805332
vn 0.24268472 -0.86258119 0.44391195
vn 0.44360413 -0.84378712 0.30205739
vn 0.38373226 -0.80459969 0.45317644
vn 0.52450984 -0.79270397 0.31066034
vn 0.52814246 -0.75102902 0.39625870
vn 0.52063391 -0.73517778 0.43411285
vn 0.37016301 -0.74095136 0.56033064
vn 0.22030687 -0.77012678 0.59863982
vn 0.70916238 -0.45965566 0.53460769
vn 0.61856317 -0.63666450 0.46047575
vn 0.69827740 -0.56916367 0.43412140
vn 0.64792482 -0.65686927 0.38563738
vn 0.71826998 -0.65171870 0.24362056
vn 0.81522876 -0.48555454 0.31565623
vn 0.81726794 -0.40207179 0.41280915
vn 0.90834220 -0.33484355 0.25058781
vn 0.87907842 -0.29773484 0.37225676
vn 0.93098623 -0.15384712 0.33105241
vn 0.82473472 -0.26496956 0.49960362
vn 0.88701924 -0.13735828 0.44082828
vn 0.95477237 -0.04480039 0.29394328
vn 0.96359716 -0.04947096 0.26274157
vn 0.96166402 -0.15455638 0.22652736
vn 0.37234699 -0.53505060 0.75833935
vn 0.33520812 -0.57722343 0.74461307
vn 0.37293416 -0.53775654 0.75613360
vn 0.34187760 -0.58178758 0.73799927
vn 0.27967256 -0.64792789 0.70850032
vn 0.19313721 -0.64368766 0.74051618
vn 0.18613038 -0.63644516 0.74852725
vn 0.11065429 -0.67333750 0.73100769
vn 0.11991669 -0.68241574 0.72106085
vn 0.07923996 -0.65647620 0.75017333
vn 0.06667727 -0.67791193 0.73211308
vn 0.04281638 -0.65172608 0.75724493
vn 0.05007323 -0.64817331 0.75984474
vn 0.01990778 -0.67721338 0.73551732
vn 0.01014212 -0.65402148 0.75640798
vn 0.01014212 -0.65402148 0.75640798
vn 0.01924042 -0.68269043 0.73045436
vn -0.01574201 0.93038622 0.36624265
vn -0.00745646 0.97976919 0.19999186
vn -0.02397645 0.94001897 0.34027850
vn -0.01041212 0.98351744 0.18051326
vn -0.05383398 0.92487106 0.37645109
vn -0.09293691 0.96667161 0.23855550
vn -0.07030164 0.91609187 0.39475736
vn -0.19528943 0.91675006 0.34847004
vn -0.18209623 0.84765727 0.49831528
vn -0.33019097 0.87917370 0.34355134
vn -0.37590918 0.80069371 0.46645673
vn -0.49342826 0.80718637 0.32400418
vn -0.51119155 0.72158771 0.46689868
vn -0.61841991 0.69909947 0.35891049
vn -0.68700203 0.56660077 0.45496349
vn -0.73521471 0.59949924 0.31632261
vn -0.81798359 0.48345577 0.31172643
vn -0.85475649 0.48155661 0.19363514
vn -0.92160941 0.34457331 0.17862065
vn -0.20022534 0.95762094 0.20705544
vn -0.35642795 0.91060605 0.20917871
vn -0.51283211 0.83341743 0.20595782
vn -0.64621027 0.73497953 0.20546866
vn -0.75897380 0.61892501 0.20221423
vn -0.80557546 0.55609682 0.20446151
vn -0.89666017 0.34125300 0.28204066
vn -0.97021663 0.19102481 0.14896045
vn -0.94657683 0.19361968 0.25788316
vn -0.98390885 0.10225032 0.14652046
vn -0.95890405 0.07864765 0.27261249
vn -0.95025888 0.09231127 0.29746713
vn -0.90803007 0.19529298 0.37059688
vn -0.86026922 0.32476124 0.39302292
vn -0.80604787 0.42637464 0.41047716
vn -0.03690507 0.86986179 0.49191309
vn -0.02292902 0.85844985 0.51238473
vn -0.64634496 -0.65856041 0.38540417
vn -0.61733575 -0.63712084 0.46149064
vn -0.69775035 -0.57203312 0.43118739
vn -0.70911759 -0.46171177 0.53289256
vn -0.81803062 -0.40662215 0.40679766
vn -0.82416035 -0.26850476 0.49866312
vn -0.87724088 -0.30420797 0.37135690
vn -0.88748256 -0.13421700 0.44086336
vn -0.93167362 -0.14834386 0.33162986
vn -0.95455168 -0.04467172 0.29467867
vn -0.95961715 -0.04056479 0.27836922
vn -0.96011901 -0.07215824 0.27011972
vn -0.92899722 -0.24743164 0.27521219
vn -0.90166692 -0.35250468 0.25047398
vn -0.79025360 -0.53856715 0.29230920
vn 0.00232269 0.99999398 0.00257663
vn -0.00010455 0.99999998 0.00016977
vn -0.00033952 0.99999993 0.00015807
vn 0.00000000 1.00000000 0.00000000
vn 0.00000000 1.00000000 0.00000000
vn 0.00000000 0.00000000 0.00000000
vn 0.00000000 0.00000000 0.00000000
vn 0.00000000 0.00000000 0.00000000
vn -0.00034465 0.99999994 0.00000000
vn 0.00331574 0.99995160 -0.00926344
vn 0.00442821 0.99999020 0.00000000
vn -0.00485324 0.99927503 -0.03776048
vn -0.04492348 0.99898184 0.00414416
vn -0.03844300 0.98990977 -0.13638468
vn -0.15932579 0.98722605 -0.00011941
vn -0.15451354 0.98776115 -0.02129491
vn -0.23021559 0.97313965 0.00000000
vn -0.49519127 0.86878390 0.00039002
vn -0.31441791 0.94928462 -0.00031110
vn -0.32597976 0.94537672 0.00023660
vn -0.15282320 0.98825354 -0.00012229
vn -0.48737216 0.87319421 -0.00050877
vn -0.64022638 0.76818629 -0.00006658
vn -0.63527614 0.77228484 -0.00059588
vn -0.76919879 0.63894931 -0.00877518
vn -0.76194093 0.64764652 0.00000000
vn -0.86025327 0.50982868 -0.00624772
vn -0.89579513 0.44394651 -0.02150757
vn -0.94045156 0.33985825 -0.00687304
vn -0.97594086 0.21737660 -0.01693665
vn -0.98653172 0.16356994 -0.00022253
vn -0.99993185 0.00114343 -0.01161872
vn -0.99999741 -0.00227670 0.00000000
vn -0.98715927 -0.15973900 -0.00013235
vn -0.97680153 -0.21363433 -0.01480329
vn -0.95023297 -0.31152342 -0.00323402
vn -0.90673419 -0.42167351 -0.00495506
vn -0.89232499 -0.45139325 0.00048615
vn -0.79793166 -0.60274786 0.00030112
vn -0.78947788 -0.61377879 0.00052594
vn -0.64108544 -0.76746949 0.00019980
vn -0.63804174 -0.77000165 0.00044402
vn -0.44184276 -0.89709238 0.00049173
vn -0.43848707 -0.89873750 0.00000000
vn -0.27411876 -0.96169564 -0.00063557
vn -0.15251054 -0.98830183 0.00018694
vn -0.33023068 -0.94390026 0.00000000
vn -0.21761481 -0.97603473 0.00000000
vn -0.14600988 -0.98928169 -0.00168892
vn -0.03354731 -0.99943695 -0.00060879
vn -0.03921888 -0.99923063 0.00014759
vn 0.00342484 -0.99999408 0.00033154
vn 0.00255095 -0.99999675 0.00000000
vn -0.00425008 -0.99998966 0.00162070
vn -0.90866958 -0.41751592 -0.00020813
vn -0.79615881 -0.60508768 0.00020504
vn -0.64108282 -0.76747169 0.00014112
vn -0.44205985 -0.89698517 0.00083326
vn -0.32996683 -0.94399253 0.00000000
vn -0.08997113 -0.99594437 0.00000000
vn -0.00179408 -0.99999834 0.00030732
vn -0.00085103 -0.99999964 0.00000225
vn 0.00000000 -1.00000000 0.00000000
vn 0.00000000 -1.00000000 0.00000000
vn 0.00000000 -1.00000000 0.00000000
vn 0.00000000 -1.00000000 0.00000000
vn 0.00000000 -1.00000000 0.00000000
vn -0.00201547 -0.99999797 -0.00000355
vn 0.00325862 -0.99999469 0.00000000
vn 0.13882471 -0.04033390 0.98949526
vn 0.18091689 0.15950884 0.97047721
vn 0.13652082 -0.06382029 0.98857930
vn 0.12700746 -0.02697442 0.99153491
vn -0.05250574 -0.21738102 0.97467361
vn 0.11035489 -0.03567513 0.99325177
vn 0.07776208 -0.01392865 0.99687464
vn -0.10400277 -0.20775296 0.97263669
vn 0.07140355 0.03681989 0.99676769
vn 0.05159846 0.05679077 0.99705186
vn -0.01495471 0.07291296 0.99722618
vn -0.03042174 0.09627753 0.99488952
vn -0.16923583 0.11481181 0.97886541
vn -0.03993735 0.13645569 0.98984082
vn -0.15151104 0.17085686 0.97357708
vn -0.00233943 0.11460087 0.99340886
vn -0.20950667 0.23039478 0.95027638
vn 0.13685153 0.02810773 0.99019272
vn 0.19085417 -0.10126486 0.97638113
vn 0.11565681 -0.05271246 0.99188956
vn 0.22302399 -0.19693683 0.95471262
vn 0.40262828 -0.51449903 0.75708733
vn 0.30759612 -0.57975237 0.75450104
vn 0.42587493 -0.72598904 0.53997266
vn 0.29380999 -0.80411216 0.51679718
vn 0.26660853 0.34573900 0.89965795
vn 0.21968669 0.59210169 0.77534079
vn 0.32300360 0.51157119 0.79621831
vn 0.39722933 0.89651458 0.19613889
vn 0.26495341 0.91058109 0.31724086
vn 0.36598404 0.65232607 0.66372161
vn 0.54550970 0.81313760 0.20304287
vn 0.19619890 0.75700951 0.62325163
vn 0.55160846 0.51890540 0.65304310
vn 0.62534553 0.59619003 0.50348824
vn 0.77984210 0.55420456 0.29103883
vn 0.65136978 0.33964584 0.67849695
vn 0.94587914 0.29624488 0.13248257
vn 0.72502547 0.15142670 0.67186905
vn 0.84243229 0.11696138 0.52595424
vn 0.70870187 0.00616287 0.70548117
vn 0.82564833 -0.08918271 0.55709180
vn 0.57779901 -0.16257844 0.79982283
vn 0.83875052 -0.43546424 0.32690742
vn 0.59762763 -0.05986720 0.79953558
vn 0.48391201 -0.34579823 0.80389847
vn 0.47019170 -0.53228858 0.70398056
vn 0.66055476 -0.69671328 0.27974633
vn 0.24623916 -0.77926845 0.57628722
vn 0.25629876 -0.68287827 0.68409665
vn 0.20942109 -0.32734461 0.92140562
vn 0.20155568 -0.23509942 0.95084361
vn -0.00103489 0.11107129 0.99381190
vn -0.18599787 0.23844561 0.95317810
vn 0.10432180 0.05465416 0.99304073
vn 0.07513374 0.08757744 0.99332025
vn -0.10674060 0.21530303 0.97069617
vn -0.12605071 0.18485400 0.97464877
vn 0.03443808 0.26313119 0.96414521
vn -0.04884466 0.24802891 0.96752047
vn 0.00811874 0.30697149 0.95168408
vn -0.03494820 0.27021671 0.96216503
vn 0.35540705 0.29771042 0.88603292
vn 0.39288768 0.23418561 0.88926732
vn 0.39541529 0.15358865 0.90557014
vn 0.39128140 0.07279673 0.91738733
vn 0.32487430 0.01277329 0.94567094
vn 0.45953272 -0.15313263 0.87486003
vn 0.39159262 -0.36151731 0.84614446
vn 0.53775331 -0.21252079 0.81587762
vn -0.13876926 -0.04211992 0.98942862
vn -0.13996663 -0.05760825 0.98847895
vn -0.17478691 0.16701160 0.97033843
vn -0.14502787 0.00661175 0.98940548
vn -0.27373952 0.35242977 0.89490778
vn -0.35660750 0.30062627 0.88456483
vn -0.35772137 0.60685387 0.70976320
vn -0.51678623 0.52397027 0.67704295
vn -0.54435037 0.81142861 0.21275876
vn -0.63486093 0.61047863 0.47356883
vn -0.68928200 0.53669841 0.48666738
vn -0.78614532 0.55648553 0.26888547
vn -0.65872675 0.34329857 0.66949620
vn -0.95107647 0.29685512 0.08561886
vn -0.73178089 0.14800786 0.66527468
vn -0.90613288 0.24209267 0.34686359
vn -0.85167048 0.10519915 0.51341069
vn -0.86718285 0.00884523 0.49791131
vn -0.72242353 -0.01506660 0.69128666
vn -0.85520869 -0.14869420 0.49649585
vn -0.66481157 -0.17864755 0.72533484
vn -0.87014622 -0.44174063 0.21842796
vn -0.62913269 -0.38595999 0.67470508
vn -0.64148206 -0.49525912 0.58584910
vn -0.65506172 -0.70007091 0.28424440
vn -0.41459159 -0.52912485 0.74036526
vn -0.43809645 -0.69670304 0.56804610
vn -0.31085877 -0.56703651 0.76278203
vn -0.29629927 -0.80017904 0.52145973
vn -0.25773850 -0.68568808 0.68073690
vn -0.24965307 -0.78280555 0.56999019
vn -0.07443666 -0.17174702 0.98232487
vn -0.10082716 -0.05076531 0.99360795
vn -0.06421624 -0.04250721 0.99703030
vn -0.04953107 0.05307824 0.99736121
vn -0.39654150 0.23650373 0.88702921
vn -0.39876921 0.15654089 0.90359176
vn -0.06473212 0.02477891 0.99759499
vn 0.00938483 0.07350032 0.99725104
vn -0.03930168 0.12216281 0.99173163
vn -0.00388524 0.13199022 0.99124340
vn -0.39265908 0.06944987 0.91705810
vn -0.44396959 -0.03295451 0.89543565
vn 0.06007996 0.08187565 0.99483002
vn 0.12119985 0.12385846 0.98487039
vn 0.14146022 0.16785794 0.97560890
vn 0.00163906 0.11422197 0.99345390
vn 0.02953678 0.10965066 0.99353123
vn -0.25496253 -0.14164421 0.95652027
vn -0.28044998 -0.10430039 0.95418512
vn -0.28781607 -0.39839618 0.87088598
vn -0.21226655 -0.16279750 0.96355586
vn -0.26647885 -0.44589674 0.85449700
vn 0.14140691 0.19878656 0.96978760
vn 0.00010612 0.10714950 0.99424291
vn -0.20423388 -0.24220561 0.94848562
vn -0.20881463 -0.32736580 0.92153572
vn 0.12652719 0.19433927 0.97274001
vn 0.08035408 0.26898776 0.95978581
vn 0.03370349 0.27208537 0.96168270
vn -0.05048518 0.12220088 0.99122056
vn -0.03206693 0.27218188 0.96171136
vn -0.10426905 0.05722425 0.99290148
vn -0.26475300 0.91226575 0.31253328
vn -0.20893672 0.58811059 0.78132668
vn -0.19528439 0.75403291 0.62713506
vn -0.19215739 -0.00319169 0.98135893
vn -0.39344172 -0.36363809 0.84437607
vn 0.28904525 0.44132574 0.84952012
vn 0.29751752 0.43969107 0.84744031
vn 0.27651032 0.30075577 0.91273655
vn 0.20748478 0.15392863 0.96605178
vn 0.36773308 0.39220062 0.84317914
vn 0.37027131 0.33110029 0.86791230
vn 0.43419834 0.31858022 0.84260219
vn 0.40163375 0.36878491 0.83826489
vn 0.43041270 0.36508881 0.82550292
vn 0.46072245 0.32136749 0.82731962
vn 0.50956208 0.31969860 0.79883621
vn 0.49402045 0.29451882 0.81804796
vn 0.55608830 0.27960898 0.78267785
vn 0.46567798 0.25832741 0.84641064
vn 0.52361357 0.22795445 0.82089317
vn 0.49281721 0.17578114 0.85219257
vn 0.57923774 0.21490124 0.78632125
vn 0.57382447 0.08245844 0.81481660
vn 0.49512580 0.09254487 0.86387840
vn 0.48741490 0.02923167 0.87268105
vn 0.43686196 0.12059766 0.89140778
vn 0.43556688 -0.01908278 0.89995408
vn 0.44310445 0.25419632 0.85967592
vn 0.44232568 0.28444743 0.85055138
vn 0.29064216 -0.18836784 0.93810697
vn -0.49340156 0.35837913 0.79253978
vn 0.44039290 -0.06476834 0.89546589
vn 0.53324720 -0.02865056 0.84547417
vn 0.48138620 -0.10480084 0.87022073
vn 0.55420138 -0.08836326 0.82767914
vn 0.57609338 -0.06157957 0.81506097
vn 0.22401552 -0.18166403 0.95750469
vn 0.24920998 -0.22693610 0.94148521
vn 0.27770740 -0.26317945 0.92391297
vn 0.25915586 -0.26170967 0.92970226
vn 0.35488955 -0.17193081 0.91896311
vn 0.40328107 -0.18223925 0.89674592
vn 0.26241368 -0.32377380 0.90901572
vn 0.26241368 -0.32377380 0.90901572
vn 0.22307138 -0.30296581 0.92652624
vn 0.20545916 -0.31872905 0.92530985
vn 0.20207375 -0.31987285 0.92566061
vn 0.22072446 -0.30781627 0.92548898
vn 0.19161047 -0.32824733 0.92495358
vn 0.32991018 0.41979501 0.84553618
vn -0.28250680 0.44953584 0.84741220
vn -0.33425687 0.42113622 0.84315872
vn -0.28898137 0.43880862 0.85084474
vn -0.33320574 0.39828844 0.85459947
vn -0.40133937 0.36985710 0.83793343
vn -0.35292991 0.31362124 0.88152266
vn -0.33044640 0.27067155 0.90418034
vn -0.43521193 0.32310209 0.84035446
vn -0.43062430 0.36532268 0.82528907
vn -0.46382278 0.31545717 0.82786182
vn -0.49248519 0.31151047 0.81266202
vn -0.54962481 0.28360005 0.78580124
vn -0.60447419 0.29706000 0.73916595
vn -0.57931529 0.21499479 0.78623854
vn -0.52040077 0.23053513 0.82221444
vn -0.50468109 0.17190827 0.84601687
vn -0.44895827 0.20322432 0.87013582
vn -0.41938067 0.12603675 0.89901868
vn -0.48999347 0.10263824 0.86566263
vn -0.42974666 0.05598966 0.90121194
vn -0.49138409 0.02572340 0.87056303
vn -0.55150056 0.06352853 0.83175192
vn -0.57774757 0.08484386 0.81179385
vn -0.57677314 -0.05528776 0.81503129
vn -0.40038169 -0.16220661 0.90187777
vn -0.53061944 -0.08606732 0.84322917
vn -0.53831158 -0.03182893 0.84214462
vn -0.44985267 -0.06016080 0.89107421
vn -0.36356982 -0.14956100 0.91948273
vn -0.26490262 -0.26098050 0.92828647
vn -0.24928851 -0.22839188 0.94111231
vn -0.21865646 -0.30448504 0.92708048
vn -0.22697054 -0.30910696 0.92354603
vn -0.20466367 -0.32218825 0.92428757
vn -0.21545065 -0.32711613 0.92009568
vn -0.26819779 -0.33528704 0.90313484
vn -0.26286328 -0.31421311 0.91223518
vn -0.30182579 -0.17190607 0.93773637
vn -0.47439222 0.26985585 0.83793189
vn -0.00931137 -0.19882298 0.97999118
vn -0.01323691 -0.12662389 0.99186248
vn -0.01986436 -0.19820831 0.97995861
vn -0.03022500 -0.11759858 0.99260114
vn -0.04408307 -0.19955613 0.97889429
vn -0.05289455 -0.11653134 0.99177750
vn -0.08027868 -0.20107257 0.97628129
vn -0.06986261 -0.11640050 0.99074222
vn -0.08468063 -0.11562044 0.98967727
vn -0.06998754 0.05281497 0.99614875
vn -0.08417414 0.05271253 0.99505583
vn -0.06957760 0.22183438 0.97259882
vn -0.08409646 0.22527036 0.97066011
vn -0.05821467 0.30936802 0.94915883
vn -0.09389833 0.30926741 0.94632805
vn -0.01580895 0.00789236 0.99984388
vn -0.03984381 0.04500843 0.99819172
vn -0.02655600 0.06171168 0.99774067
vn -0.05269253 0.05292289 0.99720743
vn -0.00830306 0.15807890 0.98739157
vn -0.02885014 0.22638438 0.97361069
vn -0.05128559 0.22141963 0.97382911
vn -0.05888991 0.32473090 0.94397130
vn -0.05329814 0.33057777 0.94227260
vn -0.11741128 0.21657692 0.96917956
vn -0.10764678 0.22370992 0.96869295
vn -0.09535378 0.22497704 0.96968706
vn -0.09818794 0.05290043 0.99376087
vn -0.09816191 -0.11679671 0.98829286
vn -0.12408887 0.06613146 0.99006494
vn -0.10179541 0.00909358 0.99476379
vn -0.11694667 -0.10967089 0.98706422
vn -0.09434582 -0.16225861 0.98222757
vn -0.09614919 -0.20210315 0.97463308
vn 0.13616140 0.29164074 0.94678707
vn 0.13111429 0.19427693 0.97214480
vn 0.14104858 0.29913464 0.94372865
vn 0.13959813 0.19417388 0.97098345
vn 0.15642429 0.19394798 0.96846044
vn 0.15697589 0.01040513 0.98754762
vn 0.18172219 0.00409304 0.98334139
vn 0.18430788 -0.14448952 0.97218999
vn 0.15748947 -0.08509102 0.98384785
vn 0.14487086 -0.20686075 0.96758517
vn 0.15879848 -0.22027337 0.96242542
vn 0.18503799 -0.23577386 0.95402915
vn 0.11784091 0.18439286 0.97576267
vn 0.14765594 0.24399437 0.95846986
vn 0.14354265 0.05271404 0.98823921
vn 0.11803127 -0.00228077 0.99300726
vn 0.12072516 -0.12900739 0.98426751
vn 0.12508687 -0.14803579 0.98103959
vn 0.10488097 -0.20720134 0.97266006
vn 0.11143130 -0.20853514 0.97164611
vn 0.11143130 -0.20853514 0.97164611
vn 0.15589068 -0.21657179 0.96373998
vn 0.14323452 -0.21454344 0.96615474
vn 0.15589068 -0.21657179 0.96373998
vn 0.13840959 -0.21236185 0.96733925
vn 0.13149941 -0.14403834 0.98079603
vn 0.14126689 -0.14397216 0.97944662
vn 0.13200352 0.01022349 0.99119652
vn 0.14234071 0.01024278 0.98976472
vn 0.15541313 -0.14390161 0.97731217
vn 0.15738234 0.06439134 0.98543623
vn 0.17968361 0.19559719 0.96408274
vn 0.19206847 0.15763462 0.96863875
vn 0.14790949 0.29542442 0.94384702
vn 0.17801107 0.34349080 0.92213130
vn 0.04140607 -0.19670625 0.97958776
vn 0.03629066 -0.11786527 0.99236625
vn 0.01761810 -0.20032997 0.97957006
vn -0.00228489 -0.10601675 0.99436172
vn 0.08851055 -0.16838462 0.98173953
vn 0.00628132 -0.01137886 0.99991553
vn 0.04948477 0.03781998 0.99805857
vn 0.07725877 -0.11417264 0.99045227
vn 0.03426852 0.07367959 0.99669303
vn 0.07716552 0.05275432 0.99562165
vn 0.11452545 -0.10844946 0.98748298
vn 0.12062840 0.06618804 0.99048873
vn 0.10158875 0.00918166 0.99478411
vn 0.11738810 0.21654886 0.96918864
vn 0.07376112 -0.19662720 0.97769987
vn 0.09983268 -0.19742760 0.97522089
vn 0.10516577 -0.19960667 0.97421627
vn 0.09435097 -0.16225111 0.98222832
vn 0.10386566 0.22410145 0.96901520
vn 0.09354334 0.30851117 0.94661000
vn 0.07812683 0.22226926 0.97185008
vn 0.05785844 0.30459671 0.95072248
vn 0.04007549 0.22421016 0.97371647
vn 0.05284542 0.33081643 0.94221434
vn 0.05537752 0.33385813 0.94099526
vn -0.56283000 0.19218707 0.80391947
vn -0.00182404 0.14483871 0.98945360
vn -0.48506070 0.06396313 0.87213808
vn -0.17745777 0.34238139 0.92265038
vn -0.15490172 0.29849666 0.94175644
vn -0.14229917 0.30199960 0.94262781
vn -0.15327896 0.19041412 0.96966387
vn -0.13979050 0.19420881 0.97094879
vn -0.15700332 0.01043065 0.98754299
vn -0.14234157 0.01024275 0.98976460
vn -0.15548737 -0.14380169 0.97731507
vn -0.14108445 -0.14380139 0.97949800
vn -0.13858908 -0.21212059 0.96736649
vn -0.13148182 -0.14381432 0.98083127
vn -0.12721219 -0.21179538 0.96899937
vn -0.12515659 -0.14796068 0.98104203
vn -0.12713506 -0.21177350 0.96901427
vn -0.12534225 -0.20904886 0.96983911
vn -0.12082771 -0.12916815 0.98423384
vn -0.12675088 -0.20675101 0.97014856
vn -0.18266174 0.18930632 0.96477863
vn -0.19637326 0.16217744 0.96702431
vn -0.12286049 0.09846840 0.98752685
vn -0.18188725 0.00319181 0.98331421
vn -0.16833828 0.04881399 0.98451989
vn -0.16833828 0.04881399 0.98451989
vn -0.16833828 0.04881399 0.98451989
vn -0.24123042 -0.03113668 0.96996824
vn -0.15781370 -0.08504312 0.98380003
vn -0.18453821 -0.14444468 0.97215296
vn -0.14481154 -0.20696629 0.96757148
vn -0.15956481 -0.22038737 0.96227256
vn -0.18656914 -0.23641423 0.95357237
vn -0.11787556 -0.00227632 0.99302577
vn -0.14359288 0.05273227 0.98823094
vn -0.11971880 0.17949944 0.97644629
vn -0.12741227 0.23162598 0.96442497
vn -0.13005518 0.30007745 0.94500750
vn -0.13022005 0.19541289 0.97203731
vn -0.13178784 0.01019816 0.99122548
vn 0.37129136 0.23884757 0.89727062
vn 0.34497070 0.19517433 0.91809705
vn 0.34997709 0.16314516 0.92244224
vn 0.31172505 0.09988242 0.94490793
vn 0.33735430 0.12840979 0.93257869
vn 0.33105047 0.03781042 0.94285522
vn 0.30065134 0.02582753 0.95338435
vn 0.27797204 -0.05115849 0.95922591
vn 0.25378344 -0.07275993 0.96452058
vn 0.26769580 -0.17237040 0.94795960
vn 0.22638205 -0.17077794 0.95895050
vn 0.24306657 -0.20582355 0.94792157
vn 0.21147514 -0.22100950 0.95206778
vn 0.21108437 -0.18724950 0.95936490
vn 0.20207180 -0.23129910 0.95166576
vn 0.20484771 -0.19679413 0.95880628
vn 0.22463460 -0.09987811 0.96931092
vn 0.21437648 -0.08866289 0.97271867
vn 0.23108712 -0.00749313 0.97290421
vn 0.21495579 0.04806336 0.97544037
vn 0.23379785 0.02998057 0.97182289
vn 0.24421891 0.07630078 0.96671367
vn 0.21077794 0.21444075 0.95372314
vn 0.29411622 0.12303118 0.94781801
vn 0.26132943 0.20842753 0.94247806
vn 0.27505290 0.29328302 0.91560416
vn 0.29226737 0.28602254 0.91256282
vn 0.26972908 0.33612822 0.90236581
vn 0.32543830 0.26642078 0.90725404
vn 0.31808464 0.19777052 0.92720493
vn 0.28091073 0.09161714 0.95535096
vn 0.26054611 0.08803679 0.96143916
vn 0.25680265 0.00543297 0.96644859
vn 0.30479754 0.26898186 0.91364502
vn 0.28012069 -0.08286119 0.95638194
vn 0.27582698 0.01202018 0.96113214
vn 0.23999682 -0.08376635 0.96715290
vn 0.27989585 0.12777563 0.95148920
vn -0.28786392 -0.05355460 0.95617272
vn -0.26003219 -0.05673804 0.96393156
vn -0.31486756 0.01875417 0.94895032
vn -0.28746436 0.02342640 0.95750480
vn -0.33706153 0.07994358 0.93808238
vn -0.30076994 0.08022264 0.95031667
vn -0.34931762 0.12065893 0.92920322
vn -0.31595393 0.13963217 0.93844338
vn -0.35990127 0.15473152 0.92007023
vn -0.33417553 0.21146454 0.91848215
vn -0.36515677 0.17985576 0.91340705
vn -0.37053180 0.23546793 0.89847707
vn -0.31682237 0.26061190 0.91197863
vn -0.26754882 0.23130375 0.93536956
vn -0.29060144 0.28474430 0.91349411
vn -0.27533624 0.29265535 0.91571983
vn -0.26871796 0.33510691 0.90304708
vn -0.24368934 -0.12061954 0.96232346
vn -0.25913619 -0.17497068 0.94985983
vn -0.21405741 -0.18490423 0.95916101
vn -0.23008905 -0.17772248 0.95680392
vn -0.21639616 -0.21847872 0.95154598
vn -0.20563038 -0.23370502 0.95031474
vn -0.20491414 -0.19716121 0.95871667
vn -0.23201829 -0.09868295 0.96769272
vn -0.21430719 -0.08869692 0.97273084
vn -0.23860225 -0.00724807 0.97109033
vn -0.21844375 0.01477358 0.97573771
vn -0.23368986 0.03097484 0.97181768
vn -0.25151179 0.05975415 0.96600790
vn -0.23179532 0.04817197 0.97157109
vn -0.23179532 0.04817197 0.97157109
vn -0.21731532 0.09112041 0.97183904
vn -0.24338380 0.12276461 0.96212950
vn -0.23070773 0.18000837 0.95622745
vn -0.26301875 0.16518054 0.95054538
vn 0.02188606 0.74272396 0.66923996
vn 0.03077057 0.76894862 0.63856964
vn 0.02234297 0.74562459 0.66599156
vn 0.06300207 0.72256251 0.68842876
vn 0.08433774 0.81359416 0.57528400
vn 0.18033448 0.75720482 0.62779005
vn 0.09920483 0.80666335 0.58262564
vn 0.23890814 0.73419672 0.63551403
vn 0.32042317 0.66061571 0.67890786
vn 0.41673248 0.64430748 0.64125028
vn 0.44816021 0.63615669 0.62805819
vn 0.51035883 0.55883764 0.65363167
vn 0.54394639 0.50261109 0.67194079
vn 0.59768292 0.55181257 0.58161672
vn 0.61121660 0.46658989 0.63930286
vn 0.68931606 0.39931649 0.60447473
vn 0.68980660 0.41380939 0.59407798
vn 0.73058655 0.32851414 0.59859983
vn 0.79660726 0.25172549 0.54959180
vn 0.82043395 0.27112440 0.50336835
vn 0.79960227 0.16121580 0.57848568
vn 0.85327604 0.01209251 0.52131925
vn 0.84526608 0.09017126 0.52668245
vn 0.79502714 -0.09226105 0.59951626
vn 0.77949893 -0.15914510 0.60585003
vn 0.70212068 -0.20767767 0.68109951
vn 0.64858932 -0.32080208 0.69023034
vn 0.54673042 -0.37391472 0.74918197
vn 0.48615258 -0.41707223 0.76792345
vn 0.48883946 -0.42362803 0.76261083
vn -0.02263621 0.74271155 0.66922878
vn -0.02305335 0.74546681 0.66614397
vn -0.03147337 0.76808659 0.63957206
vn -0.06305838 0.72643916 0.68433163
vn -0.08454772 0.81465425 0.57375094
vn -0.18829124 0.76142251 0.62030813
vn -0.09851134 0.80956660 0.57870324
vn -0.25063314 0.74606243 0.61690670
vn -0.33957555 0.66139118 0.66876763
vn -0.41978624 0.64038287 0.64318682
vn -0.47136604 0.59672431 0.64941062
vn -0.58357362 0.58411883 0.56413386
vn -0.58546207 0.62414293 0.51737778
vn -0.58546207 0.62414293 0.51737778
vn -0.61792778 0.44504590 0.64815076
vn -0.69130931 0.41621584 0.59064017
vn -0.69442198 0.45432388 0.55800351
vn -0.71091464 0.33716118 0.61718937
vn -0.73151335 0.32482401 0.59948109
vn -0.79657912 0.25276316 0.54915616
vn -0.80469916 0.18872328 0.56288790
vn -0.85338504 0.01076501 0.52116993
vn -0.84630974 0.08723113 0.52550029
vn -0.79607166 -0.09271993 0.59805763
vn -0.78022265 -0.15913269 0.60492099
vn -0.70172552 -0.20770787 0.68149742
vn -0.64794228 -0.32035616 0.69104466
vn -0.54624879 -0.37330615 0.74983650
vn -0.48613127 -0.41686312 0.76805047
vn -0.48888089 -0.42358068 0.76261057
vn 0.00000000 0.00000000 -1.00000000
vn 0.00000000 0.00000000 -1.00000000
vn 0.00000000 0.00000000 -1.00000000
vn 0.00000000 0.00000000 -1.00000000
vn 0.00000000 0.00000000 -1.00000000
vn 0.00000000 0.00000000 -1.00000000
vn 0.00000000 0.00000000 -1.00000000
vn 0.00000000 0.00000000 -1.00000000
vn 0.00000000 0.00000000 -1.00000000
vn 0.00000000 0.00000000 -1.00000000
vn 0.00000000 0.00000000 -1.00000000
vn 0.00000000 0.00000000 -1.00000000
vn 0.00000000 0.00000000 -1.00000000
vn 0.00000000 0.00000000 -1.00000000
vn 0.00000000 0.00000000 -1.00000000
vn 0.00000000 0.00000000 -1.00000000
vn 0.00000000 0.00000000 -1.00000000
vn 0.00000000 0.00000000 -1.00000000
vn 0.00000000 0.00000000 -1.00000000
vn 0.00000000 0.00000000 -1.00000000
vn 0.00000000 0.00000000 -1.00000000
vn 0.00000000 0.00000000 -1.00000000
vn 0.00000000 0.00000000 -1.00000000
vn 0.00000000 0.00000000 -1.00000000
vn 0.00000000 0.00000000 -1.00000000
vn 0.00000000 0.00000000 -1.00000000
vn 0.00000000 0.00000000 -1.00000000
vn 0.00000000 0.00000000 -1.00000000
vn 0.00000000 0.00000000 -1.00000000
vn 0.00000000 0.00000000 -1.00000000
vn 0.00000000 0.00000000 -1.00000000
vn 0.00000000 0.00000000 -1.00000000
vn 0.00000000 0.00000000 -1.00000000
vn 0.00000000 0.00000000 -1.00000000
vn 0.00000000 0.00000000 -1.00000000
vn 0.00000000 0.00000000 -1.00000000
vn 0.00000000 0.00000000 -1.00000000
vn 0.00000000 0.00000000 -1.00000000
vn 0.00000000 0.00000000 -1.00000000
vn 0.00000000 0.00000000 -1.00000000
vn 0.00000000 0.00000000 -1.00000000
vn 0.00000000 0.00000000 -1.00000000
vn 0.00000000 0.00000000 -1.00000000
vn 0.00000000 0.00000000 -1.00000000
vn 0.00000000 0.00000000 -1.00000000
vn 0.00000000 0.00000000 -1.00000000
vn 0.00000000 0.00000000 -1.00000000
vn 0.00000000 0.00000000 -1.00000000
vn 0.00000000 0.00000000 -1.00000000
vn 0.00000000 0.00000000 -1.00000000
vn 0.00000000 0.00000000 -1.00000000
vn 0.00000000 0.00000000 -1.00000000
vn 0.00000000 0.00000000 -1.00000000
vn 0.00000000 0.00000000 -1.00000000
vn 0.00000000 0.00000000 -1.00000000
vn 0.00000000 0.00000000 -1.00000000
vn 0.00000000 0.00000000 -1.00000000
vn 0.00000000 0.00000000 -1.00000000
vn 0.00000000 0.00000000 -1.00000000
vn 0.00000000 0.00000000 -1.00000000
vn 0.00000000 0.00000000 -1.00000000
vn 0.00000000 0.00000000 -1.00000000
vn 0.00000000 0.00000000 -1.00000000
vn 0.00000000 0.00000000 1.00000000
vn 0.00000000 0.00000000 1.00000000
vn 0.00000000 0.00000000 1.00000000
vn 0.00000000 0.00000000 -1.00000000
vn 0.00000000 0.00000000 -1.00000000
vn 0.00000000 0.00000000 -1.00000000
vn 0.00000000 0.00000000 -1.00000000
vn 0.00000000 0.00000000 -1.00000000
vn 0.00000000 0.00000000 -1.00000000
vn 0.00000000 0.00000000 -1.00000000
vn 0.00000000 0.00000000 -1.00000000
vn 0.00000000 0.00000000 -1.00000000
vn 0.00000000 0.00000000 -1.00000000
vn 0.00000000 0.00000000 -1.00000000
vn 0.00000000 0.00000000 -1.00000000
vn 0.00000000 0.00000000 -1.00000000
vn 0.00000000 0.00000000 -1.00000000
vn 0.00000000 0.00000000 -1.00000000
vn 0.00000000 0.00000000 -1.00000000
vn 0.00000000 0.00000000 -1.00000000
vn 0.00000000 0.00000000 -1.00000000
vn 0.00000000 0.00000000 -1.00000000
vn 0.00000000 0.00000000 -1.00000000
vn 0.00000000 0.00000000 -1.00000000
vn 0.00000000 0.00000000 -1.00000000
vn 0.00000000 0.00000000 -1.00000000
vn -0.00179821 0.99999838 0.00000000
vn -0.00179821 0.99999838 0.00000000
vn -0.00023649 0.99999997 0.00000000
vn 0.00031128 0.99999964 0.00078376
vn 0.00365224 0.99999333 0.00000366
vn 0.00192314 0.99999812 0.00026150
vn 0.00192304 0.99999812 -0.00026149
vn -0.00102523 0.99999947 0.00000000
vn -0.00102523 0.99999947 0.00000000
vn 0.00031208 0.99999964 -0.00078342
vn -0.08976312 0.99580737 0.01761450
vn -0.08974524 0.99580884 -0.01762212
vn -0.11595013 0.99325504 -0.00003695
vn -0.13239751 0.99090620 -0.02399597
vn -0.13236800 0.99091058 0.02397793
vn 0.00000000 1.00000000 0.00000000
vn 0.00000000 1.00000000 0.00000000
vn 0.00000000 1.00000000 0.00000000
vn 0.00000000 1.00000000 0.00000000
vn -0.13229224 0.99121076 0.00000000
vn -0.13239579 0.99119693 -0.00007886
vn -0.24443521 0.96966562 -0.00010680
vn -0.24423052 0.96971717 -0.00024711
vn -0.44334278 0.89635214 -0.00010060
vn -0.44366954 0.89619045 0.00011630
vn -0.62002288 0.78458373 0.00005037
vn -0.62036889 0.78431015 0.00016437
vn -0.78811287 0.61553075 0.00000216
vn -0.78822812 0.61538314 0.00014328
vn -0.91552810 0.40225395 0.00023693
vn -0.91565983 0.40195389 0.00038509
vn -0.99168906 0.12865769 0.00012507
vn -0.99171663 0.12844496 0.00013040
vn -0.98381616 -0.17918071 -0.00017242
vn -0.98369229 -0.17985957 0.00012577
vn -0.91096523 -0.41248309 0.00021095
vn -0.91070290 -0.41306172 0.00049090
vn -0.83639311 -0.54812999 0.00026197
vn -0.83675346 -0.54757978 0.00016649
vn -0.74344245 -0.66879990 0.00007922
vn -0.74402568 -0.66815100 -0.00016328
vn -0.59607578 -0.80292795 -0.00060831
vn -0.59539585 -0.80343238 -0.00044627
vn -0.43607194 -0.89991175 -0.00032489
vn -0.43561350 -0.90013376 -0.00028941
vn -0.26838931 -0.96331028 -0.00069345
vn -0.26874030 -0.96321217 -0.00098049
vn -0.12737029 -0.99185472 -0.00100784
vn -0.12726938 -0.99186773 -0.00095913
vn -0.05196575 -0.99864841 -0.00095326
vn -0.05083239 -0.99870706 -0.00052942
vn -0.00553688 -0.99998460 -0.00036896
vn -0.00447984 -0.99998997 0.00001443
vn 0.01237769 -0.99992339 -0.00001122
vn 0.01238762 -0.99992327 0.00000000
vn 0.00000000 -1.00000000 0.00000000
vn 0.00000000 -1.00000000 0.00000000
vn 0.00000000 -1.00000000 0.00000000
vn 0.00000000 -1.00000000 0.00000000
vn -0.00467215 -0.99998909 0.00000000
vn -0.00467215 -0.99998909 0.00000000
vn 0.04787122 -0.99885352 0.00000000
vn 0.04787122 -0.99885352 0.00000000
vn 0.18115143 -0.98345521 0.00000000
vn 0.18115143 -0.98345521 0.00000000
vn 0.35698087 -0.93411169 0.00000000
vn 0.35698087 -0.93411169 0.00000000
vn 0.55473344 -0.83202813 0.00000000
vn 0.55473344 -0.83202813 0.00000000
vn 0.75501496 -0.65570757 0.00000000
vn 0.75501496 -0.65570757 0.00000000
vn 0.90218376 -0.43135189 0.00000000
vn 0.90218376 -0.43135189 0.00000000
vn 0.97431484 -0.22519012 0.00000000
vn 0.97431484 -0.22519012 0.00000000
vn 0.99998159 0.00606764 0.00000000
vn 0.99998175 0.00604169 0.00003196
vn 0.96426085 0.26495462 0.00023627
vn 0.96042545 0.27846041 -0.00653840
vn 0.88498559 0.46557288 0.00651155
vn 0.85864616 0.51256827 -0.00073522
vn 0.73124660 0.68205686 0.00876657
vn 0.72243967 0.69143376 0.00051926
vn 0.49962361 0.86624258 0.00018106
vn 0.49975429 0.86616718 0.00026283
vn 0.25122359 0.96792899 0.00042543
vn 0.25111960 0.96795557 0.00097983
vn 0.13560910 0.99076225 0.00058140
vn 0.13635090 0.99066060 0.00000000
vn 0.00000000 1.00000000 0.00000000
vn 0.00000000 1.00000000 0.00000000
vn 0.00000000 1.00000000 0.00000000
vn 0.00000000 1.00000000 0.00000000
vn 0.00000000 0.00000000 -1.00000000
vn 0.00000000 0.00000000 -1.00000000
vn 0.00000000 0.00000000 -1.00000000
vn 0.00000000 0.00000000 -1.00000000
vn 0.00000000 0.00000000 -1.00000000
vn 0.00000000 0.00000000 -1.00000000
vn 0.00000000 0.00000000 -1.00000000
vn 0.00000000 0.00000000 -1.00000000
vn 0.00000000 0.00000000 -1.00000000
vn 0.00000000 0.00000000 -1.00000000
vn 0.00000000 0.00000000 -1.00000000
vn 0.00000000 0.00000000 -1.00000000
vn 0.00000000 0.00000000 -1.00000000
vn 0.00000000 0.00000000 -1.00000000
vn 0.00000000 0.00000000 -1.00000000
vn 0.00000000 0.00000000 -1.00000000
vn 0.00000000 0.00000000 -1.00000000
vn 0.00000000 0.00000000 -1.00000000
vn 0.00000000 0.00000000 -1.00000000
vn 0.00000000 0.00000000 -1.00000000
vn 0.00000000 0.00000000 -1.00000000
vn 0.00000000 0.00000000 -1.00000000
vn 0.00000000 0.00000000 -1.00000000
vn 0.00000000 0.00000000 -1.00000000
vn 0.00000000 0.00000000 -1.00000000
vn 0.00000000 0.00000000 -1.00000000
vn 0.00000000 0.00000000 -1.00000000
vn 0.00000000 0.00000000 -1.00000000
vn 0.00000000 0.00000000 -1.00000000
vn 0.00000000 0.00000000 -1.00000000
vn 0.00000000 0.00000000 -1.00000000
vn 0.00000000 0.00000000 -1.00000000
vn 0.00000000 0.00000000 -1.00000000
vn 0.00000000 0.00000000 -1.00000000
vn 0.00000000 0.00000000 -1.00000000
vn 0.00000000 0.00000000 -1.00000000
vn 0.00000000 0.00000000 -1.00000000
vn 0.00000000 0.00000000 -1.00000000
vn 0.00000000 0.00000000 -1.00000000
vn 0.00000000 0.00000000 -1.00000000
vn 0.00000000 0.00000000 -1.00000000
vn 0.00000000 0.00000000 -1.00000000
vn 0.00000000 0.00000000 -1.00000000
vn 0.00000000 0.00000000 -1.00000000
vn 0.00000000 0.00000000 -1.00000000
vn 0.00000000 0.00000000 -1.00000000
vn 0.00000000 0.00000000 -1.00000000
vn 0.00000000 0.00000000 -1.00000000
vn 0.00000000 0.00000000 -1.00000000
vn 0.00000000 0.00000000 -1.00000000
vn 0.00000000 0.00000000 -1.00000000
vn 0.00000000 0.00000000 -1.00000000
vn 0.00000000 0.00000000 -1.00000000
vn 0.00000000 0.00000000 -1.00000000
vn 0.00000000 0.00000000 -1.00000000
vn 0.00000000 0.00000000 -1.00000000
vn 0.00000000 0.00000000 -1.00000000
vn 0.00000000 0.00000000 -1.00000000
vn 0.00000000 0.00000000 -1.00000000
vn 0.00000000 0.00000000 -1.00000000
vn 0.00000000 0.00000000 -1.00000000
vn 0.00000000 0.00000000 -1.00000000
vn 0.00000000 0.00000000 -1.00000000
vn 0.00000000 0.00000000 -1.00000000
vn 0.00000000 0.00000000 -1.00000000
vn 0.00000000 0.00000000 -1.00000000
vn 0.00000000 0.00000000 -1.00000000
vn 0.00000000 0.00000000 -1.00000000
vn 0.00000000 0.00000000 -1.00000000
vn 0.00000000 0.00000000 -1.00000000
vn 0.00000000 0.00000000 -1.00000000
vn 0.00000000 0.00000000 -1.00000000
vn 0.00000000 0.00000000 -1.00000000
vn 0.00000000 0.00000000 -1.00000000
vn 0.00000000 0.00000000 -1.00000000
vn 0.00000000 0.00000000 -1.00000000
vn 0.00000000 0.00000000 -1.00000000
vn 0.00000000 0.00000000 -1.00000000
vn 0.00000000 0.00000000 -1.00000000
vn 0.10847331 0.99345119 0.03589267
vn 0.11694951 0.99238046 -0.03877943
vn 0.07526112 0.99670777 -0.03015599
vn 0.03707339 0.99904006 -0.02333511
vn 0.04047380 0.99892413 0.02263760
vn -0.00080627 0.99999895 0.00120615
vn 0.00033951 0.99999993 0.00015895
vn 0.00010343 0.99999998 0.00016929
vn 0.00000000 1.00000000 0.00000000
vn 0.00000000 1.00000000 0.00000000
vn 0.04134433 0.99914468 0.00075084
vn -0.00079044 0.99999037 -0.00431663
vn -0.00245109 0.99999700 0.00000000
vn -0.00121411 0.99996785 -0.00792643
vn 0.00034490 0.99999994 0.00000000
vn 0.03482861 0.99023471 -0.13498959
vn 0.15278191 0.98825991 -0.00020327
vn 0.15987494 0.98713728 0.00000000
vn 0.32587183 0.94541396 0.00000067
vn 0.23021535 0.97313971 0.00000000
vn 0.15503820 0.98767017 -0.02169771
vn 0.31443079 0.94928027 -0.00049870
vn 0.49499567 0.86889539 0.00030131
vn 0.48727843 0.87324649 -0.00054345
vn 0.64030236 0.76812295 -0.00009309
vn 0.63510037 0.77242929 -0.00071639
vn 0.76935703 0.63876124 -0.00859236
vn 0.76220523 0.64733545 0.00000000
vn 0.86011387 0.51007158 -0.00557840
vn 0.89581619 0.44394225 -0.02070351
vn 0.94044494 0.33988293 -0.00655050
vn 0.97590579 0.21748716 -0.01752758
vn 0.98651628 0.16366033 -0.00096689
vn 0.99997206 -0.00501458 -0.00554349
vn 0.99982832 -0.01852910 0.00000000
vn 0.97408393 -0.22618643 -0.00044915
vn 0.97705705 -0.21297774 -0.00005945
vn 0.90247947 -0.43073287 -0.00006669
vn 0.90885971 -0.41710195 0.00000000
vn 0.79791608 -0.60276847 -0.00031223
vn 0.90879444 -0.41724389 -0.00044496
vn 0.79613807 -0.60511296 -0.00157241
vn 0.64146496 -0.76715221 0.00043286
vn 0.64129325 -0.76729588 0.00000000
vn 0.44160754 -0.89720833 0.00000000
vn 0.44160754 -0.89720833 0.00000000
vn 0.21165517 -0.97734441 0.00000000
vn 0.17793974 -0.98389138 0.01718123
vn 0.21161508 -0.97735309 0.00000000
vn 0.04307003 -0.99770607 0.05222619
vn 0.01554293 -0.99985456 0.00702019
vn -0.00254609 -0.99999676 0.00000000
vn 0.00425033 -0.99998965 0.00162092
vn 0.00179339 -0.99999834 0.00030656
vn 0.00085228 -0.99999964 0.00000302
vn 0.00000000 -1.00000000 0.00000000
vn 0.00000000 -1.00000000 0.00000000
vn 0.00000000 -1.00000000 0.00000000
vn 0.00000000 -1.00000000 0.00000000
vn 0.79090132 -0.61194331 0.00069572
vn 0.63886778 -0.76931568 0.00116109
vn 0.43831346 -0.89882214 0.00027597
vn 0.32998222 -0.94398715 0.00000000
vn 0.12882165 -0.99166778 0.00000000
vn 0.02040314 -0.99979183 0.00000000
vn 0.00201680 -0.99999797 -0.00000476
vn 0.00000000 1.00000000 0.00000000
vn -0.09403948 0.99556847 0.00000000
vn -0.09403948 0.99556847 0.00000000
vn -0.19719769 0.98036374 0.00000000
vn -0.19719769 0.98036374 0.00000000
vn -0.37416811 0.92736089 0.00000000
vn -0.37416811 0.92736089 0.00000000
vn -0.51773103 0.85554344 0.00000000
vn -0.51773103 0.85554344 0.00000000
vn -0.64788324 0.76173966 0.00000000
vn -0.64788324 0.76173966 0.00000000
vn -0.76124042 0.64846976 0.00000000
vn -0.76124042 0.64846976 0.00000000
vn -0.85513038 0.51841300 0.00000000
vn -0.85513038 0.51841300 0.00000000
vn -0.92731180 0.37428977 0.00000000
vn -0.93407630 0.35654885 -0.01934912
vn -0.97443617 0.22154713 -0.03729641
vn -0.99435106 0.10540243 -0.01250181
vn -0.99920866 0.03967730 0.00278538
vn -0.99341966 0.11448816 0.00313650
vn -0.99786642 0.06522904 -0.00279018
vn -0.95001388 0.31218442 -0.00380929
vn -0.93947488 0.34257151 0.00563216
vn -0.85790731 0.51379256 -0.00350047
vn -0.85508445 0.51848875 0.00008976
vn -0.75984940 0.65009910 -0.00023607
vn -0.75000107 0.66142372 0.00413027
vn -0.65139793 0.75873510 -0.00133598
vn -0.58461711 0.81126734 0.00825421
vn -0.50769016 0.86153171 -0.00371645
vn -0.39106423 0.92034870 0.00520045
vn -0.33031826 0.94385690 -0.00489877
vn -0.22011611 0.97546808 0.00330522
vn -0.14323554 0.98967673 -0.00485304
vn -0.07708019 0.99702356 0.00163263
vn -0.05538009 0.99845331 -0.00490212
vn -0.01656958 0.99986272 0.00000000
vn -0.98358948 -0.18041743 0.00113627
vn -0.97984095 -0.19972274 -0.00474790
vn -0.92004244 -0.39181640 0.00134959
vn -0.87982177 -0.47521716 -0.00907193
vn -0.83215317 -0.55454472 -0.00111793
vn -0.70286869 -0.71125787 -0.00937272
vn -0.73488630 -0.67818964 -0.00096171
vn -0.61392181 -0.78936682 0.00015409
vn -0.47812451 -0.87828092 -0.00442479
vn -0.46248897 -0.88662503 0.00000000
vn -0.25652730 -0.96653699 0.00000000
vn -0.24564597 -0.96935961 0.00000000
vn -0.13790439 -0.99044555 0.00000000
vn -0.13790439 -0.99044555 0.00000000
vn 0.00000000 1.00000000 0.00000000
vn 0.00000000 1.00000000 0.00000000
vn 0.00000000 1.00000000 0.00000000
vn 0.00000000 1.00000000 0.00000000
vn 0.00000000 1.00000000 0.00000000
vn 0.00000000 1.00000000 0.00000000
vn 0.00000000 1.00000000 0.00000000
vn 0.00000000 1.00000000 0.00000000
vn 0.00000000 1.00000000 0.00000000
vn 0.00000000 1.00000000 0.00000000
vn 0.00000000 1.00000000 0.00000000
vn 0.00000000 1.00000000 0.00000000
vn 0.00000000 1.00000000 0.00000000
vn 0.00000000 1.00000000 0.00000000
vn 0.00000000 1.00000000 0.00000000
vn 0.00000000 1.00000000 0.00000000
vn 0.00000000 1.00000000 0.00000000
vn 0.00000000 1.00000000 0.00000000
vn 0.00000000 1.00000000 0.00000000
vn 0.00000000 1.00000000 0.00000000
vn 0.00000000 1.00000000 0.00000000
vn 0.00000000 1.00000000 0.00000000
vn 0.00000000 1.00000000 0.00000000
vn 0.00000000 1.00000000 0.00000000
vn 0.00000000 1.00000000 0.00000000
vn 0.00000000 1.00000000 0.00000000
vn 0.00000000 1.00000000 0.00000000
vn 0.00000000 1.00000000 0.00000000
vn 0.00000000 0.00000000 1.00000000
vn 0.00000000 0.00000000 1.00000000
vn 0.00000000 0.00000000 1.00000000
vn 0.00000000 0.00000000 1.00000000
vn 0.00000000 0.00000000 1.00000000
vn 0.00000000 0.00000000 1.00000000
vn 0.00000000 0.00000000 1.00000000
vn 0.00000000 0.00000000 1.00000000
vn 0.00000000 0.00000000 1.00000000
vn 0.00000000 0.00000000 1.00000000
vn 0.00000000 0.00000000 1.00000000
vn 0.00000000 0.00000000 1.00000000
vn 0.00000000 0.00000000 1.00000000
vn 0.00000000 0.00000000 1.00000000
vn 0.00000000 0.00000000 1.00000000
vn 0.00000000 0.00000000 1.00000000
vn 0.00000000 0.00000000 1.00000000
vn 0.00000000 0.00000000 1.00000000
vn 0.00000000 0.00000000 1.00000000
vn 0.00000000 0.00000000 1.00000000
vn 0.00000000 0.00000000 1.00000000
vn 0.00000000 0.00000000 1.00000000
vn 0.00000000 0.00000000 1.00000000
vn 0.00000000 0.00000000 1.00000000
vn 0.00000000 0.00000000 1.00000000
vn 0.00000000 0.00000000 1.00000000
vn 0.00000000 0.00000000 1.00000000
vn 0.00000000 0.00000000 1.00000000
vn 0.00000000 0.00000000 1.00000000
vn 0.00000000 0.00000000 1.00000000
vn 0.00000000 0.00000000 1.00000000
vn 0.00000000 0.00000000 1.00000000
vn 0.00000000 0.00000000 1.00000000
vn 0.00000000 0.00000000 1.00000000
vn 0.00000000 0.00000000 1.00000000
vn 0.00000000 0.00000000 1.00000000
vn 0.00000000 0.00000000 1.00000000
vn 0.00000000 0.00000000 1.00000000
vn 0.00000000 0.00000000 1.00000000
vn 0.00000000 0.00000000 1.00000000
vn 0.00000000 0.00000000 1.00000000
vn 0.00000000 0.00000000 1.00000000
vn 0.00000000 0.00000000 1.00000000
vn 0.00000000 0.00000000 1.00000000
vn 0.00000000 0.00000000 1.00000000
vn 0.00000000 0.00000000 1.00000000
vn 0.00000000 0.00000000 1.00000000
vn 0.00000000 0.00000000 1.00000000
vn 0.00000000 0.00000000 1.00000000
vn 0.00000000 0.00000000 1.00000000
vn 0.00000000 0.00000000 1.00000000
vn 0.00000000 0.00000000 1.00000000
vn 0.00000000 0.00000000 1.00000000
vn 0.00000000 0.00000000 1.00000000
vn 0.00000000 0.00000000 1.00000000
vn 0.00000000 0.00000000 1.00000000
vn 0.00000000 0.00000000 1.00000000
vn 0.00000000 0.00000000 1.00000000
vn 0.00000000 0.00000000 1.00000000
vn 0.00000000 0.00000000 1.00000000
vn 0.00000000 0.00000000 1.00000000
vn 0.00000000 0.00000000 1.00000000
vn 0.00000000 0.00000000 1.00000000
vn 0.00000000 0.00000000 1.00000000
vn 0.00000000 0.00000000 1.00000000
vn 0.00000000 0.00000000 1.00000000
vn 0.00000000 0.00000000 1.00000000
vn 0.00000000 0.00000000 1.00000000
vn 0.00000000 0.00000000 1.00000000
vn 0.00000000 0.00000000 1.00000000
vn 0.00000000 0.00000000 1.00000000
vn 0.00000000 0.00000000 1.00000000
vn 0.00000000 0.00000000 1.00000000
vn 0.00000000 0.00000000 1.00000000
vn 0.00000000 0.00000000 1.00000000
vn 0.00000000 0.00000000 1.00000000
vn 0.00000000 0.00000000 1.00000000
vn 0.00000000 0.00000000 1.00000000
vn 0.00000000 0.00000000 1.00000000
vn 0.00000000 0.00000000 1.00000000
vn 0.00000000 0.00000000 1.00000000
vn 0.00000000 0.00000000 1.00000000
vn 0.00000000 0.00000000 1.00000000
vn 0.00000000 0.00000000 1.00000000
vn 0.00000000 0.00000000 1.00000000
vn 0.00000000 0.00000000 1.00000000
vn 0.00000000 0.00000000 1.00000000
vn 0.00000000 0.00000000 1.00000000
vn 0.00000000 0.00000000 1.00000000
vn 0.00000000 0.00000000 1.00000000
vn 0.00000000 0.00000000 1.00000000
vn 0.00000000 0.00000000 1.00000000
vn 0.00000000 0.00000000 1.00000000
vn 0.00000000 0.00000000 1.00000000
vn 0.00000000 0.00000000 -1.00000000
vn 0.00000000 0.00000000 -1.00000000
vn 0.00000000 0.00000000 -1.00000000
vn 0.00000000 0.00000000 -1.00000000
vn 0.00000000 0.00000000 -1.00000000
vn 0.00000000 0.00000000 -1.00000000
vn 0.00000000 0.00000000 -1.00000000
vn 0.00000000 0.00000000 -1.00000000
vn 0.00000000 0.00000000 -1.00000000
vn 0.00000000 0.00000000 -1.00000000
vn 0.00000000 0.00000000 -1.00000000
vn 0.00000000 0.00000000 -1.00000000
vn 0.00000000 0.00000000 -1.00000000
vn 0.00000000 0.00000000 -1.00000000
vn 0.00000000 0.00000000 -1.00000000
vn 0.00000000 0.00000000 -1.00000000
vn 0.00000000 0.00000000 -1.00000000
vn 0.00000000 0.00000000 -1.00000000
vn 0.00000000 0.00000000 -1.00000000
vn 0.00000000 0.00000000 -1.00000000
vn 0.00000000 0.00000000 -1.00000000
vn 0.00000000 0.00000000 -1.00000000
vn 0.00000000 0.00000000 -1.00000000
vn 0.00000000 0.00000000 -1.00000000
vn 0.00000000 0.00000000 -1.00000000
vn 0.00000000 0.00000000 -1.00000000
vn 0.00000000 0.00000000 -1.00000000
vn 0.00000000 0.00000000 -1.00000000
vn 0.00000000 0.00000000 -1.00000000
vn 0.00000000 0.00000000 -1.00000000
vn 0.00000000 0.00000000 -1.00000000
vn 0.00000000 0.00000000 -1.00000000
vn 0.00000000 0.00000000 -1.00000000
vn 0.00000000 0.00000000 -1.00000000
vn 0.00000000 0.00000000 -1.00000000
vn 0.00000000 0.00000000 -1.00000000
vn 0.00000000 0.00000000 -1.00000000
vn 0.00000000 0.00000000 -1.00000000
vn 0.00000000 0.00000000 -1.00000000
vn 0.00000000 0.00000000 -1.00000000
vn 0.00000000 0.00000000 -1.00000000
vn 0.00000000 0.00000000 -1.00000000
vn 0.00000000 0.00000000 -1.00000000
vn 0.00000000 0.00000000 -1.00000000
vn 0.00000000 0.00000000 -1.00000000
vn 0.00000000 0.00000000 -1.00000000
vn 0.00000000 0.00000000 -1.00000000
vn 0.00000000 0.00000000 -1.00000000
vn 0.00000000 0.00000000 1.00000000
vn 0.00000000 0.00000000 1.00000000
vn 0.00000000 0.00000000 1.00000000
vn 0.00000000 0.00000000 1.00000000
vn 0.00000000 0.00000000 1.00000000
vn 0.00000000 0.00000000 1.00000000
vn 0.00000000 0.00000000 1.00000000
vn 0.00000000 0.00000000 1.00000000
vn 0.00000000 0.00000000 1.00000000
vn 0.00000000 0.00000000 1.00000000
vn 0.00000000 0.00000000 1.00000000
vn 0.00000000 0.00000000 1.00000000
vn 0.00000000 0.00000000 1.00000000
vn 0.00000000 0.00000000 1.00000000
vn 0.00000000 0.00000000 1.00000000
vn 0.00000000 0.00000000 1.00000000
vn 0.00000000 0.00000000 1.00000000
vn 0.00000000 0.00000000 1.00000000
vn 0.00000000 0.00000000 1.00000000
vn 0.00000000 0.00000000 1.00000000
vn 0.00000000 0.00000000 1.00000000
vn 0.00000000 0.00000000 1.00000000
vn 0.00000000 0.00000000 1.00000000
vn 0.00000000 0.00000000 1.00000000
vn 0.00000000 0.00000000 1.00000000
vn 0.00000000 0.00000000 1.00000000
vn 0.00000000 0.00000000 1.00000000
vn 0.00000000 0.00000000 1.00000000
vn 0.00000000 0.00000000 1.00000000
vn 0.00000000 0.00000000 1.00000000
vn 0.00000000 0.00000000 1.00000000
vn 0.00000000 0.00000000 1.00000000
vn 0.00000000 0.00000000 1.00000000
vn 0.00000000 0.00000000 1.00000000
vn 0.00000000 0.00000000 1.00000000
vn 0.00000000 0.00000000 1.00000000
vn 0.00000000 0.00000000 1.00000000
vn 0.00000000 0.00000000 1.00000000
vn 0.00000000 0.00000000 1.00000000
vn 0.00000000 0.00000000 1.00000000
vn 0.00000000 0.00000000 1.00000000
vn 0.00000000 0.00000000 1.00000000
vn 0.00000000 0.00000000 1.00000000
vn 0.00000000 0.00000000 1.00000000
vn 0.00000000 0.00000000 1.00000000
vn 0.00000000 0.00000000 1.00000000
vn 0.00000000 0.00000000 1.00000000
vn 0.00000000 0.00000000 1.00000000
vn -0.67008926 0.74228052 0.00000000
vn -0.67008926 0.74228052 0.00000000
vn -0.76137310 0.64831397 0.00000000
vn -0.76137310 0.64831397 0.00000000
vn -0.90323763 0.42914075 0.00000000
vn -0.90323763 0.42914075 0.00000000
vn -0.95144172 0.30782895 0.00000000
vn -0.95144172 0.30782895 0.00000000
vn -0.99870213 0.05093191 0.00000000
vn -0.99870213 0.05093191 0.00000000
vn -0.97781920 -0.20945072 0.00000000
vn -0.97781920 -0.20945072 0.00000000
vn -0.89038845 -0.45520150 0.00000000
vn -0.89038845 -0.45520150 0.00000000
vn -0.74231122 -0.67005527 0.00000000
vn -0.74231122 -0.67005527 0.00000000
vn -0.54355452 -0.83937386 0.00000000
vn -0.54355452 -0.83937386 0.00000000
vn -0.30754121 -0.95153476 0.00000000
vn -0.30754121 -0.95153476 0.00000000
vn -0.05084700 -0.99870645 0.00000000
vn -0.05084700 -0.99870645 0.00000000
vn 0.20922603 -0.97786731 0.00000000
vn 0.20922603 -0.97786731 0.00000000
vn 0.45505174 -0.89046500 0.00000000
vn 0.45505174 -0.89046500 0.00000000
vn 0.67009157 -0.74227845 0.00000000
vn 0.67009157 -0.74227845 0.00000000
vn 0.83949537 -0.54336685 0.00000000
vn 0.83949537 -0.54336685 0.00000000
vn 0.95145676 -0.30778246 0.00000000
vn 0.95145676 -0.30778246 0.00000000
vn 0.99870573 -0.05086123 0.00000000
vn 0.99870573 -0.05086123 0.00000000
vn 0.97783347 0.20938412 0.00000000
vn 0.97783347 0.20938412 0.00000000
vn 0.89042940 0.45512140 0.00000000
vn 0.89042940 0.45512140 0.00000000
vn 0.74217463 0.67020654 0.00000000
vn 0.74217463 0.67020654 0.00000000
vn 0.54338651 0.83948264 0.00000000
vn 0.54338651 0.83948264 0.00000000
vn 0.30778167 0.95145701 0.00000000
vn 0.30778167 0.95145701 0.00000000
vn 0.05111200 0.99869293 0.00000000
vn 0.05111200 0.99869293 0.00000000
vn -0.20945367 0.97781857 0.00000000
vn -0.20945367 0.97781857 0.00000000
vn -0.45528148 0.89034756 0.00000000
vn -0.45528148 0.89034756 0.00000000
vn 0.96011557 -0.27960346 0.00000000
vn 0.96011557 -0.27960346 0.00000000
vn 0.91525344 -0.40287856 0.00000000
vn 0.91525344 -0.40287856 0.00000000
vn 0.91525344 -0.40287856 0.00000000
vn 0.78001249 -0.62576395 0.00000000
vn 0.78001249 -0.62576395 0.00000000
vn 0.69158393 -0.72229611 0.00000000
vn 0.78001249 -0.62576395 0.00000000
vn 0.69158393 -0.72229611 0.00000000
vn 0.48114775 -0.87663952 0.00000000
vn 0.48114775 -0.87663952 0.00000000
vn 0.23785819 -0.97129989 0.00000000
vn 0.23785819 -0.97129989 0.00000000
vn -0.02182721 -0.99976176 0.00000000
vn -0.02182721 -0.99976176 0.00000000
vn -0.27966657 -0.96009719 0.00000000
vn -0.27966657 -0.96009719 0.00000000
vn -0.59580724 -0.80312747 0.00000000
vn -0.40242922 -0.91545110 0.00000000
vn -0.43672788 -0.89959366 0.00000000
vn -0.62574811 -0.78002519 0.00000000
vn -0.72214357 -0.69174321 0.00000000
vn -0.72214357 -0.69174321 0.00000000
vn -0.87666123 -0.48110820 0.00000000
vn -0.87666123 -0.48110820 0.00000000
vn -0.97135736 -0.23762338 0.00000000
vn -0.97135736 -0.23762338 0.00000000
vn -0.99976790 0.02154389 0.00000000
vn -0.99976790 0.02154389 0.00000000
vn -0.96013540 0.27953537 0.00000000
vn -0.96013540 0.27953537 0.00000000
vn -0.91534406 0.40267263 0.00000000
vn -0.84847308 0.52923854 0.00000000
vn -0.85488867 0.51881149 0.00000000
vn -0.69160748 0.72227356 0.00000000
vn -0.69160748 0.72227356 0.00000000
vn -0.48112415 0.87665247 0.00000000
vn -0.48112415 0.87665247 0.00000000
vn -0.23788726 0.97129277 0.00000000
vn -0.23788726 0.97129277 0.00000000
vn 0.02155397 0.99976769 0.00000000
vn 0.02155397 0.99976769 0.00000000
vn 0.27980890 0.96005572 0.00000000
vn 0.27980890 0.96005572 0.00000000
vn 0.59579917 0.80313346 0.00000000
vn 0.40269405 0.91533464 0.00000000
vn 0.43696178 0.89948007 0.00000000
vn 0.62568130 0.78007879 0.00000000
vn 0.72222650 0.69165662 0.00000000
vn 0.72222650 0.69165662 0.00000000
vn 0.87673992 0.48096478 0.00000000
vn 0.87673992 0.48096478 0.00000000
vn 0.97135041 0.23765179 0.00000000
vn 0.97135041 0.23765179 0.00000000
vn 0.99976945 -0.02147223 0.00000000
vn 0.99976945 -0.02147223 0.00000000
vn 0.97916256 0.20219117 -0.01895800
vn 0.99828882 0.05207614 -0.02659918
vn 0.99686658 -0.07908824 -0.00144262
vn 0.98124128 -0.19219486 0.01505596
vn 0.99723120 -0.07424039 0.00427741
vn 0.97896510 -0.20377977 -0.01005680
vn 0.99788246 0.06460625 -0.00752476
vn 0.93711459 0.34902183 0.00000000
vn 0.95444155 0.29839792 0.00000000
vn 0.97543804 0.22027400 0.00000000
vn 0.89415860 0.44775037 0.00000000
vn 0.89415860 0.44775037 0.00000000
vn 0.89415860 0.44775037 0.00000000
vn 0.84093778 0.54113182 0.00000000
vn 0.85513038 0.51841300 0.00000000
vn 0.76124042 0.64846976 0.00000000
vn 0.75462554 0.65607802 -0.01009553
vn 0.65373094 0.75667572 -0.00881578
vn 0.58464178 0.81098400 -0.02233696
vn 0.51133999 0.85933530 -0.00861708
vn 0.38342463 0.92351853 -0.00995431
vn 0.37425694 0.92732505 0.00000000
vn 0.19701294 0.98040089 0.00000000
vn 0.19701294 0.98040089 0.00000000
vn 0.09403948 0.99556847 0.00000000
vn 0.09403948 0.99556847 0.00000000
vn 0.92003914 -0.39182417 0.00134324
vn 0.87999415 -0.47489776 -0.00907837
vn 0.83216571 -0.55452590 -0.00111719
vn 0.70306429 -0.71106416 -0.00940025
vn 0.73487605 -0.67820078 -0.00093857
vn 0.61392241 -0.78936636 0.00014985
vn 0.47814242 -0.87827113 -0.00443171
vn 0.46248897 -0.88662503 0.00000000
vn 0.25652730 -0.96653699 0.00000000
vn 0.24564597 -0.96935961 0.00000000
vn 0.13790439 -0.99044555 0.00000000
vn 0.13790439 -0.99044555 0.00000000
vn 0.98206140 0.18833574 0.00922245
vn 0.94923435 0.31442906 -0.00940863
vn 0.92671067 0.37577236 0.00156993
vn 0.86720937 0.49793234 -0.00335977
vn 0.85579971 0.51730295 0.00212538
vn 0.80627456 0.59154147 0.00016141
vn 0.76124613 0.64845012 0.00409521
vn 0.75739055 0.65296213 0.00000000
vn 0.70428250 0.70991971 0.00039631
vn 0.62262159 0.78246986 0.00912545
vn 0.63378808 0.77350658 -0.00048363
vn 0.50939415 0.86053260 -0.00111106
vn 0.41404714 0.91021211 0.00888102
vn 0.33055062 0.94377357 -0.00526629
vn 0.20189947 0.97938907 0.00580090
vn 0.14185334 0.98988647 -0.00155124
vn 0.08857811 0.99604167 0.00740964
vn 0.05923698 0.99824395 0.00000000
vn -0.29132304 -0.06555507 -0.95437593
vn -0.29033025 -0.09832679 -0.95186143
vn -0.33128550 -0.07543791 -0.94050999
vn -0.35502458 -0.18114181 -0.91713968
vn -0.40548172 -0.07503890 -0.91101797
vn -0.43058997 -0.16717568 -0.88692986
vn -0.45249250 -0.14016554 -0.88068391
vn -0.48443206 -0.06187872 -0.87263773
vn -0.51254495 -0.15406059 -0.84472659
vn -0.56111977 -0.12160283 -0.81875354
vn -0.56780284 -0.17695177 -0.80392040
vn -0.61847230 -0.08540812 -0.78115137
vn -0.62651809 -0.18472899 -0.75719897
vn -0.68082404 -0.08244930 -0.72779169
vn -0.64725124 -0.21298557 -0.73191733
vn -0.64725124 -0.21298557 -0.73191733
vn -0.69693210 -0.17561750 -0.69530147
vn -0.71060846 -0.14168365 -0.68917441
vn -0.72975370 -0.10201081 -0.67605719
vn -0.72478015 -0.17705571 -0.66584158
vn -0.76145709 -0.13863817 -0.63321604
vn -0.77139107 -0.00567702 -0.63633607
vn -0.79668471 -0.07062490 -0.60025461
vn -0.77038254 -0.15304864 -0.61894011
vn -0.80116384 -0.17068331 -0.57358845
vn -0.83783189 -0.08448188 -0.53935196
vn -0.83078203 -0.19012027 -0.52312092
vn -0.85669885 -0.14370646 -0.49539432
vn -0.88539057 -0.06121904 -0.46079906
vn -0.86011735 -0.16648911 -0.48216130
vn -0.86640709 -0.19323530 -0.46043336
vn -0.88222370 -0.18692580 -0.43213434
vn -0.90039313 -0.18203282 -0.39516613
vn -0.92207304 -0.07590682 -0.37949897
vn -0.92880845 -0.14947855 -0.33907378
vn -0.94923857 -0.06681067 -0.30738002
vn -0.93622366 -0.17665295 -0.30377458
vn -0.94335361 -0.16538367 -0.28763208
vn -0.95415195 -0.12946684 -0.26987477
vn -0.95579228 -0.13111842 -0.26319020
vn -0.97280294 -0.04732857 -0.22674752
vn -0.95888265 -0.17737536 -0.22154469
vn -0.97121976 -0.13975209 -0.19287698
vn -0.97446008 -0.12648433 -0.18555123
vn -0.98875709 -0.04842465 -0.14147247
vn -0.98299388 0.00074961 -0.18363681
vn -0.99528193 0.00460307 -0.09691589
vn -0.99620349 -0.06275327 -0.06033763
vn -0.99985691 -0.00162463 -0.01683797
vn -0.99695072 -0.07432342 0.02377594
vn -0.99905692 0.02464438 0.03574811
vn -0.99431724 0.02631073 0.10315512
vn -0.99195385 -0.07418279 0.10258882
vn -0.97958472 -0.07562855 0.18626350
vn -0.97931256 -0.15231925 0.13321319
vn -0.97490396 -0.15893933 0.15588634
vn -0.97260888 -0.15796359 -0.17052702
vn -0.97211078 -0.17801997 -0.15267457
vn -0.97467143 -0.17893492 -0.13415624
vn -0.98517932 -0.13721416 -0.10292710
vn -0.98847796 -0.14814215 -0.03106816
vn -0.98494992 -0.17204285 0.01658059
vn -0.98857719 -0.13634087 0.06423636
vn -0.96479031 -0.14216977 0.22128580
vn -0.96123233 -0.07116714 0.26639753
vn -0.98222754 0.02498925 0.18602312
vn -0.96324216 0.02600941 0.26737251
vn -0.93768263 0.02459273 0.34662153
vn -0.93525042 -0.07140654 0.34670992
vn -0.90568698 0.02434200 0.42324763
vn -0.90403199 -0.06984018 0.42172088
vn -0.86446486 -0.07142788 0.49759276
vn -0.87925514 -0.12816276 0.45878613
vn -0.86675921 -0.16288900 0.47137634
vn -0.95314705 -0.17632537 0.24580492
vn -0.94316053 -0.16767888 0.28693554
vn -0.94179224 -0.13749011 0.30679609
vn -0.92427882 -0.17897206 0.33716118
vn -0.91564295 -0.13077848 0.38012494
vn -0.90801634 -0.14898431 0.39154820
vn -0.88783271 -0.17301827 0.42640094
vn -0.88179791 -0.13496911 0.45190240
vn -0.85442904 -0.18084771 0.48707814
vn -0.83906548 -0.13918803 0.52592377
vn -0.82073757 -0.07389950 0.56650569
vn -0.82309320 -0.17228306 0.54114336
vn -0.80627215 -0.19500365 0.55847901
vn -0.79718655 -0.17074239 0.57908604
vn -0.79718655 -0.17074239 0.57908604
vn -0.79164783 -0.13873733 0.59501736
vn -0.78995214 -0.13908110 0.59718679
vn -0.77080065 -0.07273534 0.63291067
vn -0.77877951 -0.16586610 0.60497183
vn -0.77208575 -0.17861268 0.60990253
vn -0.76445703 -0.18689289 0.61698987
vn -0.76445703 -0.18689289 0.61698987
vn -0.76104165 -0.18954325 0.62039420
vn -0.75541621 -0.18835975 0.62758820
vn -0.74419742 -0.15936856 0.64866930
vn -0.73845900 -0.13636684 0.66036535
vn -0.71564642 -0.07186374 0.69475593
vn -0.71728746 0.02556486 0.69630822
vn -0.65528161 -0.07401638 0.75174968
vn -0.65679769 0.02558780 0.75363258
vn -0.58857703 -0.07687470 0.80477783
vn -0.59181998 0.02602868 0.80564981
vn -0.52482807 0.02600580 0.85081090
vn -0.52274697 -0.07478388 0.84920138
vn -0.46539529 0.02128324 0.88484702
vn -0.45022420 -0.07928802 0.88938832
vn -0.40220513 0.01482773 0.91542950
vn -0.37876002 -0.06806175 0.92298887
vn -0.33362296 0.00675008 0.94268243
vn -0.30099952 -0.06347427 0.95150949
vn -0.27954310 -0.03750309 0.95940042
vn -0.27342400 -0.15349137 0.94956817
vn -0.25090769 -0.22729420 0.94094776
vn -0.27035953 -0.13302730 0.95352476
vn -0.24132964 -0.25420799 0.93655662
vn -0.24132964 -0.25420799 0.93655662
vn -0.71729742 -0.17714554 0.67387230
vn -0.68532025 -0.14477671 0.71370572
vn -0.64049521 -0.16630198 0.74973964
vn -0.59114550 -0.17714563 0.78687129
vn -0.01922785 0.99958925 0.02125160
vn 0.00000000 1.00000000 0.00000000
vn 0.00000000 1.00000000 0.00000000
vn -0.54084522 -0.17008095 0.82374688
vn -0.49686493 -0.17993655 0.84896883
vn -0.46096316 -0.19412491 0.86592637
vn -0.48332153 -0.14263060 0.86374580
vn -0.41939467 -0.15747399 0.89404142
vn -0.39288489 -0.17351877 0.90306849
vn -0.35554948 -0.16038068 0.92079455
vn -0.34187573 -0.13241269 0.93036975
vn -0.31551450 -0.16942918 0.93367251
vn -0.28995494 0.03249493 0.95648848
vn -0.77272078 0.02574146 0.63422391
vn -0.82276004 0.02598307 0.56779468
vn -0.86724369 0.02515474 0.49724805
vn -0.96381167 -0.00946056 -0.26641613
vn -0.94184714 0.00921655 -0.33591521
vn -0.91656371 0.02239738 -0.39926096
vn -0.90288183 -0.00678320 -0.42983530
vn -0.86650392 -0.00831928 -0.49910093
vn -0.83493126 0.02492167 -0.54978968
vn -0.79693001 0.02511385 -0.60354938
vn -0.74143395 0.02741024 -0.67046579
vn -0.68266119 0.03044066 -0.73010072
vn -0.62176735 0.02766659 -0.78271318
vn -0.54060019 0.01655748 -0.84111669
vn -0.56418169 0.02602568 -0.82524038
vn -0.51923058 -0.00548598 -0.85461658
vn -0.44664033 0.01085779 -0.89464771
vn -0.36541567 0.02167681 -0.93059202
vn 0.19372095 -0.09047348 -0.97687601
vn 0.19423362 -0.06670734 -0.97868454
vn 0.24647806 -0.07594044 -0.96616852
vn 0.25571352 0.02388543 -0.96645749
vn 0.32716921 -0.07582217 -0.94191895
vn 0.33317863 0.02588849 -0.94250824
vn 0.40436274 -0.07538277 -0.91148681
vn 0.40779752 0.02582239 -0.91270718
vn 0.47926584 -0.07563098 -0.87440506
vn 0.48057140 0.02651669 -0.87655462
vn 0.55351042 0.02526763 -0.83245886
vn 0.55209557 -0.07566310 -0.83034064
vn 0.62338887 0.02480260 -0.78151849
vn 0.62171494 -0.07584334 -0.77956290
vn 0.68854101 0.02560436 -0.72474526
vn 0.68683627 -0.07542384 -0.72288809
vn 0.74865938 0.02554835 -0.66246238
vn 0.74672340 -0.07554806 -0.66083027
vn 0.80312152 0.02570267 -0.59526062
vn 0.80104163 -0.07570553 -0.59380214
vn 0.85160172 0.02518389 -0.52358407
vn 0.84940022 -0.07567937 -0.52229483
vn 0.89358364 0.02582035 -0.44815354
vn 0.89136810 -0.07504549 -0.44702469
vn 0.92912624 0.02514897 -0.36890643
vn 0.92678283 -0.07537855 -0.36795607
vn 0.95767004 0.02553516 -0.28673342
vn 0.95522154 -0.07579065 -0.28602024
vn 0.97889549 0.02527805 -0.20279209
vn 0.97645977 -0.07506907 -0.20221510
vn 0.99276213 0.02501311 -0.11746363
vn 0.99022215 -0.07563977 -0.11721226
vn 0.99917644 0.02630359 -0.03089584
vn 0.99668656 -0.07525154 -0.03087253
vn 0.99808845 0.02648186 0.05584049
vn 0.99559624 -0.07535450 0.05576581
vn 0.98950804 0.02508179 0.14228401
vn 0.98696634 -0.07594315 0.14188051
vn 0.97352043 0.02557309 0.22716510
vn 0.97104518 -0.07554795 0.22663576
vn 0.95026529 0.02459246 0.31046914
vn 0.94782699 -0.07554684 0.30970416
vn 0.91987190 0.02508725 0.39141578
vn 0.91752224 -0.07551919 0.39044819
vn 0.88250782 0.02431729 0.46966863
vn 0.88022955 -0.07580531 0.46845437
vn 0.83867199 0.02591083 0.54402015
vn 0.83652284 -0.07588417 0.54265195
vn 0.78846526 0.02596603 0.61453096
vn 0.78652050 -0.07584057 0.61288964
vn 0.73243422 0.02559458 0.68035655
vn 0.73054945 -0.07545865 0.67867776
vn 0.67087058 0.02562080 0.74113173
vn 0.66918945 -0.07553360 0.73924296
vn 0.60426264 0.02483744 0.79639800
vn 0.60269233 -0.07598430 0.79434774
vn 0.53515496 0.02512881 0.84438008
vn 0.53303064 -0.07654127 0.84262671
vn 0.47370581 0.02105041 0.88043153
vn 0.45780165 -0.07549284 0.88584337
vn 0.40840142 0.01426118 0.91269102
vn 0.38240155 -0.07242251 0.92115364
vn 0.33803406 0.00636310 0.94111236
vn 0.30761665 -0.06790888 0.94908397
vn 0.27710400 0.00338739 0.96083396
vn 0.26914362 -0.15665582 0.95027399
vn 0.26415549 -0.21846401 0.93941224
vn 0.30275299 -0.19799543 0.93227594
vn 0.30938373 -0.17681785 0.93435387
vn 0.37885895 -0.17576594 0.90861006
vn 0.41802772 -0.17526180 0.89136756
vn 0.45422446 -0.17555252 0.87341940
vn 0.52565706 -0.17690573 0.83209916
vn 0.59493207 -0.17638587 0.78418356
vn 0.66053851 -0.17627512 0.72980543
vn 0.72120503 -0.17619436 0.66993945
vn 0.77629580 -0.17733082 0.60491207
vn 0.82566709 -0.17730740 0.53557068
vn 0.86904960 -0.17553786 0.46253568
vn 0.90582504 -0.17574655 0.38547912
vn 0.93582289 -0.17534142 0.30576283
vn 0.95857992 -0.17635320 0.22366064
vn 0.97427275 -0.17658497 0.14003699
vn 0.98271303 -0.17674694 0.05509647
vn 0.98383337 -0.17648594 -0.03040746
vn 0.97757353 -0.17592288 -0.11576327
vn 0.96409515 -0.17509150 -0.19965849
vn 0.94284835 -0.17679767 -0.28245277
vn 0.91501846 -0.17547613 -0.36324832
vn 0.88001800 -0.17559620 -0.44128708
vn 0.83847512 -0.17625967 -0.51564716
vn 0.79072009 -0.17674106 -0.58610949
vn 0.73716701 -0.17626558 -0.65231529
vn 0.67799779 -0.17613226 -0.71365007
vn 0.61378534 -0.17615975 -0.76956825
vn 0.54504451 -0.17620028 -0.81968283
vn 0.47290899 -0.17713069 -0.86312328
vn 0.39964156 -0.17578251 -0.89965946
vn 0.32377412 -0.17664023 -0.92949908
vn 0.24597592 -0.17518392 -0.95331340
vn 0.00000000 -1.00000000 0.00000000
vn 0.00000000 -1.00000000 0.00000000
vn 0.00000000 -1.00000000 0.00000000
vn 0.00000000 -1.00000000 0.00000000
vn 0.00000000 -1.00000000 0.00000000
vn 0.00000000 -1.00000000 0.00000000
vn 0.00000000 -1.00000000 0.00000000
vn 0.00000000 -1.00000000 0.00000000
vn 0.00000000 -1.00000000 0.00000000
vn 0.00000000 -1.00000000 0.00000000
vn 0.00000000 -1.00000000 0.00000000
vn 0.00000000 -1.00000000 0.00000000
vn 0.00000000 1.00000000 0.00000000
vn 0.00000000 1.00000000 0.00000000
vn 0.00000000 1.00000000 0.00000000
vn 0.00000000 1.00000000 0.00000000
vn 0.00000000 1.00000000 0.00000000
vn 0.00000000 1.00000000 0.00000000
vn 0.00000000 1.00000000 0.00000000
vn 0.00000000 1.00000000 0.00000000
vn 0.00000000 1.00000000 0.00000000
vn 0.00000000 1.00000000 0.00000000
vn 0.00000000 1.00000000 0.00000000
vn 0.00000000 1.00000000 0.00000000
vn 0.00000000 1.00000000 0.00000000
vn 0.00000000 1.00000000 0.00000000
vn 0.00000000 1.00000000 0.00000000
vn 0.00000000 1.00000000 0.00000000
vn 0.00000000 1.00000000 0.00000000
vn 0.00000000 1.00000000 0.00000000
vn 0.00000000 1.00000000 0.00000000
vn 0.00000000 1.00000000 0.00000000
vn 0.00000000 1.00000000 0.00000000
vn 0.00000000 1.00000000 0.00000000
vn 0.00000000 1.00000000 0.00000000
vn 0.00000000 1.00000000 0.00000000
vn 0.00000000 1.00000000 0.00000000
vn 0.00000000 1.00000000 0.00000000
vn 0.00000000 1.00000000 0.00000000
vn 0.00000000 1.00000000 0.00000000
vn 0.00000000 1.00000000 0.00000000
vn 0.00000000 1.00000000 0.00000000
vn 0.00000000 1.00000000 0.00000000
vn 0.00000000 1.00000000 0.00000000
vn 0.00000000 1.00000000 0.00000000
vn -0.00000193 1.00000000 -0.00000486
vn -0.00000417 1.00000000 -0.00001175
vn -0.00000414 1.00000000 -0.00001191
vn -0.00000150 1.00000000 -0.00000487
vn 0.00000000 1.00000000 0.00000000
vn 0.00000000 1.00000000 0.00000000
vn 0.00000000 1.00000000 0.00000000
vn 0.00000000 1.00000000 0.00000000
vn 0.00000000 1.00000000 0.00000000
vn 0.00000000 1.00000000 0.00000000
vn 0.00000000 1.00000000 0.00000000
vn 0.00000000 1.00000000 0.00000000
vn 0.00000000 1.00000000 0.00000000
vn 0.00000000 1.00000000 0.00000000
vn 0.00000000 1.00000000 0.00000000
vn 0.00000000 1.00000000 0.00000000
vn 0.00000000 1.00000000 0.00000000
vn 0.00000000 1.00000000 0.00000000
vn 0.00000000 1.00000000 0.00000000
vn 0.00000000 1.00000000 0.00000000
vn 0.00000000 1.00000000 0.00000000
vn 0.00000000 1.00000000 0.00000000
vn 0.00000000 1.00000000 0.00000000
vn 0.00000000 1.00000000 0.00000000
vn 0.00000000 1.00000000 0.00000000
vn 0.00000000 1.00000000 0.00000000
vn 0.00000000 1.00000000 0.00000000
vn 0.00000000 1.00000000 0.00000000
vn 0.00000000 1.00000000 0.00000000
vn 0.00000000 1.00000000 0.00000000
vn 0.00000000 1.00000000 0.00000000
vn 0.00000000 1.00000000 0.00000000
vn 0.00000000 1.00000000 0.00000000
vn 0.00000000 1.00000000 0.00000000
vn 0.00000000 1.00000000 0.00000000
vn 0.00000000 1.00000000 0.00000000
vn 0.00000000 1.00000000 0.00000000
vn 0.00000000 1.00000000 0.00000000
vn 0.00000000 1.00000000 0.00000000
vn 0.00000000 1.00000000 0.00000000
vn 0.00000000 1.00000000 0.00000000
vn 0.00000000 1.00000000 0.00000000
vn 0.00000000 1.00000000 0.00000000
vn 0.00000000 1.00000000 0.00000000
vn 0.00000150 1.00000000 -0.00000487
vn 0.00000414 1.00000000 -0.00001191
vn 0.00000417 1.00000000 -0.00001175
vn 0.00000193 1.00000000 -0.00000486
vn 0.00000000 1.00000000 0.00000000
vn 0.00000000 1.00000000 0.00000000
vn 0.00000000 1.00000000 0.00000000
vn 0.00000000 1.00000000 0.00000000
vn 0.00000000 1.00000000 0.00000000
vn 0.00000000 1.00000000 0.00000000
vn 0.00000000 1.00000000 0.00000000
vn 0.00000000 1.00000000 0.00000000
vn 0.00000000 1.00000000 0.00000000
vn 0.00000000 1.00000000 0.00000000
vn 0.00000000 1.00000000 0.00000000
vn 0.00000000 1.00000000 0.00000000
vn 0.00000000 1.00000000 0.00000000
vn 0.00000000 1.00000000 0.00000000
vn 0.00000000 1.00000000 0.00000000
vn 0.00000000 1.00000000 0.00000000
vn 0.00000000 1.00000000 0.00000000
vn 0.00000000 1.00000000 0.00000000
vn 0.00000000 1.00000000 0.00000000
vn 0.00000000 1.00000000 0.00000000
vn 0.00000000 1.00000000 0.00000000
vn 0.00000000 1.00000000 0.00000000
vn 0.00000000 1.00000000 0.00000000
vn 0.00000000 1.00000000 0.00000000
vn 0.00000000 1.00000000 0.00000000
vn 0.00000000 1.00000000 0.00000000
vn 0.00000000 1.00000000 0.00000000
vn 0.00000000 1.00000000 0.00000000
vn 0.00000000 1.00000000 0.00000000
vn 0.00000000 1.00000000 0.00000000
vn 0.00000000 1.00000000 0.00000000
vn 0.00000000 1.00000000 0.00000000
vn 1.00000000 0.00000000 0.00000000
vn 1.00000000 0.00000000 0.00000000
vn 1.00000000 0.00000000 0.00000000
vn 1.00000000 0.00000000 0.00000000
vn 0.98078408 0.19509637 0.00000000
vn 0.92044686 0.39086334 -0.00184994
vn 0.95764969 0.28650630 0.02865674
vn 0.80722610 0.58958033 0.02794738
vn 0.69209686 0.72179814 0.00306339
vn 0.31098439 0.95000852 0.02779411
vn 0.38436088 0.92318098 0.00189574
vn 0.00000000 0.99999611 -0.00278920
vn -0.31098439 0.95000852 0.02779411
vn -0.38436088 0.92318098 0.00189574
vn -0.69209686 0.72179814 0.00306339
vn -0.80722610 0.58958033 0.02794738
vn -0.92044686 0.39086334 -0.00184994
vn -0.95764969 0.28650630 0.02865674
vn -0.98078408 0.19509637 0.00000000
vn -1.00000000 0.00000000 0.00000000
vn -1.00000000 0.00000000 0.00000000
vn -1.00000000 0.00000000 0.00000000
vn -1.00000000 0.00000000 0.00000000
vn 0.17170322 -0.28648328 0.94257378
vn 0.12785999 -0.27358745 0.95331093
vn 0.13460227 -0.27652146 0.95153461
vn 0.05127225 -0.27428937 0.96027939
vn 0.05083905 -0.27474186 0.96017306
vn -0.03708503 -0.27193694 0.96160023
vn -0.03532207 -0.27478459 0.96085679
vn -0.11801355 -0.27374350 0.95453512
vn -0.03541810 -0.27483204 0.96083969
vn -0.12172413 -0.27473422 0.95378422
vn -0.20978238 -0.27983630 0.93684737
vn -0.21037638 -0.27481942 0.93819831
vn -0.29793475 -0.27911229 0.91286977
vn -0.29877941 -0.27480001 0.91390142
vn -0.38570641 -0.27905376 0.87940864
vn -0.38772260 -0.27502094 0.87979240
vn -0.47013579 -0.27891741 0.83736337
vn -0.47300678 -0.27506304 0.83702145
vn -0.55189918 -0.27808040 0.78617974
vn -0.55374140 -0.27502304 0.78595979
vn -0.62855348 -0.27884245 0.72606295
vn -0.63002924 -0.27470527 0.72636091
vn -0.70045924 -0.27489505 0.65862703
vn -0.70020124 -0.27978399 0.65684027
vn -0.76306410 -0.27491501 0.58494010
vn -0.76284158 -0.27966144 0.58297702
vn -0.81782451 -0.27504474 0.50548340
vn -0.81721557 -0.27957977 0.50397804
vn -0.86461999 -0.27477571 0.42063116
vn -0.86376002 -0.27952674 0.41926534
vn -0.90116159 -0.27492302 0.33514941
vn -0.90137442 -0.27868846 0.33144668
vn -0.92864150 -0.27545745 0.24849177
vn -0.92891616 -0.27839981 0.24414813
vn -0.94796247 -0.27540160 0.15975328
vn -0.94766672 -0.27832020 0.15641503
vn -0.95892608 -0.27485237 0.07012091
vn -0.95801220 -0.27813631 0.06966219
vn -0.96045633 -0.27791935 -0.01686621
vn -0.96097782 -0.27601123 0.01842363
vn -0.96036238 -0.27526850 -0.04394719
vn -0.13003493 -0.27436731 0.95279247
vn -0.16538651 -0.28728835 0.94345785
vn -0.18535225 -0.27921715 0.94216895
vn -0.20739268 -0.27471157 0.93889394
vn -0.23176441 -0.27732986 0.93240196
vn -0.25856061 -0.27941610 0.92470160
vn -0.30178550 -0.27490468 0.91288166
vn -0.33370827 -0.28358678 0.89900908
vn -0.34846450 -0.28409867 0.89323034
vn -0.37727463 -0.27518829 0.88427103
vn -0.41939760 -0.27918921 0.86380498
vn -0.45560332 -0.27622256 0.84624270
vn -0.47730483 -0.27204676 0.83556607
vn -0.50196903 -0.28231044 0.81751325
vn -0.51822846 -0.27948108 0.80828806
vn -0.57405645 -0.27535495 0.77112829
vn -0.61789203 -0.27472659 0.73670533
vn -0.63912896 -0.27573588 0.71797207
vn -0.64909067 -0.27901328 0.70769548
vn -0.66110590 -0.28513866 0.69399923
vn -0.67441910 -0.28243571 0.68219421
vn -0.69671580 -0.27485362 0.66260289
vn -0.71602219 -0.27761784 0.64050023
vn -0.72798710 -0.28483432 0.62362183
vn -0.73657067 -0.28429065 0.61371204
vn -0.74540819 -0.27944456 0.60520853
vn -0.75022457 -0.27752266 0.60012021
vn -0.75703695 -0.27544851 0.59247208
vn -0.76440433 -0.27460629 0.58333302
vn -0.77353752 -0.27634021 0.57032955
vn -0.78378859 -0.28255816 0.55302471
vn -0.79549632 -0.28251409 0.53607033
vn -0.81715724 -0.27476146 0.50671510
vn -0.83379745 -0.28130784 0.47502390
vn -0.84000936 -0.28633612 0.46086429
vn -0.84690777 -0.28234041 0.45058975
vn -0.85809039 -0.27610295 0.43295271
vn -0.86897119 -0.27489249 0.41148900
vn -0.87883202 -0.28258579 0.38444708
vn -0.88698650 -0.28241743 0.36537013
vn -0.90238739 -0.27468370 0.33203292
vn -0.91216349 -0.28106900 0.29825826
vn -0.91929723 -0.28092784 0.27563046
vn -0.92973369 -0.27446696 0.24548556
vn -0.93790321 -0.27859631 0.20669219
vn -0.94704169 -0.27523107 0.16540825
vn -0.95361515 -0.27760098 0.11642958
vn -0.95903640 -0.27476092 0.06896096
vn -0.95504677 -0.27818751 -0.10245675
vn -0.95668764 -0.27464808 -0.09652558
vn -0.95011005 -0.28124859 -0.13487078
vn -0.94728281 -0.28468809 -0.14699648
vn -0.94129432 -0.27910854 -0.18990372
vn -0.95596339 -0.27473881 -0.10321137
vn -0.94239157 -0.27476229 -0.19079784
vn -0.91893242 -0.27936083 -0.27842544
vn -0.91994445 -0.27500613 -0.27941695
vn -0.88764513 -0.27755107 -0.36749358
vn -0.88781224 -0.27517102 -0.36887714
vn -0.84792078 -0.27842937 -0.45111798
vn -0.84706591 -0.27513869 -0.45472854
vn -0.79842304 -0.27794705 -0.53410307
vn -0.79798027 -0.27499703 -0.53628736
vn -0.73911477 -0.27984064 -0.61269778
vn -0.74003010 -0.27505417 -0.61375944
vn -0.67395456 -0.27488930 -0.68572671
vn -0.67170917 -0.27833808 -0.68653820
vn -0.60162896 -0.27502246 -0.74993682
vn -0.60089850 -0.27676714 -0.74988062
vn -0.52316474 -0.27494066 -0.80666368
vn -0.52204085 -0.27864890 -0.80611919
vn -0.44118441 -0.27476484 -0.85431879
vn -0.43967775 -0.27816254 -0.85399595
vn -0.36195684 -0.27482029 -0.89076431
vn -0.35972792 -0.27585101 -0.89134844
vn -0.28486427 -0.27700139 -0.91767237
vn -0.28697603 -0.27576560 -0.91738656
vn -0.24707620 -0.28303336 -0.92673916
vn -0.25608279 -0.28129577 -0.92482122
vn -0.26096939 -0.27737178 -0.92464040
vn -0.28993366 -0.26941285 -0.91834372
vn -0.34024774 -0.27137184 -0.90032705
vn -0.40668577 -0.27478301 -0.87126401
vn -0.44762802 -0.27487402 -0.85092504
vn -0.49105406 -0.27698988 -0.82591919
vn -0.54961904 -0.27507811 -0.78882884
vn -0.60936324 -0.27509261 -0.74364003
vn -0.65737288 -0.27628081 -0.70109187
vn -0.69294911 -0.27982551 -0.66446913
vn -0.70829108 -0.28374267 -0.64638521
vn -0.73183303 -0.27570004 -0.62322540
vn -0.75605340 -0.27855279 -0.59227663
vn -0.77623960 -0.27902000 -0.56533169
vn -0.81237294 -0.27815108 -0.51252530
vn -0.82706407 -0.28325216 -0.48552368
vn -0.84097334 -0.27607177 -0.46534741
vn -0.84977540 -0.27475390 -0.44988006
vn -0.86134939 -0.27837429 -0.42495292
vn -0.88180007 -0.27625776 -0.38224375
vn -0.90383955 -0.27892452 -0.32446136
vn -0.91320447 -0.27722399 -0.29867115
vn -0.91857269 -0.27495791 -0.28394078
vn -0.92341805 -0.27535290 -0.26735722
vn -0.92823270 -0.28176753 -0.24288087
vn -0.93395486 -0.28098609 -0.22085093
vn -0.94171341 -0.27484997 -0.19399315
vn -0.94486172 -0.27591315 -0.17637533
vn -0.94659738 -0.28057306 -0.15884631
vn -0.23172166 -0.28269536 -0.93079987
vn -0.20960202 -0.28506706 -0.93530945
vn -0.19501678 -0.27524176 -0.94138750
vn -0.17674802 -0.28815361 -0.94113104
vn -0.16173332 -0.33175025 -0.92939986
vn -0.15912739 -0.34185162 -0.92618354
vn -0.96138547 -0.27467337 -0.01710302
vn 0.05120899 -0.27505855 0.96006272
vn 0.14080752 -0.27554867 0.95091859
vn 0.22601871 -0.27792464 0.93363453
vn 0.22955122 -0.27537111 0.93352932
vn 0.31247074 -0.27669286 0.90873709
vn 0.31644287 -0.27497732 0.90788291
vn 0.40062425 -0.27768629 0.87314978
vn 0.40187908 -0.27485503 0.87346890
vn 0.48568985 -0.27847198 0.82858839
vn 0.48743903 -0.27503096 0.82871054
vn 0.56637843 -0.27801514 0.77583700
vn 0.56820456 -0.27501922 0.77556947
vn 0.64203296 -0.27692569 0.71491666
vn 0.64303992 -0.27478531 0.71483753
vn 0.71141587 -0.27690563 0.64591852
vn 0.71215975 -0.27454658 0.64610577
vn 0.77358939 -0.27479887 0.57100354
vn 0.77388239 -0.27794371 0.56908113
vn 0.82638733 -0.27516491 0.49129244
vn 0.82684615 -0.27842916 0.48867437
vn 0.87108077 -0.27532776 0.40670986
vn 0.87118749 -0.27824084 0.40449276
vn 0.90731883 -0.27500626 0.31803159
vn 0.90692598 -0.27726928 0.31718609
vn 0.93363267 -0.27481568 0.22979640
vn 0.93354724 -0.27620416 0.22847500
vn 0.95110259 -0.27478626 0.14105452
vn 0.95096940 -0.27544834 0.14066062
vn 0.96000519 -0.27470376 0.05410991
vn 0.95992198 -0.27502712 0.05394334
vn 0.96086939 -0.27509875 -0.03241454
vn 0.96089965 -0.27505814 -0.03185710
vn 0.95404779 -0.27545664 -0.11796802
vn 0.95513251 -0.27406088 -0.11230547
vn 0.94201160 -0.27374251 -0.19411125
vn 0.93897794 -0.27591000 -0.20541201
vn 0.92198803 -0.27317132 -0.27443669
vn 0.91513804 -0.27652329 -0.29335515
vn 0.89468705 -0.27288959 -0.35364721
vn 0.88152876 -0.27762454 -0.38187912
vn 0.85985910 -0.27367924 -0.43097796
vn 0.83904095 -0.27848117 -0.46739546
vn 0.81862924 -0.27471908 -0.50435662
vn 0.78814495 -0.27856592 -0.54884293
vn 0.77144210 -0.27502165 -0.57379454
vn 0.72898664 -0.27757608 -0.62572358
vn 0.71850963 -0.27529228 -0.63871595
vn 0.66135392 -0.27669644 -0.69717291
vn 0.66245869 -0.27477075 -0.69688558
vn 0.60117485 -0.27508010 -0.75027977
vn 0.58634577 -0.27758967 -0.76101420
vn 0.53356872 -0.27478855 -0.79987228
vn 0.50678127 -0.27819811 -0.81595254
vn 0.46241029 -0.27477038 -0.84301718
vn 0.42333325 -0.27846158 -0.86211838
vn 0.38955806 -0.27441874 -0.87916942
vn 0.33640287 -0.27785791 -0.89979336
vn 0.31461853 -0.27423284 -0.90874173
vn 0.24744939 -0.27656908 -0.92858944
vn 0.23873593 -0.27509384 -0.93130475
vn 0.17393112 -0.27656728 -0.94512354
vn 0.19650298 -0.27587736 -0.94089227
vn 0.15939533 -0.27463766 -0.94824432
vn 0.14964192 -0.27624987 -0.94936468
vn 0.14414157 -0.28222277 -0.94845850
vn 0.13758193 -0.27952872 -0.95022887
vn 0.16657490 -0.27768177 -0.94612136
vn 0.12656305 -0.28146219 -0.95118917
vn 0.12473388 -0.28260127 -0.95109305
vn 0.12022762 -0.28624100 -0.95058477
vn 0.11477615 -0.28338942 -0.95211179
vn 0.09417239 -0.28305539 -0.95446907
vn 0.08959749 -0.27401285 -0.95754334
vn 0.07109105 -0.27996556 -0.95737419
vn 0.05519110 -0.32290014 -0.94482244
vn 0.05324799 -0.33250829 -0.94159593
vn 0.95345365 -0.27579364 -0.12191801
vn 0.93796653 -0.27549867 -0.21052145
vn 0.91434687 -0.27491795 -0.29730442
vn 0.88187517 -0.27485926 -0.38307775
vn 0.83922261 -0.27496023 -0.46915060
vn 0.78796369 -0.27513342 -0.55083103
vn 0.72913983 -0.27471495 -0.62680683
vn 0.66170615 -0.27467224 -0.69763897
vn 0.58771860 -0.27477723 -0.76097591
vn 0.50893788 -0.27471597 -0.81579003
vn 0.42508358 -0.27459304 -0.86249789
vn 0.33727400 -0.27486027 -0.90038774
vn 0.24903707 -0.27477199 -0.92869849
vn 0.96112146 -0.27455516 -0.02941101
vn 0.96002705 -0.27465941 0.05394689
vn 0.95197361 -0.27429698 0.13604195
vn 0.93698541 -0.27353003 0.21734689
vn 0.91489323 -0.27316579 0.29723868
vn 0.88545693 -0.27359823 0.37564616
vn 0.84906589 -0.27428807 0.45150103
vn 0.80639103 -0.27428832 0.52392693
vn 0.75746161 -0.27413486 0.59253859
vn 0.70255573 -0.27516306 0.65627794
vn 0.64583347 -0.27603720 0.71183046
vn 0.58267269 -0.27568564 0.76451943
vn 0.51477531 -0.27491305 0.81205246
vn 0.44420875 -0.27385820 0.85304177
vn 0.37084629 -0.27319476 0.88760219
vn 0.29604548 -0.27441642 0.91490584
vn 0.24076380 -0.27525361 0.93073533
vn 0.20455512 -0.27769106 0.93863991
vn 0.18686401 -0.28671484 0.93961505
vn 0.95250660 0.13009196 -0.27533118
vn 0.95198709 0.09729417 -0.29026614
vn 0.89506881 0.13140420 -0.42612763
vn 0.80686629 0.13661775 -0.57471940
vn 0.59408591 0.16408052 -0.78748938
vn 0.32258368 0.14406456 -0.93551332
vn 0.15308647 0.16058488 -0.97507796
vn 0.00653202 0.12118348 -0.99260863
vn 0.00180104 0.18318777 -0.98307629
vn 0.32354054 0.18865276 -0.92721716
vn 0.81381967 0.15483799 -0.56010958
vn -0.95588183 0.09619842 -0.27755323
vn -0.95678491 0.12164045 -0.26413300
vn -0.90417979 0.12466611 -0.40855510
vn -0.83312140 0.14366321 -0.53410637
vn -0.63453715 0.15387043 -0.75742095
vn -0.38722881 0.17711293 -0.90481206
vn -0.23225169 0.15368910 -0.96043678
vn -0.08955048 0.17490074 -0.98050520
vn -0.09450978 0.12016824 -0.98824465
vn -0.38598516 0.13782289 -0.91215147
vn -0.82646869 0.13012786 -0.54773738
vn 0.11612661 0.00000000 -0.99323442
vn 0.11612661 0.00000000 -0.99323442
vn 0.05821529 0.00000000 -0.99830405
vn 0.05821529 0.00000000 -0.99830405
vn -0.05821529 0.00000000 -0.99830405
vn -0.05821529 0.00000000 -0.99830405
vn -0.11612661 0.00000000 -0.99323442
vn -0.11612661 0.00000000 -0.99323442
vn -0.23059634 0.00000000 -0.97304950
vn -0.23059634 0.00000000 -0.97304950
vn -0.34201122 0.00000000 -0.93969587
vn -0.34201122 0.00000000 -0.93969587
vn -0.44876907 0.00000000 -0.89364776
vn -0.44876907 0.00000000 -0.89364776
vn -0.54948889 0.00000000 -0.83550102
vn -0.54948889 0.00000000 -0.83550102
vn -0.64279818 0.00000000 -0.76603557
vn -0.64279818 0.00000000 -0.76603557
vn -0.72740463 0.00000000 -0.68620879
vn -0.72740463 0.00000000 -0.68620879
vn -0.80216901 0.00000000 -0.59709705
vn -0.80216901 0.00000000 -0.59709705
vn -0.86602383 0.00000000 -0.50000272
vn -0.86602383 0.00000000 -0.50000272
vn -0.91820478 0.00000000 -0.39610601
vn -0.91820468 0.00000000 -0.39610626
vn -0.95797993 0.00000000 -0.28683525
vn -0.95797985 0.00000000 -0.28683551
vn -0.98479417 0.00000000 -0.17372521
vn -0.98479417 0.00000000 -0.17372521
vn -0.99830561 0.00000000 -0.05818848
vn -0.99830561 0.00000000 -0.05818848
vn -0.99830571 0.00000000 0.05818681
vn -0.99830571 0.00000000 0.05818681
vn -0.98479446 0.00000000 0.17372355
vn -0.98479446 0.00000000 0.17372355
vn -0.95797851 0.00000000 0.28683999
vn -0.95797851 0.00000000 0.28683999
vn -0.91820283 0.00000000 0.39611055
vn -0.91820283 0.00000000 0.39611055
vn -0.86602383 0.00000000 0.50000272
vn -0.86602383 0.00000000 0.50000272
vn -0.80216901 0.00000000 0.59709705
vn -0.80216901 0.00000000 0.59709705
vn -0.72741123 0.00000000 0.68620179
vn -0.72741123 0.00000000 0.68620179
vn -0.64279743 0.00000000 0.76603620
vn -0.64279743 0.00000000 0.76603620
vn -0.54948003 0.00000000 0.83550685
vn -0.54948003 0.00000000 0.83550685
vn -0.44876907 0.00000000 0.89364776
vn -0.44876907 0.00000000 0.89364776
vn -0.34201122 0.00000000 0.93969587
vn -0.34201122 0.00000000 0.93969587
vn -0.23059634 0.00000000 0.97304950
vn -0.23059634 0.00000000 0.97304950
vn -0.11612661 0.00000000 0.99323442
vn -0.11612661 0.00000000 0.99323442
vn 0.00000000 0.00000000 1.00000000
vn -0.00000000 0.00000000 1.00000000
vn 0.11612661 0.00000000 0.99323442
vn 0.11612661 0.00000000 0.99323442
vn 0.23059634 0.00000000 0.97304950
vn 0.23059634 0.00000000 0.97304950
vn 0.34201122 0.00000000 0.93969587
vn 0.34201122 0.00000000 0.93969587
vn 0.44876907 0.00000000 0.89364776
vn 0.44876907 0.00000000 0.89364776
vn 0.54948003 0.00000000 0.83550685
vn 0.54948003 0.00000000 0.83550685
vn 0.64279743 0.00000000 0.76603620
vn 0.64279743 0.00000000 0.76603620
vn 0.72741123 0.00000000 0.68620179
vn 0.72741123 0.00000000 0.68620179
vn 0.80216901 0.00000000 0.59709705
vn 0.80216901 0.00000000 0.59709705
vn 0.86602383 0.00000000 0.50000272
vn 0.86602383 0.00000000 0.50000272
vn 0.91820283 0.00000000 0.39611055
vn 0.91820283 0.00000000 0.39611055
vn 0.95797851 0.00000000 0.28683999
vn 0.95797851 0.00000000 0.28683999
vn 0.98479446 0.00000000 0.17372355
vn 0.98479446 0.00000000 0.17372355
vn 0.99830571 0.00000000 0.05818681
vn 0.99830571 0.00000000 0.05818681
vn 0.99830561 0.00000000 -0.05818848
vn 0.99830561 0.00000000 -0.05818848
vn 0.98479417 0.00000000 -0.17372521
vn 0.98479417 0.00000000 -0.17372521
vn 0.95797993 0.00000000 -0.28683525
vn 0.95797985 0.00000000 -0.28683551
vn 0.91820478 0.00000000 -0.39610601
vn 0.91820468 0.00000000 -0.39610626
vn 0.86602383 0.00000000 -0.50000272
vn 0.86602383 0.00000000 -0.50000272
vn 0.80216901 0.00000000 -0.59709705
vn 0.80216901 0.00000000 -0.59709705
vn 0.72740463 0.00000000 -0.68620879
vn 0.72740463 0.00000000 -0.68620879
vn 0.64279818 0.00000000 -0.76603557
vn 0.64279818 0.00000000 -0.76603557
vn 0.54948889 0.00000000 -0.83550102
vn 0.54948889 0.00000000 -0.83550102
vn 0.44876907 0.00000000 -0.89364776
vn 0.44876907 0.00000000 -0.89364776
vn 0.34201122 0.00000000 -0.93969587
vn 0.34201122 0.00000000 -0.93969587
vn 0.23059634 0.00000000 -0.97304950
vn 0.23059634 0.00000000 -0.97304950
vn 0.00000000 0.00000000 1.00000000
vn 0.00000000 0.00000000 1.00000000
vn 0.00000000 0.00000000 1.00000000
vn 0.00000000 0.00000000 1.00000000
vn 0.00000000 0.00000000 1.00000000
vn 0.00000000 0.00000000 1.00000000
vn 0.00000000 0.00000000 1.00000000
vn 0.00000000 0.00000000 1.00000000
vn -0.93459202 0.29196834 -0.20320494
vn -0.92835081 0.24747663 -0.27734471
vn -0.87510021 0.23789586 -0.42143231
vn -0.80900694 0.14731545 -0.56903947
vn -0.67867725 0.07042663 -0.73105217
vn -0.49775986 0.01990358 -0.86708648
vn -0.38012056 -0.07076894 -0.92222563
vn -0.24551381 -0.12726027 -0.96100353
vn -0.10139660 -0.17438421 -0.97944315
vn -0.04455000 -0.19976894 -0.97882974
vn -0.04918003 -0.17755144 -0.98288189
vn -0.24134423 -0.07351545 -0.96765099
vn -0.60095376 0.15570981 -0.78397004
vn -0.83295911 0.35113085 -0.42765202
vn -0.88070458 0.42145490 -0.21618328
vn -0.77693529 0.45613968 -0.43394487
vn -0.80044166 0.55917202 -0.21591618
vn -0.71470400 0.55305580 -0.42816757
vn -0.73535885 0.64068640 -0.22083544
vn -0.65022541 0.60737655 -0.45639964
vn -0.57878767 0.67141730 -0.46282139
vn -0.43744647 0.41735427 -0.79652747
vn -0.37511819 0.47290558 -0.79727452
vn -0.16275452 0.09667212 -0.98191928
vn -0.13781281 0.11747385 -0.98346709
vn -0.04729568 -0.08124155 -0.99557166
vn -0.10017188 -0.02048449 -0.99475926
vn -0.02025191 -0.17012755 -0.98521392
vn -0.04637132 -0.14806277 -0.98789024
vn -0.23746973 -0.02317844 -0.97111837
vn -0.03023114 -0.14732152 -0.98862655
vn -0.05388178 -0.12972041 -0.99008554
vn -0.05227847 -0.11673243 -0.99178652
vn -0.20237020 0.03940602 -0.97851595
vn -0.20745800 0.00582124 -0.97822660
vn -0.38354415 0.14512214 -0.91204904
vn -0.56245962 0.24536041 -0.78958055
vn -0.05209089 -0.11391045 -0.99212446
vn -0.18427242 0.06729018 -0.98056907
vn -0.48453801 0.36429410 -0.79530669
vn -0.05031821 -0.10331927 -0.99337466
vn -0.04868362 -0.09438033 -0.99434514
vn -0.21532068 0.27019760 -0.93841902
vn -0.30257694 0.52112617 -0.79804430
vn -0.50194381 0.74351885 -0.44185080
vn -0.67677365 0.71782973 -0.16339496
vn -0.36772163 0.73445712 -0.57039771
vn -0.41154274 0.80181015 -0.43328172
vn -0.55969950 0.80394531 -0.20101841
vn -0.39332670 0.87891564 -0.26981737
vn -0.41213223 0.88547875 -0.21464952
vn -0.52414394 0.31688639 -0.79047843
vn -0.00415304 -0.02077712 -0.99977551
vn 0.00300200 -0.01836765 -0.99982679
vn -0.00040072 -0.02110719 -0.99977714
vn 0.01036940 -0.01263541 -0.99986640
vn 0.08361765 -0.00605901 -0.99647949
vn 0.05671471 0.00983122 -0.99834202
vn 0.09666103 -0.00567672 -0.99530117
vn 0.16712859 -0.00748287 -0.98590671
vn 0.17150155 -0.00029377 -0.98518381
vn 0.25475995 -0.00050369 -0.96700420
vn 0.27366220 -0.00591322 -0.96180769
vn 0.34693862 0.00000253 -0.93788784
vn 0.38061771 -0.00605100 -0.92471268
vn 0.43984612 0.00019311 -0.89807313
vn 0.48142619 -0.00638489 -0.87646338
vn 0.52913264 0.00008551 -0.84853912
vn 0.57590508 -0.00626524 -0.81749256
vn 0.61298260 0.00034745 -0.79009633
vn 0.66343263 -0.00600643 -0.74821192
vn 0.69042437 0.00068949 -0.72340425
vn 0.74310023 -0.00551230 -0.66915743
vn 0.76020353 0.00080271 -0.64968450
vn 0.81389453 -0.00399646 -0.58099891
vn 0.82154885 0.00030685 -0.57013804
vn 0.87368125 -0.00319034 -0.48648833
vn 0.87305432 -0.00004907 -0.48762296
vn 0.91604101 -0.00011056 -0.40108460
vn 0.92240447 -0.00579262 -0.38618187
vn 0.94991440 -0.00083297 -0.31250909
vn 0.96011610 -0.00746013 -0.27950210
vn 0.97556150 -0.00130357 -0.21972267
vn 0.98531882 -0.00771180 -0.17055014
vn 0.99224827 -0.00122120 -0.12426538
vn 0.99821345 -0.00726246 -0.05930577
vn 0.99957716 -0.00152259 -0.02903749
vn 0.99853402 -0.00639100 0.05374908
vn 0.99835746 -0.00023417 0.05729165
vn 0.98985793 -0.00119666 0.14205579
vn 0.98634620 -0.00653644 0.16455528
vn 0.97183961 -0.00071524 0.23564224
vn 0.96165869 -0.00730240 0.27415185
vn 0.94406549 -0.00048385 0.32975768
vn 0.92509253 -0.00615315 0.37969191
vn 0.90583313 0.00034048 0.42363454
vn 0.87700884 -0.00609242 0.48043561
vn 0.85819859 0.00062478 0.51331743
vn 0.81772137 -0.00571520 0.57558588
vn 0.80220362 0.00062261 0.59705021
vn 0.74747930 -0.00433169 0.66427097
vn 0.73855774 0.00005402 0.67419023
vn 0.66861468 -0.00318998 0.74360220
vn 0.66947835 -0.00005691 0.74283157
vn 0.59334620 0.00027566 0.80494733
vn 0.58103326 -0.00446884 0.81386755
vn 0.50924499 0.00080946 0.86062122
vn 0.48548566 -0.00555747 0.87422697
vn 0.42017981 0.00011415 0.90744086
vn 0.38517336 -0.00746769 0.92281402
vn 0.32962563 -0.00131936 0.94411080
vn 0.27987029 -0.00769813 0.96000696
vn 0.23621829 -0.00109919 0.97169939
vn 0.17063227 -0.00705266 0.98530954
vn 0.14171101 -0.00054284 0.98990792
vn 0.05890725 -0.00567058 0.99824735
vn 0.05026845 -0.00069429 0.99873550
vn -0.03162653 -0.00159700 0.99949848
vn -0.05225828 -0.00687695 0.99860992
vn -0.12355612 -0.00157391 0.99233634
vn -0.16473611 -0.00768757 0.98630772
vn -0.21865790 -0.00144135 0.97580051
vn -0.27366764 -0.00758080 0.96179445
vn -0.31280744 -0.00018835 0.94981654
vn -0.37921943 -0.00582253 0.92528845
vn -0.40581856 0.00068900 0.91395340
vn -0.48119064 -0.00459269 0.87660394
vn -0.49461307 0.00020524 0.86911326
vn -0.57621687 -0.00332206 0.81729008
vn -0.57608628 0.00014502 0.81738888
vn -0.61619317 0.00018592 0.78759504
vn -0.66106849 0.00022620 0.75032553
vn -0.66426702 -0.00443011 0.74748224
vn -0.72575410 0.00091459 0.68795359
vn -0.74427165 -0.00551075 0.66785428
vn -0.79196181 0.00084388 0.61057004
vn -0.81435268 -0.00586102 0.58034073
vn -0.85025172 0.00060149 0.52637596
vn -0.87390629 -0.00601076 0.48605726
vn -0.89951097 -0.00059951 0.43689776
vn -0.92261279 -0.00765810 0.38565139
vn -0.93823788 -0.00101288 0.34598939
vn -0.96002328 -0.00680507 0.27983745
vn -0.96722584 -0.00044539 0.25391725
vn -0.98546114 -0.00493671 0.16982925
vn -0.98660544 -0.00052741 0.16312397
vn -0.99705210 -0.00107991 0.07671984
vn -0.99814918 -0.00645623 0.06046925
vn -0.99990042 -0.00204189 -0.01396375
vn -0.99855345 -0.00852544 -0.05308790
vn -0.99423109 -0.00202750 -0.10724008
vn -0.98637520 -0.00765996 -0.16433288
vn -0.97948384 -0.00092474 -0.20152059
vn -0.96161444 -0.00613361 -0.27433563
vn -0.95586501 0.00013156 -0.29380616
vn -0.92484156 -0.00339370 -0.38033744
vn -0.92325083 0.00005534 -0.38419774
vn -0.88277543 0.00005827 -0.46979521
vn -0.87684560 -0.00403738 -0.48075512
vn -0.83185198 0.00059460 -0.55499723
vn -0.81685348 -0.00575795 -0.57681647
vn -0.77175653 0.00065769 -0.63591779
vn -0.74697778 -0.00575360 -0.66482411
vn -0.70255356 0.00063147 -0.71163059
vn -0.66828981 -0.00596000 -0.74387714
vn -0.62564013 0.00042744 -0.78011169
vn -0.58136189 -0.00596876 -0.81362321
vn -0.54207718 0.00056726 -0.84032851
vn -0.48714246 -0.00591170 -0.87330251
vn -0.45445195 -0.00122404 -0.89077041
vn -0.38433734 -0.00698555 -0.92316629
vn -0.37294374 -0.00143429 -0.92785285
vn -0.29952518 -0.00221406 -0.95408583
vn -0.28087784 -0.00743728 -0.95971471
vn -0.21338283 -0.00259055 -0.97696523
vn -0.17067199 -0.00899735 -0.98528682
vn -0.13656747 -0.00736260 -0.99060341
vn -0.11564842 -0.02022825 -0.99308422
vn -0.05899411 -0.01539705 -0.99813958
vn -0.10700830 -0.01692082 -0.99411413
vn -0.09537446 -0.00975424 -0.99539367
vn -0.08017405 -0.00321539 -0.99677569
vn -0.06051811 0.00009208 -0.99816710
vn -0.03292637 -0.00479669 -0.99944627
vn -0.00663419 -0.02022759 -0.99977339
vn -0.00725033 -0.01947871 -0.99978398
vn -0.05555155 -0.20870172 -0.97640034
vn 0.00616370 -0.17575188 -0.98441520
vn 0.16103927 -0.13175320 -0.97811423
vn 0.31193837 -0.06870483 -0.94761495
vn 0.58914226 0.05792898 -0.80595014
vn 0.78780092 0.15366191 -0.59645430
vn 0.86708193 0.23813475 -0.43756229
vn 0.92140729 0.25371620 -0.29434111
vn 0.94755906 0.24317814 -0.20735530
vn 0.90231110 0.36417230 -0.23067987
vn 0.87451224 0.42922748 -0.22581431
vn 0.81679899 0.36388398 -0.44769171
vn 0.55415356 0.16651713 -0.81558929
vn 0.15172140 -0.07447431 -0.98561361
vn -0.05657407 -0.18311794 -0.98146176
vn 0.13755732 -0.02322976 -0.99022137
vn -0.05091889 -0.15454303 -0.98667306
vn -0.06118198 -0.15381758 -0.98620328
vn 0.11490796 0.02201195 -0.99313223
vn -0.05742833 -0.13390522 -0.98932875
vn 0.09268483 0.06406790 -0.99363214
vn -0.05750953 -0.11012532 -0.99225252
vn 0.06723006 0.09809744 -0.99290332
vn -0.05730709 -0.09496655 -0.99382959
vn 0.03653340 0.12297732 -0.99173681
vn -0.05564327 -0.07996348 -0.99524352
vn -0.05757389 -0.07911856 -0.99520124
vn -0.00337282 -0.01592933 -0.99986743
vn 0.12026619 0.27898181 -0.95273564
vn 0.22940710 0.53438317 -0.81351522
vn 0.31493830 0.74479663 -0.58829572
vn 0.37427206 0.81576011 -0.44097151
vn 0.37256520 0.88258019 -0.28678803
vn 0.41336642 0.88329388 -0.22117895
vn 0.48381360 0.75198162 -0.44771423
vn 0.52659380 0.82067045 -0.22180844
vn 0.58381745 0.67623208 -0.44929651
vn 0.63100249 0.74287247 -0.22355392
vn 0.71553578 0.60926774 -0.34176215
vn 0.72613709 0.64972096 -0.22491688
vn 0.75405583 0.47829956 -0.45014368
vn 0.80837215 0.54336478 -0.22647115
vn 0.50899063 0.26067477 -0.82035188
vn 0.45166624 0.34673375 -0.82205433
vn 0.56405166 0.50823727 -0.65079997
vn 0.38518245 0.42129238 -0.82106468
vn 0.31309692 0.48279912 -0.81784798
vn -0.06341729 -0.14097693 -0.98797963
vn -0.06148370 0.06288448 -0.99612514
vn 0.10272560 -0.00962776 -0.99466314
vn 0.31637537 0.16835265 -0.93357593
vn 0.58566947 0.08909020 -0.80563901
vn 0.78801108 0.22085314 -0.57468464
vn 0.89171280 0.15787918 -0.42417265
vn 0.94414115 0.21746995 -0.24759708
vn 0.96002401 0.12958810 -0.24811454
vn 0.80846311 0.04854559 -0.58654132
vn 0.31991566 -0.09946263 -0.94221078
vn -0.96260107 0.13031531 -0.23752286
vn -0.94843661 0.20963752 -0.23773956
vn -0.90141940 0.15371023 -0.40474218
vn -0.80941515 0.20955648 -0.54857378
vn -0.62726825 0.08527689 -0.77412040
vn -0.37978325 0.15799181 -0.91148410
vn -0.18206179 -0.00937206 -0.98324243
vn -0.02924976 0.05913925 -0.99782113
vn -0.03042183 -0.13322329 -0.99061903
vn -0.38368115 -0.09310535 -0.91876013
vn -0.82850024 0.05041853 -0.55771437
vn 0.01411819 0.03849368 -0.99915910
vn -0.07766379 0.10836961 -0.99107233
vn -0.08126426 0.20745600 -0.97486313
vn -0.17376572 0.43163154 -0.88515517
vn -0.09233354 0.60910637 -0.78769534
vn -0.28830109 0.61479609 -0.73410371
vn -0.25893417 0.81657909 -0.51589891
vn -0.24368440 0.88691796 -0.39242126
vn -0.30906659 0.91281651 -0.26691547
vn -0.26799645 0.93632196 -0.22689006
vn -0.22405144 0.93910569 -0.26054068
vn -0.21613200 0.78686012 -0.57804681
vn -0.09619052 0.31343337 -0.94472584
vn -0.52449938 -0.70754424 0.47358374
vn -0.52621726 -0.70696603 0.47254039
vn -0.55159181 -0.70675458 0.44299484
vn -0.55204270 -0.70642439 0.44295987
vn -0.59804040 -0.70676544 0.37792895
vn -0.59815788 -0.70642295 0.37838308
vn -0.61777859 -0.70698973 0.34426027
vn -0.47028105 -0.70678512 0.52847945
vn -0.46680387 -0.70780344 0.53019661
vn -0.40852241 -0.70646893 0.57793693
vn -0.40308010 -0.70793997 0.57995468
vn -0.34140753 -0.70633466 0.62010664
vn -0.33394868 -0.70823701 0.62199567
vn -0.26994850 -0.70625899 0.65446623
vn -0.26063152 -0.70844969 0.65587365
vn -0.19519974 -0.70600369 0.68077592
vn -0.18407492 -0.70846399 0.68131872
vn -0.11789994 -0.70579726 0.69853406
vn -0.10504531 -0.70855494 0.69779322
vn -0.03903016 -0.70572267 0.70741230
vn -0.02468453 -0.70871984 0.70505806
vn 0.04037663 -0.70567375 0.70738553
vn 0.01429368 -0.71254670 0.70147908
vn 0.08642723 -0.70533413 0.70358660
vn 0.11929456 -0.70560285 0.69849368
vn 0.13575810 -0.70890530 0.69211489
vn 0.19673109 -0.70548502 0.68087280
vn 0.21381024 -0.70888745 0.67213374
vn 0.27174773 -0.70534049 0.65471212
vn 0.28904866 -0.70889340 0.64336693
vn 0.34337055 -0.70539043 0.62009758
vn 0.36049188 -0.70903651 0.60606339
vn 0.41064906 -0.70538594 0.57775256
vn 0.42717507 -0.70906356 0.56102613
vn 0.47277052 -0.70537883 0.52813705
vn 0.48826093 -0.70909984 0.50870294
vn 0.52897373 -0.70534485 0.47188497
vn 0.54306552 -0.70907054 0.44977641
vn 0.57858296 -0.70528496 0.40965216
vn 0.59077565 -0.70906494 0.38498187
vn 0.62080860 -0.70534166 0.34218391
vn 0.63071116 -0.70913439 0.31516957
vn 0.65524911 -0.70534082 0.27044950
vn 0.66253711 -0.70909705 0.24130054
vn 0.68148046 -0.70531582 0.19522800
vn 0.68571546 -0.70908127 0.16431089
vn 0.69909161 -0.70528388 0.11766723
vn 0.70000590 -0.70903016 0.08525241
vn 0.70788986 -0.70527132 0.03852676
vn 0.70514706 -0.70904362 0.00497654
vn 0.70768705 -0.70532534 -0.04117274
vn 0.70109361 -0.70907984 -0.07532285
vn 0.69861589 -0.70532089 -0.12024259
vn 0.68801508 -0.70904158 -0.15458102
vn 0.68072229 -0.70530819 -0.19788262
vn 0.66596803 -0.70901909 -0.23190192
vn 0.65427660 -0.70527693 -0.27295894
vn 0.63530941 -0.70900807 -0.30608743
vn 0.61951405 -0.70530336 -0.34460052
vn 0.59632680 -0.70900778 -0.37643368
vn 0.57693812 -0.70527336 -0.41198531
vn 0.54963635 -0.70898301 -0.44186308
vn 0.52710082 -0.70527393 -0.47408164
vn 0.49576931 -0.70903493 -0.50148007
vn 0.47049657 -0.70537348 -0.53017094
vn 0.43546048 -0.70910875 -0.55456194
vn 0.40816476 -0.70533130 -0.57957681
vn 0.36962763 -0.70900351 -0.60057426
vn 0.34056029 -0.70526455 -0.62178824
vn 0.29882412 -0.70903506 -0.63872798
vn 0.26863765 -0.70530276 -0.65603493
vn 0.22413421 -0.70905953 -0.66857942
vn 0.19330193 -0.70532238 -0.68202251
vn 0.14660068 -0.70909848 -0.68970108
vn 0.11568380 -0.70532760 -0.69937846
vn 0.06717347 -0.70908764 -0.70191342
vn 0.03650816 -0.70533822 -0.70793019
vn -0.01318761 -0.70915976 -0.70492448
vn -0.04308578 -0.70540000 -0.70749873
vn -0.09331557 -0.70915288 -0.69885220
vn -0.12208329 -0.70533670 -0.69828061
vn -0.17234080 -0.70905211 -0.68377171
vn -0.19968710 -0.70527307 -0.68023155
vn -0.24916062 -0.70902865 -0.65969490
vn -0.27460379 -0.70527599 -0.65358897
vn -0.32264713 -0.70903509 -0.62703116
vn -0.34607453 -0.70534646 -0.61864270
vn -0.39197264 -0.70908424 -0.58613735
vn -0.41314769 -0.70540389 -0.57594647
vn -0.45624620 -0.70900640 -0.53772607
vn -0.47505589 -0.70536830 -0.52609643
vn -0.51460347 -0.70894321 -0.48226838
vn -0.53096159 -0.70539659 -0.46956942
vn -0.56633974 -0.70886767 -0.42043541
vn -0.58018662 -0.70542753 -0.40713081
vn -0.61061799 -0.70884184 -0.35311317
vn -0.62198845 -0.70555674 -0.33958807
vn -0.64691739 -0.70884705 -0.28112942
vn -0.65595540 -0.70570180 -0.26778251
vn -0.67484623 -0.70876778 -0.20550133
vn -0.68172389 -0.70577722 -0.19269419
vn -0.69406119 -0.70859823 -0.12715191
vn -0.69894071 -0.70583361 -0.11524240
vn -0.70414880 -0.70848701 -0.04712348
vn -0.70728354 -0.70599239 -0.03639691
vn -0.70507478 -0.70833535 0.03362433
vn -0.70679222 -0.70611797 0.04292055
vn -0.69682385 -0.70812381 0.11400525
vn -0.69743497 -0.70624854 0.12164478
vn -0.67943389 -0.70791007 0.19295835
vn -0.67930215 -0.70642592 0.19877375
vn -0.65313700 -0.70766240 0.26949208
vn -0.65263527 -0.70664905 0.27333920
vn -0.61822434 -0.70753784 0.34232860
vn -0.12193583 0.04785897 -0.99138346
vn -0.01236310 0.32649627 -0.94511763
vn -0.09260838 0.07764127 -0.99267090
vn -0.00538931 0.30677679 -0.95176623
vn -0.08981848 0.15199353 -0.98429193
vn -0.03685978 0.38974226 -0.92018603
vn -0.09199510 0.20746137 -0.97390794
vn -0.05328708 0.26378795 -0.96310768
vn -0.04302844 0.43986821 -0.89703094
vn -0.05826344 0.31568793 -0.94707260
vn -0.06525999 0.59471211 -0.80128562
vn -0.05043306 0.30727120 -0.95028465
vn -0.04971875 0.29423789 -0.95443811
vn -0.05244541 0.45397190 -0.88947119
vn -0.01347404 0.21609549 -0.97627926
vn -0.00441215 0.21185997 -0.97729007
vn -0.00491072 0.21293060 -0.97705499
vn 0.00000000 0.21302438 -0.97704688
vn 0.10147011 0.66291761 -0.74178438
vn 0.13343013 0.80497342 -0.57811262
vn 0.18184982 0.89769561 -0.40133931
vn 0.18601478 0.94104029 -0.28256270
vn 0.14318966 0.96955311 -0.19865420
vn 0.10666256 0.92059729 -0.37566438
vn 0.03487810 0.98475230 -0.17043011
vn 0.02167382 0.93708322 -0.34843261
vn -0.07358793 0.98154562 -0.17650217
vn -0.05975978 0.93769745 -0.34227513
vn -0.11368964 0.84894237 -0.51611193
vn -0.07319234 0.75148932 -0.65567270
vn -0.14512080 0.95191880 -0.26979725
vn 0.04216952 0.70698462 -0.70597059
vn -0.01129642 0.75399482 -0.65678323
vn -0.04083897 0.62819405 -0.77698418
vn 0.00000000 -1.00000000 0.00000000
vn 0.00000000 -1.00000000 0.00000000
vn 0.00000000 -1.00000000 0.00000000
vn 0.00000000 -1.00000000 0.00000000
vn 0.00000000 -1.00000000 0.00000000
vn 0.00000000 -1.00000000 0.00000000
vn 0.00000000 -1.00000000 0.00000000
vn 0.00000000 -1.00000000 0.00000000
vn 0.00000000 -1.00000000 0.00000000
vn 0.00000000 -1.00000000 0.00000000
vn 0.00000000 -1.00000000 0.00000000
vn 0.00000000 -1.00000000 0.00000000
vn 0.00000000 -1.00000000 0.00000000
vn 0.00000000 -1.00000000 0.00000000
vn 0.00000000 -1.00000000 0.00000000
vn 0.00000000 -1.00000000 0.00000000
vn 0.00000000 -1.00000000 0.00000000
vn 0.00000000 -1.00000000 0.00000000
vn 0.00000000 -1.00000000 0.00000000
vn 0.00000000 -1.00000000 0.00000000
vn 0.00000000 -1.00000000 0.00000000
vn 0.00000000 -1.00000000 0.00000000
vn 0.00000000 -1.00000000 0.00000000
vn 0.00000000 -1.00000000 0.00000000
vn 0.00000000 -1.00000000 0.00000000
vn 0.00000000 -1.00000000 0.00000000
vn 0.00000000 -1.00000000 0.00000000
vn 0.00000000 -1.00000000 0.00000000
vn 0.00000000 -1.00000000 0.00000000
vn 0.00000000 -1.00000000 0.00000000
vn 0.00000000 -1.00000000 0.00000000
vn 0.00000000 -1.00000000 0.00000000
vn 0.00000000 -1.00000000 0.00000000
vn 0.00000000 -1.00000000 0.00000000
vn 0.00000000 -1.00000000 0.00000000
vn 0.00000000 -1.00000000 0.00000000
vn 0.00000000 -1.00000000 0.00000000
vn 0.00000000 -1.00000000 0.00000000
vn 0.00000000 -1.00000000 0.00000000
vn 0.00000000 -1.00000000 0.00000000
vn 0.00000000 -1.00000000 0.00000000
vn 0.00000000 -1.00000000 0.00000000
vn 0.00000000 -1.00000000 0.00000000
vn 0.00000000 -1.00000000 0.00000000
vn 0.00000000 -1.00000000 0.00000000
vn 0.00000000 -1.00000000 0.00000000
vn 0.00000000 -1.00000000 0.00000000
vn 0.00000000 -1.00000000 0.00000000
vn 0.00000000 -1.00000000 0.00000000
vn 0.00000000 -1.00000000 0.00000000
vn 0.00000000 -1.00000000 0.00000000
vn 0.00000000 -1.00000000 0.00000000
vn 0.00000000 -1.00000000 0.00000000
vn 0.00000000 -1.00000000 0.00000000
vn 0.00000000 -1.00000000 0.00000000
vn 0.00000000 -1.00000000 0.00000000
vn 0.00000000 -1.00000000 0.00000000
vn 0.00000000 -1.00000000 0.00000000
vn 0.00000000 -1.00000000 0.00000000
vn 0.00000000 -1.00000000 0.00000000
vn 0.00000000 -1.00000000 0.00000000
vn 0.00000000 -1.00000000 0.00000000
vn 0.00000000 -1.00000000 0.00000000
vn 0.00000000 -1.00000000 0.00000000
vn 0.00000000 -1.00000000 0.00000000
vn 0.00000000 -1.00000000 0.00000000
vn 0.00000000 -1.00000000 0.00000000
vn 0.00000000 -1.00000000 0.00000000
vn 0.00000000 -1.00000000 0.00000000
vn 0.00000000 -1.00000000 0.00000000
vn 0.00000000 -1.00000000 0.00000000
vn 0.00000000 -1.00000000 0.00000000
vn 0.00000000 -1.00000000 0.00000000
vn 0.00000000 -1.00000000 0.00000000
vn 0.00000000 -1.00000000 0.00000000
vn 0.00000000 -1.00000000 0.00000000
vn 0.00000000 -1.00000000 0.00000000
vn 0.00000000 -1.00000000 0.00000000
vn 0.00000000 -1.00000000 0.00000000
vn 0.00000000 -1.00000000 0.00000000
vn 0.00000000 -1.00000000 0.00000000
vn 0.00000000 -1.00000000 0.00000000
vn 0.00000000 -1.00000000 0.00000000
vn 0.00000000 -1.00000000 0.00000000
vn 0.00000000 -1.00000000 0.00000000
vn 0.00000000 -1.00000000 0.00000000
vn 0.00000000 -1.00000000 0.00000000
vn 0.00000000 -1.00000000 0.00000000
vn 0.00000000 -1.00000000 0.00000000
vn 0.00000000 -1.00000000 0.00000000
vn 0.00000000 -1.00000000 0.00000000
vn 0.00000000 -1.00000000 0.00000000
vn 0.00000000 -1.00000000 0.00000000
vn 0.00000000 -1.00000000 0.00000000
vn 0.00000000 -1.00000000 0.00000000
vn 0.00000000 -1.00000000 0.00000000
vn 0.00000000 -1.00000000 0.00000000
vn 0.00000000 -1.00000000 0.00000000
vn 0.00000000 -1.00000000 0.00000000
vn 0.00000000 -1.00000000 0.00000000
vn 0.00000000 -1.00000000 0.00000000
vn 0.00000000 -1.00000000 0.00000000
vn 0.00000000 -1.00000000 0.00000000
vn 0.00000000 -1.00000000 0.00000000
vn 0.00000000 -1.00000000 0.00000000
vn 0.12559686 0.00648204 -0.99206019
vn 0.10487627 -0.00249565 -0.99448215
vn 0.06272213 0.01365282 -0.99793764
vn -0.03397644 0.00253914 -0.99941941
vn 0.00807820 -0.01352110 -0.99987595
vn -0.05484596 -0.00645791 -0.99847394
vn -0.12510033 0.00640719 -0.99212341
vn -0.17947163 -0.00644714 -0.98374202
vn -0.24841721 0.00649519 -0.96863135
vn -0.30133772 -0.00637288 -0.95349618
vn -0.36790678 0.00651106 -0.92983988
vn -0.41859421 -0.00641081 -0.90815075
vn -0.48155350 0.00644768 -0.87639298
vn -0.52906980 -0.00647942 -0.84855357
vn -0.58761616 0.00639986 -0.80911451
vn -0.63128857 -0.00647006 -0.77552104
vn -0.68439066 0.00643279 -0.72908713
vn -0.72344687 -0.00647034 -0.69034974
vn -0.77033930 0.00640709 -0.63760200
vn -0.80427433 -0.00644709 -0.59422323
vn -0.84421234 0.00651247 -0.53596933
vn -0.87243262 -0.00635391 -0.48869310
vn -0.90469923 0.00648475 -0.42600146
vn -0.92676073 -0.00646515 -0.37559653
vn -0.95095316 0.00641210 -0.30926846
vn -0.96655352 -0.00644240 -0.25638405
vn -0.98223326 0.00648079 -0.18755219
vn -0.99105752 -0.00642276 -0.13328066
vn -0.99798711 0.00643366 -0.06308991
vn -0.99994702 -0.00647011 -0.00800637
vn -0.99801675 0.00643529 0.06261914
vn -0.99306323 -0.00640938 0.11740676
vn -0.98232427 0.00651788 0.18707364
vn -0.97054307 -0.00638695 0.24084302
vn -0.95110096 0.00647487 0.30881232
vn -0.93264736 -0.00638859 0.36073271
vn -0.90489423 0.00658252 0.42558561
vn -0.88010159 -0.00629662 0.47474367
vn -0.84444259 0.00650960 0.53560651
vn -0.81368738 -0.00644165 0.58126702
vn -0.77067827 0.00646248 0.63719169
vn -0.73441498 -0.00637552 0.67867075
vn -0.68471489 0.00652811 0.72878180
vn -0.64356996 -0.00641294 0.76536042
vn -0.58800210 0.00642629 0.80883388
vn -0.54249023 -0.00649484 0.84003701
vn -0.48191144 0.00637327 0.87619675
vn -0.43293186 -0.00656747 0.90140272
vn -0.36830392 0.00628425 0.92968421
vn -0.31660705 -0.00657231 0.94853402
vn -0.24895110 0.00638490 0.96849501
vn -0.19533388 -0.00643961 0.98071566
vn -0.12560058 0.00648985 0.99205966
vn -0.07074065 -0.00640707 0.99747416
vn -0.00019657 0.00645700 0.99997913
vn 0.05485387 -0.00647202 0.99847342
vn 0.12511089 0.00640190 0.99212211
vn 0.17947163 -0.00644714 0.98374202
vn 0.24840638 0.00649091 0.96863416
vn 0.30133051 -0.00638474 0.95349838
vn 0.36789786 0.00649154 0.92984355
vn 0.41859509 -0.00643420 0.90815018
vn 0.48155322 0.00642547 0.87639330
vn 0.52906958 -0.00650110 0.84855355
vn 0.58762244 0.00638197 0.80911009
vn 0.63129358 -0.00648144 0.77551686
vn 0.68439675 0.00642864 0.72908145
vn 0.72344215 -0.00646692 0.69035472
vn 0.77033627 0.00641577 0.63760558
vn 0.80427296 -0.00643710 0.59422519
vn 0.84421477 0.00651947 0.53596541
vn 0.87243571 -0.00635151 0.48868763
vn 0.90469744 0.00648313 0.42600530
vn 0.92675974 -0.00646937 0.37559889
vn 0.95095260 0.00640699 0.30927026
vn 0.96655413 -0.00644638 0.25638167
vn 0.98223376 0.00647948 0.18754961
vn 0.99105752 -0.00642276 0.13328066
vn 0.99798711 0.00643366 0.06308991
vn 0.99994702 -0.00647011 0.00800637
vn 0.99801675 0.00643529 -0.06261914
vn 0.99306323 -0.00640938 -0.11740676
vn 0.98232373 0.00651897 -0.18707645
vn 0.97054253 -0.00638358 -0.24084527
vn 0.95110168 0.00648004 -0.30880998
vn 0.93264826 -0.00638392 -0.36073048
vn 0.90489587 0.00658446 -0.42558208
vn 0.88010159 -0.00629662 -0.47474367
vn 0.84444259 0.00650960 -0.53560651
vn 0.81368376 -0.00644474 -0.58127205
vn 0.77067514 0.00645390 -0.63719556
vn 0.73441559 -0.00638599 -0.67866999
vn 0.68471198 0.00652353 -0.72878457
vn 0.64357098 -0.00640599 -0.76535963
vn 0.58799646 0.00644354 -0.80883783
vn 0.54249043 -0.00647322 -0.84003704
vn 0.48191160 0.00639546 -0.87619650
vn 0.43293099 -0.00654438 -0.90140331
vn 0.36831374 0.00630453 -0.92968018
vn 0.31660439 -0.00656398 -0.94853496
vn 0.24895355 0.00637626 -0.96849444
vn 0.19533341 -0.00645605 -0.98071565
vn 0.51930512 -0.70727999 -0.47966364
vn 0.51930179 -0.70728416 -0.47966110
vn 0.54909090 -0.70647056 -0.44654064
vn 0.54913128 -0.70643379 -0.44654915
vn 0.60068888 -0.70643776 -0.37432414
vn 0.60062270 -0.70649692 -0.37431868
vn 0.62215935 -0.70737162 -0.33547451
vn 0.62214772 -0.70738423 -0.33546946
vn 0.65941868 -0.70726513 -0.25483926
vn 0.65943901 -0.70724215 -0.25485043
vn 0.68621469 -0.70720308 -0.17021519
vn 0.68624878 -0.70717931 -0.17017647
vn 0.70226257 -0.70708469 -0.08281617
vn 0.70227139 -0.70707694 -0.08280760
vn 0.70705449 -0.70713505 0.00582828
vn 0.70705012 -0.70713952 0.00581625
vn 0.70076484 -0.70711693 0.09441553
vn 0.70074796 -0.70713262 0.09442332
vn 0.68327358 -0.70728429 0.18134540
vn 0.68329369 -0.70725557 0.18138163
vn 0.65543763 -0.70694270 0.26576969
vn 0.65545560 -0.70690929 0.26581422
vn 0.61691875 -0.70701817 0.34574060
vn 0.61690882 -0.70702625 0.34574181
vn 0.56870177 -0.70699279 0.42040395
vn 0.56871427 -0.70698021 0.42040820
vn 0.51155798 -0.70691234 0.48844996
vn 0.51155832 -0.70693177 0.48842150
vn 0.44621780 -0.70712152 0.54851511
vn 0.44620305 -0.70715685 0.54848156
vn 0.37388745 -0.70722050 0.60003945
vn 0.37388354 -0.70725156 0.60000528
vn 0.29572392 -0.70740484 0.64197021
vn 0.29573163 -0.70742133 0.64194849
vn 0.21289049 -0.70736443 0.67402759
vn 0.21290972 -0.70733707 0.67405024
vn 0.12677299 -0.70717380 0.69558164
vn 0.12674649 -0.70712965 0.69563136
vn 0.03855176 -0.70697116 0.70619087
vn 0.03858214 -0.70699027 0.70617008
vn -0.05017273 -0.70726726 0.70516362
vn -0.05015728 -0.70729876 0.70513312
vn -0.13821895 -0.70722402 0.69334674
vn -0.13822422 -0.70718672 0.69338374
vn -0.22409644 -0.70698021 0.67079041
vn -0.22412595 -0.70695492 0.67080720
vn -0.30635723 -0.70698248 0.63743316
vn -0.30633623 -0.70700588 0.63741729
vn -0.38370735 -0.70715574 0.59388503
vn -0.38370600 -0.70716624 0.59387340
vn -0.45521133 -0.70711217 0.54108689
vn -0.45520372 -0.70712967 0.54107043
vn -0.51926972 -0.70732436 0.47963653
vn -0.51926415 -0.70732886 0.47963594
vn -0.57543873 -0.70717455 0.41082164
vn -0.57543180 -0.70718232 0.41081798
vn -0.62213825 -0.70739268 0.33546922
vn -0.62212934 -0.70740289 0.33546421
vn -0.65941617 -0.70726747 0.25483925
vn -0.65943901 -0.70724215 0.25485043
vn -0.68621469 -0.70720308 0.17021519
vn -0.68624878 -0.70717931 0.17017647
vn -0.70226250 -0.70708469 0.08281678
vn -0.70227160 -0.70707668 0.08280807
vn -0.70705392 -0.70713565 -0.00582485
vn -0.70705011 -0.70713952 -0.00581796
vn -0.70076453 -0.70711726 -0.09441532
vn -0.70074796 -0.70713262 -0.09442332
vn -0.68327495 -0.70728429 -0.18134022
vn -0.68329707 -0.70725316 -0.18137828
vn -0.65545531 -0.70692397 -0.26577590
vn -0.65547513 -0.70688821 -0.26582214
vn -0.61693713 -0.70699710 -0.34575090
vn -0.61692876 -0.70700264 -0.34575450
vn -0.56873289 -0.70694912 -0.42043529
vn -0.56874762 -0.70693707 -0.42043564
vn -0.51157919 -0.70688833 -0.48846250
vn -0.51157817 -0.70691069 -0.48843121
vn -0.44623110 -0.70710045 -0.54853145
vn -0.44621635 -0.70713578 -0.54849791
vn -0.37389859 -0.70719943 -0.60005733
vn -0.37389469 -0.70723049 -0.60002317
vn -0.29573274 -0.70738377 -0.64198936
vn -0.29574046 -0.70740027 -0.64196763
vn -0.21289684 -0.70734337 -0.67404769
vn -0.21291607 -0.70731600 -0.67407034
vn -0.12677677 -0.70715273 -0.69560237
vn -0.12675027 -0.70710858 -0.69565209
vn -0.03855291 -0.70695009 -0.70621190
vn -0.03858328 -0.70696919 -0.70619111
vn 0.05017423 -0.70724619 -0.70518464
vn 0.05016150 -0.70727307 -0.70515859
vn 0.13823821 -0.70716614 -0.69340194
vn 0.13824377 -0.70712883 -0.69343888
vn 0.22409657 -0.70695472 -0.67081722
vn 0.22412311 -0.70693384 -0.67083036
vn 0.30636635 -0.70696140 -0.63745215
vn 0.30634535 -0.70698481 -0.63743628
vn 0.38371879 -0.70713467 -0.59390273
vn 0.38371744 -0.70714516 -0.59389110
vn 0.45522490 -0.70709110 -0.54110302
vn 0.45522052 -0.70710549 -0.54108790
vn 0.11826421 -0.70698136 0.69727392
vn 0.06005506 -0.70583050 0.70583050
vn 0.06051387 -0.70655218 0.70506885
vn -0.06051387 -0.70655218 0.70506885
vn -0.06005506 -0.70583050 0.70583050
vn -0.11826421 -0.70698136 0.69727392
vn -0.12307079 -0.70820617 0.69519609
vn -0.23388046 -0.70637459 0.66808298
vn -0.24250197 -0.70848521 0.66275297
vn -0.34306503 -0.70590598 0.61967986
vn -0.35443132 -0.70869736 0.61002171
vn -0.44268559 -0.70568101 0.55321224
vn -0.45541440 -0.70888463 0.53859104
vn -0.52968666 -0.70550776 0.47084057
vn -0.54226490 -0.70896235 0.45091148
vn -0.60135863 -0.70571922 0.37460403
vn -0.61235738 -0.70919352 0.34937514
vn -0.65584373 -0.70581156 0.26776678
vn -0.66380502 -0.70914769 0.23763933
vn -0.69145758 -0.70601487 0.15306674
vn -0.69504637 -0.70910461 0.11866422
vn -0.70734954 -0.70604548 0.03400608
vn -0.70543087 -0.70876820 -0.00386297
vn -0.70280605 -0.70613794 -0.08621407
vn -0.69427794 -0.70855214 -0.12622210
vn -0.67791696 -0.70631672 -0.20382660
vn -0.66211890 -0.70835652 -0.24460091
vn -0.63347371 -0.70644593 -0.31566629
vn -0.60998688 -0.70803536 -0.35581165
vn -0.57074692 -0.70644747 -0.41854502
vn -0.53943122 -0.70772006 -0.45623050
vn -0.49138489 -0.70658296 -0.50919683
vn -0.45245433 -0.70758112 -0.54278360
vn -0.39777307 -0.70676550 -0.58502915
vn -0.35180756 -0.70756769 -0.61284534
vn -0.29248915 -0.70707714 -0.64381055
vn -0.24043337 -0.70760382 -0.66444610
vn -0.17897078 -0.70715579 -0.68403227
vn -0.12220837 -0.70760229 -0.69596272
vn -0.06034074 -0.70727507 -0.70435855
vn -0.00000000 -0.70757814 -0.70663511
vn 0.06034074 -0.70727507 -0.70435855
vn 0.12220837 -0.70760229 -0.69596272
vn 0.17897078 -0.70715579 -0.68403227
vn 0.24045366 -0.70762139 -0.66442005
vn 0.29251094 -0.70714112 -0.64373037
vn 0.35172049 -0.70769448 -0.61274891
vn 0.39766502 -0.70687136 -0.58497470
vn 0.45241389 -0.70760751 -0.54278292
vn 0.49138489 -0.70658296 -0.50919683
vn 0.53943122 -0.70772006 -0.45623050
vn 0.57074692 -0.70644747 -0.41854502
vn 0.60998688 -0.70803536 -0.35581165
vn 0.63347371 -0.70644593 -0.31566629
vn 0.66211890 -0.70835652 -0.24460091
vn 0.67791696 -0.70631672 -0.20382660
vn 0.69427794 -0.70855214 -0.12622210
vn 0.70280605 -0.70613794 -0.08621407
vn 0.70543087 -0.70876820 -0.00386297
vn 0.70734954 -0.70604548 0.03400608
vn 0.69504637 -0.70910461 0.11866422
vn 0.69145758 -0.70601487 0.15306674
vn 0.66380502 -0.70914769 0.23763933
vn 0.65584373 -0.70581156 0.26776678
vn 0.61235738 -0.70919352 0.34937514
vn 0.60135863 -0.70571922 0.37460403
vn 0.54226490 -0.70896235 0.45091148
vn 0.52968666 -0.70550776 0.47084057
vn 0.45536055 -0.70889445 0.53862364
vn 0.44261924 -0.70572142 0.55321377
vn 0.35436494 -0.70883371 0.60990185
vn 0.34305133 -0.70604019 0.61953453
vn 0.24250963 -0.70850638 0.66272754
vn 0.23388046 -0.70637459 0.66808298
vn 0.12307079 -0.70820617 0.69519609
vn -0.38280744 0.00000000 -0.92382816
vn -0.38280744 0.00000000 -0.92382816
vn -0.19474644 0.00000000 -0.98085362
vn -0.19474644 0.00000000 -0.98085362
vn 0.19474644 0.00000000 -0.98085362
vn 0.19474644 0.00000000 -0.98085362
vn 0.38280744 0.00000000 -0.92382816
vn 0.38280744 0.00000000 -0.92382816
vn 0.70712543 0.00000000 -0.70708813
vn 0.70712543 0.00000000 -0.70708813
vn 0.92382909 0.00000000 -0.38280519
vn 0.92382909 0.00000000 -0.38280519
vn 1.00000000 0.00000000 0.00000078
vn 1.00000000 0.00000000 0.00000078
vn 0.92381880 0.00000000 0.38283002
vn 0.92381880 0.00000000 0.38283002
vn 0.70710698 0.00000000 0.70710658
vn 0.70710698 0.00000000 0.70710658
vn 0.38285430 0.00000000 0.92380874
vn 0.38285430 0.00000000 0.92380874
vn 0.00000000 0.00000000 1.00000000
vn -0.00000000 0.00000000 1.00000000
vn -0.38285430 0.00000000 0.92380874
vn -0.38285430 0.00000000 0.92380874
vn -0.70710698 0.00000000 0.70710658
vn -0.70710698 0.00000000 0.70710658
vn -0.92381880 0.00000000 0.38283002
vn -0.92381880 0.00000000 0.38283002
vn -1.00000000 0.00000000 0.00000078
vn -1.00000000 0.00000000 0.00000078
vn -0.92382909 0.00000000 -0.38280519
vn -0.92382909 0.00000000 -0.38280519
vn -0.70712543 0.00000000 -0.70708813
vn -0.70712543 0.00000000 -0.70708813
vn 0.25122889 -0.70615561 0.66198815
vn 0.13090554 -0.70102594 0.70101810
vn 0.13284968 -0.70411126 0.69755164
vn -0.13277331 -0.70415715 0.69751986
vn -0.13080759 -0.70103508 0.70102724
vn -0.25134703 -0.70636126 0.66172384
vn -0.26968396 -0.71168371 0.64867315
vn -0.47355015 -0.70428184 0.52890203
vn -0.49897678 -0.71265143 0.49310254
vn -0.63313816 -0.70342205 0.32300694
vn -0.64988417 -0.71323388 0.26257951
vn -0.70701827 -0.70344724 0.07271279
vn -0.70077949 -0.71335045 -0.00626497
vn -0.68517023 -0.70366000 -0.18816046
vn -0.64578641 -0.71272684 -0.27382541
vn -0.57006531 -0.70356700 -0.42428649
vn -0.49333093 -0.71205288 -0.49960513
vn -0.37648562 -0.70400676 -0.60219022
vn -0.26662591 -0.71182827 -0.64977777
vn -0.13230444 -0.66756363 -0.73270344
vn -0.13063504 -0.74435321 -0.65488379
vn 0.00000076 -0.71155178 -0.70263366
vn 0.13240602 -0.66749547 -0.73274719
vn 0.13063641 -0.74435251 -0.65488431
vn 0.26687427 -0.71172743 -0.64978627
vn 0.37658881 -0.70391159 -0.60223695
vn 0.49307042 -0.71228496 -0.49953148
vn 0.56977479 -0.70396058 -0.42402380
vn 0.64569639 -0.71283522 -0.27375560
vn 0.68522436 -0.70355007 -0.18837431
vn 0.70083646 -0.71329293 -0.00643802
vn 0.70687786 -0.70358881 0.07270819
vn 0.64932369 -0.71375688 0.26254498
vn 0.63262180 -0.70402956 0.32269496
vn 0.49867119 -0.71313640 0.49271037
vn 0.47343578 -0.70460824 0.52856956
vn 0.26977397 -0.71155897 0.64877256
vn 0.25122209 -0.70614311 0.66200405
vn 0.13091142 -0.70102539 0.70101755
vn 0.13285424 -0.70410848 0.69755358
vn -0.13284854 -0.70411139 0.69755173
vn -0.13090440 -0.70102604 0.70101821
vn -0.25122975 -0.70615599 0.66198741
vn -0.26977456 -0.71155861 0.64877272
vn -0.47343806 -0.70460391 0.52857329
vn -0.49868368 -0.71303177 0.49284915
vn -0.63294096 -0.70355122 0.32311208
vn -0.64978033 -0.71325504 0.26277893
vn -0.70711047 -0.70337489 0.07251579
vn -0.70102455 -0.71310709 -0.00654646
vn -0.68570587 -0.70310626 -0.18827917
vn -0.64619361 -0.71235348 -0.27383635
vn -0.56986581 -0.70378058 -0.42420026
vn -0.49299352 -0.71240238 -0.49943992
vn -0.37651621 -0.70419072 -0.60195595
vn -0.26668043 -0.71188978 -0.64968800
vn -0.13229809 -0.66756817 -0.73270045
vn -0.13063522 -0.74435331 -0.65488364
vn 0.00000070 -0.71155182 -0.70263363
vn 0.13240582 -0.66749560 -0.73274710
vn 0.13063641 -0.74435251 -0.65488431
vn 0.26687808 -0.71173097 -0.64978082
vn 0.37659067 -0.70392272 -0.60222277
vn 0.49299228 -0.71223511 -0.49967965
vn 0.56980915 -0.70376325 -0.42430510
vn 0.64615627 -0.71238788 -0.27383496
vn 0.68568540 -0.70312615 -0.18827946
vn 0.70104305 -0.71308909 -0.00652571
vn 0.70712761 -0.70335547 0.07253703
vn 0.64976181 -0.71327647 0.26276657
vn 0.63291673 -0.70358703 0.32308156
vn 0.49866337 -0.71306496 0.49282168
vn 0.47343046 -0.70462727 0.52854897
vn 0.26977991 -0.71155131 0.64877850
vn 0.25149934 -0.70607032 0.66197642
vn 0.13143809 -0.70092780 0.70101658
vn 0.13339141 -0.70403127 0.69752900
vn -0.13338568 -0.70403419 0.69752715
vn -0.13143105 -0.70092846 0.70101724
vn -0.25150697 -0.70608322 0.66195977
vn -0.27006714 -0.71150595 0.64870874
vn -0.47333629 -0.70462638 0.52863448
vn -0.49854530 -0.71306506 0.49294097
vn -0.63285015 -0.70355833 0.32327443
vn -0.64973653 -0.71324417 0.26291672
vn -0.70715365 -0.70333056 0.07252480
vn -0.70104049 -0.71309187 -0.00649813
vn -0.68555871 -0.70323824 -0.18832215
vn -0.64607525 -0.71254381 -0.27362035
vn -0.56989049 -0.70385462 -0.42404423
vn -0.49310336 -0.71238156 -0.49936118
vn -0.37655350 -0.70413902 -0.60199311
vn -0.26650518 -0.71196359 -0.64967903
vn -0.13225840 -0.66799305 -0.73232028
vn -0.12997864 -0.74465142 -0.65467535
vn 0.00000070 -0.71207497 -0.70210344
vn 0.13145807 -0.70443496 -0.69748847
vn 0.26670280 -0.71180484 -0.64977187
vn 0.37662794 -0.70387099 -0.60225993
vn 0.49310213 -0.71221429 -0.49960094
vn 0.56983383 -0.70383731 -0.42414908
vn 0.64603791 -0.71257819 -0.27361899
vn 0.68553823 -0.70325813 -0.18832243
vn 0.70105900 -0.71307385 -0.00647738
vn 0.70717079 -0.70331113 0.07254604
vn 0.64971801 -0.71326559 0.26290436
vn 0.63282594 -0.70359414 0.32324391
vn 0.49852501 -0.71309823 0.49291350
vn 0.47332869 -0.70464973 0.52861018
vn 0.27007247 -0.71149864 0.64871454
vn 0.25150612 -0.70608283 0.66196051
vn 0.13143219 -0.70092835 0.70101714
vn 0.13338683 -0.70403406 0.69752706
vn -0.13331013 -0.70408015 0.69749519
vn -0.13133386 -0.70093756 0.70102635
vn -0.25162389 -0.70628866 0.66169612
vn -0.26997667 -0.71163128 0.64860890
vn -0.47344831 -0.70430446 0.52896307
vn -0.49883812 -0.71268501 0.49319428
vn -0.63304735 -0.70342917 0.32316940
vn -0.64984047 -0.71322299 0.26271720
vn -0.70706151 -0.70340285 0.07272169
vn -0.70079565 -0.71333499 -0.00621681
vn -0.68502307 -0.70379172 -0.18820367
vn -0.64566790 -0.71291717 -0.27360935
vn -0.57009012 -0.70364095 -0.42413049
vn -0.49344085 -0.71203196 -0.49952639
vn -0.37652290 -0.70395503 -0.60222738
vn -0.26645064 -0.71190209 -0.64976878
vn -0.13226475 -0.66798852 -0.73232327
vn -0.12997846 -0.74465132 -0.65467550
vn 0.00000076 -0.71207493 -0.70210348
vn 0.13236629 -0.66792048 -0.73236698
vn 0.12997983 -0.74465063 -0.65467602
vn 0.26669899 -0.71180131 -0.64977731
vn 0.37662608 -0.70385986 -0.60227410
vn 0.49318025 -0.71226410 -0.49945280
vn 0.56979946 -0.70403445 -0.42386799
vn 0.64557801 -0.71302516 -0.27354004
vn 0.68507704 -0.70368210 -0.18841694
vn 0.70085240 -0.71327770 -0.00638955
vn 0.70692108 -0.70354445 0.07271721
vn 0.64928006 -0.71374590 0.26268269
vn 0.63253125 -0.70403650 0.32285727
vn 0.49853290 -0.71316971 0.49280210
vn 0.47333401 -0.70463071 0.52863075
vn 0.27006654 -0.71150632 0.64870858
vn -0.17369730 0.00000000 0.98479909
vn -0.17369730 0.00000000 0.98479909
vn -0.08730969 0.00000000 0.99618122
vn -0.08730969 0.00000000 0.99618122
vn 0.08730969 0.00000000 0.99618122
vn 0.08730969 0.00000000 0.99618122
vn 0.17369730 0.00000000 0.98479909
vn 0.17369730 0.00000000 0.98479909
vn 0.34197171 0.00000000 0.93971025
vn 0.34197171 0.00000000 0.93971025
vn 0.49987656 0.00000000 0.86609666
vn 0.49987656 0.00000000 0.86609666
vn 0.64269692 0.00000000 0.76612053
vn 0.64269692 0.00000000 0.76612053
vn 0.76612526 0.00000000 0.64269129
vn 0.76612526 0.00000000 0.64269129
vn 0.86610118 0.00000000 0.49986872
vn 0.86610118 0.00000000 0.49986872
vn 0.93970724 0.00000000 0.34197997
vn 0.93970724 0.00000000 0.34197997
vn 0.98479727 0.00000000 0.17370762
vn 0.98479727 0.00000000 0.17370762
vn 1.00000000 0.00000000 0.00000000
vn 1.00000000 0.00000000 0.00000000
vn 0.98479727 0.00000000 -0.17370762
vn 0.98479727 0.00000000 -0.17370762
vn 0.93973542 0.00000000 -0.34190253
vn 0.93973542 0.00000000 -0.34190253
vn 0.86608647 0.00000000 -0.49989421
vn 0.86608647 0.00000000 -0.49989421
vn 0.76605337 0.00000000 -0.64277697
vn 0.76605337 0.00000000 -0.64277697
vn 0.64269692 0.00000000 -0.76612053
vn 0.64269692 0.00000000 -0.76612053
vn 0.49987656 0.00000000 -0.86609666
vn 0.49987656 0.00000000 -0.86609666
vn 0.34197171 0.00000000 -0.93971025
vn 0.34197171 0.00000000 -0.93971025
vn 0.17371891 0.00000000 -0.98479528
vn 0.17371891 0.00000000 -0.98479528
vn -0.00000000 0.00000000 -1.00000000
vn 0.00000000 0.00000000 -1.00000000
vn -0.17371891 0.00000000 -0.98479528
vn -0.17371891 0.00000000 -0.98479528
vn -0.34190288 0.00000000 -0.93973529
vn -0.34190288 0.00000000 -0.93973529
vn -0.49989921 0.00000000 -0.86608359
vn -0.49989921 0.00000000 -0.86608359
vn -0.64277307 0.00000000 -0.76605664
vn -0.64277307 0.00000000 -0.76605664
vn -0.76605337 0.00000000 -0.64277697
vn -0.76605337 0.00000000 -0.64277697
vn -0.86608647 0.00000000 -0.49989421
vn -0.86608647 0.00000000 -0.49989421
vn -0.93973542 0.00000000 -0.34190253
vn -0.93973542 0.00000000 -0.34190253
vn -0.98479727 0.00000000 -0.17370762
vn -0.98479727 0.00000000 -0.17370762
vn -1.00000000 0.00000000 0.00000000
vn -1.00000000 0.00000000 -0.00000000
vn -0.98479727 0.00000000 0.17370762
vn -0.98479727 0.00000000 0.17370762
vn -0.93970724 0.00000000 0.34197997
vn -0.93970724 0.00000000 0.34197997
vn -0.86610118 0.00000000 0.49986872
vn -0.86610118 0.00000000 0.49986872
vn -0.76612526 0.00000000 0.64269129
vn -0.76612526 0.00000000 0.64269129
vn -0.64277307 0.00000000 0.76605664
vn -0.64277307 0.00000000 0.76605664
vn -0.49989921 0.00000000 0.86608359
vn -0.49989921 0.00000000 0.86608359
vn -0.34190288 0.00000000 0.93973529
vn -0.34190288 0.00000000 0.93973529
vn 0.00000000 -1.00000000 0.00000000
vn 0.00000000 -1.00000000 0.00000000
vn 0.00000000 -1.00000000 0.00000000
vn 0.00000000 -1.00000000 0.00000000
vn 0.00000000 -1.00000000 0.00000000
vn 0.00000000 -1.00000000 0.00000000
vn 0.00000000 -1.00000000 0.00000000
vn 0.00000000 -1.00000000 0.00000000
vn 0.00000000 -1.00000000 0.00000000
vn 0.00000000 -1.00000000 0.00000000
vn 0.00000000 -1.00000000 0.00000000
vn 0.00000000 -1.00000000 0.00000000
vn 0.00000000 -1.00000000 0.00000000
vn 0.00000000 -1.00000000 0.00000000
vn 0.00000000 -1.00000000 0.00000000
vn 0.00000000 -1.00000000 0.00000000
vn -0.38268702 0.00000000 -0.92387805
vn -0.38268702 0.00000000 -0.92387805
vn -0.19562407 0.00000000 -0.98067896
vn -0.19562407 0.00000000 -0.98067896
vn 0.19562590 0.00000000 -0.98067860
vn 0.19562590 0.00000000 -0.98067860
vn 0.38289604 0.00000000 -0.92379144
vn 0.38289604 0.00000000 -0.92379144
vn 0.70711175 0.00000000 -0.70710181
vn 0.70711175 0.00000000 -0.70710181
vn 0.92379413 0.00000000 -0.38288954
vn 0.92379413 0.00000000 -0.38288954
vn 1.00000000 0.00000000 -0.00000093
vn 1.00000000 0.00000000 -0.00000093
vn 0.92389155 0.00000000 0.38265441
vn 0.92389155 0.00000000 0.38265441
vn 0.70726086 0.00000000 0.70695267
vn 0.70726086 0.00000000 0.70695267
vn 0.38248567 0.00000000 0.92396142
vn 0.38248567 0.00000000 0.92396142
vn 0.00000093 0.00000000 1.00000000
vn 0.00000093 0.00000000 1.00000000
vn -0.38227663 0.00000000 0.92404793
vn -0.38227663 0.00000000 0.92404793
vn -0.70710157 0.00000000 0.70711200
vn -0.70710157 0.00000000 0.70711200
vn -0.92405481 0.00000000 0.38226001
vn -0.92405481 0.00000000 0.38226001
vn -1.00000000 0.00000000 -0.00000093
vn -1.00000000 0.00000000 -0.00000093
vn -0.92395749 0.00000000 -0.38249518
vn -0.92395749 0.00000000 -0.38249518
vn -0.70695241 0.00000000 -0.70726112
vn -0.70695241 0.00000000 -0.70726112
vn -0.38289491 0.00000000 -0.92379191
vn -0.38289491 0.00000000 -0.92379191
vn -0.19562437 0.00000000 -0.98067890
vn -0.19562437 0.00000000 -0.98067890
vn 0.19562590 0.00000000 -0.98067860
vn 0.19562590 0.00000000 -0.98067860
vn 0.38290911 0.00000000 -0.92378602
vn 0.38290911 0.00000000 -0.92378602
vn 0.70686819 0.00000000 -0.70734529
vn 0.70686819 0.00000000 -0.70734529
vn 0.92380908 0.00000000 -0.38285347
vn 0.92380908 0.00000000 -0.38285347
vn 1.00000000 0.00000000 -0.00000093
vn 1.00000000 0.00000000 -0.00000093
vn 0.92390655 0.00000000 0.38261819
vn 0.92390655 0.00000000 0.38261819
vn 0.70701746 0.00000000 0.70719609
vn 0.70701746 0.00000000 0.70719609
vn 0.38249874 0.00000000 0.92395601
vn 0.38249874 0.00000000 0.92395601
vn 0.00000078 0.00000000 1.00000000
vn 0.00000078 0.00000000 1.00000000
vn -0.38248455 0.00000000 0.92396189
vn -0.38248455 0.00000000 0.92396189
vn -0.70700714 0.00000000 0.70720641
vn -0.70700714 0.00000000 0.70720641
vn -0.92391626 0.00000000 0.38259476
vn -0.92391626 0.00000000 0.38259476
vn -1.00000000 0.00000000 -0.00000093
vn -1.00000000 0.00000000 -0.00000093
vn -0.92381879 0.00000000 -0.38283004
vn -0.92381879 0.00000000 -0.38283004
vn -0.70685787 0.00000000 -0.70735560
vn -0.70685787 0.00000000 -0.70735560
vn -0.38247748 0.00000000 -0.92396482
vn -0.38247748 0.00000000 -0.92396482
vn -0.19473810 0.00000000 -0.98085528
vn -0.19473810 0.00000000 -0.98085528
vn 0.19473962 0.00000000 -0.98085497
vn 0.19473962 0.00000000 -0.98085497
vn 0.38249167 0.00000000 -0.92395894
vn 0.38249167 0.00000000 -0.92395894
vn 0.70704765 0.00000000 -0.70716591
vn 0.70704765 0.00000000 -0.70716591
vn 0.92390655 0.00000000 -0.38261819
vn 0.92390655 0.00000000 -0.38261819
vn 1.00000000 0.00000000 0.00000093
vn 1.00000000 0.00000000 0.00000093
vn 0.92380908 0.00000000 0.38285347
vn 0.92380908 0.00000000 0.38285347
vn 0.70686819 0.00000000 0.70734529
vn 0.70686819 0.00000000 0.70734529
vn 0.38290911 0.00000000 0.92378602
vn 0.38290911 0.00000000 0.92378602
vn 0.00000078 0.00000000 1.00000000
vn 0.00000078 0.00000000 1.00000000
vn -0.38289491 0.00000000 0.92379191
vn -0.38289491 0.00000000 0.92379191
vn -0.70685787 0.00000000 0.70735560
vn -0.70685787 0.00000000 0.70735560
vn -0.92381879 0.00000000 0.38283004
vn -0.92381879 0.00000000 0.38283004
vn -1.00000000 0.00000000 0.00000093
vn -1.00000000 0.00000000 0.00000093
vn -0.92391626 0.00000000 -0.38259476
vn -0.92391626 0.00000000 -0.38259476
vn -0.70703733 0.00000000 -0.70717623
vn -0.70703733 0.00000000 -0.70717623
vn -0.38226955 0.00000000 -0.92405086
vn -0.38226955 0.00000000 -0.92405086
vn -0.19473780 0.00000000 -0.98085534
vn -0.19473780 0.00000000 -0.98085534
vn 0.19473962 0.00000000 -0.98085497
vn 0.19473962 0.00000000 -0.98085497
vn 0.38247860 0.00000000 -0.92396435
vn 0.38247860 0.00000000 -0.92396435
vn 0.70729104 0.00000000 -0.70692247
vn 0.70729104 0.00000000 -0.70692247
vn 0.92389155 0.00000000 -0.38265441
vn 0.92389155 0.00000000 -0.38265441
vn 1.00000000 0.00000000 0.00000093
vn 1.00000000 0.00000000 0.00000093
vn 0.92379413 0.00000000 0.38288954
vn 0.92379413 0.00000000 0.38288954
vn 0.70711175 0.00000000 0.70710181
vn 0.70711175 0.00000000 0.70710181
vn 0.38289604 0.00000000 0.92379144
vn 0.38289604 0.00000000 0.92379144
vn 0.00000093 0.00000000 1.00000000
vn 0.00000093 0.00000000 1.00000000
vn -0.38268702 0.00000000 0.92387805
vn -0.38268702 0.00000000 0.92387805
vn -0.70695241 0.00000000 0.70726112
vn -0.70695241 0.00000000 0.70726112
vn -0.92395749 0.00000000 0.38249518
vn -0.92395749 0.00000000 0.38249518
vn -1.00000000 0.00000000 0.00000093
vn -1.00000000 0.00000000 0.00000093
vn -0.92405481 0.00000000 -0.38226001
vn -0.92405481 0.00000000 -0.38226001
vn -0.70713174 0.00000000 -0.70708182
vn -0.70713174 0.00000000 -0.70708182
vn 0.00000000 -1.00000000 0.00000000
vn 0.00000000 -1.00000000 0.00000000
vn 0.00000000 -1.00000000 0.00000000
vn 0.00000000 -1.00000000 0.00000000
vn 0.00000000 -1.00000000 0.00000000
vn 0.00000000 -1.00000000 0.00000000
vn 0.00000000 -1.00000000 0.00000000
vn 0.00000000 -1.00000000 0.00000000
vn 0.00000000 -1.00000000 0.00000000
vn 0.00000000 -1.00000000 0.00000000
vn 0.00000000 -1.00000000 0.00000000
vn 0.00000000 -1.00000000 0.00000000
vn 0.00000000 -1.00000000 0.00000000
vn 0.00000000 -1.00000000 0.00000000
vn 0.00000000 -1.00000000 0.00000000
vn 0.00000000 -1.00000000 0.00000000
vn 0.00000000 -1.00000000 0.00000000
vn 0.00000000 -1.00000000 0.00000000
vn 0.00000000 -1.00000000 0.00000000
vn 0.00000000 -1.00000000 0.00000000
vn 0.00000000 -1.00000000 0.00000000
vn 0.00000000 -1.00000000 0.00000000
vn 0.00000000 -1.00000000 0.00000000
vn 0.00000000 -1.00000000 0.00000000
vn 0.00000000 -1.00000000 0.00000000
vn 0.00000000 -1.00000000 0.00000000
vn 0.00000000 -1.00000000 0.00000000
vn 0.00000000 -1.00000000 0.00000000
vn 0.00000000 -1.00000000 0.00000000
vn 0.00000000 -1.00000000 0.00000000
vn 0.00000000 -1.00000000 0.00000000
vn 0.00000000 -1.00000000 0.00000000
vn 0.00000000 -1.00000000 0.00000000
vn 0.00000000 -1.00000000 0.00000000
vn 0.00000000 -1.00000000 0.00000000
vn 0.00000000 -1.00000000 0.00000000
vn 0.00000000 -1.00000000 0.00000000
vn 0.00000000 -1.00000000 0.00000000
vn 0.00000000 -1.00000000 0.00000000
vn 0.00000000 -1.00000000 0.00000000
vn 0.00000000 -1.00000000 0.00000000
vn 0.00000000 -1.00000000 0.00000000
vn 0.00000000 -1.00000000 0.00000000
vn 0.00000000 -1.00000000 0.00000000
vn 0.00000000 -1.00000000 0.00000000
vn 0.00000000 -1.00000000 0.00000000
vn 0.00000000 -1.00000000 0.00000000
vn 0.00000000 -1.00000000 0.00000000
vn 0.00000000 -1.00000000 0.00000000
vn 0.00000000 -1.00000000 0.00000000
vn 0.00000000 -1.00000000 0.00000000
vn 0.00000000 -1.00000000 0.00000000
vn 0.00000000 -1.00000000 0.00000000
vn 0.00000000 -1.00000000 0.00000000
vn 0.00000000 -1.00000000 0.00000000
vn 0.00000000 -1.00000000 0.00000000
vn 0.00000000 -1.00000000 0.00000000
vn 0.00000000 -1.00000000 0.00000000
vn 0.00000000 -1.00000000 0.00000000
vn 0.00000000 -1.00000000 0.00000000
vn 0.00000000 -1.00000000 0.00000000
vn 0.00000000 -1.00000000 0.00000000
vn 0.00000000 -1.00000000 0.00000000
vn 0.00000000 -1.00000000 0.00000000
vn 0.00000000 -1.00000000 0.00000000
vn 0.00000000 -1.00000000 0.00000000
vn 0.00000000 -1.00000000 0.00000000
vn 0.00000000 -1.00000000 0.00000000
vn 0.00000000 -1.00000000 0.00000000
vn 0.00000000 -1.00000000 0.00000000
vn 0.00000000 -1.00000000 0.00000000
vn 0.00000000 -1.00000000 0.00000000
vn 0.00000000 -1.00000000 0.00000000
vn 0.00000000 -1.00000000 0.00000000
vn 0.00000000 -1.00000000 0.00000000
vn 0.00000000 -1.00000000 0.00000000
vn 0.00000000 -1.00000000 0.00000000
vn 0.00000000 -1.00000000 0.00000000
vn 0.00000000 -1.00000000 0.00000000
vn 0.00000000 -1.00000000 0.00000000
vn 0.00000000 -1.00000000 0.00000000
vn 0.00000000 -1.00000000 0.00000000
vn 0.00000000 -1.00000000 0.00000000
vn 0.00000000 -1.00000000 0.00000000
vn 0.00000000 -1.00000000 0.00000000
vn 0.00000000 -1.00000000 0.00000000
vn 0.00000000 -1.00000000 0.00000000
vn 0.00000000 -1.00000000 0.00000000
vn 0.00000000 -1.00000000 0.00000000
vn 0.00000000 -1.00000000 0.00000000
vn 0.00000000 -1.00000000 0.00000000
vn 0.00000000 -1.00000000 0.00000000
vn 0.00000000 -1.00000000 0.00000000
vn 0.00000000 -1.00000000 0.00000000
vn 0.00000000 -1.00000000 0.00000000
vn 0.00000000 -1.00000000 0.00000000
vn 0.00000000 -1.00000000 0.00000000
vn 0.00000000 -1.00000000 0.00000000
vn 0.00000000 -1.00000000 0.00000000
vn 0.00000000 -1.00000000 0.00000000
vn -0.03092355 0.12597258 0.99155163
vn -0.06401444 0.13170124 0.98922037
vn -0.05443517 0.12791705 0.99028988
vn -0.12312597 0.13187838 0.98358939
vn -0.10274627 0.12727243 0.98653177
vn -0.15218007 0.12814365 0.98001042
vn -0.18534654 0.12977715 0.97406599
vn -0.23291563 0.13112614 0.96361623
vn -0.21512158 0.12697046 0.96829810
vn -0.24229384 0.12647455 0.96192405
vn -0.27616843 0.13064958 0.95218784
vn -0.33833114 0.12980423 0.93203160
vn -0.29595498 0.12823358 0.94655523
vn -0.32478793 0.12345284 0.93769515
vn -0.29686655 0.12572801 0.94660589
vn -0.29019841 0.11610058 0.94989765
vn -0.28831415 0.11103864 0.95107590
vn -0.38983337 0.12562341 0.91227666
vn -0.44050366 0.12910577 0.88841895
vn -0.45609761 0.12673855 0.88085885
vn -0.51991018 0.12658270 0.84479005
vn -0.53607926 0.12905353 0.83424469
vn -0.58724375 0.12505530 0.79969116
vn -0.62616322 0.12941453 0.76887678
vn -0.65219296 0.12548443 0.74759481
vn -0.70809669 0.12883090 0.69426340
vn -0.71198679 0.12641892 0.69071924
vn -0.76637974 0.12600755 0.62990808
vn -0.78068468 0.12911291 0.61144198
vn -0.81652889 0.12502069 0.56360483
vn -0.84431551 0.12937335 0.51999408
vn -0.86087454 0.12557610 0.49307775
vn -0.89705383 0.12885641 0.42271792
vn -0.89874056 0.12642381 0.41986000
vn -0.93031333 0.12591355 0.34447481
vn -0.93839880 0.12920330 0.32049055
vn -0.95598794 0.12503650 0.26542971
vn -0.96838819 0.12935727 0.21328622
vn -0.97483699 0.12565322 0.18413068
vn -0.98130267 0.12878396 0.14303763
vn -0.98669556 0.12636765 0.10228924
vn -0.99070122 0.13218325 0.03222848
vn -0.99058183 0.13657371 0.00976039
vn -0.99155600 0.12590296 -0.03106688
vn -0.99069459 0.12699350 0.04895787
vn -0.99175729 0.12800120 -0.00576025
vn -0.98819383 0.12536560 -0.08807051
vn -0.98472779 0.12927722 -0.11661297
vn -0.97632570 0.12466816 -0.17676531
vn -0.96546571 0.12949537 -0.22606840
vn -0.95794832 0.12599029 -0.25780121
vn -0.93427442 0.12948424 -0.33221250
vn -0.93730644 0.12641628 -0.32477002
vn -0.91402756 0.12634755 -0.38547363
vn -0.89138447 0.12950304 -0.43435319
vn -0.88971177 0.12629959 -0.43870422
vn -0.86173998 0.12638426 -0.49135652
vn -0.83736455 0.12922471 -0.53115119
vn -0.83089109 0.12642717 -0.54188205
vn -0.79085152 0.12580201 -0.59893883
vn -0.77310083 0.12935475 -0.62095286
vn -0.73767736 0.12501649 -0.66347795
vn -0.69865684 0.12931625 -0.70367316
vn -0.67936649 0.12588221 -0.72292104
vn -0.61622576 0.12890711 -0.77694837
vn -0.61823582 0.12638972 -0.77576421
vn -0.55992237 0.12625578 -0.81886899
vn -0.52534390 0.12857426 -0.84111976
vn -0.50448023 0.12662662 -0.85408747
vn -0.42899192 0.12836670 -0.89414089
vn -0.43662820 0.12644626 -0.89071160
vn -0.35564627 0.12503193 -0.92621960
vn -0.32658625 0.12960823 -0.93623882
vn -0.31409183 0.12468411 -0.94116959
vn -0.30693825 0.12539520 -0.94343254
vn -0.29850255 0.12668335 -0.94596382
vn -0.28749995 0.12853714 -0.94911642
vn -0.27450673 0.13114314 -0.95260040
vn -0.25943728 0.13209909 -0.95668288
vn -0.22084906 0.13181315 -0.96635966
vn -0.22832384 0.12648722 -0.96533373
vn -0.21563227 0.12637543 -0.96826235
vn -0.20716531 0.12666996 -0.97007075
vn -0.20058593 0.12713333 -0.97139199
vn -0.19217732 0.12820196 -0.97295022
vn -0.18005549 0.13024497 -0.97499552
vn -0.16684022 0.13142611 -0.97718551
vn -0.11082827 0.13346993 -0.98483647
vn -0.13457544 0.12796430 -0.98260602
vn -0.08541350 0.12820832 -0.98806233
vn -0.04430732 0.13005728 -0.99051601
vn 0.00029113 0.13371621 -0.99101962
vn -0.00384819 0.12631080 -0.99198325
vn 0.02266329 0.12780970 -0.99153974
vn 0.04390036 0.13152631 -0.99034014
vn 0.06277243 0.13151874 -0.98932424
vn 0.11150589 0.13211546 -0.98494261
vn 0.08626121 0.12764317 -0.98806185
vn 0.11489408 0.12632990 -0.98531219
vn 0.14413869 0.12837628 -0.98119497
vn 0.17293786 0.13241005 -0.97599184
vn 0.18374179 0.13415179 -0.97377731
vn 0.17411348 0.12981628 -0.97613126
vn 0.22028704 0.12993807 -0.96674181
vn 0.18040699 0.12853752 -0.97515713
vn 0.18056327 0.12850693 -0.97513223
vn 0.20821629 0.12607884 -0.96992273
vn 0.25099880 0.12590370 -0.95976448
vn 0.21424126 0.12984381 -0.96811222
vn 0.21386316 0.12911885 -0.96829276
vn 0.21177704 0.12505893 -0.96928363
vn 0.21098770 0.12293652 -0.96972718
vn 0.32631667 0.12904862 -0.93641011
vn 0.32837016 0.12654552 -0.93603380
vn 0.40291189 0.12592518 -0.90653453
vn 0.42832179 0.12933692 -0.89432232
vn 0.47691944 0.12498316 -0.87001555
vn 0.52592813 0.12924040 -0.84065244
vn 0.54965816 0.12554065 -0.82590281
vn 0.61627710 0.12862559 -0.77695430
vn 0.61869430 0.12641917 -0.77539381
vn 0.68288286 0.12592409 -0.71959303
vn 0.69862626 0.12907040 -0.70374867
vn 0.74288993 0.12491138 -0.65765622
vn 0.77302751 0.12949658 -0.62101458
vn 0.79726418 0.12510345 -0.59052430
vn 0.83778748 0.12861367 -0.53063232
vn 0.84541401 0.12649302 -0.51891682
vn 0.89126724 0.12858110 -0.43486734
vn 0.88639711 0.12654070 -0.44529498
vn 0.92194338 0.12519163 -0.36653438
vn 0.93422948 0.12945204 -0.33235139
vn 0.95052534 0.12475995 -0.28449348
vn 0.96563023 0.12902304 -0.22563534
vn 0.97157924 0.12550617 -0.20070370
vn 0.98479538 0.12850113 -0.11689958
vn 0.98512856 0.12626416 -0.11652933
vn 0.99157467 0.12574237 -0.03112111
vn 0.99160316 0.12914016 -0.00678184
vn 0.99062343 0.12492302 0.05531238
vn 0.98607305 0.12951131 0.10433965
vn 0.98200545 0.12516887 0.14141443
vn 0.96832216 0.12851218 0.21409534
vn 0.96582531 0.12651142 0.22622186
vn 0.94316836 0.12653719 0.30728127
vn 0.93877901 0.12855162 0.31963801
vn 0.91303381 0.12519379 0.38819553
vn 0.89695477 0.12953401 0.42272103
vn 0.87583724 0.12490914 0.46616181
vn 0.84403776 0.12906566 0.52052120
vn 0.83187778 0.12577331 0.54051868
vn 0.78103852 0.12861219 0.61109552
vn 0.78249982 0.12635295 0.60969579
vn 0.72723451 0.12562776 0.67479451
vn 0.70811565 0.12926049 0.69416421
vn 0.66592144 0.12486797 0.73549754
vn 0.62595412 0.12943365 0.76904381
vn 0.59940168 0.12527234 0.79058489
vn 0.53630955 0.12892139 0.83411710
vn 0.53052530 0.12643953 0.83818611
vn 0.46390216 0.12622346 0.87684801
vn 0.44032820 0.12919661 0.88849272
vn 0.39526063 0.12541300 0.90996737
vn 0.33846267 0.12984031 0.93197882
vn 0.35398742 0.12548639 0.92679344
vn 0.29536503 0.12042650 0.94776419
vn 0.29714239 0.12779353 0.94624268
vn 0.29856947 0.12560005 0.94608715
vn 0.23280424 0.13127887 0.96362235
vn 0.26959863 0.12864624 0.95434099
vn 0.24286537 0.12656341 0.96176822
vn 0.21470915 0.12700697 0.96838485
vn 0.18534654 0.12977715 0.97406599
vn 0.12305314 0.13177444 0.98361244
vn 0.15179173 0.12809054 0.98007759
vn 0.10106472 0.12739151 0.98669009
vn 0.05178601 0.12780847 0.99044596
vn 0.06416265 0.13153705 0.98923261
vn 0.02959932 0.12595645 0.99159410
vn 0.02340155 0.12503585 0.99187620
vn -0.00193180 0.12497485 0.99215803
vn 0.01170804 0.12571363 0.99199748
vn 0.00508776 0.12611579 0.99200248
vn 0.00000269 0.12634237 0.99198670
vn -0.00492412 0.12626689 0.99198409
vn -0.01117914 0.12607192 0.99195811
vn -0.02164327 0.12546550 0.99186187
vn 0.29178068 0.11505458 0.94954014
vn 0.28979329 0.10942452 0.95081340
vn -0.31413239 0.12372989 -0.94128197
vn -0.31346776 0.12163368 -0.94177663
vn -0.00662913 0.07115792 -0.99744303
vn -0.02629047 0.07511012 -0.99682861
vn -0.26431826 0.04019754 -0.96359743
vn -0.03370413 0.07984803 -0.99623708
vn -0.03395931 0.08735715 -0.99559806
vn -0.03697645 0.08901845 -0.99534339
vn -0.03377643 0.09458364 -0.99494376
vn -0.02001142 0.10711993 -0.99404470
vn -0.07147461 0.09201354 -0.99318925
vn -0.37018557 0.05680557 -0.92721938
vn -0.11406921 0.11480693 -0.98681690
vn -0.63021702 -0.04453719 -0.77514060
vn -0.82676944 -0.04037982 -0.56108980
vn -0.90614869 -0.13648175 -0.40033397
vn -0.97090789 -0.07735338 -0.22661492
vn -0.99617736 -0.03849376 0.07841485
vn -0.44478484 -0.13424887 0.88551888
vn -0.37236789 -0.13776598 0.91780319
vn -0.99755836 -0.06142393 -0.03323266
vn -0.98942027 -0.08627062 -0.11664012
vn -0.97076392 -0.13858460 -0.19598909
vn -0.96107637 -0.17184463 -0.21633684
vn -0.95496843 -0.22580132 -0.19248132
vn -0.94785569 -0.27815695 -0.15555802
vn -0.84506334 -0.31731170 -0.43032689
vn -0.87912178 -0.44087385 -0.18103907
vn -0.76051709 -0.48420484 -0.43261926
vn -0.77477132 -0.60620917 -0.17955456
vn -0.64692792 -0.63032446 -0.42915654
vn -0.64390435 -0.74695186 -0.16568074
vn -0.50630029 -0.76045472 -0.40665542
vn -0.53000523 -0.82430786 -0.19902515
vn -0.35610650 -0.84013130 -0.40910580
vn -0.37962586 -0.90303113 -0.20104474
vn -0.21891920 -0.95582509 -0.19614478
vn -0.19111521 -0.89487407 -0.40333035
vn -0.06865004 -0.98201011 -0.17590714
vn -0.01698517 -0.91142925 -0.41110609
vn 0.10281113 -0.98157397 -0.16106651
vn 0.15014131 -0.89945025 -0.41042274
vn 0.27204253 -0.94882170 -0.16040648
vn 0.30968186 -0.84857120 -0.42898027
vn 0.44406997 -0.87997580 -0.16865483
vn 0.46920206 -0.77221105 -0.42841512
vn 0.59702536 -0.78109418 -0.18290055
vn 0.61087329 -0.65935127 -0.43828043
vn 0.73453227 -0.65285455 -0.18504942
vn 0.74470706 -0.50616106 -0.43498549
vn 0.81563261 -0.53542896 -0.21922425
vn 0.83088548 -0.33601679 -0.44353357
vn 0.90192289 -0.36935933 -0.22384989
vn 0.88786300 -0.14067425 -0.43807540
vn 0.95979309 -0.17346378 -0.22069783
vn 0.95093764 -0.08427119 -0.29768434
vn 0.80738209 -0.04322156 -0.58844376
vn 0.58831004 -0.05085160 -0.80703495
vn 0.54897086 -0.21100858 -0.80876843
vn 0.14415155 -0.04006026 -0.98874441
vn 0.11842062 -0.11224208 -0.98659935
vn -0.05898346 0.01749781 -0.99810559
vn -0.06639077 -0.00587811 -0.99777638
vn 0.30467447 0.05395005 -0.95092737
vn 0.15288328 0.04317759 -0.98730056
vn -0.05927162 0.04961626 -0.99700807
vn 0.03007485 0.12778606 -0.99134566
vn 0.02853733 0.12267517 -0.99203650
vn 0.00633450 0.09170156 -0.99576639
vn -0.06786310 0.10682864 -0.99195879
vn -0.06283482 0.09915871 -0.99308576
vn -0.08038148 0.06702928 -0.99450786
vn 0.08461016 -0.17106775 -0.98161955
vn -0.06507037 -0.02441500 -0.99758195
vn -0.07094620 -0.02713221 -0.99711107
vn -0.07931591 -0.02502085 -0.99653547
vn -0.06526812 -0.03704547 -0.99717988
vn 0.05201684 -0.21772872 -0.97462221
vn -0.06633132 -0.05014905 -0.99653662
vn -0.06433807 -0.05383663 -0.99647490
vn 0.01814464 -0.25053834 -0.96793663
vn -0.05972921 -0.06862436 -0.99585296
vn -0.01675855 -0.26618031 -0.96377757
vn -0.05535003 -0.07494750 -0.99565016
vn -0.05014389 -0.27103315 -0.96126303
vn -0.05040705 -0.07560373 -0.99586305
vn -0.09150018 -0.29259738 -0.95184793
vn -0.04584261 -0.07396203 -0.99620684
vn -0.05320904 -0.15208489 -0.98693413
vn -0.04474431 -0.06899560 -0.99661304
vn -0.11620730 -0.24371140 -0.96286064
vn -0.04086451 -0.06491335 -0.99705383
vn -0.03996593 -0.05387888 -0.99774736
vn -0.14901784 -0.20905191 -0.96648382
vn -0.03831623 -0.04108005 -0.99842090
vn -0.17699183 -0.16118273 -0.97092431
vn -0.03307513 -0.01886104 -0.99927489
vn -0.03482918 0.00460403 -0.99938268
vn -0.20767652 -0.10210149 -0.97285443
vn -0.03183973 0.03569114 -0.99885553
vn -0.22440667 -0.03175491 -0.97397807
vn -0.02667161 0.06559590 -0.99748975
vn -0.59581872 -0.19679084 -0.77863561
vn -0.53677693 -0.33020656 -0.77642396
vn -0.39511155 -0.41713211 -0.81846665
vn -0.62645087 -0.50114574 -0.59700273
vn -0.36285982 -0.53169381 -0.76526756
vn -0.25959226 -0.59564555 -0.76014356
vn -0.15090157 -0.63554482 -0.75717336
vn -0.03942289 -0.65176311 -0.75739731
vn 0.03369248 -0.47080255 -0.88159502
vn 0.16235789 -0.74982127 -0.64141093
vn 0.04480301 -0.81208389 -0.58181823
vn 0.18511511 -0.61061065 -0.76999157
vn 0.29367660 -0.55112583 -0.78103417
vn 0.39556466 -0.46419756 -0.79249557
vn 0.48168739 -0.34898981 -0.80385532
vn -0.97064843 -0.24043026 -0.00590862
vn -0.99336195 -0.11492618 -0.00490034
vn -0.99331819 -0.11515366 -0.00765577
vn -0.99710512 -0.07597138 -0.00311815
vn -0.99876040 -0.04975544 -0.00143717
vn -0.88578721 -0.46406491 -0.00497774
vn -0.95326932 -0.30211904 -0.00129629
vn -0.97528185 -0.22096450 0.00001410
vn -0.98596408 -0.16693027 -0.00301928
vn -0.74878621 -0.66277490 -0.00697380
vn -0.79510423 -0.60646555 0.00296757
vn -0.89742564 -0.44116564 -0.00033127
vn -0.67102660 -0.74143014 0.00215740
vn -0.56682410 -0.82381918 -0.00569113
vn -0.54072909 -0.84119664 -0.00050317
vn -0.38680208 -0.92216275 0.00006740
vn -0.35579446 -0.93454948 -0.00525052
vn -0.21196372 -0.97727464 0.00237689
vn -0.12052697 -0.99268410 -0.00717776
vn -0.04132702 -0.99914428 0.00167028
vn 0.12049462 -0.99268954 -0.00696602
vn 0.12212514 -0.99251471 0.00000710
vn 0.28226960 -0.95933436 0.00120374
vn 0.35422582 -0.93512849 -0.00766671
vn 0.45002112 -0.89301125 0.00344903
vn 0.56896335 -0.82233518 -0.00674967
vn 0.60652135 -0.79506626 0.00121943
vn 0.74770178 -0.66400049 -0.00673838
vn 0.73502351 -0.67804161 -0.00013976
vn 0.83750357 -0.54642792 0.00207352
vn 0.88541627 -0.46472925 -0.00804741
vn 0.92444769 -0.38128708 0.00407836
vn 0.97118324 -0.23824878 -0.00637446
vn 0.98191485 -0.18931691 0.00152953
vn 0.99997979 -0.00092421 -0.00629041
vn 0.99998400 -0.00565713 0.00000000
vn 0.99104742 0.13350637 -0.00103155
vn 0.97097471 0.23904258 -0.00817025
vn 0.97143571 0.23730289 0.00009948
vn 0.93777764 0.34723630 -0.00022444
vn 0.88544133 0.46467669 -0.00831956
vn 0.88568159 0.46429281 0.00055067
vn 0.81973456 0.57274353 -0.00031063
vn 0.74845551 0.66313085 -0.00847558
vn 0.73715450 0.67572420 -0.00020865
vn 0.64453790 0.76457208 -0.00066504
vn 0.56787357 0.82307563 -0.00813129
vn 0.53812240 0.84286658 -0.00046482
vn 0.42858239 0.90350214 -0.00101260
vn 0.35393622 0.93524039 -0.00738670
vn 0.30118796 0.95356248 -0.00209880
vn 0.17661088 0.98427909 -0.00181071
vn 0.12075695 0.99265462 -0.00738627
vn 0.04346215 0.99905271 -0.00217270
vn -0.12005246 0.99273380 -0.00818575
vn -0.07845156 0.99691720 -0.00120675
vn -0.16328471 0.98657845 0.00102774
vn -0.35528207 0.93472673 -0.00778436
vn -0.26610918 0.96393266 -0.00444153
vn -0.31138080 0.95028436 -0.00128066
vn -0.35625880 0.93438538 0.00190496
vn -0.42112385 0.90700218 -0.00132334
vn -0.56737881 0.82342905 -0.00677465
vn -0.54226220 0.84020930 -0.00017044
vn -0.65653499 0.75429550 -0.00032867
vn -0.74876766 0.66278850 -0.00764166
vn -0.73802343 0.67477508 -0.00009633
vn -0.81263923 0.58276700 -0.00031769
vn -0.88535792 0.46485925 -0.00687238
vn -0.88522081 0.46517083 0.00046104
vn -0.94039449 0.34008558 -0.00008374
vn -0.97096768 0.23910212 -0.00720734
vn -0.97228071 0.23381662 0.00006104
vn -0.99113820 0.13283228 -0.00081045
vn -0.99327410 0.11558383 -0.00685115
vn -0.99739929 0.07207394 0.00000000
vn -0.99996920 -0.00784880 0.00000000
vn -0.99988840 -0.01493904 -0.00012808
vn -0.99953542 -0.03047380 -0.00053888
vn -0.00000039 -1.00000000 0.00001175
vn 0.00000000 -1.00000000 0.00000000
vn 0.00000000 -1.00000000 0.00000000
vn 0.00000000 -1.00000000 0.00000000
vn 0.00000000 -1.00000000 0.00000000
vn 0.00000000 -1.00000000 0.00000000
vn 0.00000000 -1.00000000 0.00000000
vn 0.00000064 -1.00000000 0.00000641
vn 0.00000211 -1.00000000 0.00000759
vn 0.00000000 -1.00000000 0.00000000
vn -0.00000128 -1.00000000 0.00000335
vn 0.00000000 -1.00000000 0.00000000
vn 0.00000000 -1.00000000 0.00000000
vn 0.00000000 -1.00000000 0.00000000
vn 0.00000000 -1.00000000 0.00000000
vn 0.00000000 -1.00000000 0.00000000
vn 0.00000000 -1.00000000 0.00000000
vn 0.00000000 -1.00000000 0.00000000
vn 0.00000000 -1.00000000 0.00000000
vn 0.00000000 -1.00000000 0.00000000
vn 0.00000000 -1.00000000 0.00000000
vn 0.00000000 -1.00000000 0.00000000
vn 0.00000000 -1.00000000 0.00000000
vn 0.00000000 -1.00000000 0.00000000
vn 0.00000000 -1.00000000 0.00000000
vn 0.00000000 -1.00000000 0.00000000
vn 0.00000000 -1.00000000 0.00000000
vn 0.00000000 -1.00000000 0.00000000
vn 0.00000000 -1.00000000 0.00000000
vn 0.00000000 -1.00000000 0.00000000
vn 0.00000000 -1.00000000 0.00000000
vn 0.00000000 -1.00000000 0.00000000
vn 0.00000000 -1.00000000 0.00000000
vn 0.00000000 -1.00000000 0.00000000
vn 0.00000000 -1.00000000 0.00000000
vn 0.00000000 -1.00000000 0.00000000
vn 0.00000000 -1.00000000 0.00000000
vn 0.00000000 -1.00000000 0.00000000
vn 0.00000000 -1.00000000 0.00000000
vn 0.00000000 -1.00000000 0.00000000
vn 0.00000000 -1.00000000 0.00000000
vn 0.00000000 -1.00000000 0.00000000
vn 0.00000000 -1.00000000 0.00000000
vn 0.00000000 -1.00000000 0.00000000
vn 0.00000000 -1.00000000 0.00000000
vn 0.00000000 -1.00000000 0.00000000
vn 0.00000000 -1.00000000 0.00000000
vn 0.00000000 -1.00000000 0.00000000
vn 0.00000000 -1.00000000 0.00000000
vn 0.00000000 -1.00000000 0.00000000
vn 0.00000000 -1.00000000 0.00000000
vn 0.00000000 -1.00000000 0.00000000
vn 0.00000000 -1.00000000 0.00000000
vn 0.00000000 -1.00000000 0.00000000
vn 0.00000000 -1.00000000 0.00000000
vn 0.00000000 -1.00000000 0.00000000
vn 0.00000000 -1.00000000 0.00000000
vn 0.00000000 -1.00000000 0.00000000
vn 0.00000000 -1.00000000 0.00000000
vn 0.00000000 -1.00000000 0.00000000
vn 0.00000000 -1.00000000 0.00000000
vn 0.00000000 -1.00000000 0.00000000
vn 0.00000000 -1.00000000 0.00000000
vn 0.00000000 -1.00000000 0.00000000
vn 0.00000000 -1.00000000 0.00000000
vn 0.00000000 -1.00000000 0.00000000
vn 0.00000000 -1.00000000 0.00000000
vn 0.00000000 -1.00000000 0.00000000
vn 0.00000000 -1.00000000 0.00000000
vn 0.00000000 -1.00000000 0.00000000
vn 0.00000000 -1.00000000 0.00000000
vn 0.00000000 -1.00000000 0.00000000
vn 0.00000000 -1.00000000 0.00000000
vn 0.00000000 -1.00000000 0.00000000
vn 0.00000000 -1.00000000 0.00000000
vn 0.00000000 -1.00000000 0.00000000
vn 0.00000000 -1.00000000 0.00000000
vn 0.00000000 -1.00000000 0.00000000
vn 0.00000000 -1.00000000 0.00000000
vn 0.00000000 -1.00000000 0.00000000
vn 0.00000000 -1.00000000 0.00000000
vn 0.00000000 -1.00000000 0.00000000
vn 0.00000000 -1.00000000 0.00000000
vn 0.00000000 -1.00000000 0.00000000
vn 0.00000000 -1.00000000 0.00000000
vn 0.00000000 -1.00000000 0.00000000
vn 0.00000000 -1.00000000 0.00000000
vn 0.00000000 -1.00000000 0.00000000
vn 0.00000000 -1.00000000 0.00000000
vn 0.00000000 -1.00000000 0.00000000
vn 0.00000000 -1.00000000 0.00000000
vn 0.00000000 -1.00000000 0.00000000
vn 0.00000000 -1.00000000 0.00000000
vn -0.00000081 -1.00000000 0.00000714
vn 0.00000237 -1.00000000 0.00000401
vn -0.00000034 -1.00000000 0.00000938
vn 0.00000033 -1.00000000 0.00000470
vn 0.00000000 -1.00000000 0.00000000
vn 0.00000000 -1.00000000 0.00000000
vn 0.00000000 -1.00000000 0.00000000
vn 0.00000000 -1.00000000 0.00000000
vn 0.00000000 -1.00000000 0.00000000
vn 0.00000000 -1.00000000 0.00000000
vn 0.00000000 -1.00000000 0.00000000
vn 0.00000000 -1.00000000 0.00000000
vn 0.00000000 -1.00000000 0.00000000
vn 0.00000000 -1.00000000 0.00000000
vn 0.00000000 -1.00000000 0.00000000
vn 0.00000000 -1.00000000 0.00000000
vn 0.00000000 -1.00000000 0.00000000
vn 0.00000000 -1.00000000 0.00000000
vn 0.00000000 -1.00000000 0.00000000
vn 0.00000000 -1.00000000 0.00000000
vn 0.00000000 -1.00000000 0.00000000
vn 0.00000000 -1.00000000 0.00000000
vn 0.00000000 -1.00000000 0.00000000
vn 0.00000000 -1.00000000 0.00000000
vn -0.00000426 -1.00000000 0.00000735
vn 0.00000128 -1.00000000 0.00000644
vn 0.00000084 -1.00000000 0.00001186
vn 0.00000631 -1.00000000 0.00001078
vn 0.00000254 -1.00000000 0.00001068
vn 0.00000833 -1.00000000 0.00000545
vn -0.00000140 -1.00000000 0.00000887
vn 0.00000000 -1.00000000 0.00000000
vn 0.00000000 -1.00000000 0.00000000
vn 0.00000000 -1.00000000 0.00000000
vn 0.00000000 -1.00000000 0.00000000
vn 0.00000000 -1.00000000 0.00000000
vn 0.00000000 -1.00000000 0.00000000
vn 0.00000000 -1.00000000 0.00000000
vn 0.00000000 -1.00000000 0.00000000
vn 0.00000000 -1.00000000 0.00000000
vn 0.00000000 -1.00000000 0.00000000
vn 0.00000000 -1.00000000 0.00000000
vn 0.00000000 -1.00000000 0.00000000
vn 0.00000000 -1.00000000 0.00000000
vn 0.00000000 -1.00000000 0.00000000
vn 0.00000000 -1.00000000 0.00000000
vn 0.00000000 -1.00000000 0.00000000
vn 0.00000000 -1.00000000 0.00000000
vn 0.00000000 -1.00000000 0.00000000
vn 0.00000000 -1.00000000 0.00000000
vn 0.00000000 -1.00000000 0.00000000
vn 0.00000000 -1.00000000 0.00000000
vn 0.00000427 -1.00000000 0.00000735
vn -0.00000128 -1.00000000 0.00000644
vn -0.00000085 -1.00000000 0.00001186
vn -0.00000631 -1.00000000 0.00001079
vn -0.00000254 -1.00000000 0.00001068
vn -0.00000833 -1.00000000 0.00000545
vn 0.00000140 -1.00000000 0.00000887
vn 0.00000000 -1.00000000 0.00000000
vn 0.00000000 -1.00000000 0.00000000
vn 0.00000000 -1.00000000 0.00000000
vn 0.00000000 -1.00000000 0.00000000
vn 0.00000000 -1.00000000 0.00000000
vn 0.00000000 -1.00000000 0.00000000
vn 0.00000000 -1.00000000 0.00000000
vn 0.00000000 -1.00000000 0.00000000
vn 0.00000000 -1.00000000 0.00000000
vn 0.00000000 -1.00000000 0.00000000
vn 0.00000000 -1.00000000 0.00000000
vn 0.00000000 -1.00000000 0.00000000
vn 0.00000000 -1.00000000 0.00000000
vn 0.00000000 -1.00000000 0.00000000
vn 0.00000000 -1.00000000 0.00000000
vn 0.00000000 -1.00000000 0.00000000
vn 0.00000000 -1.00000000 0.00000000
vn 0.00000000 -1.00000000 0.00000000
vn 0.00000000 -1.00000000 0.00000000
vn 0.00000000 1.00000000 0.00000000
vn 0.00000000 1.00000000 0.00000000
vn 0.00000000 1.00000000 0.00000000
vn 0.00000000 1.00000000 0.00000000
vn 0.00000000 1.00000000 0.00000000
vn 0.00000000 1.00000000 0.00000000
vn 0.00000000 1.00000000 0.00000000
vn 0.00000000 1.00000000 0.00000000
vn 0.00000000 1.00000000 0.00000000
vn 0.00000000 1.00000000 0.00000000
vn 0.00000000 1.00000000 0.00000000
vn 0.00000000 1.00000000 0.00000000
vn 0.00000000 1.00000000 0.00000000
vn 0.00000000 1.00000000 0.00000000
vn 0.00000000 1.00000000 0.00000000
vn 0.00000000 1.00000000 0.00000000
vn 0.00000000 1.00000000 0.00000000
vn 0.00000000 1.00000000 0.00000000
vn 0.00000000 1.00000000 0.00000000
vn 0.00000000 1.00000000 0.00000000
vn 0.00000000 1.00000000 0.00000000
vn 0.00000000 1.00000000 0.00000000
vn 0.00000000 1.00000000 0.00000000
vn 0.00000000 1.00000000 0.00000000
vn 0.00000000 1.00000000 0.00000000
vn 0.00000000 1.00000000 0.00000000
vn 0.00000000 1.00000000 0.00000000
vn 0.00000000 1.00000000 0.00000000
vn 0.00000000 1.00000000 0.00000000
vn 0.00000000 1.00000000 0.00000000
vn 0.00000000 1.00000000 0.00000000
vn 0.00000000 1.00000000 0.00000000
vn 0.00000000 1.00000000 0.00000000
vn 0.00000000 1.00000000 0.00000000
vn 0.00000000 1.00000000 0.00000000
vn 0.00000000 1.00000000 0.00000000
vn 0.00000000 1.00000000 0.00000000
vn 0.00000000 1.00000000 0.00000000
vn 0.00000000 1.00000000 0.00000000
vn 0.00000000 1.00000000 0.00000000
vn 0.00000000 1.00000000 0.00000000
vn 0.00000000 1.00000000 0.00000000
vn 0.00000000 1.00000000 0.00000000
vn 0.00000000 1.00000000 0.00000000
vn 0.00000000 1.00000000 0.00000000
vn 0.00000000 1.00000000 0.00000000
vn 0.00000000 1.00000000 0.00000000
vn 0.00000000 1.00000000 0.00000000
vn 0.00000000 1.00000000 0.00000000
vn 0.00000000 1.00000000 0.00000000
vn 0.00000000 1.00000000 0.00000000
vn 0.00000000 1.00000000 0.00000000
vn 0.00000000 1.00000000 0.00000000
vn 0.00000000 1.00000000 0.00000000
vn 0.00000000 0.00000000 -1.00000000
vn 0.00000000 0.00000000 -1.00000000
vn 0.00000000 0.00000000 -1.00000000
vn 0.00000000 0.00000000 -1.00000000
vn 0.00000000 0.00000000 -1.00000000
vn 0.00000000 0.00000000 -1.00000000
vn 0.00000000 0.00000000 -1.00000000
vn 0.00000000 0.00000000 -1.00000000
vn 0.00000000 0.00000000 -1.00000000
vn 0.00000000 0.00000000 -1.00000000
vn 0.00000000 0.00000000 -1.00000000
vn 0.00000000 0.00000000 -1.00000000
vn 0.00000000 0.00000000 -1.00000000
vn 0.00000000 0.00000000 -1.00000000
vn 0.00000000 0.00000000 -1.00000000
vn 0.00000000 0.00000000 -1.00000000
vn 0.00000000 0.00000000 -1.00000000
vn 0.00000000 0.00000000 -1.00000000
vn 0.00000000 0.00000000 -1.00000000
vn 0.00000000 0.00000000 -1.00000000
vn 0.00000000 0.00000000 -1.00000000
vn 0.00000000 0.00000000 -1.00000000
vn 0.00000000 0.00000000 -1.00000000
vn 0.00000000 0.00000000 -1.00000000
vn 0.00000000 0.00000000 -1.00000000
vn 0.00000000 0.00000000 -1.00000000
vn 0.00000000 0.00000000 -1.00000000
vn 0.00000000 0.00000000 -1.00000000
vn 0.00000000 0.00000000 -1.00000000
vn 0.00000000 0.00000000 -1.00000000
vn 0.00000000 0.00000000 -1.00000000
vn 0.00000000 0.00000000 -1.00000000
vn 0.00000000 0.00000000 -1.00000000
vn 0.00000000 0.00000000 -1.00000000
vn 0.00000000 0.00000000 -1.00000000
vn 0.00000000 0.00000000 -1.00000000
vn 0.00000000 0.00000000 -1.00000000
vn 0.00000000 0.00000000 -1.00000000
vn 0.00000000 0.00000000 -1.00000000
vn 0.00000000 0.00000000 -1.00000000
vn 0.00000000 0.00000000 -1.00000000
vn 0.00000000 0.00000000 -1.00000000
vn 0.00000000 0.00000000 -1.00000000
vn 0.00000000 0.00000000 -1.00000000
vn 0.00000000 0.00000000 -1.00000000
vn 0.00000000 0.00000000 -1.00000000
vn 0.00000000 0.00000000 -1.00000000
vn 0.00000000 0.00000000 -1.00000000
vn 0.00000000 0.00000000 -1.00000000
vn 0.00000000 0.00000000 -1.00000000
vn -0.27966657 -0.96009719 0.00000000
vn -0.27966657 -0.96009719 0.00000000
vn -0.51852888 -0.85506012 0.00000000
vn -0.42995736 -0.90284920 0.00000000
vn -0.72214357 -0.69174321 0.00000000
vn -0.62574811 -0.78002519 0.00000000
vn -0.72214357 -0.69174321 0.00000000
vn -0.87666123 -0.48110820 0.00000000
vn -0.87666123 -0.48110820 0.00000000
vn -0.97135736 -0.23762338 0.00000000
vn -0.97135736 -0.23762338 0.00000000
vn -0.99976790 0.02154389 0.00000000
vn -0.99976790 0.02154389 0.00000000
vn -0.96013540 0.27953537 0.00000000
vn -0.96013540 0.27953537 0.00000000
vn -0.91534406 0.40267263 0.00000000
vn -0.85967501 0.51084134 0.00000000
vn -0.77977785 0.62605631 0.00000000
vn -0.77977785 0.62605631 0.00000000
vn -0.69160748 0.72227356 0.00000000
vn -0.69160748 0.72227356 0.00000000
vn -0.48112415 0.87665247 0.00000000
vn -0.48112415 0.87665247 0.00000000
vn -0.23788726 0.97129277 0.00000000
vn -0.23788726 0.97129277 0.00000000
vn 0.02155397 0.99976769 0.00000000
vn 0.02155397 0.99976769 0.00000000
vn 0.27980890 0.96005572 0.00000000
vn 0.27980890 0.96005572 0.00000000
vn 0.40269405 0.91533464 0.00000000
vn 0.40269405 0.91533464 0.00000000
vn 0.62568130 0.78007879 0.00000000
vn 0.62568130 0.78007879 0.00000000
vn 0.72222650 0.69165662 0.00000000
vn 0.72222650 0.69165662 0.00000000
vn 0.87673992 0.48096478 0.00000000
vn 0.87673992 0.48096478 0.00000000
vn 0.97135041 0.23765179 0.00000000
vn 0.97135041 0.23765179 0.00000000
vn 0.99976945 -0.02147223 0.00000000
vn 0.99976945 -0.02147223 0.00000000
vn 0.96011557 -0.27960346 0.00000000
vn 0.96011557 -0.27960346 0.00000000
vn 0.91525344 -0.40287856 0.00000000
vn 0.91525344 -0.40287856 0.00000000
vn 0.78001249 -0.62576395 0.00000000
vn 0.78001249 -0.62576395 0.00000000
vn 0.69158393 -0.72229611 0.00000000
vn 0.78001249 -0.62576395 0.00000000
vn 0.69158393 -0.72229611 0.00000000
vn 0.48114775 -0.87663952 0.00000000
vn 0.48114775 -0.87663952 0.00000000
vn 0.23785819 -0.97129989 0.00000000
vn 0.23785819 -0.97129989 0.00000000
vn -0.02182721 -0.99976176 0.00000000
vn -0.02182721 -0.99976176 0.00000000
vn 0.00000000 0.00000000 -1.00000000
vn 0.00000000 0.00000000 -1.00000000
vn 0.00000000 0.00000000 -1.00000000
vn 0.00000000 0.00000000 -1.00000000
vn 0.00000000 0.00000000 -1.00000000
vn 0.00000000 0.00000000 -1.00000000
vn 0.00000000 0.00000000 -1.00000000
vn 0.00000000 0.00000000 -1.00000000
vn 0.00000000 0.00000000 -1.00000000
vn 0.00000000 0.00000000 -1.00000000
vn 0.00000000 0.00000000 -1.00000000
vn 0.00000000 0.00000000 -1.00000000
vn 0.00000000 0.00000000 -1.00000000
vn 0.00000000 0.00000000 -1.00000000
vn 0.00000000 0.00000000 -1.00000000
vn 0.00000000 0.00000000 -1.00000000
vn 0.00000000 0.00000000 -1.00000000
vn 0.00000000 0.00000000 -1.00000000
vn 0.00000000 0.00000000 -1.00000000
vn -0.04090470 -0.18610287 -0.98167842
vn -0.11158402 -0.38024162 -0.91813142
vn -0.07522152 -0.17820215 -0.98111453
vn -0.12544968 -0.28530549 -0.95019112
vn -0.12326741 -0.14908148 -0.98111154
vn -0.24453713 -0.36415959 -0.89865977
vn -0.28569748 -0.27466172 -0.91811649
vn -0.37347248 -0.59387163 -0.71262528
vn -0.51625453 -0.49440195 -0.69931965
vn -0.48748983 -0.77909624 -0.39416078
vn -0.66891318 -0.64056271 -0.37713998
vn -0.61411336 -0.76528150 -0.19289636
vn -0.45491217 -0.86909208 -0.19425209
vn -0.70839010 -0.67838422 -0.19488024
vn -0.00888250 -0.39634837 -0.91805722
vn 0.02204566 -0.18887599 -0.98175346
vn 0.09476636 -0.38501319 -0.91803278
vn 0.08302565 -0.17186409 -0.98161575
vn 0.19142012 -0.34694250 -0.91814445
vn 0.13400508 -0.13677248 -0.98149678
vn 0.27379536 -0.28651454 -0.91812065
vn 0.33844465 -0.20617652 -0.91812116
vn 0.61124889 -0.37076979 -0.69921710
vn 0.68640080 -0.19980099 -0.69923781
vn 0.88917747 -0.25877954 -0.37735470
vn 0.92594229 -0.02007026 -0.37713136
vn 0.98057116 -0.02112013 -0.19502343
vn 0.95268652 0.23311506 -0.19505322
vn 0.89972227 0.22001753 -0.37695110
vn 0.85996335 0.47167744 -0.19489338
vn 0.81191303 0.44559214 -0.37715366
vn 0.70822363 0.67843598 -0.19530467
vn 0.66874124 0.64054902 -0.37746802
vn 0.45507910 0.86890458 -0.19469937
vn 0.61404760 0.76519454 -0.19344992
vn 0.48033138 0.79182172 -0.37722690
vn 0.27434784 0.94158905 -0.19530314
vn 0.25887910 0.88911905 -0.37742408
vn 0.02107327 0.98043598 -0.19570693
vn 0.02001790 0.92590589 -0.37722350
vn -0.23319688 0.95264180 -0.19517384
vn -0.22016094 0.89969671 -0.37692837
vn -0.47191065 0.85975157 -0.19526284
vn -0.44557884 0.81192470 -0.37714425
vn -0.67826039 0.70851172 -0.19486916
vn -0.64053707 0.66902340 -0.37698801
vn -0.86887634 0.45518370 -0.19458084
vn -0.76518539 0.61403272 -0.19353330
vn -0.79185662 0.48029272 -0.37720286
vn -0.94165574 0.27408577 -0.19534959
vn -0.88919285 0.25880321 -0.37730224
vn -0.98056952 0.02123657 -0.19501905
vn -0.92593988 0.02002826 -0.37713950
vn -0.95269202 -0.23310664 -0.19503645
vn -0.89969535 -0.22008179 -0.37697782
vn -0.85975060 -0.47189656 -0.19530116
vn -0.81192864 -0.44557024 -0.37714591
vn 0.17032778 -0.08518020 -0.98169893
vn 0.38062775 -0.11100571 -0.91804153
vn 0.71480479 -0.01560996 -0.69914980
vn 0.18860697 -0.02492871 -0.98173620
vn 0.39632103 -0.00803641 -0.91807683
vn 0.69455766 0.16987135 -0.69909469
vn 0.18735881 0.03862103 -0.98153201
vn 0.38436038 0.09506003 -0.91827593
vn 0.62652169 0.34400374 -0.69937973
vn 0.16578174 0.09606224 -0.98147260
vn 0.34753290 0.18998390 -0.91821947
vn 0.51625404 0.49440347 -0.69931893
vn 0.28685381 0.27367393 -0.91805091
vn 0.12427188 0.14422073 -0.98171120
vn 0.20558864 0.33896357 -0.91806155
vn 0.07047869 0.17683895 -0.98171317
vn 0.11022983 0.38075564 -0.91808198
vn 0.00860629 0.19138404 -0.98147750
vn 0.00782750 0.39586640 -0.91827476
vn -0.09332940 0.38482715 -0.91825796
vn -0.17006862 0.69447150 -0.69913232
vn -0.34396349 0.62670395 -0.69923621
vn -0.05234804 0.18402697 -0.98152624
vn -0.19013366 0.34765250 -0.91814320
vn -0.49444767 0.51649166 -0.69911220
vn -0.10916298 0.15564837 -0.98176221
vn -0.27424232 0.28632526 -0.91804629
vn -0.61130290 0.37068103 -0.69921695
vn -0.15420177 0.11169442 -0.98170575
vn -0.33926218 0.20480221 -0.91812702
vn -0.68643795 0.19991996 -0.69916732
vn -0.18326334 0.05568668 -0.98148538
vn -0.38060657 0.11050659 -0.91811052
vn -0.71480210 0.01558000 -0.69915322
vn -0.39610490 0.00948327 -0.91815629
vn -0.19088877 -0.00578610 -0.98159462
vn -0.38500184 -0.09385192 -0.91813147
vn -0.17773239 -0.06776513 -0.98174288
vn -0.34724386 -0.19101825 -0.91811423
vn -0.14618638 -0.12231682 -0.98166600
vn 0.94166774 -0.27408764 -0.19528910
vn 0.79184964 -0.48043058 -0.37704192
vn 0.49433675 -0.51638678 -0.69926809
vn 0.85258420 -0.48502703 -0.19454810
vn 0.64051161 -0.66892890 -0.37719888
vn 0.34394150 -0.62661152 -0.69932985
vn 0.76532014 -0.61397703 -0.19317684
vn 0.67835036 -0.70844930 -0.19478290
vn 0.44548725 -0.81198049 -0.37713233
vn 0.17005401 -0.69436127 -0.69924535
vn 0.47188926 -0.85989984 -0.19466072
vn 0.22021566 -0.89957198 -0.37719401
vn -0.01546737 -0.71475153 -0.69920742
vn 0.23334173 -0.95263875 -0.19501552
vn -0.02003975 -0.92593856 -0.37714213
vn -0.19630454 -0.70442352 -0.68209386
vn -0.02134549 -0.98060834 -0.19481182
vn -0.25012638 -0.89978555 -0.35752308
vn -0.33528559 -0.76299766 -0.55264649
vn -0.22478263 -0.51152995 -0.82934304
vn -0.24771822 -0.94911713 -0.19445400
vn -0.39484134 -0.89824641 -0.19301216
vn -0.33540631 -0.76303437 -0.55252253
vn -0.39486498 -0.89824389 -0.19297555
vn 0.37076210 0.61123457 -0.69923370
vn 0.19993396 0.68639067 -0.69920973
vn 0.01565110 0.71491034 -0.69904095
vn -0.69456865 -0.16991205 -0.69907388
vn -0.62663534 -0.34403719 -0.69926144
f 1//1 2//2 3//3
f 3//3 2//2 4//4
f 5//5 6//6 7//7
f 7//7 6//6 8//8
f 7//7 8//8 9//9
f 9//9 8//8 10//10
f 9//9 10//10 11//11
f 11//11 10//10 12//12
f 11//11 12//12 13//13
f 13//13 12//12 14//14
f 13//13 14//14 15//15
f 15//15 14//14 16//16
f 15//15 16//16 17//17
f 17//17 16//16 18//18
f 17//17 18//18 19//19
f 19//19 18//18 20//20
f 19//19 20//20 21//21
f 21//21 20//20 22//22
f 23//23 24//24 25//25
f 25//25 24//24 26//26
f 25//25 26//26 27//27
f 25//25 27//27 28//28
f 28//28 27//27 29//29
f 28//28 29//29 30//30
f 30//30 29//29 31//31
f 30//30 31//31 32//32
f 32//32 31//31 33//33
f 32//32 33//33 34//34
f 34//34 33//33 35//35
f 34//34 35//35 36//36
f 36//36 35//35 37//37
f 36//36 37//37 38//38
f 38//38 37//37 39//39
f 38//38 39//39 40//40
f 40//40 39//39 41//41
f 40//40 41//41 42//42
f 42//42 41//41 43//43
f 42//42 43//43 44//44
f 44//44 43//43 45//45
f 44//44 45//45 46//46
f 46//46 47//47 44//44
f 44//44 47//47 48//48
f 48//48 47//47 49//49
f 48//48 49//49 50//50
f 50//50 49//49 51//51
f 50//50 51//51 52//52
f 52//52 51//51 53//53
f 52//52 53//53 54//54
f 54//54 53//53 55//55
f 54//54 55//55 56//56
f 56//56 55//55 57//57
f 56//56 57//57 58//58
f 58//58 57//57 59//59
f 58//58 59//59 60//60
f 60//60 59//59 61//61
f 60//60 61//61 62//62
f 62//62 61//61 23//23
f 62//62 23//23 25//25
f 63//63 64//64 65//65
f 65//65 64//64 66//66
f 65//65 66//66 67//67
f 67//67 66//66 68//68
f 67//67 68//68 69//69
f 69//69 68//68 70//70
f 69//69 70//70 71//71
f 71//71 70//70 72//72
f 71//71 72//72 73//73
f 73//73 72//72 74//74
f 73//73 74//74 75//75
f 75//75 74//74 76//76
f 75//75 76//76 77//77
f 77//77 76//76 78//78
f 77//77 78//78 79//79
f 79//79 78//78 80//80
f 81//81 82//82 83//83
f 83//83 82//82 84//84
f 85//85 86//86 87//87
f 88//88 86//86 89//89
f 90//90 91//91 92//92
f 92//92 93//93 94//94
f 92//92 94//94 95//95
f 95//95 94//94 96//96
f 95//95 96//96 97//97
f 97//97 96//96 98//98
f 97//97 98//98 99//99
f 99//99 98//98 100//100
f 99//99 100//100 101//101
f 101//101 100//100 102//102
f 103//103 104//104 105//105
f 105//105 102//102 106//106
f 105//105 106//106 107//107
f 107//107 106//106 108//108
f 107//107 108//108 109//109
f 109//109 108//108 110//110
f 109//109 110//110 111//111
f 111//111 110//110 112//112
f 111//111 112//112 113//113
f 113//113 112//112 114//114
f 113//113 114//114 115//115
f 116//116 114//114 117//117
f 115//115 118//118 119//119
f 119//119 117//117 120//120
f 119//119 120//120 121//121
f 121//121 120//120 122//122
f 121//121 122//122 123//123
f 123//123 122//122 124//124
f 123//123 124//124 125//125
f 125//125 124//124 126//126
f 125//125 126//126 127//127
f 127//127 126//126 128//128
f 129//129 130//130 131//131
f 131//131 128//128 132//132
f 131//131 132//132 133//133
f 133//133 132//132 134//134
f 133//133 134//134 135//135
f 135//135 134//134 136//136
f 135//135 136//136 137//137
f 137//137 136//136 138//138
f 137//137 138//138 85//85
f 85//85 138//138 86//86
f 139//139 140//140 141//141
f 141//141 140//140 142//142
f 141//141 142//142 143//143
f 143//143 142//142 144//144
f 143//143 144//144 145//145
f 145//145 144//144 146//146
f 145//145 146//146 147//147
f 147//147 146//146 148//148
f 147//147 148//148 149//149
f 149//149 148//148 150//150
f 149//149 150//150 151//151
f 151//151 150//150 152//152
f 151//151 152//152 153//153
f 153//153 152//152 154//154
f 153//153 154//154 155//155
f 155//155 154//154 156//156
f 155//155 156//156 157//157
f 157//157 156//156 158//158
f 157//157 158//158 159//159
f 159//159 158//158 160//160
f 159//159 160//160 161//161
f 161//161 162//162 159//159
f 159//159 162//162 163//163
f 163//163 162//162 164//164
f 163//163 164//164 165//165
f 165//165 164//164 166//166
f 165//165 166//166 167//167
f 167//167 166//166 168//168
f 167//167 168//168 169//169
f 169//169 168//168 170//170
f 169//169 170//170 171//171
f 171//171 170//170 172//172
f 171//171 172//172 173//173
f 173//173 172//172 174//174
f 173//173 174//174 175//175
f 175//175 174//174 176//176
f 175//175 176//176 177//177
f 177//177 176//176 178//178
f 177//177 178//178 141//141
f 141//141 178//178 139//139
f 179//179 180//180 181//181
f 181//181 180//180 182//182
f 181//181 182//182 183//183
f 183//183 182//182 184//184
f 183//183 184//184 185//185
f 185//185 184//184 186//186
f 185//185 186//186 187//187
f 187//187 186//186 188//188
f 187//187 188//188 189//189
f 189//189 188//188 190//190
f 190//190 188//188 191//191
f 190//190 191//191 192//192
f 179//179 193//193 180//180
f 180//180 193//193 194//194
f 194//194 193//193 195//195
f 194//194 195//195 196//196
f 197//197 198//198 196//196
f 196//196 198//198 199//199
f 196//196 199//199 200//200
f 197//197 201//201 198//198
f 200//200 194//194 196//196
f 190//190 192//192 202//202
f 202//202 192//192 203//203
f 202//202 203//203 204//204
f 205//205 206//206 204//204
f 204//204 206//206 202//202
f 207//207 208//208 185//185
f 185//185 208//208 209//209
f 185//185 209//209 183//183
f 208//208 207//207 210//210
f 210//210 207//207 211//211
f 210//210 211//211 212//212
f 210//210 212//212 213//213
f 213//213 212//212 214//214
f 213//213 214//214 215//215
f 215//215 214//214 216//216
f 216//216 214//214 217//217
f 208//208 218//218 209//209
f 209//209 218//218 219//219
f 219//219 218//218 220//220
f 219//219 220//220 221//221
f 219//219 221//221 222//222
f 222//222 221//221 223//223
f 222//222 223//223 224//224
f 224//224 225//225 222//222
f 222//222 225//225 226//226
f 226//226 225//225 227//227
f 228//228 229//229 230//230
f 230//230 229//229 231//231
f 232//232 233//233 234//234
f 234//234 233//233 235//235
f 236//236 237//237 238//238
f 238//238 237//237 239//239
f 239//239 237//237 240//240
f 239//239 240//240 241//241
f 241//241 240//240 242//242
f 241//241 242//242 243//243
f 243//243 242//242 244//244
f 243//243 244//244 245//245
f 245//245 244//244 246//246
f 245//245 246//246 247//247
f 247//247 246//246 248//248
f 247//247 248//248 249//249
f 249//249 248//248 250//250
f 249//249 250//250 251//251
f 251//251 250//250 252//252
f 251//251 252//252 253//253
f 253//253 252//252 254//254
f 253//253 254//254 255//255
f 255//255 254//254 256//256
f 255//255 256//256 257//257
f 257//257 256//256 258//258
f 257//257 258//258 259//259
f 260//260 261//261 262//262
f 262//262 261//261 263//263
f 264//264 265//265 266//266
f 266//266 265//265 267//267
f 266//266 267//267 268//268
f 268//268 267//267 269//269
f 268//268 269//269 270//270
f 270//270 269//269 271//271
f 270//270 271//271 272//272
f 272//272 271//271 273//273
f 272//272 273//273 274//274
f 274//274 273//273 275//275
f 274//274 275//275 276//276
f 276//276 275//275 277//277
f 276//276 277//277 278//278
f 278//278 277//277 279//279
f 278//278 279//279 280//280
f 280//280 279//279 281//281
f 280//280 281//281 282//282
f 282//282 281//281 283//283
f 282//282 283//283 284//284
f 284//284 283//283 285//285
f 284//284 285//285 286//286
f 286//286 285//285 287//287
f 286//286 287//287 288//288
f 288//288 287//287 289//289
f 288//288 289//289 290//290
f 290//290 289//289 291//291
f 292//292 293//293 294//294
f 294//294 293//293 295//295
f 295//295 293//293 296//296
f 295//295 296//296 297//297
f 297//297 296//296 298//298
f 297//297 298//298 299//299
f 297//297 299//299 300//300
f 300//300 299//299 301//301
f 300//300 301//301 302//302
f 302//302 301//301 303//303
f 302//302 303//303 304//304
f 304//304 303//303 305//305
f 304//304 305//305 306//306
f 304//304 306//306 307//307
f 307//307 306//306 308//308
f 307//307 308//308 309//309
f 309//309 308//308 310//310
f 309//309 310//310 311//311
f 311//311 310//310 312//312
f 312//312 310//310 313//313
f 312//312 313//313 314//314
f 314//314 313//313 315//315
f 314//314 315//315 316//316
f 316//316 315//315 317//317
f 316//316 317//317 318//318
f 316//316 318//318 319//319
f 319//319 318//318 320//320
f 319//319 320//320 321//321
f 321//321 320//320 322//322
f 323//323 320//320 324//324
f 325//325 326//326 327//327
f 327//327 326//326 328//328
f 329//329 330//330 331//331
f 331//331 330//330 332//332
f 333//333 334//334 335//335
f 335//335 334//334 336//336
f 335//335 336//336 337//337
f 337//337 336//336 338//338
f 337//337 338//338 339//339
f 339//339 338//338 340//340
f 341//341 342//342 343//343
f 343//343 342//342 344//344
f 345//345 346//346 347//347
f 347//347 346//346 348//348
f 347//347 348//348 349//349
f 349//349 348//348 350//350
f 349//349 350//350 351//351
f 351//351 352//352 349//349
f 349//349 352//352 353//353
f 349//349 353//353 354//354
f 354//354 353//353 355//355
f 354//354 355//355 356//356
f 356//356 355//355 357//357
f 357//357 355//355 358//358
f 357//357 358//358 359//359
f 359//359 358//358 360//360
f 360//360 358//358 361//361
f 360//360 361//361 362//362
f 362//362 361//361 363//363
f 363//363 361//361 364//364
f 363//363 364//364 365//365
f 365//365 364//364 366//366
f 365//365 366//366 367//367
f 367//367 366//366 368//368
f 367//367 368//368 369//369
f 369//369 368//368 370//370
f 369//369 370//370 371//371
f 371//371 370//370 372//372
f 372//372 370//370 373//373
f 372//372 373//373 374//374
f 374//374 375//375 372//372
f 372//372 375//375 376//376
f 376//376 375//375 377//377
f 376//376 377//377 378//378
f 378//378 379//379 376//376
f 376//376 379//379 380//380
f 380//380 379//379 381//381
f 380//380 381//381 382//382
f 380//380 382//382 383//383
f 383//383 382//382 384//384
f 383//383 384//384 385//385
f 385//385 386//386 383//383
f 383//383 386//386 387//387
f 387//387 386//386 388//388
f 388//388 386//386 389//389
f 388//388 389//389 390//390
f 390//390 389//389 391//391
f 390//390 391//391 392//392
f 392//392 391//391 393//393
f 392//392 393//393 394//394
f 394//394 393//393 395//395
f 395//395 393//393 396//396
f 395//395 396//396 397//397
f 395//395 397//397 398//398
f 398//398 397//397 399//399
f 398//398 399//399 400//400
f 400//400 399//399 401//401
f 400//400 401//401 402//402
f 402//402 401//401 403//403
f 403//403 401//401 404//404
f 403//403 404//404 405//405
f 405//405 406//406 403//403
f 403//403 406//406 407//407
f 403//403 407//407 347//347
f 347//347 407//407 408//408
f 347//347 408//408 409//409
f 409//409 410//410 347//347
f 347//347 410//410 345//345
f 411//411 412//412 413//413
f 413//413 412//412 414//414
f 414//414 412//412 415//415
f 414//414 415//415 416//416
f 416//416 415//415 417//417
f 416//416 417//417 418//418
f 418//418 417//417 419//419
f 418//418 419//419 420//420
f 420//420 419//419 421//421
f 420//420 421//421 422//422
f 422//422 421//421 423//423
f 424//424 425//425 426//426
f 427//427 428//428 429//429
f 427//427 429//429 430//430
f 430//430 429//429 431//431
f 430//430 431//431 432//432
f 432//432 431//431 433//433
f 432//432 433//433 434//434
f 434//434 433//433 435//435
f 434//434 435//435 436//436
f 436//436 435//435 437//437
f 438//438 437//437 439//439
f 439//439 437//437 440//440
f 439//439 440//440 441//441
f 441//441 440//440 442//442
f 442//442 440//440 443//443
f 442//442 443//443 444//444
f 444//444 443//443 445//445
f 444//444 445//445 446//446
f 447//447 445//445 448//448
f 447//447 448//448 449//449
f 449//449 448//448 450//450
f 449//449 450//450 451//451
f 451//451 450//450 452//452
f 451//451 452//452 453//453
f 453//453 452//452 424//424
f 453//453 424//424 426//426
f 454//454 455//455 456//456
f 456//456 455//455 457//457
f 456//456 457//457 458//458
f 455//455 459//459 457//457
f 457//457 459//459 460//460
f 457//457 460//460 461//461
f 461//461 460//460 462//462
f 461//461 462//462 463//463
f 461//461 463//463 464//464
f 464//464 463//463 465//465
f 464//464 465//465 466//466
f 464//464 466//466 467//467
f 467//467 466//466 468//468
f 467//467 468//468 469//469
f 470//470 471//471 469//469
f 469//469 471//471 472//472
f 469//469 472//472 467//467
f 467//467 472//472 473//473
f 473//473 472//472 474//474
f 474//474 472//472 475//475
f 474//474 475//475 476//476
f 476//476 475//475 477//477
f 477//477 475//475 478//478
f 477//477 478//478 479//479
f 475//475 480//480 478//478
f 478//478 480//480 481//481
f 479//479 482//482 477//477
f 477//477 482//482 483//483
f 483//483 482//482 484//484
f 483//483 484//484 485//485
f 483//483 485//485 486//486
f 486//486 485//485 487//487
f 486//486 487//487 488//488
f 488//488 487//487 489//489
f 488//488 489//489 490//490
f 490//490 489//489 491//491
f 488//488 490//490 492//492
f 492//492 490//490 493//493
f 492//492 493//493 458//458
f 458//458 493//493 456//456
f 494//494 495//495 496//496
f 496//496 495//495 497//497
f 496//496 497//497 498//498
f 498//498 497//497 499//499
f 498//498 499//499 500//500
f 501//501 502//502 503//503
f 503//503 502//502 504//504
f 504//504 502//502 505//505
f 504//504 505//505 506//506
f 506//506 505//505 507//507
f 506//506 507//507 508//508
f 508//508 507//507 509//509
f 508//508 509//509 510//510
f 510//510 509//509 511//511
f 510//510 511//511 512//512
f 510//510 512//512 513//513
f 513//513 512//512 514//514
f 513//513 514//514 515//515
f 515//515 514//514 516//516
f 515//515 516//516 517//517
f 517//517 516//516 518//518
f 517//517 518//518 519//519
f 517//517 519//519 520//520
f 520//520 519//519 521//521
f 520//520 521//521 522//522
f 522//522 521//521 523//523
f 522//522 523//523 524//524
f 524//524 523//523 525//525
f 524//524 525//525 526//526
f 524//524 526//526 527//527
f 527//527 526//526 528//528
f 527//527 528//528 529//529
f 529//529 528//528 530//530
f 529//529 530//530 531//531
f 531//531 530//530 532//532
f 531//531 532//532 533//533
f 534//534 535//535 533//533
f 533//533 535//535 531//531
f 536//536 537//537 538//538
f 538//538 537//537 539//539
f 540//540 541//541 542//542
f 542//542 541//541 543//543
f 544//544 545//545 546//546
f 546//546 545//545 547//547
f 546//546 547//547 548//548
f 548//548 547//547 549//549
f 550//550 551//551 552//552
f 552//552 551//551 553//553
f 552//552 553//553 554//554
f 554//554 553//553 555//555
f 554//554 555//555 556//556
f 556//556 555//555 557//557
f 556//556 557//557 558//558
f 558//558 557//557 559//559
f 558//558 559//559 560//560
f 560//560 559//559 561//561
f 560//560 561//561 562//562
f 562//562 561//561 563//563
f 551//551 550//550 564//564
f 564//564 550//550 565//565
f 564//564 565//565 566//566
f 566//566 565//565 567//567
f 566//566 567//567 568//568
f 568//568 567//567 569//569
f 568//568 569//569 570//570
f 570//570 569//569 571//571
f 572//572 573//573 574//574
f 574//574 573//573 575//575
f 576//576 577//577 578//578
f 578//578 579//579 580//580
f 578//578 580//580 581//581
f 581//581 580//580 582//582
f 581//581 582//582 583//583
f 583//583 582//582 584//584
f 583//583 584//584 585//585
f 585//585 584//584 586//586
f 585//585 586//586 587//587
f 587//587 586//586 588//588
f 587//587 588//588 589//589
f 589//589 588//588 590//590
f 589//589 590//590 591//591
f 591//591 590//590 592//592
f 591//591 592//592 593//593
f 593//593 592//592 594//594
f 593//593 594//594 595//595
f 595//595 594//594 596//596
f 595//595 596//596 597//597
f 597//597 596//596 598//598
f 597//597 598//598 599//599
f 599//599 598//598 600//600
f 601//601 602//602 603//603
f 603//603 600//600 604//604
f 603//603 604//604 605//605
f 605//605 604//604 606//606
f 605//605 606//606 607//607
f 607//607 606//606 608//608
f 607//607 608//608 609//609
f 609//609 608//608 610//610
f 609//609 610//610 611//611
f 611//611 610//610 612//612
f 611//611 612//612 613//613
f 613//613 612//612 614//614
f 613//613 614//614 615//615
f 615//615 614//614 616//616
f 615//615 616//616 617//617
f 617//617 616//616 618//618
f 617//617 618//618 619//619
f 619//619 618//618 620//620
f 619//619 620//620 572//572
f 572//572 620//620 573//573
f 621//621 622//622 623//623
f 623//623 622//622 624//624
f 623//623 624//624 625//625
f 625//625 624//624 626//626
f 625//625 626//626 627//627
f 627//627 626//626 628//628
f 627//627 628//628 629//629
f 630//630 631//631 632//632
f 632//632 631//631 633//633
f 634//634 635//635 636//636
f 636//636 635//635 637//637
f 636//636 637//637 638//638
f 638//638 637//637 639//639
f 638//638 639//639 640//640
f 640//640 639//639 641//641
f 640//640 641//641 642//642
f 642//642 641//641 643//643
f 642//642 643//643 644//644
f 644//644 643//643 645//645
f 644//644 645//645 646//646
f 646//646 645//645 647//647
f 646//646 647//647 648//648
f 648//648 647//647 649//649
f 648//648 649//649 630//630
f 630//630 649//649 631//631
f 650//650 651//651 652//652
f 652//652 651//651 653//653
f 652//652 653//653 654//654
f 654//654 653//653 655//655
f 654//654 655//655 656//656
f 656//656 655//655 657//657
f 656//656 657//657 658//658
f 659//659 660//660 661//661
f 661//661 660//660 662//662
f 663//663 664//664 665//665
f 665//665 664//664 666//666
f 665//665 666//666 667//667
f 667//667 666//666 668//668
f 667//667 668//668 669//669
f 669//669 668//668 670//670
f 669//669 670//670 671//671
f 671//671 670//670 672//672
f 671//671 672//672 673//673
f 673//673 672//672 674//674
f 673//673 674//674 675//675
f 675//675 674//674 676//676
f 675//675 676//676 677//677
f 677//677 676//676 678//678
f 677//677 678//678 659//659
f 659//659 678//678 660//660
f 679//679 680//680 681//681
f 681//681 680//680 682//682
f 681//681 682//682 683//683
f 683//683 682//682 684//684
f 683//683 684//684 685//685
f 685//685 684//684 686//686
f 685//685 686//686 687//687
f 688//688 689//689 690//690
f 690//690 689//689 691//691
f 692//692 693//693 694//694
f 694//694 693//693 695//695
f 694//694 695//695 696//696
f 696//696 695//695 697//697
f 696//696 697//697 698//698
f 698//698 697//697 699//699
f 698//698 699//699 700//700
f 700//700 699//699 701//701
f 700//700 701//701 702//702
f 702//702 701//701 703//703
f 702//702 703//703 704//704
f 704//704 703//703 705//705
f 704//704 705//705 706//706
f 706//706 705//705 707//707
f 706//706 707//707 688//688
f 688//688 707//707 689//689
f 708//708 709//709 710//710
f 710//710 709//709 711//711
f 710//710 711//711 712//712
f 712//712 711//711 713//713
f 712//712 713//713 714//714
f 714//714 713//713 715//715
f 714//714 715//715 716//716
f 717//717 718//718 719//719
f 719//719 718//718 720//720
f 721//721 722//722 723//723
f 723//723 722//722 724//724
f 723//723 724//724 725//725
f 725//725 724//724 726//726
f 725//725 726//726 727//727
f 727//727 726//726 728//728
f 727//727 728//728 729//729
f 729//729 728//728 730//730
f 729//729 730//730 731//731
f 731//731 730//730 732//732
f 731//731 732//732 733//733
f 733//733 732//732 734//734
f 733//733 734//734 735//735
f 735//735 734//734 736//736
f 735//735 736//736 717//717
f 717//717 736//736 718//718
f 737//737 738//738 739//739
f 739//739 738//738 740//740
f 739//739 740//740 741//741
f 741//741 740//740 742//742
f 741//741 742//742 743//743
f 743//743 742//742 744//744
f 743//743 744//744 745//745
f 746//746 747//747 748//748
f 748//748 747//747 749//749
f 750//750 751//751 752//752
f 752//752 751//751 753//753
f 752//752 753//753 754//754
f 754//754 753//753 755//755
f 754//754 755//755 756//756
f 756//756 755//755 757//757
f 756//756 757//757 758//758
f 758//758 757//757 759//759
f 758//758 759//759 760//760
f 760//760 759//759 761//761
f 760//760 761//761 762//762
f 762//762 761//761 763//763
f 762//762 763//763 764//764
f 764//764 763//763 765//765
f 764//764 765//765 746//746
f 746//746 765//765 747//747
f 766//766 767//767 768//768
f 768//768 767//767 769//769
f 768//768 769//769 770//770
f 770//770 769//769 771//771
f 770//770 771//771 772//772
f 772//772 771//771 773//773
f 772//772 773//773 774//774
f 775//775 776//776 777//777
f 777//777 776//776 778//778
f 779//779 780//780 781//781
f 781//781 780//780 782//782
f 781//781 782//782 783//783
f 783//783 782//782 784//784
f 783//783 784//784 785//785
f 785//785 784//784 786//786
f 785//785 786//786 787//787
f 787//787 786//786 788//788
f 787//787 788//788 789//789
f 789//789 788//788 790//790
f 789//789 790//790 791//791
f 791//791 790//790 792//792
f 791//791 792//792 793//793
f 793//793 792//792 794//794
f 793//793 794//794 775//775
f 775//775 794//794 776//776
f 795//795 796//796 797//797
f 797//797 796//796 798//798
f 797//797 798//798 799//799
f 799//799 798//798 800//800
f 799//799 800//800 801//801
f 801//801 800//800 802//802
f 801//801 802//802 803//803
f 804//804 805//805 806//806
f 806//806 805//805 807//807
f 808//808 809//809 810//810
f 810//810 809//809 811//811
f 810//810 811//811 812//812
f 812//812 811//811 813//813
f 812//812 813//813 814//814
f 814//814 813//813 815//815
f 814//814 815//815 816//816
f 816//816 815//815 817//817
f 816//816 817//817 818//818
f 818//818 817//817 819//819
f 818//818 819//819 820//820
f 820//820 819//819 821//821
f 820//820 821//821 822//822
f 822//822 821//821 823//823
f 822//822 823//823 804//804
f 804//804 823//823 805//805
f 824//824 825//825 826//826
f 826//826 825//825 827//827
f 826//826 827//827 828//828
f 828//828 827//827 829//829
f 828//828 829//829 830//830
f 830//830 829//829 831//831
f 830//830 831//831 832//832
f 833//833 834//834 835//835
f 835//835 834//834 836//836
f 837//837 838//838 839//839
f 839//839 838//838 840//840
f 839//839 840//840 841//841
f 841//841 840//840 842//842
f 841//841 842//842 843//843
f 843//843 842//842 844//844
f 843//843 844//844 845//845
f 845//845 844//844 846//846
f 845//845 846//846 847//847
f 847//847 846//846 848//848
f 847//847 848//848 849//849
f 849//849 848//848 850//850
f 849//849 850//850 851//851
f 851//851 850//850 852//852
f 851//851 852//852 833//833
f 833//833 852//852 834//834
f 853//853 854//854 855//855
f 855//855 854//854 856//856
f 855//855 856//856 857//857
f 857//857 856//856 858//858
f 857//857 858//858 859//859
f 859//859 858//858 860//860
f 859//859 860//860 861//861
f 862//862 863//863 864//864
f 864//864 863//863 865//865
f 866//866 867//867 868//868
f 868//868 867//867 869//869
f 868//868 869//869 870//870
f 870//870 869//869 871//871
f 870//870 871//871 872//872
f 872//872 871//871 873//873
f 872//872 873//873 874//874
f 874//874 873//873 875//875
f 874//874 875//875 876//876
f 876//876 875//875 877//877
f 876//876 877//877 878//878
f 878//878 877//877 879//879
f 878//878 879//879 880//880
f 880//880 879//879 881//881
f 880//880 881//881 862//862
f 862//862 881//881 863//863
f 882//882 883//883 884//884
f 884//884 883//883 885//885
f 884//884 885//885 886//886
f 886//886 885//885 887//887
f 886//886 887//887 888//888
f 888//888 887//887 889//889
f 888//888 889//889 890//890
f 891//891 892//892 893//893
f 893//893 892//892 894//894
f 895//895 896//896 897//897
f 897//897 896//896 898//898
f 897//897 898//898 899//899
f 899//899 898//898 900//900
f 899//899 900//900 901//901
f 901//901 900//900 902//902
f 901//901 902//902 903//903
f 903//903 902//902 904//904
f 903//903 904//904 905//905
f 905//905 904//904 906//906
f 905//905 906//906 907//907
f 907//907 906//906 908//908
f 907//907 908//908 909//909
f 909//909 908//908 910//910
f 909//909 910//910 891//891
f 891//891 910//910 892//892
f 911//911 912//912 913//913
f 913//913 912//912 914//914
f 913//913 914//914 915//915
f 915//915 914//914 916//916
f 915//915 916//916 917//917
f 917//917 916//916 918//918
f 917//917 918//918 919//919
f 920//920 921//921 922//922
f 922//922 921//921 923//923
f 924//924 925//925 926//926
f 926//926 925//925 927//927
f 926//926 927//927 928//928
f 928//928 927//927 929//929
f 928//928 929//929 930//930
f 930//930 929//929 931//931
f 930//930 931//931 932//932
f 932//932 931//931 933//933
f 932//932 933//933 934//934
f 934//934 933//933 935//935
f 934//934 935//935 936//936
f 936//936 935//935 937//937
f 936//936 937//937 938//938
f 938//938 937//937 939//939
f 938//938 939//939 920//920
f 920//920 939//939 921//921
f 940//940 941//941 942//942
f 942//942 941//941 943//943
f 942//942 943//943 944//944
f 944//944 943//943 945//945
f 944//944 945//945 946//946
f 946//946 945//945 947//947
f 946//946 947//947 948//948
f 949//949 950//950 951//951
f 951//951 950//950 952//952
f 953//953 954//954 955//955
f 955//955 954//954 956//956
f 955//955 956//956 957//957
f 957//957 956//956 958//958
f 957//957 958//958 959//959
f 959//959 958//958 960//960
f 959//959 960//960 961//961
f 961//961 960//960 962//962
f 961//961 962//962 963//963
f 963//963 962//962 964//964
f 963//963 964//964 965//965
f 965//965 964//964 966//966
f 965//965 966//966 967//967
f 967//967 966//966 968//968
f 967//967 968//968 949//949
f 949//949 968//968 950//950
f 969//969 970//970 971//971
f 971//971 970//970 972//972
f 971//971 972//972 973//973
f 973//973 972//972 974//974
f 973//973 974//974 975//975
f 976//976 977//977 969//969
f 969//969 977//977 978//978
f 969//969 978//978 979//979
f 977//977 976//976 980//980
f 980//980 976//976 981//981
f 980//980 981//981 982//982
f 982//982 981//981 983//983
f 982//982 983//983 984//984
f 983//983 981//981 985//985
f 985//985 981//981 986//986
f 985//985 986//986 987//987
f 987//987 986//986 988//988
f 988//988 986//986 989//989
f 988//988 989//989 990//990
f 990//990 989//989 991//991
f 990//990 991//991 992//992
f 991//991 989//989 993//993
f 993//993 989//989 994//994
f 993//993 994//994 995//995
f 995//995 994//994 996//996
f 995//995 996//996 997//997
f 997//997 996//996 998//998
f 998//998 996//996 999//999
f 998//998 999//999 1000//1000
f 999//999 996//996 1001//1001
f 1001//1001 996//996 1002//1002
f 1001//1001 1002//1002 1003//1003
f 1003//1003 1002//1002 1004//1004
f 1003//1003 1004//1004 1005//1005
f 1005//1005 1004//1004 1006//1006
f 1005//1005 1006//1006 1007//1007
f 1007//1007 1006//1006 1008//1008
f 1007//1007 1008//1008 1009//1009
f 1009//1009 1008//1008 1010//1010
f 1009//1009 1010//1010 1011//1011
f 1011//1011 1010//1010 1012//1012
f 1011//1011 1012//1012 1013//1013
f 1004//1004 1014//1014 1006//1006
f 1006//1006 1014//1014 1015//1015
f 1015//1015 1014//1014 1016//1016
f 1016//1016 1014//1014 1017//1017
f 1016//1016 1017//1017 1018//1018
f 1018//1018 1017//1017 1019//1019
f 1018//1018 1019//1019 1020//1020
f 1020//1020 1019//1019 1021//1021
f 1020//1020 1021//1021 1022//1022
f 1021//1021 1019//1019 1023//1023
f 1023//1023 1019//1019 1024//1024
f 1023//1023 1024//1024 1025//1025
f 1025//1025 1024//1024 1026//1026
f 1026//1026 1024//1024 1027//1027
f 1026//1026 1027//1027 1028//1028
f 1028//1028 1027//1027 1029//1029
f 1028//1028 1029//1029 1030//1030
f 1029//1029 1027//1027 1031//1031
f 1031//1031 1027//1027 1032//1032
f 1031//1031 1032//1032 1033//1033
f 1033//1033 1032//1032 1034//1034
f 1033//1033 1034//1034 1035//1035
f 1035//1035 1034//1034 1036//1036
f 1036//1036 1034//1034 1037//1037
f 1036//1036 1037//1037 1038//1038
f 1037//1037 1034//1034 1039//1039
f 1039//1039 1034//1034 1040//1040
f 1039//1039 1040//1040 1041//1041
f 1041//1041 1040//1040 1042//1042
f 1041//1041 1042//1042 1043//1043
f 1043//1043 1042//1042 975//975
f 1043//1043 975//975 1044//1044
f 1044//1044 975//975 1045//1045
f 1044//1044 1045//1045 1046//1046
f 1046//1046 1045//1045 1047//1047
f 1046//1046 1047//1047 1048//1048
f 1048//1048 1047//1047 1049//1049
f 1049//1049 1047//1047 1050//1050
f 1049//1049 1050//1050 1051//1051
f 1051//1051 1050//1050 1052//1052
f 1051//1051 1052//1052 1053//1053
f 1053//1053 1052//1052 1054//1054
f 1053//1053 1054//1054 1055//1055
f 1042//1042 973//973 975//975
f 982//982 984//984 1056//1056
f 1056//1056 984//984 1057//1057
f 1056//1056 1057//1057 1055//1055
f 1055//1055 1057//1057 1058//1058
f 1055//1055 1058//1058 1053//1053
f 1059//1059 1060//1060 1057//1057
f 1057//1057 1060//1060 1061//1061
f 1057//1057 1061//1061 1058//1058
f 1060//1060 1059//1059 1062//1062
f 1062//1062 1059//1059 1063//1063
f 1062//1062 1063//1063 1064//1064
f 1064//1064 1063//1063 992//992
f 992//992 1063//1063 990//990
f 1062//1062 1064//1064 1065//1065
f 1065//1065 1064//1064 1066//1066
f 1065//1065 1066//1066 1067//1067
f 1067//1067 1066//1066 1068//1068
f 1067//1067 1068//1068 1013//1013
f 1013//1013 1068//1068 1069//1069
f 1013//1013 1069//1069 1011//1011
f 1069//1069 1068//1068 1000//1000
f 1000//1000 1068//1068 998//998
f 1070//1070 1071//1071 1072//1072
f 1072//1072 1071//1071 1073//1073
f 1072//1072 1073//1073 1010//1010
f 1010//1010 1073//1073 1074//1074
f 1010//1010 1074//1074 1012//1012
f 1020//1020 1022//1022 1070//1070
f 1070//1070 1022//1022 1075//1075
f 1070//1070 1075//1075 1071//1071
f 1071//1071 1075//1075 1076//1076
f 1076//1076 1075//1075 1077//1077
f 1076//1076 1077//1077 1078//1078
f 1078//1078 1077//1077 1079//1079
f 1078//1078 1079//1079 1080//1080
f 1080//1080 1079//1079 1081//1081
f 1080//1080 1081//1081 1082//1082
f 1028//1028 1030//1030 1079//1079
f 1079//1079 1030//1030 1081//1081
f 1083//1083 1084//1084 1082//1082
f 1082//1082 1084//1084 1085//1085
f 1082//1082 1085//1085 1080//1080
f 1084//1084 1083//1083 1038//1038
f 1038//1038 1083//1083 1036//1036
f 1060//1060 1086//1086 1061//1061
f 1061//1061 1086//1086 1087//1087
f 1087//1087 1086//1086 1088//1088
f 1087//1087 1088//1088 1089//1089
f 1089//1089 1088//1088 1073//1073
f 1073//1073 1088//1088 1074//1074
f 1046//1046 1048//1048 1090//1090
f 1090//1090 1048//1048 1091//1091
f 1090//1090 1091//1091 1084//1084
f 1084//1084 1091//1091 1092//1092
f 1084//1084 1092//1092 1085//1085
f 1092//1092 1091//1091 1093//1093
f 1093//1093 1091//1091 1094//1094
f 1093//1093 1094//1094 1089//1089
f 1089//1089 1094//1094 1087//1087
f 1095//1095 1096//1096 979//979
f 979//979 1096//1096 970//970
f 979//979 970//970 969//969
f 1096//1096 1095//1095 1052//1052
f 1052//1052 1095//1095 1054//1054
f 1097//1097 1098//1098 1099//1099
f 1099//1099 1098//1098 1100//1100
f 1101//1101 1102//1102 1103//1103
f 1103//1103 1102//1102 1104//1104
f 1103//1103 1104//1104 1105//1105
f 1105//1105 1104//1104 1106//1106
f 1105//1105 1106//1106 1107//1107
f 1107//1107 1106//1106 1108//1108
f 1107//1107 1108//1108 1109//1109
f 1109//1109 1108//1108 1110//1110
f 1109//1109 1110//1110 1111//1111
f 1111//1111 1110//1110 1112//1112
f 1111//1111 1112//1112 1113//1113
f 1113//1113 1112//1112 1114//1114
f 1113//1113 1114//1114 1115//1115
f 1115//1115 1114//1114 1116//1116
f 1115//1115 1116//1116 1117//1117
f 1117//1117 1116//1116 1118//1118
f 1117//1117 1118//1118 1119//1119
f 1119//1119 1118//1118 1120//1120
f 1119//1119 1120//1120 1121//1121
f 1121//1121 1120//1120 1122//1122
f 1121//1121 1122//1122 1123//1123
f 1123//1123 1122//1122 1124//1124
f 1123//1123 1124//1124 1125//1125
f 1125//1125 1124//1124 1126//1126
f 1125//1125 1126//1126 1127//1127
f 1127//1127 1126//1126 1128//1128
f 1127//1127 1128//1128 1129//1129
f 1129//1129 1128//1128 1130//1130
f 1129//1129 1130//1130 1131//1131
f 1131//1131 1130//1130 1132//1132
f 1131//1131 1132//1132 1133//1133
f 1133//1133 1132//1132 1134//1134
f 1133//1133 1134//1134 1135//1135
f 1135//1135 1134//1134 1136//1136
f 1135//1135 1136//1136 1137//1137
f 1137//1137 1136//1136 1138//1138
f 1137//1137 1138//1138 1097//1097
f 1097//1097 1138//1138 1098//1098
f 1139//1139 1140//1140 1141//1141
f 1141//1141 1140//1140 1142//1142
f 1141//1141 1142//1142 1143//1143
f 1143//1143 1142//1142 1144//1144
f 1144//1144 1142//1142 1145//1145
f 1144//1144 1145//1145 1146//1146
f 1146//1146 1145//1145 1147//1147
f 1146//1146 1147//1147 1148//1148
f 1148//1148 1147//1147 1149//1149
f 1148//1148 1149//1149 1150//1150
f 1150//1150 1149//1149 1151//1151
f 1150//1150 1151//1151 1152//1152
f 1152//1152 1151//1151 1153//1153
f 1152//1152 1153//1153 1154//1154
f 1154//1154 1153//1153 1155//1155
f 1154//1154 1155//1155 1156//1156
f 1156//1156 1155//1155 1157//1157
f 1156//1156 1157//1157 1158//1158
f 1158//1158 1157//1157 1159//1159
f 1158//1158 1159//1159 1160//1160
f 1160//1160 1159//1159 1161//1161
f 1160//1160 1161//1161 1162//1162
f 1162//1162 1161//1161 1163//1163
f 1162//1162 1163//1163 1164//1164
f 1164//1164 1163//1163 1165//1165
f 1165//1165 1163//1163 1166//1166
f 1165//1165 1166//1166 1167//1167
f 1167//1167 1166//1166 1168//1168
f 1167//1167 1168//1168 1169//1169
f 1169//1169 1168//1168 1170//1170
f 1169//1169 1170//1170 1171//1171
f 1171//1171 1170//1170 1172//1172
f 1171//1171 1172//1172 1173//1173
f 1173//1173 1172//1172 1174//1174
f 1173//1173 1174//1174 1175//1175
f 1175//1175 1174//1174 1176//1176
f 1175//1175 1176//1176 1177//1177
f 1177//1177 1176//1176 1178//1178
f 1177//1177 1178//1178 1179//1179
f 1179//1179 1178//1178 1180//1180
f 1179//1179 1180//1180 1139//1139
f 1139//1139 1180//1180 1140//1140
f 1181//1181 1182//1182 1183//1183
f 1183//1183 1182//1182 1184//1184
f 1183//1183 1184//1184 1185//1185
f 1182//1182 1181//1181 1186//1186
f 1186//1186 1181//1181 1187//1187
f 1186//1186 1187//1187 1188//1188
f 1188//1188 1187//1187 1189//1189
f 1188//1188 1189//1189 1190//1190
f 1190//1190 1189//1189 1191//1191
f 1191//1191 1189//1189 1192//1192
f 1191//1191 1192//1192 1193//1193
f 1193//1193 1192//1192 1194//1194
f 1193//1193 1194//1194 1195//1195
f 1195//1195 1194//1194 1196//1196
f 1195//1195 1196//1196 1197//1197
f 1197//1197 1196//1196 1198//1198
f 1197//1197 1198//1198 1199//1199
f 1199//1199 1198//1198 1200//1200
f 1199//1199 1200//1200 1201//1201
f 1201//1201 1200//1200 1202//1202
f 1201//1201 1202//1202 1203//1203
f 1203//1203 1202//1202 1204//1204
f 1203//1203 1204//1204 1205//1205
f 1205//1205 1206//1206 1203//1203
f 1203//1203 1206//1206 1207//1207
f 1203//1203 1207//1207 1208//1208
f 1208//1208 1209//1209 1203//1203
f 1203//1203 1209//1209 1210//1210
f 1210//1210 1209//1209 1211//1211
f 1210//1210 1211//1211 1212//1212
f 1212//1212 1213//1213 1210//1210
f 1210//1210 1213//1213 1214//1214
f 1210//1210 1214//1214 1215//1215
f 1210//1210 1215//1215 1216//1216
f 1216//1216 1215//1215 1217//1217
f 1216//1216 1217//1217 1218//1218
f 1218//1218 1219//1219 1216//1216
f 1216//1216 1219//1219 1220//1220
f 1216//1216 1220//1220 1221//1221
f 1221//1221 1220//1220 1222//1222
f 1221//1221 1222//1222 1223//1223
f 1223//1223 1222//1222 1224//1224
f 1224//1224 1222//1222 1225//1225
f 1224//1224 1225//1225 1226//1226
f 1226//1226 1225//1225 1227//1227
f 1226//1226 1227//1227 1228//1228
f 1229//1229 1230//1230 1228//1228
f 1228//1228 1230//1230 1231//1231
f 1228//1228 1231//1231 1226//1226
f 1230//1230 1229//1229 1232//1232
f 1232//1232 1229//1229 1233//1233
f 1232//1232 1233//1233 1234//1234
f 1234//1234 1233//1233 1235//1235
f 1235//1235 1233//1233 1236//1236
f 1235//1235 1236//1236 1237//1237
f 1237//1237 1236//1236 1238//1238
f 1237//1237 1238//1238 1239//1239
f 1239//1239 1238//1238 1240//1240
f 1239//1239 1240//1240 1241//1241
f 1241//1241 1240//1240 1242//1242
f 1241//1241 1242//1242 1243//1243
f 1243//1243 1242//1242 1244//1244
f 1243//1243 1244//1244 1245//1245
f 1243//1243 1245//1245 1246//1246
f 1246//1246 1245//1245 1247//1247
f 1246//1246 1247//1247 1248//1248
f 1246//1246 1248//1248 1249//1249
f 1249//1249 1248//1248 1250//1250
f 1249//1249 1250//1250 1251//1251
f 1251//1251 1252//1252 1249//1249
f 1249//1249 1252//1252 1253//1253
f 1253//1253 1252//1252 1254//1254
f 1253//1253 1254//1254 1255//1255
f 1255//1255 1254//1254 1256//1256
f 1255//1255 1256//1256 1257//1257
f 1257//1257 1256//1256 1258//1258
f 1257//1257 1258//1258 1259//1259
f 1259//1259 1258//1258 1260//1260
f 1259//1259 1260//1260 1185//1185
f 1185//1185 1260//1260 1183//1183
f 1261//1261 1262//1262 1263//1263
f 1263//1263 1262//1262 1264//1264
f 1263//1263 1264//1264 1265//1265
f 1263//1263 1265//1265 1266//1266
f 1266//1266 1265//1265 1267//1267
f 1266//1266 1267//1267 1268//1268
f 1266//1266 1268//1268 1269//1269
f 1269//1269 1268//1268 1270//1270
f 1269//1269 1270//1270 1271//1271
f 1271//1271 1270//1270 1272//1272
f 1271//1271 1272//1272 1273//1273
f 1273//1273 1272//1272 1274//1274
f 1273//1273 1274//1274 1275//1275
f 1275//1275 1274//1274 1276//1276
f 1275//1275 1276//1276 1277//1277
f 1277//1277 1278//1278 1275//1275
f 1275//1275 1278//1278 1273//1273
f 1278//1278 1279//1279 1273//1273
f 1273//1273 1279//1279 1271//1271
f 1279//1279 1280//1280 1271//1271
f 1271//1271 1280//1280 1269//1269
f 1280//1280 1281//1281 1269//1269
f 1269//1269 1281//1281 1266//1266
f 1281//1281 1282//1282 1266//1266
f 1266//1266 1282//1282 1263//1263
f 1282//1282 1261//1261 1263//1263
f 1283//1283 1284//1284 1285//1285
f 1285//1285 1284//1284 1286//1286
f 1285//1285 1286//1286 1287//1287
f 1287//1287 1286//1286 1288//1288
f 1287//1287 1288//1288 1289//1289
f 1289//1289 1288//1288 1290//1290
f 1289//1289 1290//1290 1291//1291
f 1291//1291 1290//1290 1292//1292
f 1292//1292 1290//1290 1293//1293
f 1292//1292 1293//1293 1294//1294
f 1294//1294 1293//1293 1295//1295
f 1294//1294 1295//1295 1296//1296
f 1296//1296 1295//1295 1297//1297
f 1297//1297 1295//1295 1298//1298
f 1298//1298 1295//1295 1293//1293
f 1298//1298 1293//1293 1299//1299
f 1299//1299 1293//1293 1290//1290
f 1299//1299 1290//1290 1300//1300
f 1300//1300 1290//1290 1301//1301
f 1301//1301 1290//1290 1288//1288
f 1301//1301 1288//1288 1302//1302
f 1302//1302 1288//1288 1286//1286
f 1302//1302 1286//1286 1284//1284
f 1303//1303 1304//1304 1305//1305
f 1305//1305 1304//1304 1306//1306
f 1305//1305 1306//1306 1307//1307
f 1307//1307 1306//1306 1304//1304
f 1307//1307 1304//1304 1308//1308
f 1308//1308 1304//1304 1303//1303
f 1308//1308 1303//1303 1309//1309
f 1309//1309 1303//1303 1310//1310
f 1309//1309 1310//1310 1311//1311
f 1311//1311 1310//1310 1312//1312
f 1311//1311 1312//1312 1313//1313
f 1313//1313 1312//1312 1314//1314
f 1314//1314 1312//1312 1315//1315
f 1314//1314 1315//1315 1316//1316
f 1316//1316 1315//1315 1317//1317
f 1316//1316 1317//1317 1318//1318
f 1318//1318 1317//1317 1319//1319
f 1318//1318 1319//1319 1320//1320
f 1320//1320 1319//1319 1321//1321
f 1321//1321 1319//1319 1322//1322
f 1322//1322 1319//1319 1323//1323
f 1323//1323 1319//1319 1324//1324
f 1324//1324 1319//1319 1317//1317
f 1324//1324 1317//1317 1315//1315
f 1303//1303 1325//1325 1310//1310
f 1310//1310 1325//1325 1312//1312
f 1312//1312 1325//1325 1315//1315
f 1315//1315 1325//1325 1324//1324
f 1309//1309 1311//1311 1308//1308
f 1308//1308 1311//1311 1307//1307
f 1326//1326 1327//1327 1328//1328
f 1328//1328 1327//1327 1329//1329
f 1328//1328 1329//1329 1330//1330
f 1328//1328 1331//1331 1332//1332
f 1332//1332 1330//1330 1333//1333
f 1332//1332 1333//1333 1334//1334
f 1334//1334 1333//1333 1335//1335
f 1334//1334 1335//1335 1336//1336
f 1336//1336 1335//1335 1337//1337
f 1336//1336 1337//1337 1338//1338
f 1336//1336 1338//1338 1339//1339
f 1339//1339 1338//1338 1340//1340
f 1339//1339 1340//1340 1341//1341
f 1341//1341 1340//1340 1342//1342
f 1341//1341 1342//1342 1343//1343
f 1341//1341 1343//1343 1344//1344
f 1344//1344 1343//1343 1345//1345
f 1344//1344 1345//1345 1346//1346
f 1346//1346 1345//1345 1347//1347
f 1346//1346 1347//1347 1348//1348
f 1346//1346 1348//1348 1349//1349
f 1349//1349 1348//1348 1350//1350
f 1349//1349 1350//1350 1351//1351
f 1351//1351 1350//1350 1352//1352
f 1351//1351 1352//1352 1353//1353
f 1353//1353 1352//1352 1354//1354
f 1353//1353 1354//1354 1355//1355
f 1355//1355 1354//1354 1356//1356
f 1355//1355 1356//1356 1357//1357
f 1357//1357 1356//1356 1358//1358
f 1357//1357 1358//1358 1359//1359
f 1359//1359 1358//1358 1360//1360
f 1359//1359 1360//1360 1361//1361
f 1361//1361 1360//1360 1362//1362
f 1361//1361 1362//1362 1363//1363
f 1361//1361 1363//1363 1364//1364
f 1364//1364 1363//1363 1365//1365
f 1364//1364 1365//1365 1366//1366
f 1366//1366 1365//1365 1367//1367
f 1366//1366 1367//1367 1368//1368
f 1368//1368 1367//1367 1369//1369
f 1368//1368 1369//1369 1370//1370
f 1368//1368 1370//1370 1371//1371
f 1371//1371 1370//1370 1372//1372
f 1371//1371 1372//1372 1373//1373
f 1371//1371 1373//1373 1374//1374
f 1374//1374 1373//1373 1375//1375
f 1374//1374 1375//1375 1376//1376
f 1376//1376 1375//1375 1377//1377
f 1376//1376 1377//1377 1378//1378
f 1378//1378 1377//1377 1379//1379
f 1378//1378 1379//1379 1380//1380
f 1380//1380 1379//1379 1381//1381
f 1380//1380 1381//1381 1382//1382
f 1382//1382 1381//1381 1383//1383
f 1382//1382 1383//1383 1384//1384
f 1384//1384 1383//1383 1385//1385
f 1385//1385 1383//1383 1386//1386
f 1385//1385 1386//1386 1387//1387
f 1387//1387 1386//1386 1388//1388
f 1387//1387 1388//1388 1389//1389
f 1389//1389 1388//1388 1390//1390
f 1389//1389 1390//1390 1391//1391
f 1391//1391 1390//1390 1392//1392
f 1391//1391 1392//1392 1393//1393
f 1393//1393 1392//1392 1394//1394
f 1393//1393 1394//1394 1395//1395
f 1395//1395 1394//1394 1396//1396
f 1396//1396 1394//1394 1397//1397
f 1396//1396 1397//1397 1398//1398
f 1398//1398 1397//1397 1399//1399
f 1398//1398 1399//1399 1400//1400
f 1400//1400 1399//1399 1401//1401
f 1400//1400 1401//1401 1402//1402
f 1402//1402 1401//1401 1403//1403
f 1403//1403 1401//1401 1404//1404
f 1404//1404 1401//1401 1405//1405
f 1405//1405 1401//1401 1399//1399
f 1405//1405 1399//1399 1406//1406
f 1406//1406 1399//1399 1397//1397
f 1406//1406 1397//1397 1407//1407
f 1407//1407 1397//1397 1394//1394
f 1407//1407 1408//1408 1409//1409
f 1409//1409 1394//1394 1410//1410
f 1410//1410 1394//1394 1392//1392
f 1410//1410 1392//1392 1411//1411
f 1411//1411 1392//1392 1390//1390
f 1411//1411 1390//1390 1412//1412
f 1412//1412 1390//1390 1388//1388
f 1412//1412 1388//1388 1386//1386
f 1375//1375 1413//1413 1377//1377
f 1377//1377 1413//1413 1379//1379
f 1413//1413 1414//1414 1379//1379
f 1379//1379 1414//1414 1381//1381
f 1414//1414 1415//1415 1381//1381
f 1381//1381 1415//1415 1416//1416
f 1381//1381 1416//1416 1383//1383
f 1383//1383 1416//1416 1417//1417
f 1383//1383 1417//1417 1386//1386
f 1386//1386 1417//1417 1412//1412
f 1378//1378 1418//1418 1376//1376
f 1376//1376 1418//1418 1374//1374
f 1418//1418 1419//1419 1374//1374
f 1374//1374 1419//1419 1371//1371
f 1371//1371 1419//1419 1368//1368
f 1368//1368 1419//1419 1420//1420
f 1368//1368 1420//1420 1366//1366
f 1366//1366 1420//1420 1364//1364
f 1420//1420 1421//1421 1364//1364
f 1364//1364 1421//1421 1361//1361
f 1361//1361 1421//1421 1359//1359
f 1359//1359 1421//1421 1422//1422
f 1359//1359 1422//1422 1357//1357
f 1357//1357 1422//1422 1423//1423
f 1357//1357 1423//1423 1355//1355
f 1355//1355 1423//1423 1424//1424
f 1355//1355 1424//1424 1425//1425
f 1355//1355 1425//1425 1353//1353
f 1353//1353 1425//1425 1426//1426
f 1353//1353 1426//1426 1351//1351
f 1351//1351 1426//1426 1427//1427
f 1351//1351 1427//1427 1349//1349
f 1349//1349 1427//1427 1428//1428
f 1349//1349 1428//1428 1346//1346
f 1346//1346 1428//1428 1429//1429
f 1346//1346 1429//1429 1430//1430
f 1346//1346 1430//1430 1344//1344
f 1344//1344 1430//1430 1431//1431
f 1344//1344 1431//1431 1341//1341
f 1341//1341 1431//1431 1432//1432
f 1341//1341 1432//1432 1433//1433
f 1341//1341 1433//1433 1339//1339
f 1339//1339 1433//1433 1434//1434
f 1339//1339 1434//1434 1336//1336
f 1336//1336 1434//1434 1435//1435
f 1336//1336 1435//1435 1436//1436
f 1336//1336 1436//1436 1334//1334
f 1334//1334 1436//1436 1437//1437
f 1334//1334 1437//1437 1332//1332
f 1332//1332 1437//1437 1438//1438
f 1332//1332 1438//1438 1328//1328
f 1328//1328 1438//1438 1326//1326
f 1439//1439 1440//1440 1441//1441
f 1441//1441 1440//1440 1442//1442
f 1443//1443 1444//1444 1445//1445
f 1445//1445 1444//1444 1446//1446
f 1446//1446 1444//1444 1447//1447
f 1446//1446 1447//1447 1448//1448
f 1448//1448 1447//1447 1449//1449
f 1448//1448 1449//1449 1450//1450
f 1450//1450 1449//1449 1451//1451
f 1450//1450 1451//1451 1452//1452
f 1453//1453 1454//1454 1455//1455
f 1455//1455 1454//1454 1456//1456
f 1456//1456 1454//1454 1457//1457
f 1456//1456 1457//1457 1458//1458
f 1458//1458 1457//1457 1459//1459
f 1458//1458 1459//1459 1460//1460
f 1460//1460 1459//1459 1461//1461
f 1460//1460 1461//1461 1462//1462
f 1462//1462 1461//1461 1463//1463
f 1462//1462 1463//1463 1464//1464
f 1464//1464 1463//1463 1465//1465
f 1464//1464 1465//1465 1466//1466
f 1466//1466 1465//1465 1467//1467
f 1466//1466 1467//1467 1468//1468
f 1468//1468 1467//1467 1469//1469
f 1468//1468 1469//1469 1470//1470
f 1470//1470 1469//1469 1471//1471
f 1470//1470 1471//1471 1472//1472
f 1472//1472 1471//1471 1473//1473
f 1472//1472 1473//1473 1474//1474
f 1474//1474 1473//1473 1475//1475
f 1474//1474 1475//1475 1476//1476
f 1476//1476 1475//1475 1477//1477
f 1476//1476 1477//1477 1478//1478
f 1478//1478 1477//1477 1479//1479
f 1478//1478 1479//1479 1480//1480
f 1480//1480 1479//1479 1481//1481
f 1480//1480 1482//1482 1483//1483
f 1484//1484 1481//1481 1485//1485
f 1483//1483 1485//1485 1486//1486
f 1486//1486 1485//1485 1487//1487
f 1486//1486 1487//1487 1488//1488
f 1489//1489 1490//1490 1491//1491
f 1491//1491 1490//1490 1492//1492
f 1492//1492 1490//1490 1493//1493
f 1492//1492 1493//1493 1494//1494
f 1492//1492 1494//1494 1495//1495
f 1495//1495 1494//1494 1496//1496
f 1495//1495 1496//1496 1497//1497
f 1497//1497 1498//1498 1495//1495
f 1495//1495 1498//1498 1499//1499
f 1499//1499 1498//1498 1500//1500
f 1499//1499 1500//1500 1501//1501
f 1501//1501 1500//1500 1502//1502
f 1503//1503 1504//1504 1505//1505
f 1505//1505 1504//1504 1506//1506
f 1506//1506 1504//1504 1507//1507
f 1506//1506 1507//1507 1508//1508
f 1508//1508 1507//1507 1509//1509
f 1508//1508 1509//1509 1510//1510
f 1510//1510 1509//1509 1511//1511
f 1510//1510 1511//1511 1512//1512
f 1510//1510 1512//1512 1513//1513
f 1513//1513 1512//1512 1514//1514
f 1513//1513 1514//1514 1515//1515
f 1515//1515 1514//1514 1516//1516
f 1515//1515 1516//1516 1517//1517
f 1517//1517 1516//1516 1518//1518
f 1517//1517 1518//1518 1519//1519
f 1519//1519 1518//1518 1520//1520
f 1519//1519 1520//1520 1521//1521
f 1521//1521 1520//1520 1522//1522
f 1521//1521 1522//1522 1523//1523
f 1523//1523 1522//1522 1524//1524
f 1523//1523 1524//1524 1525//1525
f 1525//1525 1524//1524 1526//1526
f 1525//1525 1526//1526 1527//1527
f 1527//1527 1526//1526 1528//1528
f 1527//1527 1528//1528 1529//1529
f 1529//1529 1528//1528 1530//1530
f 1529//1529 1530//1530 1531//1531
f 1531//1531 1530//1530 1532//1532
f 1531//1531 1532//1532 1533//1533
f 1533//1533 1532//1532 1534//1534
f 1533//1533 1534//1534 1535//1535
f 1536//1536 1537//1537 1538//1538
f 1538//1538 1537//1537 1539//1539
f 1538//1538 1539//1539 1540//1540
f 1541//1541 1542//1542 1540//1540
f 1540//1540 1542//1542 1538//1538
f 1543//1543 1544//1544 1545//1545
f 1545//1545 1544//1544 1546//1546
f 1547//1547 1548//1548 1549//1549
f 1549//1549 1548//1548 1550//1550
f 1549//1549 1550//1550 1551//1551
f 1549//1549 1551//1551 1552//1552
f 1552//1552 1551//1551 1553//1553
f 1552//1552 1554//1554 1555//1555
f 1555//1555 1553//1553 1556//1556
f 1555//1555 1556//1556 1557//1557
f 1553//1553 1558//1558 1556//1556
f 1555//1555 1557//1557 1559//1559
f 1560//1560 1557//1557 1561//1561
f 1559//1559 1561//1561 1562//1562
f 1562//1562 1563//1563 1559//1559
f 1559//1559 1564//1564 1565//1565
f 1559//1559 1565//1565 1566//1566
f 1566//1566 1565//1565 1567//1567
f 1566//1566 1567//1567 1568//1568
f 1569//1569 1570//1570 1571//1571
f 1566//1566 1568//1568 1572//1572
f 1572//1572 1568//1568 1573//1573
f 1574//1574 1573//1573 1575//1575
f 1572//1572 1575//1575 1576//1576
f 1576//1576 1575//1575 1577//1577
f 1576//1576 1577//1577 1578//1578
f 1578//1578 1547//1547 1576//1576
f 1576//1576 1579//1579 1580//1580
f 1576//1576 1580//1580 1581//1581
f 1581//1581 1580//1580 1552//1552
f 1582//1582 1552//1552 1560//1560
f 1559//1559 1552//1552 1555//1555
f 1580//1580 1579//1579 1549//1549
f 1580//1580 1549//1549 1552//1552
f 1574//1574 1576//1576 1582//1582
f 1572//1572 1581//1581 1559//1559
f 1566//1566 1574//1574 1560//1560
f 1583//1583 1584//1584 1585//1585
f 1585//1585 1584//1584 1586//1586
f 1585//1585 1586//1586 1587//1587
f 1585//1585 1588//1588 1589//1589
f 1589//1589 1588//1588 1590//1590
f 1589//1589 1590//1590 1591//1591
f 1591//1591 1592//1592 1589//1589
f 1589//1589 1592//1592 1593//1593
f 1589//1589 1593//1593 1594//1594
f 1594//1594 1593//1593 1595//1595
f 1594//1594 1596//1596 1589//1589
f 1589//1589 1596//1596 1597//1597
f 1589//1589 1597//1597 1585//1585
f 1596//1596 1598//1598 1597//1597
f 1599//1599 1600//1600 1601//1601
f 1601//1601 1600//1600 1602//1602
f 1603//1603 1604//1604 1605//1605
f 1605//1605 1604//1604 1606//1606
f 1605//1605 1606//1606 1607//1607
f 1608//1608 1606//1606 1609//1609
f 1607//1607 1609//1609 1610//1610
f 1610//1610 1609//1609 1611//1611
f 1610//1610 1612//1612 1613//1613
f 1604//1604 1614//1614 1606//1606
f 1606//1606 1614//1614 1615//1615
f 1606//1606 1615//1615 1609//1609
f 1609//1609 1615//1615 1616//1616
f 1609//1609 1616//1616 1612//1612
f 1577//1577 1617//1617 1614//1614
f 1614//1614 1618//1618 1615//1615
f 1618//1618 1616//1616 1615//1615
f 1613//1613 1619//1619 1610//1610
f 1610//1610 1619//1619 1620//1620
f 1610//1610 1620//1620 1621//1621
f 1621//1621 1620//1620 1622//1622
f 1621//1621 1622//1622 1623//1623
f 1624//1624 1625//1625 1626//1626
f 1621//1621 1627//1627 1628//1628
f 1621//1621 1628//1628 1629//1629
f 1630//1630 1628//1628 1631//1631
f 1630//1630 1631//1631 1601//1601
f 1601//1601 1631//1631 1599//1599
f 1632//1632 1633//1633 1628//1628
f 1628//1628 1633//1633 1634//1634
f 1628//1628 1634//1634 1631//1631
f 1631//1631 1634//1634 1635//1635
f 1631//1631 1635//1635 1636//1636
f 1633//1633 1637//1637 1634//1634
f 1634//1634 1637//1637 1635//1635
f 1637//1637 1638//1638 1635//1635
f 1636//1636 1599//1599 1631//1631
f 1630//1630 1601//1601 1605//1605
f 1629//1629 1605//1605 1608//1608
f 1610//1610 1621//1621 1639//1639
f 1607//1607 1621//1621 1630//1630
f 1640//1640 1641//1641 1642//1642
f 1642//1642 1641//1641 1643//1643
f 1644//1644 1641//1641 1645//1645
f 1646//1646 1641//1641 1647//1647
f 1647//1647 1641//1641 1648//1648
f 1647//1647 1648//1648 1649//1649
f 1649//1649 1648//1648 1650//1650
f 1649//1649 1650//1650 1651//1651
f 1648//1648 1652//1652 1650//1650
f 1653//1653 1654//1654 1651//1651
f 1651//1651 1654//1654 1655//1655
f 1651//1651 1655//1655 1649//1649
f 1649//1649 1655//1655 1656//1656
f 1649//1649 1656//1656 1647//1647
f 1657//1657 1658//1658 1659//1659
f 1659//1659 1658//1658 1660//1660
f 1659//1659 1660//1660 1661//1661
f 1661//1661 1660//1660 1662//1662
f 1663//1663 1664//1664 1657//1657
f 1657//1657 1664//1664 1665//1665
f 1657//1657 1665//1665 1658//1658
f 1663//1663 1666//1666 1664//1664
f 1658//1658 1667//1667 1660//1660
f 1668//1668 1669//1669 1670//1670
f 1670//1670 1669//1669 1671//1671
f 1672//1672 1673//1673 1674//1674
f 1674//1674 1673//1673 1675//1675
f 1675//1675 1673//1673 1676//1676
f 1675//1675 1676//1676 1677//1677
f 1678//1678 1679//1679 1680//1680
f 1680//1680 1679//1679 1681//1681
f 1680//1680 1681//1681 1682//1682
f 1682//1682 1681//1681 1683//1683
f 1684//1684 1685//1685 1686//1686
f 1686//1686 1685//1685 1687//1687
f 1686//1686 1687//1687 1688//1688
f 1685//1685 1684//1684 1689//1689
f 1689//1689 1684//1684 1690//1690
f 1689//1689 1690//1690 1691//1691
f 1692//1692 1693//1693 1694//1694
f 1694//1694 1693//1693 1695//1695
f 1694//1694 1695//1695 1696//1696
f 1696//1696 1695//1695 1697//1697
f 1696//1696 1697//1697 1698//1698
f 1698//1698 1699//1699 1696//1696
f 1700//1700 1701//1701 1702//1702
f 1702//1702 1701//1701 1703//1703
f 1702//1702 1703//1703 1704//1704
f 1704//1704 1703//1703 1705//1705
f 1705//1705 1703//1703 1706//1706
f 1705//1705 1706//1706 1707//1707
f 1707//1707 1708//1708 1705//1705
f 1705//1705 1709//1709 1710//1710
f 1705//1705 1710//1710 1711//1711
f 1712//1712 1713//1713 1714//1714
f 1714//1714 1713//1713 1715//1715
f 1716//1716 1717//1717 1718//1718
f 1718//1718 1717//1717 1719//1719
f 1719//1719 1717//1717 1720//1720
f 1719//1719 1720//1720 1721//1721
f 1721//1721 1720//1720 1722//1722
f 1721//1721 1722//1722 1723//1723
f 1723//1723 1722//1722 1724//1724
f 1725//1725 1724//1724 1726//1726
f 1726//1726 1724//1724 1727//1727
f 1726//1726 1727//1727 1728//1728
f 1728//1728 1727//1727 1729//1729
f 1728//1728 1729//1729 1730//1730
f 1730//1730 1729//1729 1731//1731
f 1731//1731 1729//1729 1732//1732
f 1732//1732 1729//1729 1733//1733
f 1733//1733 1729//1729 1727//1727
f 1733//1733 1727//1727 1734//1734
f 1734//1734 1727//1727 1724//1724
f 1734//1734 1724//1724 1735//1735
f 1735//1735 1724//1724 1722//1722
f 1735//1735 1722//1722 1720//1720
f 1717//1717 1736//1736 1720//1720
f 1720//1720 1737//1737 1738//1738
f 1720//1720 1738//1738 1735//1735
f 1739//1739 1740//1740 1741//1741
f 1741//1741 1740//1740 1742//1742
f 1741//1741 1742//1742 1743//1743
f 1743//1743 1742//1742 1744//1744
f 1743//1743 1744//1744 1745//1745
f 1745//1745 1744//1744 1746//1746
f 1745//1745 1746//1746 1747//1747
f 1747//1747 1746//1746 1748//1748
f 1747//1747 1748//1748 1749//1749
f 1749//1749 1748//1748 1750//1750
f 1750//1750 1748//1748 1751//1751
f 1750//1750 1751//1751 1752//1752
f 1753//1753 1754//1754 1755//1755
f 1755//1755 1754//1754 1756//1756
f 1755//1755 1756//1756 1757//1757
f 1757//1757 1756//1756 1758//1758
f 1755//1755 1757//1757 1759//1759
f 1759//1759 1757//1757 1760//1760
f 1759//1759 1760//1760 1761//1761
f 1761//1761 1760//1760 1762//1762
f 1761//1761 1762//1762 1763//1763
f 1763//1763 1762//1762 1764//1764
f 1764//1764 1762//1762 1765//1765
f 1765//1765 1762//1762 1766//1766
f 1765//1765 1766//1766 1767//1767
f 1767//1767 1766//1766 1768//1768
f 1767//1767 1768//1768 1769//1769
f 1769//1769 1768//1768 1770//1770
f 1769//1769 1770//1770 1771//1771
f 1771//1771 1770//1770 1772//1772
f 1771//1771 1772//1772 1773//1773
f 1774//1774 1772//1772 1775//1775
f 1774//1774 1775//1775 1776//1776
f 1776//1776 1775//1775 1777//1777
f 1776//1776 1777//1777 1778//1778
f 1762//1762 1760//1760 1766//1766
f 1779//1779 1760//1760 1780//1780
f 1766//1766 1780//1780 1768//1768
f 1768//1768 1780//1780 1781//1781
f 1768//1768 1781//1781 1770//1770
f 1770//1770 1781//1781 1782//1782
f 1770//1770 1782//1782 1772//1772
f 1772//1772 1782//1782 1783//1783
f 1772//1772 1783//1783 1775//1775
f 1775//1775 1783//1783 1777//1777
f 1776//1776 1778//1778 1784//1784
f 1784//1784 1778//1778 1785//1785
f 1784//1784 1785//1785 1786//1786
f 1786//1786 1787//1787 1784//1784
f 1784//1784 1788//1788 1789//1789
f 1784//1784 1789//1789 1776//1776
f 1776//1776 1789//1789 1790//1790
f 1776//1776 1790//1790 1774//1774
f 1761//1761 1763//1763 1759//1759
f 1759//1759 1763//1763 1753//1753
f 1759//1759 1753//1753 1755//1755
f 1791//1791 1792//1792 1793//1793
f 1793//1793 1792//1792 1794//1794
f 1793//1793 1794//1794 1795//1795
f 1795//1795 1794//1794 1796//1796
f 1796//1796 1794//1794 1797//1797
f 1797//1797 1794//1794 1798//1798
f 1797//1797 1798//1798 1799//1799
f 1799//1799 1798//1798 1800//1800
f 1799//1799 1800//1800 1801//1801
f 1794//1794 1792//1792 1798//1798
f 1798//1798 1792//1792 1800//1800
f 1799//1799 1801//1801 1802//1802
f 1802//1802 1801//1801 1803//1803
f 1802//1802 1803//1803 1804//1804
f 1805//1805 1803//1803 1806//1806
f 1804//1804 1806//1806 1807//1807
f 1807//1807 1808//1808 1804//1804
f 1804//1804 1808//1808 1809//1809
f 1804//1804 1809//1809 1802//1802
f 1802//1802 1809//1809 1799//1799
f 1809//1809 1797//1797 1799//1799
f 1810//1810 1811//1811 1812//1812
f 1812//1812 1811//1811 1813//1813
f 1812//1812 1813//1813 1814//1814
f 1812//1812 1815//1815 1816//1816
f 1816//1816 1815//1815 1817//1817
f 1816//1816 1817//1817 1818//1818
f 1818//1818 1817//1817 1819//1819
f 1818//1818 1819//1819 1820//1820
f 1820//1820 1819//1819 1821//1821
f 1821//1821 1819//1819 1822//1822
f 1822//1822 1819//1819 1823//1823
f 1823//1823 1819//1819 1824//1824
f 1824//1824 1819//1819 1817//1817
f 1818//1818 1820//1820 1816//1816
f 1816//1816 1820//1820 1810//1810
f 1816//1816 1810//1810 1812//1812
f 1825//1825 1826//1826 1827//1827
f 1827//1827 1826//1826 1828//1828
f 1828//1828 1826//1826 1829//1829
f 1828//1828 1829//1829 1830//1830
f 1830//1830 1829//1829 1831//1831
f 1830//1830 1831//1831 1832//1832
f 1830//1830 1832//1832 1833//1833
f 1834//1834 1832//1832 1835//1835
f 1834//1834 1835//1835 1836//1836
f 1836//1836 1835//1835 1837//1837
f 1836//1836 1837//1837 1838//1838
f 1839//1839 1840//1840 1838//1838
f 1838//1838 1841//1841 1836//1836
f 1842//1842 1843//1843 1844//1844
f 1844//1844 1843//1843 1845//1845
f 1844//1844 1845//1845 1846//1846
f 1846//1846 1845//1845 1847//1847
f 1846//1846 1847//1847 1848//1848
f 1848//1848 1847//1847 1849//1849
f 1848//1848 1849//1849 1850//1850
f 1850//1850 1849//1849 1851//1851
f 1850//1850 1851//1851 1852//1852
f 1852//1852 1851//1851 1853//1853
f 1852//1852 1853//1853 1854//1854
f 1854//1854 1853//1853 1855//1855
f 1854//1854 1855//1855 1856//1856
f 1856//1856 1855//1855 1857//1857
f 1856//1856 1857//1857 1858//1858
f 1858//1858 1857//1857 1859//1859
f 1858//1858 1859//1859 1860//1860
f 1847//1847 1861//1861 1849//1849
f 1849//1849 1861//1861 1862//1862
f 1849//1849 1862//1862 1851//1851
f 1851//1851 1862//1862 1863//1863
f 1851//1851 1863//1863 1853//1853
f 1853//1853 1863//1863 1864//1864
f 1853//1853 1864//1864 1855//1855
f 1855//1855 1864//1864 1865//1865
f 1855//1855 1865//1865 1857//1857
f 1857//1857 1865//1865 1866//1866
f 1858//1858 1860//1860 1867//1867
f 1867//1867 1860//1860 1868//1868
f 1867//1867 1868//1868 1869//1869
f 1869//1869 1868//1868 1870//1870
f 1869//1869 1871//1871 1872//1872
f 1872//1872 1873//1873 1869//1869
f 1869//1869 1873//1873 1874//1874
f 1869//1869 1874//1874 1867//1867
f 1867//1867 1874//1874 1875//1875
f 1867//1867 1875//1875 1858//1858
f 1858//1858 1875//1875 1856//1856
f 1850//1850 1876//1876 1848//1848
f 1848//1848 1876//1876 1846//1846
f 1877//1877 1842//1842 1876//1876
f 1876//1876 1842//1842 1844//1844
f 1876//1876 1844//1844 1846//1846
f 1878//1878 1879//1879 1880//1880
f 1880//1880 1879//1879 1881//1881
f 1880//1880 1881//1881 1882//1882
f 1882//1882 1881//1881 1883//1883
f 1882//1882 1883//1883 1884//1884
f 1884//1884 1883//1883 1885//1885
f 1884//1884 1885//1885 1886//1886
f 1886//1886 1885//1885 1887//1887
f 1886//1886 1887//1887 1888//1888
f 1888//1888 1889//1889 1886//1886
f 1886//1886 1889//1889 1890//1890
f 1886//1886 1890//1890 1884//1884
f 1884//1884 1890//1890 1891//1891
f 1884//1884 1891//1891 1882//1882
f 1882//1882 1891//1891 1892//1892
f 1882//1882 1892//1892 1880//1880
f 1880//1880 1892//1892 1878//1878
f 1893//1893 1894//1894 1895//1895
f 1895//1895 1894//1894 1896//1896
f 1895//1895 1896//1896 1897//1897
f 1898//1898 1899//1899 1900//1900
f 1897//1897 1901//1901 1895//1895
f 1895//1895 1901//1901 1902//1902
f 1895//1895 1902//1902 1903//1903
f 1903//1903 1902//1902 1904//1904
f 1903//1903 1904//1904 1893//1893
f 1893//1893 1904//1904 1905//1905
f 1905//1905 1904//1904 1906//1906
f 1905//1905 1906//1906 1907//1907
f 1907//1907 1906//1906 1908//1908
f 1907//1907 1908//1908 1909//1909
f 1904//1904 1902//1902 1906//1906
f 1906//1906 1902//1902 1908//1908
f 1910//1910 1911//1911 1912//1912
f 1912//1912 1911//1911 1913//1913
f 1912//1912 1913//1913 1907//1907
f 1907//1907 1913//1913 1905//1905
f 1911//1911 1910//1910 1914//1914
f 1914//1914 1910//1910 1915//1915
f 1914//1914 1915//1915 1916//1916
f 1916//1916 1915//1915 1917//1917
f 1916//1916 1917//1917 1918//1918
f 1918//1918 1917//1917 1919//1919
f 1919//1919 1917//1917 1920//1920
f 1919//1919 1920//1920 1921//1921
f 1921//1921 1920//1920 1922//1922
f 1921//1921 1922//1922 1923//1923
f 1923//1923 1922//1922 1924//1924
f 1923//1923 1924//1924 1925//1925
f 1925//1925 1924//1924 1926//1926
f 1926//1926 1924//1924 1927//1927
f 1926//1926 1927//1927 1928//1928
f 1928//1928 1927//1927 1929//1929
f 1928//1928 1929//1929 1930//1930
f 1930//1930 1929//1929 1931//1931
f 1930//1930 1931//1931 1932//1932
f 1932//1932 1931//1931 1933//1933
f 1932//1932 1933//1933 1934//1934
f 1934//1934 1933//1933 1935//1935
f 1934//1934 1935//1935 1936//1936
f 1936//1936 1935//1935 1937//1937
f 1936//1936 1938//1938 1939//1939
f 1940//1940 1937//1937 1941//1941
f 1941//1941 1937//1937 1942//1942
f 1942//1942 1938//1938 1943//1943
f 1942//1942 1943//1943 1944//1944
f 1944//1944 1943//1943 1945//1945
f 1944//1944 1945//1945 1946//1946
f 1927//1927 1947//1947 1929//1929
f 1929//1929 1947//1947 1931//1931
f 1947//1947 1948//1948 1931//1931
f 1931//1931 1948//1948 1933//1933
f 1948//1948 1949//1949 1933//1933
f 1933//1933 1949//1949 1935//1935
f 1949//1949 1950//1950 1935//1935
f 1935//1935 1950//1950 1937//1937
f 1950//1950 1951//1951 1937//1937
f 1938//1938 1952//1952 1943//1943
f 1944//1944 1946//1946 1953//1953
f 1953//1953 1946//1946 1954//1954
f 1953//1953 1954//1954 1955//1955
f 1953//1953 1955//1955 1956//1956
f 1956//1956 1955//1955 1957//1957
f 1956//1956 1957//1957 1958//1958
f 1958//1958 1959//1959 1956//1956
f 1956//1956 1960//1960 1953//1953
f 1953//1953 1960//1960 1944//1944
f 1960//1960 1961//1961 1944//1944
f 1944//1944 1961//1961 1942//1942
f 1903//1903 1893//1893 1895//1895
f 1962//1962 1963//1963 1964//1964
f 1964//1964 1963//1963 1965//1965
f 1964//1964 1965//1965 1966//1966
f 1967//1967 1965//1965 1968//1968
f 1966//1966 1968//1968 1969//1969
f 1970//1970 1968//1968 1971//1971
f 1970//1970 1971//1971 1972//1972
f 1972//1972 1971//1971 1973//1973
f 1972//1972 1973//1973 1974//1974
f 1974//1974 1973//1973 1975//1975
f 1974//1974 1975//1975 1976//1976
f 1976//1976 1975//1975 1977//1977
f 1976//1976 1977//1977 1978//1978
f 1979//1979 1977//1977 1980//1980
f 1981//1981 1980//1980 1982//1982
f 1982//1982 1980//1980 1983//1983
f 1982//1982 1983//1983 1984//1984
f 1984//1984 1983//1983 1985//1985
f 1984//1984 1985//1985 1986//1986
f 1965//1965 1963//1963 1987//1987
f 1987//1987 1963//1963 1988//1988
f 1987//1987 1988//1988 1989//1989
f 1990//1990 1988//1988 1991//1991
f 1992//1992 1991//1991 1993//1993
f 1988//1988 1994//1994 1991//1991
f 1990//1990 1993//1993 1995//1995
f 1995//1995 1993//1993 1996//1996
f 1995//1995 1996//1996 1997//1997
f 1995//1995 1997//1997 1998//1998
f 1998//1998 1997//1997 1999//1999
f 1998//1998 1999//1999 2000//2000
f 2000//2000 1999//1999 2001//2001
f 2000//2000 2001//2001 2002//2002
f 2002//2002 2001//2001 2003//2003
f 2002//2002 2003//2003 2004//2004
f 2004//2004 2003//2003 2005//2005
f 2006//2006 2005//2005 2007//2007
f 2007//2007 2005//2005 2008//2008
f 2007//2007 2009//2009 1983//1983
f 1983//1983 2008//2008 1985//1985
f 2010//2010 2011//2011 1986//1986
f 1986//1986 2011//2011 1984//1984
f 2011//2011 2012//2012 1984//1984
f 1984//1984 2012//2012 2013//2013
f 1984//1984 2013//2013 1982//1982
f 1982//1982 2013//2013 2014//2014
f 1982//1982 2014//2014 1979//1979
f 1978//1978 2014//2014 2015//2015
f 1978//1978 2015//2015 1976//1976
f 2012//2012 2016//2016 2013//2013
f 2013//2013 2016//2016 2017//2017
f 2013//2013 2017//2017 2014//2014
f 2014//2014 2017//2017 2018//2018
f 2014//2014 2018//2018 2019//2019
f 2016//2016 2020//2020 2021//2021
f 2017//2017 2022//2022 2023//2023
f 2021//2021 2023//2023 2018//2018
f 1968//1968 1965//1965 2024//2024
f 2024//2024 1965//1965 1987//1987
f 2024//2024 1987//1987 1995//1995
f 1995//1995 1987//1987 1989//1989
f 1971//1971 1968//1968 2025//2025
f 2025//2025 1968//1968 2024//2024
f 2025//2025 2024//2024 1998//1998
f 1998//1998 2024//2024 1995//1995
f 1973//1973 1971//1971 2026//2026
f 2026//2026 1971//1971 2025//2025
f 2026//2026 2025//2025 2000//2000
f 2000//2000 2025//2025 1998//1998
f 1975//1975 1973//1973 2027//2027
f 2027//2027 1973//1973 2026//2026
f 2027//2027 2026//2026 2002//2002
f 2002//2002 2026//2026 2000//2000
f 1977//1977 1975//1975 2028//2028
f 2028//2028 1975//1975 2027//2027
f 2028//2028 2027//2027 2006//2006
f 2004//2004 2027//2027 2002//2002
f 1977//1977 2028//2028 1980//1980
f 2029//2029 2028//2028 2007//2007
f 1980//1980 2007//2007 2030//2030
f 2007//2007 2031//2031 2004//2004
f 2032//2032 2033//2033 2034//2034
f 2034//2034 2033//2033 2035//2035
f 2034//2034 2035//2035 2036//2036
f 2036//2036 2035//2035 2037//2037
f 2036//2036 2037//2037 2038//2038
f 2038//2038 2037//2037 2039//2039
f 2038//2038 2039//2039 2040//2040
f 2040//2040 2039//2039 2041//2041
f 2041//2041 2042//2042 2043//2043
f 2043//2043 2039//2039 2044//2044
f 2043//2043 2044//2044 2045//2045
f 2045//2045 2044//2044 2046//2046
f 2045//2045 2046//2046 2047//2047
f 2047//2047 2046//2046 2048//2048
f 2048//2048 2046//2046 2049//2049
f 2049//2049 2046//2046 2050//2050
f 2049//2049 2050//2050 2051//2051
f 2051//2051 2050//2050 2052//2052
f 2051//2051 2052//2052 2053//2053
f 2053//2053 2052//2052 2054//2054
f 2053//2053 2054//2054 2055//2055
f 2055//2055 2054//2054 2056//2056
f 2056//2056 2054//2054 2057//2057
f 2056//2056 2057//2057 2058//2058
f 2058//2058 2057//2057 2059//2059
f 2058//2058 2059//2059 2060//2060
f 2060//2060 2059//2059 2061//2061
f 2060//2060 2061//2061 2062//2062
f 2063//2063 2064//2064 2035//2035
f 2035//2035 2064//2064 2065//2065
f 2035//2035 2065//2065 2037//2037
f 2037//2037 2065//2065 2066//2066
f 2037//2037 2066//2066 2067//2067
f 2067//2067 2066//2066 2068//2068
f 2067//2067 2068//2068 2044//2044
f 2044//2044 2068//2068 2046//2046
f 2064//2064 2069//2069 2065//2065
f 2065//2065 2069//2069 2066//2066
f 2069//2069 2070//2070 2066//2066
f 2066//2066 2070//2070 2071//2071
f 2066//2066 2071//2071 2068//2068
f 2068//2068 2071//2071 2072//2072
f 2068//2068 2072//2072 2073//2073
f 2073//2073 2072//2072 2074//2074
f 2073//2073 2074//2074 2052//2052
f 2052//2052 2074//2074 2054//2054
f 2070//2070 2075//2075 2071//2071
f 2071//2071 2075//2075 2076//2076
f 2071//2071 2076//2076 2072//2072
f 2072//2072 2076//2076 2077//2077
f 2072//2072 2077//2077 2078//2078
f 2078//2078 2077//2077 2079//2079
f 2078//2078 2079//2079 2080//2080
f 2081//2081 2079//2079 2082//2082
f 2081//2081 2083//2083 2057//2057
f 2057//2057 2082//2082 2084//2084
f 2077//2077 2085//2085 2079//2079
f 2079//2079 2085//2085 2086//2086
f 2079//2079 2086//2086 2083//2083
f 2083//2083 2086//2086 2087//2087
f 2083//2083 2087//2087 2059//2059
f 2059//2059 2087//2087 2088//2088
f 2084//2084 2088//2088 2061//2061
f 2085//2085 2089//2089 2086//2086
f 2086//2086 2090//2090 2091//2091
f 2086//2086 2091//2091 2092//2092
f 2092//2092 2091//2091 2093//2093
f 2092//2092 2093//2093 2094//2094
f 2092//2092 2094//2094 2087//2087
f 2087//2087 2094//2094 2088//2088
f 2040//2040 2095//2095 2038//2038
f 2038//2038 2095//2095 2096//2096
f 2038//2038 2096//2096 2034//2034
f 2095//2095 2097//2097 2096//2096
f 2087//2087 2086//2086 2092//2092
f 2074//2074 2072//2072 2078//2078
f 2038//2038 2034//2034 2036//2036
f 2044//2044 2042//2042 2067//2067
f 2067//2067 2039//2039 2037//2037
f 2050//2050 2046//2046 2073//2073
f 2073//2073 2046//2046 2068//2068
f 2052//2052 2050//2050 2073//2073
f 2098//2098 2078//2078 2081//2081
f 2057//2057 2099//2099 2080//2080
f 2081//2081 2054//2054 2074//2074
f 2100//2100 2101//2101 2102//2102
f 2102//2102 2101//2101 2103//2103
f 2102//2102 2104//2104 2105//2105
f 2105//2105 2104//2104 2106//2106
f 2107//2107 2106//2106 2108//2108
f 2108//2108 2106//2106 2109//2109
f 2108//2108 2109//2109 2110//2110
f 2110//2110 2109//2109 2111//2111
f 2110//2110 2111//2111 2112//2112
f 2112//2112 2111//2111 2113//2113
f 2112//2112 2113//2113 2114//2114
f 2114//2114 2113//2113 2115//2115
f 2114//2114 2115//2115 2116//2116
f 2116//2116 2115//2115 2117//2117
f 2117//2117 2115//2115 2118//2118
f 2117//2117 2118//2118 2119//2119
f 2119//2119 2118//2118 2120//2120
f 2119//2119 2120//2120 2121//2121
f 2106//2106 2122//2122 2109//2109
f 2123//2123 2122//2122 2113//2113
f 2109//2109 2113//2113 2111//2111
f 2113//2113 2122//2122 2115//2115
f 2115//2115 2122//2122 2120//2120
f 2115//2115 2120//2120 2118//2118
f 2124//2124 2125//2125 2121//2121
f 2121//2121 2125//2125 2126//2126
f 2121//2121 2126//2126 2127//2127
f 2127//2127 2126//2126 2128//2128
f 2127//2127 2128//2128 2129//2129
f 2129//2129 2128//2128 2130//2130
f 2129//2129 2130//2130 2127//2127
f 2127//2127 2130//2130 2117//2117
f 2127//2127 2117//2117 2119//2119
f 2131//2131 2132//2132 2124//2124
f 2124//2124 2132//2132 2133//2133
f 2124//2124 2134//2134 2135//2135
f 2135//2135 2133//2133 2136//2136
f 2135//2135 2136//2136 2128//2128
f 2128//2128 2136//2136 2130//2130
f 2137//2137 2138//2138 2132//2132
f 2132//2132 2139//2139 2134//2134
f 2140//2140 2141//2141 2139//2139
f 2139//2139 2141//2141 2142//2142
f 2139//2139 2142//2142 2133//2133
f 2140//2140 2143//2143 2141//2141
f 2114//2114 2116//2116 2112//2112
f 2112//2112 2116//2116 2110//2110
f 2108//2108 2144//2144 2105//2105
f 2107//2107 2144//2144 2102//2102
f 2144//2144 2100//2100 2102//2102
f 2127//2127 2119//2119 2121//2121
f 2135//2135 2128//2128 2126//2126
f 2124//2124 2135//2135 2125//2125
f 2125//2125 2135//2135 2126//2126
f 2145//2145 2146//2146 2147//2147
f 2147//2147 2146//2146 2148//2148
f 2148//2148 2146//2146 2149//2149
f 2148//2148 2150//2150 2151//2151
f 2152//2152 2149//2149 2153//2153
f 2152//2152 2153//2153 2154//2154
f 2154//2154 2153//2153 2155//2155
f 2154//2154 2155//2155 2156//2156
f 2156//2156 2157//2157 2158//2158
f 2156//2156 2158//2158 2159//2159
f 2159//2159 2158//2158 2160//2160
f 2159//2159 2160//2160 2161//2161
f 2161//2161 2160//2160 2162//2162
f 2162//2162 2160//2160 2163//2163
f 2164//2164 2163//2163 2165//2165
f 2165//2165 2163//2163 2166//2166
f 2165//2165 2167//2167 2168//2168
f 2146//2146 2153//2153 2150//2150
f 2158//2158 2167//2167 2160//2160
f 2160//2160 2167//2167 2163//2163
f 2169//2169 2170//2170 2168//2168
f 2168//2168 2170//2170 2171//2171
f 2168//2168 2171//2171 2165//2165
f 2165//2165 2171//2171 2172//2172
f 2165//2165 2172//2172 2162//2162
f 2170//2170 2169//2169 2173//2173
f 2173//2173 2169//2169 2174//2174
f 2173//2173 2174//2174 2175//2175
f 2175//2175 2174//2174 2176//2176
f 2175//2175 2176//2176 2177//2177
f 2177//2177 2176//2176 2178//2178
f 2177//2177 2178//2178 2179//2179
f 2180//2180 2181//2181 2175//2175
f 2175//2175 2181//2181 2182//2182
f 2175//2175 2182//2182 2173//2173
f 2173//2173 2182//2182 2172//2172
f 2173//2173 2172//2172 2171//2171
f 2161//2161 2183//2183 2159//2159
f 2159//2159 2183//2183 2156//2156
f 2156//2156 2183//2183 2154//2154
f 2154//2154 2183//2183 2152//2152
f 2170//2170 2173//2173 2171//2171
f 2184//2184 2185//2185 2186//2186
f 2186//2186 2185//2185 2187//2187
f 2186//2186 2187//2187 2188//2188
f 2188//2188 2187//2187 2189//2189
f 2188//2188 2189//2189 2190//2190
f 2190//2190 2189//2189 2191//2191
f 2190//2190 2191//2191 2192//2192
f 2192//2192 2191//2191 2193//2193
f 2192//2192 2193//2193 2194//2194
f 2194//2194 2193//2193 2195//2195
f 2194//2194 2195//2195 2196//2196
f 2196//2196 2195//2195 2197//2197
f 2196//2196 2197//2197 2198//2198
f 2185//2185 2199//2199 2187//2187
f 2187//2187 2199//2199 2200//2200
f 2187//2187 2200//2200 2189//2189
f 2189//2189 2201//2201 2202//2202
f 2189//2189 2202//2202 2191//2191
f 2191//2191 2202//2202 2193//2193
f 2199//2199 2203//2203 2201//2201
f 2201//2201 2203//2203 2204//2204
f 2200//2200 2204//2204 2202//2202
f 2202//2202 2204//2204 2205//2205
f 2202//2202 2205//2205 2193//2193
f 2193//2193 2205//2205 2195//2195
f 2203//2203 2206//2206 2204//2204
f 2204//2204 2206//2206 2207//2207
f 2204//2204 2207//2207 2197//2197
f 2208//2208 2209//2209 2198//2198
f 2198//2198 2209//2209 2210//2210
f 2198//2198 2210//2210 2196//2196
f 2196//2196 2210//2210 2211//2211
f 2196//2196 2211//2211 2194//2194
f 2194//2194 2211//2211 2212//2212
f 2194//2194 2212//2212 2192//2192
f 2192//2192 2212//2212 2190//2190
f 2209//2209 2208//2208 2213//2213
f 2213//2213 2208//2208 2214//2214
f 2213//2213 2214//2214 2215//2215
f 2215//2215 2214//2214 2216//2216
f 2215//2215 2216//2216 2217//2217
f 2215//2215 2217//2217 2212//2212
f 2212//2212 2217//2217 2190//2190
f 2195//2195 2205//2205 2197//2197
f 2197//2197 2205//2205 2204//2204
f 2210//2210 2209//2209 2213//2213
f 2212//2212 2211//2211 2215//2215
f 2215//2215 2211//2211 2213//2213
f 2211//2211 2210//2210 2213//2213
f 2218//2218 2219//2219 2220//2220
f 2220//2220 2219//2219 2221//2221
f 2220//2220 2221//2221 2222//2222
f 2222//2222 2221//2221 2223//2223
f 2222//2222 2223//2223 2224//2224
f 2224//2224 2223//2223 2225//2225
f 2224//2224 2225//2225 2226//2226
f 2226//2226 2225//2225 2227//2227
f 2227//2227 2225//2225 2228//2228
f 2227//2227 2228//2228 2229//2229
f 2219//2219 2218//2218 2230//2230
f 2230//2230 2218//2218 2231//2231
f 2230//2230 2231//2231 2232//2232
f 2230//2230 2232//2232 2233//2233
f 2233//2233 2232//2232 2234//2234
f 2233//2233 2234//2234 2235//2235
f 2235//2235 2234//2234 2236//2236
f 2235//2235 2237//2237 2238//2238
f 2239//2239 2240//2240 2241//2241
f 2235//2235 2240//2240 2242//2242
f 2235//2235 2242//2242 2243//2243
f 2243//2243 2242//2242 2244//2244
f 2243//2243 2244//2244 2245//2245
f 2245//2245 2244//2244 2246//2246
f 2245//2245 2246//2246 2219//2219
f 2219//2219 2246//2246 2221//2221
f 2244//2244 2242//2242 2247//2247
f 2247//2247 2242//2242 2228//2228
f 2247//2247 2228//2228 2225//2225
f 2226//2226 2248//2248 2224//2224
f 2224//2224 2248//2248 2249//2249
f 2224//2224 2249//2249 2222//2222
f 2222//2222 2249//2249 2220//2220
f 2248//2248 2250//2250 2249//2249
f 2249//2249 2250//2250 2251//2251
f 2249//2249 2251//2251 2220//2220
f 2220//2220 2251//2251 2252//2252
f 2245//2245 2219//2219 2230//2230
f 2223//2223 2221//2221 2246//2246
f 2243//2243 2245//2245 2233//2233
f 2233//2233 2245//2245 2230//2230
f 2235//2235 2243//2243 2233//2233
f 2244//2244 2247//2247 2246//2246
f 2246//2246 2247//2247 2223//2223
f 2247//2247 2225//2225 2223//2223
f 2253//2253 2254//2254 2255//2255
f 2255//2255 2254//2254 2256//2256
f 2255//2255 2256//2256 2257//2257
f 2257//2257 2256//2256 2258//2258
f 2258//2258 2256//2256 2254//2254
f 2258//2258 2254//2254 2259//2259
f 2259//2259 2254//2254 2260//2260
f 2261//2261 2260//2260 2262//2262
f 2262//2262 2260//2260 2263//2263
f 2262//2262 2263//2263 2264//2264
f 2264//2264 2263//2263 2265//2265
f 2264//2264 2265//2265 2266//2266
f 2254//2254 2253//2253 2260//2260
f 2260//2260 2253//2253 2267//2267
f 2260//2260 2267//2267 2268//2268
f 2260//2260 2268//2268 2263//2263
f 2263//2263 2268//2268 2269//2269
f 2263//2263 2269//2269 2270//2270
f 2270//2270 2265//2265 2263//2263
f 2264//2264 2266//2266 2271//2271
f 2271//2271 2266//2266 2272//2272
f 2271//2271 2272//2272 2273//2273
f 2273//2273 2272//2272 2274//2274
f 2273//2273 2274//2274 2275//2275
f 2275//2275 2274//2274 2276//2276
f 2275//2275 2276//2276 2277//2277
f 2275//2275 2277//2277 2278//2278
f 2278//2278 2277//2277 2279//2279
f 2278//2278 2279//2279 2275//2275
f 2275//2275 2279//2279 2261//2261
f 2275//2275 2259//2259 2262//2262
f 2261//2261 2279//2279 2280//2280
f 2280//2280 2279//2279 2258//2258
f 2280//2280 2258//2258 2261//2261
f 2271//2271 2273//2273 2264//2264
f 2264//2264 2273//2273 2262//2262
f 2273//2273 2275//2275 2262//2262
f 2281//2281 2282//2282 2283//2283
f 2283//2283 2282//2282 2284//2284
f 2283//2283 2284//2284 2285//2285
f 2285//2285 2284//2284 2286//2286
f 2285//2285 2286//2286 2287//2287
f 2287//2287 2286//2286 2288//2288
f 2287//2287 2288//2288 2289//2289
f 2289//2289 2288//2288 2290//2290
f 2289//2289 2290//2290 2291//2291
f 2291//2291 2290//2290 2292//2292
f 2291//2291 2292//2292 2293//2293
f 2294//2294 2292//2292 2295//2295
f 2293//2293 2295//2295 2296//2296
f 2296//2296 2295//2295 2297//2297
f 2284//2284 2282//2282 2298//2298
f 2298//2298 2282//2282 2299//2299
f 2298//2298 2299//2299 2300//2300
f 2298//2298 2300//2300 2301//2301
f 2302//2302 2303//2303 2304//2304
f 2301//2301 2305//2305 2306//2306
f 2301//2301 2306//2306 2307//2307
f 2307//2307 2306//2306 2308//2308
f 2307//2307 2308//2308 2309//2309
f 2309//2309 2308//2308 2310//2310
f 2307//2307 2309//2309 2288//2288
f 2288//2288 2309//2309 2290//2290
f 2293//2293 2296//2296 2311//2311
f 2311//2311 2296//2296 2312//2312
f 2311//2311 2312//2312 2313//2313
f 2313//2313 2312//2312 2314//2314
f 2313//2313 2314//2314 2283//2283
f 2283//2283 2314//2314 2315//2315
f 2283//2283 2285//2285 2316//2316
f 2316//2316 2285//2285 2287//2287
f 2316//2316 2287//2287 2317//2317
f 2317//2317 2287//2287 2289//2289
f 2317//2317 2289//2289 2291//2291
f 2283//2283 2316//2316 2313//2313
f 2313//2313 2316//2316 2317//2317
f 2313//2313 2317//2317 2311//2311
f 2311//2311 2317//2317 2291//2291
f 2311//2311 2291//2291 2293//2293
f 2307//2307 2288//2288 2286//2286
f 2298//2298 2301//2301 2284//2284
f 2284//2284 2301//2301 2286//2286
f 2301//2301 2307//2307 2286//2286
f 2318//2318 2319//2319 2320//2320
f 2320//2320 2319//2319 2321//2321
f 2320//2320 2321//2321 2322//2322
f 2322//2322 2321//2321 2323//2323
f 2323//2323 2321//2321 2324//2324
f 2323//2323 2324//2324 2325//2325
f 2325//2325 2324//2324 2326//2326
f 2325//2325 2326//2326 2327//2327
f 2327//2327 2326//2326 2328//2328
f 2327//2327 2328//2328 2329//2329
f 2329//2329 2328//2328 2330//2330
f 2330//2330 2328//2328 2331//2331
f 2330//2330 2331//2331 2332//2332
f 2332//2332 2331//2331 2333//2333
f 2333//2333 2331//2331 2334//2334
f 2333//2333 2334//2334 2335//2335
f 2335//2335 2334//2334 2336//2336
f 2335//2335 2336//2336 2337//2337
f 2338//2338 2336//2336 2339//2339
f 2337//2337 2339//2339 2340//2340
f 2341//2341 2339//2339 2342//2342
f 2340//2340 2342//2342 2343//2343
f 2343//2343 2342//2342 2344//2344
f 2343//2343 2344//2344 2345//2345
f 2318//2318 2346//2346 2319//2319
f 2319//2319 2346//2346 2347//2347
f 2319//2319 2347//2347 2348//2348
f 2348//2348 2347//2347 2349//2349
f 2348//2348 2349//2349 2350//2350
f 2350//2350 2349//2349 2336//2336
f 2350//2350 2336//2336 2334//2334
f 2347//2347 2346//2346 2351//2351
f 2351//2351 2346//2346 2344//2344
f 2351//2351 2344//2344 2342//2342
f 2329//2329 2352//2352 2327//2327
f 2327//2327 2352//2352 2325//2325
f 2352//2352 2323//2323 2325//2325
f 2319//2319 2348//2348 2321//2321
f 2321//2321 2348//2348 2353//2353
f 2321//2321 2353//2353 2324//2324
f 2324//2324 2353//2353 2326//2326
f 2348//2348 2350//2350 2353//2353
f 2353//2353 2350//2350 2354//2354
f 2353//2353 2354//2354 2326//2326
f 2326//2326 2354//2354 2328//2328
f 2342//2342 2339//2339 2355//2355
f 2355//2355 2339//2339 2349//2349
f 2355//2355 2349//2349 2347//2347
f 2339//2339 2336//2336 2349//2349
f 2354//2354 2350//2350 2334//2334
f 2328//2328 2354//2354 2331//2331
f 2331//2331 2354//2354 2334//2334
f 2356//2356 2357//2357 2358//2358
f 2358//2358 2357//2357 2359//2359
f 2358//2358 2359//2359 2360//2360
f 2360//2360 2359//2359 2361//2361
f 2360//2360 2361//2361 2362//2362
f 2362//2362 2361//2361 2363//2363
f 2362//2362 2363//2363 2364//2364
f 2364//2364 2363//2363 2365//2365
f 2364//2364 2365//2365 2366//2366
f 2366//2366 2365//2365 2367//2367
f 2367//2367 2365//2365 2368//2368
f 2368//2368 2365//2365 2369//2369
f 2368//2368 2369//2369 2370//2370
f 2370//2370 2369//2369 2371//2371
f 2370//2370 2371//2371 2372//2372
f 2356//2356 2373//2373 2357//2357
f 2357//2357 2373//2373 2374//2374
f 2357//2357 2374//2374 2375//2375
f 2375//2375 2374//2374 2376//2376
f 2375//2375 2376//2376 2377//2377
f 2373//2373 2376//2376 2374//2374
f 2377//2377 2378//2378 2375//2375
f 2375//2375 2378//2378 2379//2379
f 2375//2375 2379//2379 2380//2380
f 2380//2380 2379//2379 2381//2381
f 2380//2380 2381//2381 2382//2382
f 2382//2382 2381//2381 2383//2383
f 2382//2382 2384//2384 2385//2385
f 2386//2386 2383//2383 2387//2387
f 2385//2385 2388//2388 2389//2389
f 2389//2389 2388//2388 2390//2390
f 2389//2389 2390//2390 2391//2391
f 2369//2369 2390//2390 2371//2371
f 2382//2382 2359//2359 2380//2380
f 2380//2380 2359//2359 2357//2357
f 2380//2380 2357//2357 2375//2375
f 2359//2359 2382//2382 2361//2361
f 2361//2361 2382//2382 2385//2385
f 2361//2361 2385//2385 2363//2363
f 2363//2363 2385//2385 2389//2389
f 2363//2363 2389//2389 2365//2365
f 2365//2365 2389//2389 2369//2369
f 2392//2392 2393//2393 2394//2394
f 2394//2394 2393//2393 2395//2395
f 2395//2395 2393//2393 2396//2396
f 2395//2395 2396//2396 2397//2397
f 2397//2397 2396//2396 2398//2398
f 2397//2397 2398//2398 2399//2399
f 2397//2397 2399//2399 2400//2400
f 2400//2400 2399//2399 2401//2401
f 2400//2400 2401//2401 2402//2402
f 2402//2402 2401//2401 2403//2403
f 2403//2403 2401//2401 2404//2404
f 2403//2403 2405//2405 2406//2406
f 2406//2406 2404//2404 2407//2407
f 2406//2406 2407//2407 2408//2408
f 2408//2408 2407//2407 2409//2409
f 2409//2409 2407//2407 2410//2410
f 2409//2409 2410//2410 2411//2411
f 2412//2412 2410//2410 2413//2413
f 2412//2412 2413//2413 2414//2414
f 2414//2414 2413//2413 2415//2415
f 2415//2415 2413//2413 2416//2416
f 2415//2415 2416//2416 2417//2417
f 2417//2417 2416//2416 2418//2418
f 2417//2417 2418//2418 2419//2419
f 2419//2419 2418//2418 2420//2420
f 2419//2419 2420//2420 2421//2421
f 2422//2422 2423//2423 2424//2424
f 2424//2424 2423//2423 2425//2425
f 2424//2424 2425//2425 2426//2426
f 2426//2426 2425//2425 2427//2427
f 2426//2426 2427//2427 2428//2428
f 2428//2428 2427//2427 2429//2429
f 2429//2429 2427//2427 2430//2430
f 2429//2429 2430//2430 2431//2431
f 2431//2431 2430//2430 2432//2432
f 2431//2431 2432//2432 2433//2433
f 2433//2433 2434//2434 2435//2435
f 2433//2433 2436//2436 2437//2437
f 2437//2437 2436//2436 2438//2438
f 2437//2437 2439//2439 2440//2440
f 2437//2437 2440//2440 2441//2441
f 2441//2441 2440//2440 2442//2442
f 2441//2441 2442//2442 2443//2443
f 2443//2443 2442//2442 2444//2444
f 2443//2443 2444//2444 2445//2445
f 2443//2443 2445//2445 2446//2446
f 2446//2446 2445//2445 2447//2447
f 2446//2446 2447//2447 2448//2448
f 2448//2448 2447//2447 2449//2449
f 2448//2448 2449//2449 2450//2450
f 2450//2450 2449//2449 2451//2451
f 2452//2452 2453//2453 2454//2454
f 2454//2454 2453//2453 2455//2455
f 2454//2454 2455//2455 2456//2456
f 2452//2452 2457//2457 2453//2453
f 2453//2453 2457//2457 2458//2458
f 2459//2459 2460//2460 2461//2461
f 2458//2458 2462//2462 2463//2463
f 2463//2463 2462//2462 2464//2464
f 2464//2464 2462//2462 2465//2465
f 2464//2464 2465//2465 2466//2466
f 2466//2466 2465//2465 2467//2467
f 2466//2466 2467//2467 2468//2468
f 2466//2466 2468//2468 2469//2469
f 2469//2469 2468//2468 2470//2470
f 2469//2469 2470//2470 2471//2471
f 2471//2471 2470//2470 2472//2472
f 2471//2471 2472//2472 2473//2473
f 2473//2473 2472//2472 2474//2474
f 2474//2474 2472//2472 2475//2475
f 2474//2474 2475//2475 2476//2476
f 2476//2476 2475//2475 2477//2477
f 2476//2476 2477//2477 2478//2478
f 2476//2476 2478//2478 2479//2479
f 2479//2479 2478//2478 2480//2480
f 2479//2479 2480//2480 2481//2481
f 2479//2479 2481//2481 2482//2482
f 2482//2482 2481//2481 2483//2483
f 2482//2482 2483//2483 2484//2484
f 2484//2484 2483//2483 2485//2485
f 2484//2484 2485//2485 2486//2486
f 2486//2486 2485//2485 2487//2487
f 2486//2486 2487//2487 2488//2488
f 2488//2488 2487//2487 2489//2489
f 2489//2489 2487//2487 2490//2490
f 2489//2489 2490//2490 2491//2491
f 2491//2491 2490//2490 2492//2492
f 2492//2492 2490//2490 2493//2493
f 2493//2493 2490//2490 2494//2494
f 2494//2494 2490//2490 2495//2495
f 2494//2494 2495//2495 2496//2496
f 2496//2496 2495//2495 2497//2497
f 2496//2496 2497//2497 2498//2498
f 2498//2498 2497//2497 2499//2499
f 2498//2498 2499//2499 2500//2500
f 2498//2498 2500//2500 2501//2501
f 2501//2501 2500//2500 2502//2502
f 2501//2501 2502//2502 2503//2503
f 2503//2503 2502//2502 2504//2504
f 2503//2503 2504//2504 2505//2505
f 2505//2505 2504//2504 2506//2506
f 2505//2505 2506//2506 2507//2507
f 2507//2507 2506//2506 2508//2508
f 2507//2507 2508//2508 2509//2509
f 2509//2509 2508//2508 2510//2510
f 2510//2510 2508//2508 2511//2511
f 2510//2510 2511//2511 2512//2512
f 2512//2512 2511//2511 2513//2513
f 2513//2513 2511//2511 2514//2514
f 2515//2515 2516//2516 2517//2517
f 2518//2518 2514//2514 2519//2519
f 2519//2519 2514//2514 2520//2520
f 2519//2519 2520//2520 2521//2521
f 2521//2521 2520//2520 2522//2522
f 2521//2521 2522//2522 2523//2523
f 2523//2523 2522//2522 2524//2524
f 2523//2523 2524//2524 2525//2525
f 2525//2525 2524//2524 2526//2526
f 2525//2525 2526//2526 2527//2527
f 2527//2527 2526//2526 2528//2528
f 2527//2527 2528//2528 2529//2529
f 2529//2529 2528//2528 2530//2530
f 2529//2529 2530//2530 2531//2531
f 2529//2529 2531//2531 2532//2532
f 2532//2532 2531//2531 2533//2533
f 2532//2532 2533//2533 2534//2534
f 2534//2534 2533//2533 2535//2535
f 2534//2534 2535//2535 2536//2536
f 2536//2536 2535//2535 2537//2537
f 2536//2536 2537//2537 2538//2538
f 2538//2538 2537//2537 2539//2539
f 2539//2539 2537//2537 2454//2454
f 2539//2539 2454//2454 2540//2540
f 2540//2540 2454//2454 2456//2456
f 2541//2541 2542//2542 2543//2543
f 2543//2543 2542//2542 2544//2544
f 2543//2543 2544//2544 2545//2545
f 2545//2545 2544//2544 2546//2546
f 2545//2545 2546//2546 2547//2547
f 2547//2547 2546//2546 2548//2548
f 2547//2547 2548//2548 2549//2549
f 2547//2547 2550//2550 2545//2545
f 2545//2545 2550//2550 2543//2543
f 2550//2550 2541//2541 2543//2543
f 2551//2551 2552//2552 2553//2553
f 2553//2553 2552//2552 2554//2554
f 2553//2553 2554//2554 2555//2555
f 2555//2555 2551//2551 2553//2553
f 2556//2556 2557//2557 2558//2558
f 2558//2558 2557//2557 2559//2559
f 2560//2560 2561//2561 2562//2562
f 2562//2562 2561//2561 2563//2563
f 2562//2562 2563//2563 2564//2564
f 2562//2562 2564//2564 2565//2565
f 2565//2565 2564//2564 2566//2566
f 2565//2565 2566//2566 2567//2567
f 2567//2567 2566//2566 2568//2568
f 2567//2567 2568//2568 2569//2569
f 2569//2569 2568//2568 2570//2570
f 2569//2569 2570//2570 2571//2571
f 2571//2571 2570//2570 2572//2572
f 2571//2571 2572//2572 2573//2573
f 2573//2573 2572//2572 2574//2574
f 2573//2573 2574//2574 2575//2575
f 2575//2575 2574//2574 2576//2576
f 2575//2575 2576//2576 2577//2577
f 2577//2577 2576//2576 2578//2578
f 2577//2577 2578//2578 2579//2579
f 2579//2579 2578//2578 2580//2580
f 2579//2579 2580//2580 2581//2581
f 2581//2581 2580//2580 2582//2582
f 2581//2581 2582//2582 2583//2583
f 2583//2583 2582//2582 2584//2584
f 2583//2583 2584//2584 2585//2585
f 2585//2585 2584//2584 2586//2586
f 2585//2585 2586//2586 2587//2587
f 2587//2587 2586//2586 2588//2588
f 2587//2587 2588//2588 2589//2589
f 2589//2589 2588//2588 2590//2590
f 2589//2589 2590//2590 2591//2591
f 2591//2591 2590//2590 2592//2592
f 2591//2591 2592//2592 2593//2593
f 2593//2593 2592//2592 2594//2594
f 2593//2593 2594//2594 2595//2595
f 2596//2596 2597//2597 2598//2598
f 2598//2598 2597//2597 2599//2599
f 2600//2600 2601//2601 2602//2602
f 2602//2602 2601//2601 2603//2603
f 2602//2602 2603//2603 2604//2604
f 2604//2604 2603//2603 2605//2605
f 2604//2604 2605//2605 2606//2606
f 2606//2606 2605//2605 2607//2607
f 2606//2606 2607//2607 2608//2608
f 2608//2608 2607//2607 2609//2609
f 2608//2608 2609//2609 2610//2610
f 2610//2610 2609//2609 2611//2611
f 2610//2610 2611//2611 2612//2612
f 2612//2612 2611//2611 2613//2613
f 2612//2612 2613//2613 2614//2614
f 2614//2614 2613//2613 2615//2615
f 2614//2614 2615//2615 2616//2616
f 2616//2616 2615//2615 2617//2617
f 2616//2616 2617//2617 2618//2618
f 2618//2618 2617//2617 2619//2619
f 2618//2618 2619//2619 2620//2620
f 2620//2620 2619//2619 2621//2621
f 2620//2620 2621//2621 2622//2622
f 2622//2622 2621//2621 2623//2623
f 2622//2622 2623//2623 2624//2624
f 2624//2624 2623//2623 2625//2625
f 2624//2624 2625//2625 2626//2626
f 2626//2626 2625//2625 2627//2627
f 2626//2626 2627//2627 2628//2628
f 2628//2628 2629//2629 2626//2626
f 2630//2630 2631//2631 2632//2632
f 2632//2632 2631//2631 2633//2633
f 2634//2634 2635//2635 2636//2636
f 2636//2636 2635//2635 2637//2637
f 2638//2638 2639//2639 2640//2640
f 2641//2641 2637//2637 2642//2642
f 2642//2642 2637//2637 2643//2643
f 2643//2643 2637//2637 2644//2644
f 2644//2644 2637//2637 2645//2645
f 2645//2645 2637//2637 2646//2646
f 2645//2645 2646//2646 2647//2647
f 2647//2647 2646//2646 2648//2648
f 2648//2648 2646//2646 2649//2649
f 2648//2648 2649//2649 2650//2650
f 2650//2650 2649//2649 2651//2651
f 2650//2650 2651//2651 2652//2652
f 2652//2652 2651//2651 2653//2653
f 2652//2652 2653//2653 2654//2654
f 2654//2654 2653//2653 2655//2655
f 2654//2654 2655//2655 2656//2656
f 2656//2656 2655//2655 2657//2657
f 2656//2656 2657//2657 2658//2658
f 2658//2658 2657//2657 2659//2659
f 2658//2658 2659//2659 2660//2660
f 2660//2660 2659//2659 2661//2661
f 2660//2660 2661//2661 2662//2662
f 2634//2634 2663//2663 2635//2635
f 2635//2635 2663//2663 2664//2664
f 2664//2664 2663//2663 2665//2665
f 2664//2664 2665//2665 2666//2666
f 2666//2666 2665//2665 2667//2667
f 2667//2667 2665//2665 2668//2668
f 2667//2667 2668//2668 2669//2669
f 2669//2669 2668//2668 2670//2670
f 2669//2669 2670//2670 2671//2671
f 2671//2671 2670//2670 2672//2672
f 2672//2672 2670//2670 2673//2673
f 2672//2672 2673//2673 2674//2674
f 2674//2674 2673//2673 2675//2675
f 2674//2674 2675//2675 2676//2676
f 2676//2676 2675//2675 2677//2677
f 2677//2677 2675//2675 2678//2678
f 2677//2677 2678//2678 2679//2679
f 2679//2679 2678//2678 2680//2680
f 2679//2679 2680//2680 2681//2681
f 2681//2681 2680//2680 2682//2682
f 2681//2681 2682//2682 2683//2683
f 2683//2683 2682//2682 2684//2684
f 2683//2683 2684//2684 2685//2685
f 2685//2685 2684//2684 2686//2686
f 2685//2685 2686//2686 2687//2687
f 2687//2687 2686//2686 2688//2688
f 2688//2688 2686//2686 2689//2689
f 2688//2688 2689//2689 2690//2690
f 2690//2690 2689//2689 2691//2691
f 2690//2690 2691//2691 2692//2692
f 2690//2690 2692//2692 2693//2693
f 2693//2693 2692//2692 2694//2694
f 2693//2693 2694//2694 2695//2695
f 2693//2693 2695//2695 2696//2696
f 2696//2696 2695//2695 2697//2697
f 2696//2696 2697//2697 2698//2698
f 2698//2698 2699//2699 2696//2696
f 2696//2696 2699//2699 2700//2700
f 2696//2696 2700//2700 2701//2701
f 2701//2701 2700//2700 2702//2702
f 2701//2701 2702//2702 2703//2703
f 2701//2701 2703//2703 2704//2704
f 2704//2704 2703//2703 2705//2705
f 2704//2704 2705//2705 2706//2706
f 2704//2704 2706//2706 2707//2707
f 2707//2707 2706//2706 2708//2708
f 2707//2707 2708//2708 2709//2709
f 2709//2709 2708//2708 2710//2710
f 2709//2709 2710//2710 2711//2711
f 2711//2711 2710//2710 2712//2712
f 2711//2711 2712//2712 2662//2662
f 2662//2662 2712//2712 2660//2660
f 2713//2713 2714//2714 2715//2715
f 2715//2715 2714//2714 2716//2716
f 2715//2715 2716//2716 2717//2717
f 2717//2717 2713//2713 2715//2715
f 2718//2718 2719//2719 2720//2720
f 2720//2720 2719//2719 2721//2721
f 2720//2720 2721//2721 2722//2722
f 2723//2723 2724//2724 2718//2718
f 2718//2718 2724//2724 2725//2725
f 2718//2718 2725//2725 2719//2719
f 2719//2719 2725//2725 2726//2726
f 2719//2719 2726//2726 2727//2727
f 2724//2724 2723//2723 2728//2728
f 2728//2728 2723//2723 2729//2729
f 2728//2728 2729//2729 2730//2730
f 2730//2730 2729//2729 2731//2731
f 2730//2730 2732//2732 2733//2733
f 2729//2729 2734//2734 2731//2731
f 2731//2731 2734//2734 2735//2735
f 2735//2735 2734//2734 2736//2736
f 2735//2735 2736//2736 2737//2737
f 2737//2737 2736//2736 2738//2738
f 2737//2737 2738//2738 2739//2739
f 2739//2739 2738//2738 2740//2740
f 2739//2739 2740//2740 2741//2741
f 2739//2739 2741//2741 2742//2742
f 2742//2742 2741//2741 2743//2743
f 2742//2742 2743//2743 2744//2744
f 2744//2744 2743//2743 2745//2745
f 2744//2744 2745//2745 2746//2746
f 2746//2746 2745//2745 2747//2747
f 2746//2746 2747//2747 2748//2748
f 2746//2746 2748//2748 2749//2749
f 2749//2749 2748//2748 2750//2750
f 2749//2749 2750//2750 2751//2751
f 2751//2751 2750//2750 2752//2752
f 2751//2751 2752//2752 2753//2753
f 2753//2753 2752//2752 2754//2754
f 2754//2754 2752//2752 2755//2755
f 2754//2754 2755//2755 2756//2756
f 2756//2756 2755//2755 2757//2757
f 2756//2756 2757//2757 2758//2758
f 2758//2758 2757//2757 2759//2759
f 2758//2758 2760//2760 2761//2761
f 2761//2761 2760//2760 2762//2762
f 2762//2762 2760//2760 2763//2763
f 2762//2762 2763//2763 2764//2764
f 2764//2764 2763//2763 2765//2765
f 2765//2765 2763//2763 2766//2766
f 2765//2765 2766//2766 2767//2767
f 2767//2767 2766//2766 2768//2768
f 2768//2768 2766//2766 2769//2769
f 2768//2768 2769//2769 2770//2770
f 2770//2770 2769//2769 2771//2771
f 2750//2750 2772//2772 2752//2752
f 2752//2752 2772//2772 2755//2755
f 2772//2772 2773//2773 2755//2755
f 2755//2755 2773//2773 2774//2774
f 2755//2755 2774//2774 2757//2757
f 2757//2757 2774//2774 2775//2775
f 2757//2757 2776//2776 2759//2759
f 2759//2759 2776//2776 2763//2763
f 2776//2776 2777//2777 2763//2763
f 2763//2763 2777//2777 2778//2778
f 2763//2763 2778//2778 2766//2766
f 2766//2766 2778//2778 2769//2769
f 2753//2753 2749//2749 2751//2751
f 2730//2730 2733//2733 2728//2728
f 2728//2728 2733//2733 2726//2726
f 2728//2728 2726//2726 2724//2724
f 2724//2724 2726//2726 2725//2725
f 2727//2727 2721//2721 2719//2719
f 2722//2722 2779//2779 2720//2720
f 2780//2780 2781//2781 2782//2782
f 2782//2782 2781//2781 2783//2783
f 2782//2782 2783//2783 2784//2784
f 2784//2784 2783//2783 2785//2785
f 2784//2784 2785//2785 2786//2786
f 2786//2786 2785//2785 2787//2787
f 2786//2786 2787//2787 2788//2788
f 2788//2788 2787//2787 2789//2789
f 2788//2788 2789//2789 2790//2790
f 2790//2790 2789//2789 2791//2791
f 2790//2790 2791//2791 2792//2792
f 2792//2792 2791//2791 2793//2793
f 2792//2792 2793//2793 2794//2794
f 2794//2794 2793//2793 2795//2795
f 2794//2794 2795//2795 2796//2796
f 2796//2796 2795//2795 2797//2797
f 2796//2796 2797//2797 2798//2798
f 2798//2798 2797//2797 2799//2799
f 2798//2798 2799//2799 2800//2800
f 2800//2800 2799//2799 2801//2801
f 2801//2801 2799//2799 2802//2802
f 2801//2801 2802//2802 2803//2803
f 2803//2803 2802//2802 2804//2804
f 2803//2803 2804//2804 2805//2805
f 2805//2805 2804//2804 2806//2806
f 2805//2805 2806//2806 2807//2807
f 2807//2807 2806//2806 2808//2808
f 2807//2807 2808//2808 2809//2809
f 2809//2809 2808//2808 2810//2810
f 2809//2809 2810//2810 2811//2811
f 2811//2811 2810//2810 2812//2812
f 2811//2811 2812//2812 2813//2813
f 2813//2813 2812//2812 2814//2814
f 2813//2813 2814//2814 2815//2815
f 2815//2815 2814//2814 2816//2816
f 2798//2798 2800//2800 2817//2817
f 2817//2817 2800//2800 2818//2818
f 2817//2817 2818//2818 2819//2819
f 2819//2819 2818//2818 2820//2820
f 2819//2819 2820//2820 2821//2821
f 2821//2821 2820//2820 2822//2822
f 2821//2821 2822//2822 2823//2823
f 2823//2823 2822//2822 2824//2824
f 2824//2824 2822//2822 2825//2825
f 2824//2824 2825//2825 2826//2826
f 2826//2826 2825//2825 2827//2827
f 2827//2827 2825//2825 2828//2828
f 2827//2827 2828//2828 2829//2829
f 2829//2829 2828//2828 2830//2830
f 2831//2831 2832//2832 2833//2833
f 2833//2833 2832//2832 2834//2834
f 2833//2833 2834//2834 2835//2835
f 2833//2833 2835//2835 2836//2836
f 2836//2836 2835//2835 2837//2837
f 2836//2836 2837//2837 2838//2838
f 2836//2836 2838//2838 2839//2839
f 2839//2839 2838//2838 2840//2840
f 2839//2839 2840//2840 2841//2841
f 2841//2841 2842//2842 2839//2839
f 2839//2839 2842//2842 2843//2843
f 2839//2839 2843//2843 2844//2844
f 2844//2844 2845//2845 2839//2839
f 2839//2839 2845//2845 2846//2846
f 2839//2839 2846//2846 2847//2847
f 2847//2847 2846//2846 2848//2848
f 2849//2849 2850//2850 2851//2851
f 2851//2851 2850//2850 2852//2852
f 2851//2851 2852//2852 2853//2853
f 2853//2853 2852//2852 2854//2854
f 2853//2853 2854//2854 2855//2855
f 2855//2855 2854//2854 2856//2856
f 2855//2855 2856//2856 2857//2857
f 2857//2857 2856//2856 2858//2858
f 2859//2859 2860//2860 2861//2861
f 2861//2861 2860//2860 2862//2862
f 2861//2861 2862//2862 2863//2863
f 2859//2859 2864//2864 2860//2860
f 2860//2860 2864//2864 2865//2865
f 2865//2865 2864//2864 2866//2866
f 2865//2865 2866//2866 2867//2867
f 2867//2867 2866//2866 2868//2868
f 2867//2867 2868//2868 2869//2869
f 2867//2867 2869//2869 2870//2870
f 2870//2870 2869//2869 2871//2871
f 2870//2870 2871//2871 2872//2872
f 2872//2872 2871//2871 2873//2873
f 2872//2872 2873//2873 2874//2874
f 2874//2874 2873//2873 2875//2875
f 2875//2875 2873//2873 2876//2876
f 2875//2875 2876//2876 2877//2877
f 2877//2877 2876//2876 2878//2878
f 2877//2877 2878//2878 2879//2879
f 2879//2879 2878//2878 2880//2880
f 2879//2879 2880//2880 2881//2881
f 2881//2881 2880//2880 2882//2882
f 2881//2881 2882//2882 2883//2883
f 2883//2883 2882//2882 2884//2884
f 2883//2883 2884//2884 2885//2885
f 2883//2883 2885//2885 2886//2886
f 2886//2886 2885//2885 2887//2887
f 2886//2886 2887//2887 2888//2888
f 2888//2888 2887//2887 2889//2889
f 2888//2888 2889//2889 2890//2890
f 2890//2890 2889//2889 2891//2891
f 2890//2890 2891//2891 2892//2892
f 2893//2893 2894//2894 2892//2892
f 2892//2892 2894//2894 2895//2895
f 2892//2892 2895//2895 2896//2896
f 2897//2897 2898//2898 2893//2893
f 2899//2899 2900//2900 2901//2901
f 2893//2893 2902//2902 2903//2903
f 2904//2904 2905//2905 2897//2897
f 2897//2897 2905//2905 2906//2906
f 2897//2897 2906//2906 2898//2898
f 2907//2907 2908//2908 2904//2904
f 2904//2904 2908//2908 2909//2909
f 2904//2904 2909//2909 2910//2910
f 2911//2911 2912//2912 2907//2907
f 2907//2907 2912//2912 2913//2913
f 2907//2907 2913//2913 2908//2908
f 2912//2912 2911//2911 2914//2914
f 2914//2914 2911//2911 2915//2915
f 2914//2914 2915//2915 2916//2916
f 2916//2916 2915//2915 2917//2917
f 2916//2916 2917//2917 2918//2918
f 2918//2918 2917//2917 2919//2919
f 2918//2918 2919//2919 2920//2920
f 2920//2920 2919//2919 2921//2921
f 2920//2920 2921//2921 2922//2922
f 2922//2922 2921//2921 2923//2923
f 2922//2922 2923//2923 2924//2924
f 2924//2924 2923//2923 2925//2925
f 2924//2924 2925//2925 2926//2926
f 2926//2926 2925//2925 2927//2927
f 2926//2926 2927//2927 2928//2928
f 2928//2928 2927//2927 2929//2929
f 2928//2928 2929//2929 2930//2930
f 2931//2931 2932//2932 2930//2930
f 2933//2933 2934//2934 2935//2935
f 2930//2930 2936//2936 2928//2928
f 2932//2932 2931//2931 2937//2937
f 2937//2937 2931//2931 2938//2938
f 2937//2937 2938//2938 2939//2939
f 2939//2939 2938//2938 2940//2940
f 2939//2939 2940//2940 2941//2941
f 2939//2939 2941//2941 2942//2942
f 2942//2942 2941//2941 2943//2943
f 2942//2942 2943//2943 2944//2944
f 2944//2944 2943//2943 2945//2945
f 2944//2944 2945//2945 2946//2946
f 2944//2944 2946//2946 2947//2947
f 2947//2947 2946//2946 2948//2948
f 2947//2947 2948//2948 2949//2949
f 2949//2949 2948//2948 2863//2863
f 2863//2863 2948//2948 2861//2861
f 2910//2910 2905//2905 2904//2904
f 2950//2950 2951//2951 2952//2952
f 2896//2896 2890//2890 2892//2892
f 2953//2953 2954//2954 2955//2955
f 2955//2955 2954//2954 2956//2956
f 2955//2955 2956//2956 2957//2957
f 2957//2957 2956//2956 2958//2958
f 2957//2957 2958//2958 2959//2959
f 2959//2959 2958//2958 2960//2960
f 2959//2959 2960//2960 2961//2961
f 2961//2961 2960//2960 2962//2962
f 2961//2961 2962//2962 2963//2963
f 2963//2963 2962//2962 2964//2964
f 2963//2963 2964//2964 2965//2965
f 2965//2965 2964//2964 2966//2966
f 2965//2965 2966//2966 2967//2967
f 2967//2967 2966//2966 2968//2968
f 2967//2967 2968//2968 2969//2969
f 2969//2969 2968//2968 2970//2970
f 2969//2969 2970//2970 2971//2971
f 2971//2971 2970//2970 2972//2972
f 2971//2971 2972//2972 2973//2973
f 2973//2973 2972//2972 2974//2974
f 2973//2973 2974//2974 2975//2975
f 2975//2975 2974//2974 2976//2976
f 2975//2975 2976//2976 2977//2977
f 2977//2977 2976//2976 2978//2978
f 2977//2977 2978//2978 2979//2979
f 2979//2979 2978//2978 2980//2980
f 2979//2979 2980//2980 2981//2981
f 2981//2981 2980//2980 2982//2982
f 2981//2981 2982//2982 2983//2983
f 2983//2983 2982//2982 2984//2984
f 2983//2983 2984//2984 2985//2985
f 2985//2985 2984//2984 2986//2986
f 2985//2985 2986//2986 2987//2987
f 2987//2987 2986//2986 2988//2988
f 2987//2987 2988//2988 2989//2989
f 2989//2989 2988//2988 2990//2990
f 2989//2989 2990//2990 2991//2991
f 2991//2991 2990//2990 2992//2992
f 2991//2991 2992//2992 2993//2993
f 2993//2993 2992//2992 2994//2994
f 2993//2993 2994//2994 2995//2995
f 2995//2995 2994//2994 2996//2996
f 2995//2995 2996//2996 2997//2997
f 2997//2997 2996//2996 2998//2998
f 2997//2997 2998//2998 2999//2999
f 2999//2999 2998//2998 3000//3000
f 2999//2999 3000//3000 2953//2953
f 2953//2953 3000//3000 2954//2954
f 3001//3001 3002//3002 3003//3003
f 3003//3003 3002//3002 3004//3004
f 3003//3003 3004//3004 3005//3005
f 3005//3005 3004//3004 3006//3006
f 3005//3005 3006//3006 3007//3007
f 3007//3007 3006//3006 3008//3008
f 3007//3007 3008//3008 3009//3009
f 3009//3009 3008//3008 3010//3010
f 3009//3009 3010//3010 3011//3011
f 3011//3011 3010//3010 3012//3012
f 3011//3011 3012//3012 3013//3013
f 3013//3013 3012//3012 3014//3014
f 3013//3013 3014//3014 3015//3015
f 3015//3015 3014//3014 3016//3016
f 3015//3015 3016//3016 3017//3017
f 3017//3017 3016//3016 3018//3018
f 3017//3017 3018//3018 3019//3019
f 3019//3019 3018//3018 3020//3020
f 3019//3019 3020//3020 3021//3021
f 3021//3021 3020//3020 3022//3022
f 3021//3021 3022//3022 3023//3023
f 3023//3023 3022//3022 3024//3024
f 3023//3023 3024//3024 3025//3025
f 3025//3025 3024//3024 3026//3026
f 3025//3025 3026//3026 3027//3027
f 3027//3027 3026//3026 3028//3028
f 3027//3027 3028//3028 3029//3029
f 3029//3029 3028//3028 3030//3030
f 3029//3029 3030//3030 3031//3031
f 3031//3031 3030//3030 3032//3032
f 3031//3031 3032//3032 3033//3033
f 3033//3033 3032//3032 3034//3034
f 3033//3033 3034//3034 3035//3035
f 3035//3035 3034//3034 3036//3036
f 3035//3035 3036//3036 3037//3037
f 3037//3037 3036//3036 3038//3038
f 3037//3037 3038//3038 3039//3039
f 3039//3039 3038//3038 3040//3040
f 3039//3039 3040//3040 3041//3041
f 3041//3041 3040//3040 3042//3042
f 3041//3041 3042//3042 3043//3043
f 3043//3043 3042//3042 3044//3044
f 3043//3043 3044//3044 3045//3045
f 3045//3045 3044//3044 3046//3046
f 3045//3045 3046//3046 3047//3047
f 3047//3047 3046//3046 3048//3048
f 3047//3047 3048//3048 3001//3001
f 3001//3001 3048//3048 3002//3002
f 3049//3049 3050//3050 3051//3051
f 3051//3051 3050//3050 3052//3052
f 3053//3053 3054//3054 3055//3055
f 3055//3055 3054//3054 3056//3056
f 3055//3055 3056//3056 3057//3057
f 3057//3057 3056//3056 3058//3058
f 3057//3057 3058//3058 3059//3059
f 3059//3059 3058//3058 3060//3060
f 3059//3059 3060//3060 3061//3061
f 3061//3061 3060//3060 3062//3062
f 3061//3061 3062//3062 3063//3063
f 3063//3063 3062//3062 3064//3064
f 3063//3063 3064//3064 3065//3065
f 3065//3065 3064//3064 3066//3066
f 3065//3065 3066//3066 3067//3067
f 3067//3067 3066//3066 3068//3068
f 3067//3067 3068//3068 3069//3069
f 3069//3069 3068//3068 3070//3070
f 3069//3069 3070//3070 3071//3071
f 3071//3071 3070//3070 3072//3072
f 3071//3071 3072//3072 3073//3073
f 3073//3073 3072//3072 3074//3074
f 3073//3073 3074//3074 3075//3075
f 3075//3075 3074//3074 3076//3076
f 3075//3075 3076//3076 3077//3077
f 3077//3077 3076//3076 3078//3078
f 3077//3077 3078//3078 3079//3079
f 3079//3079 3078//3078 3080//3080
f 3079//3079 3080//3080 3081//3081
f 3081//3081 3080//3080 3082//3082
f 3081//3081 3082//3082 3083//3083
f 3083//3083 3082//3082 3084//3084
f 3083//3083 3084//3084 3085//3085
f 3085//3085 3084//3084 3086//3086
f 3085//3085 3086//3086 3087//3087
f 3087//3087 3086//3086 3088//3088
f 3087//3087 3088//3088 3089//3089
f 3089//3089 3088//3088 3090//3090
f 3089//3089 3090//3090 3091//3091
f 3091//3091 3090//3090 3092//3092
f 3091//3091 3092//3092 3093//3093
f 3093//3093 3092//3092 3094//3094
f 3093//3093 3094//3094 3095//3095
f 3095//3095 3094//3094 3096//3096
f 3095//3095 3096//3096 3097//3097
f 3097//3097 3096//3096 3098//3098
f 3097//3097 3098//3098 3049//3049
f 3049//3049 3098//3098 3050//3050
f 3099//3099 3100//3100 3101//3101
f 3102//3102 3100//3100 3103//3103
f 3104//3104 3105//3105 3106//3106
f 3106//3106 3107//3107 3108//3108
f 3106//3106 3108//3108 3109//3109
f 3109//3109 3108//3108 3110//3110
f 3109//3109 3110//3110 3111//3111
f 3111//3111 3110//3110 3112//3112
f 3111//3111 3112//3112 3113//3113
f 3113//3113 3112//3112 3114//3114
f 3113//3113 3114//3114 3115//3115
f 3115//3115 3114//3114 3116//3116
f 3115//3115 3116//3116 3117//3117
f 3118//3118 3116//3116 3119//3119
f 3117//3117 3120//3120 3121//3121
f 3121//3121 3119//3119 3122//3122
f 3121//3121 3122//3122 3123//3123
f 3123//3123 3122//3122 3124//3124
f 3123//3123 3124//3124 3125//3125
f 3125//3125 3124//3124 3126//3126
f 3125//3125 3126//3126 3127//3127
f 3127//3127 3126//3126 3128//3128
f 3127//3127 3128//3128 3129//3129
f 3129//3129 3128//3128 3130//3130
f 3129//3129 3130//3130 3131//3131
f 3132//3132 3130//3130 3133//3133
f 3132//3132 3133//3133 3134//3134
f 3134//3134 3133//3133 3135//3135
f 3134//3134 3135//3135 3136//3136
f 3136//3136 3135//3135 3137//3137
f 3136//3136 3137//3137 3138//3138
f 3138//3138 3137//3137 3139//3139
f 3138//3138 3139//3139 3140//3140
f 3140//3140 3139//3139 3141//3141
f 3140//3140 3141//3141 3142//3142
f 3142//3142 3141//3141 3143//3143
f 3142//3142 3143//3143 3144//3144
f 3145//3145 3143//3143 3146//3146
f 3144//3144 3147//3147 3148//3148
f 3148//3148 3146//3146 3149//3149
f 3148//3148 3149//3149 3150//3150
f 3150//3150 3149//3149 3151//3151
f 3150//3150 3151//3151 3152//3152
f 3152//3152 3151//3151 3153//3153
f 3152//3152 3153//3153 3154//3154
f 3154//3154 3153//3153 3155//3155
f 3154//3154 3155//3155 3099//3099
f 3099//3099 3155//3155 3100//3100
f 3156//3156 3157//3157 3158//3158
f 3158//3158 3157//3157 3159//3159
f 3158//3158 3159//3159 3160//3160
f 3160//3160 3159//3159 3161//3161
f 3160//3160 3161//3161 3162//3162
f 3163//3163 3164//3164 3156//3156
f 3156//3156 3164//3164 3165//3165
f 3156//3156 3165//3165 3157//3157
f 3166//3166 3167//3167 3168//3168
f 3169//3169 3163//3163 3170//3170
f 3169//3169 3170//3170 3171//3171
f 3171//3171 3170//3170 3172//3172
f 3171//3171 3172//3172 3173//3173
f 3173//3173 3172//3172 3174//3174
f 3173//3173 3174//3174 3175//3175
f 3175//3175 3174//3174 3176//3176
f 3175//3175 3176//3176 3177//3177
f 3177//3177 3176//3176 3178//3178
f 3178//3178 3176//3176 3179//3179
f 3178//3178 3179//3179 3180//3180
f 3180//3180 3179//3179 3181//3181
f 3159//3159 3182//3182 3161//3161
f 3161//3161 3182//3182 3183//3183
f 3183//3183 3182//3182 3184//3184
f 3183//3183 3184//3184 3185//3185
f 3185//3185 3184//3184 3186//3186
f 3185//3185 3186//3186 3187//3187
f 3185//3185 3187//3187 3188//3188
f 3188//3188 3187//3187 3189//3189
f 3188//3188 3189//3189 3190//3190
f 3188//3188 3190//3190 3191//3191
f 3191//3191 3190//3190 3192//3192
f 3191//3191 3192//3192 3193//3193
f 3160//3160 3162//3162 3194//3194
f 3194//3194 3162//3162 3195//3195
f 3194//3194 3195//3195 3196//3196
f 3196//3196 3195//3195 3197//3197
f 3196//3196 3197//3197 3198//3198
f 3198//3198 3197//3197 3199//3199
f 3198//3198 3199//3199 3200//3200
f 3200//3200 3199//3199 3201//3201
f 3200//3200 3201//3201 3202//3202
f 3200//3200 3202//3202 3203//3203
f 3203//3203 3202//3202 3204//3204
f 3203//3203 3204//3204 3205//3205
f 3203//3203 3205//3205 3206//3206
f 3206//3206 3205//3205 3207//3207
f 3206//3206 3207//3207 3208//3208
f 3208//3208 3207//3207 3209//3209
f 3208//3208 3209//3209 3210//3210
f 3210//3210 3209//3209 3211//3211
f 3212//3212 3213//3213 3214//3214
f 3214//3214 3213//3213 3215//3215
f 3214//3214 3215//3215 3216//3216
f 3216//3216 3215//3215 3217//3217
f 3216//3216 3217//3217 3218//3218
f 3216//3216 3218//3218 3219//3219
f 3219//3219 3218//3218 3220//3220
f 3219//3219 3220//3220 3221//3221
f 3221//3221 3220//3220 3222//3222
f 3221//3221 3222//3222 3223//3223
f 3223//3223 3222//3222 3224//3224
f 3223//3223 3224//3224 3225//3225
f 3225//3225 3226//3226 3227//3227
f 3225//3225 3228//3228 3229//3229
f 3225//3225 3229//3229 3230//3230
f 3230//3230 3229//3229 3231//3231
f 3230//3230 3231//3231 3232//3232
f 3233//3233 3232//3232 3234//3234
f 3234//3234 3232//3232 3235//3235
f 3234//3234 3235//3235 3236//3236
f 3234//3234 3236//3236 3237//3237
f 3237//3237 3236//3236 3238//3238
f 3237//3237 3238//3238 3239//3239
f 3237//3237 3239//3239 3240//3240
f 3240//3240 3239//3239 3241//3241
f 3240//3240 3241//3241 3242//3242
f 3242//3242 3243//3243 3240//3240
f 3240//3240 3243//3243 3244//3244
f 3240//3240 3244//3244 3245//3245
f 3245//3245 3244//3244 3246//3246
f 3245//3245 3246//3246 3247//3247
f 3247//3247 3246//3246 3248//3248
f 3247//3247 3248//3248 3249//3249
f 3249//3249 3250//3250 3247//3247
f 3247//3247 3250//3250 3251//3251
f 3247//3247 3251//3251 3252//3252
f 3252//3252 3251//3251 3253//3253
f 3252//3252 3253//3253 3254//3254
f 3254//3254 3255//3255 3252//3252
f 3252//3252 3255//3255 3256//3256
f 3252//3252 3256//3256 3257//3257
f 3257//3257 3256//3256 3258//3258
f 3258//3258 3256//3256 3259//3259
f 3258//3258 3259//3259 3260//3260
f 3260//3260 3259//3259 3261//3261
f 3260//3260 3261//3261 3262//3262
f 3262//3262 3261//3261 3263//3263
f 3263//3263 3261//3261 3264//3264
f 3263//3263 3264//3264 3265//3265
f 3265//3265 3264//3264 3266//3266
f 3265//3265 3266//3266 3267//3267
f 3255//3255 3268//3268 3256//3256
f 3256//3256 3268//3268 3269//3269
f 3256//3256 3269//3269 3270//3270
f 3270//3270 3271//3271 3256//3256
f 3256//3256 3271//3271 3259//3259
f 3271//3271 3272//3272 3259//3259
f 3259//3259 3272//3272 3261//3261
f 3272//3272 3273//3273 3261//3261
f 3261//3261 3273//3273 3274//3274
f 3261//3261 3274//3274 3264//3264
f 3264//3264 3274//3274 3266//3266
f 3267//3267 3275//3275 3265//3265
f 3265//3265 3275//3275 3276//3276
f 3265//3265 3276//3276 3277//3277
f 3277//3277 3276//3276 3278//3278
f 3278//3278 3276//3276 3279//3279
f 3279//3279 3276//3276 3280//3280
f 3279//3279 3280//3280 3281//3281
f 3281//3281 3280//3280 3282//3282
f 3281//3281 3282//3282 3283//3283
f 3283//3283 3282//3282 3284//3284
f 3283//3283 3284//3284 3285//3285
f 3275//3275 3286//3286 3276//3276
f 3276//3276 3286//3286 3287//3287
f 3276//3276 3287//3287 3288//3288
f 3276//3276 3288//3288 3280//3280
f 3280//3280 3288//3288 3289//3289
f 3280//3280 3289//3289 3290//3290
f 3280//3280 3290//3290 3282//3282
f 3282//3282 3290//3290 3291//3291
f 3282//3282 3291//3291 3292//3292
f 3292//3292 3293//3293 3282//3282
f 3282//3282 3293//3293 3284//3284
f 3285//3285 3294//3294 3283//3283
f 3283//3283 3294//3294 3295//3295
f 3283//3283 3295//3295 3296//3296
f 3296//3296 3295//3295 3297//3297
f 3296//3296 3297//3297 3298//3298
f 3299//3299 3300//3300 3296//3296
f 3296//3296 3301//3301 3302//3302
f 3296//3296 3302//3302 3303//3303
f 3303//3303 3302//3302 3304//3304
f 3303//3303 3304//3304 3305//3305
f 3306//3306 3307//3307 3303//3303
f 3303//3303 3308//3308 3309//3309
f 3303//3303 3309//3309 3310//3310
f 3310//3310 3311//3311 3303//3303
f 3303//3303 3311//3311 3312//3312
f 3303//3303 3312//3312 3313//3313
f 3313//3313 3312//3312 3314//3314
f 3313//3313 3314//3314 3315//3315
f 3315//3315 3314//3314 3316//3316
f 3315//3315 3316//3316 3317//3317
f 3317//3317 3316//3316 3318//3318
f 3318//3318 3316//3316 3319//3319
f 3318//3318 3319//3319 3320//3320
f 3320//3320 3319//3319 3321//3321
f 3320//3320 3321//3321 3322//3322
f 3322//3322 3321//3321 3323//3323
f 3322//3322 3323//3323 3324//3324
f 3324//3324 3323//3323 3325//3325
f 3324//3324 3325//3325 3326//3326
f 3326//3326 3325//3325 3327//3327
f 3327//3327 3325//3325 3328//3328
f 3328//3328 3325//3325 3329//3329
f 3328//3328 3330//3330 3331//3331
f 3311//3311 3332//3332 3312//3312
f 3312//3312 3332//3332 3333//3333
f 3312//3312 3333//3333 3314//3314
f 3314//3314 3333//3333 3334//3334
f 3314//3314 3334//3334 3335//3335
f 3333//3333 3336//3336 3334//3334
f 3334//3334 3336//3336 3337//3337
f 3334//3334 3337//3337 3338//3338
f 3314//3314 3335//3335 3316//3316
f 3316//3316 3335//3335 3339//3339
f 3316//3316 3339//3339 3319//3319
f 3319//3319 3339//3339 3340//3340
f 3319//3319 3340//3340 3341//3341
f 3319//3319 3342//3342 3321//3321
f 3321//3321 3341//3341 3343//3343
f 3321//3321 3343//3343 3323//3323
f 3323//3323 3343//3343 3344//3344
f 3323//3323 3344//3344 3345//3345
f 3345//3345 3346//3346 3323//3323
f 3323//3323 3346//3346 3325//3325
f 3346//3346 3347//3347 3325//3325
f 3325//3325 3347//3347 3329//3329
f 3326//3326 3348//3348 3324//3324
f 3313//3313 3349//3349 3303//3303
f 3303//3303 3349//3349 3296//3296
f 3349//3349 3350//3350 3296//3296
f 3296//3296 3350//3350 3351//3351
f 3296//3296 3351//3351 3283//3283
f 3283//3283 3351//3351 3281//3281
f 3277//3277 3263//3263 3265//3265
f 3257//3257 3352//3352 3252//3252
f 3252//3252 3352//3352 3247//3247
f 3352//3352 3353//3353 3247//3247
f 3247//3247 3353//3353 3245//3245
f 3353//3353 3354//3354 3245//3245
f 3245//3245 3354//3354 3355//3355
f 3245//3245 3355//3355 3240//3240
f 3240//3240 3355//3355 3356//3356
f 3240//3240 3356//3356 3237//3237
f 3237//3237 3356//3356 3357//3357
f 3237//3237 3357//3357 3234//3234
f 3234//3234 3357//3357 3358//3358
f 3234//3234 3358//3358 3230//3230
f 3233//3233 3358//3358 3359//3359
f 3230//3230 3359//3359 3225//3225
f 3225//3225 3359//3359 3360//3360
f 3225//3225 3360//3360 3223//3223
f 3223//3223 3360//3360 3361//3361
f 3223//3223 3361//3361 3362//3362
f 3221//3221 3361//3361 3363//3363
f 3362//3362 3363//3363 3364//3364
f 3362//3362 3364//3364 3219//3219
f 3219//3219 3364//3364 3365//3365
f 3219//3219 3365//3365 3216//3216
f 3216//3216 3365//3365 3366//3366
f 3216//3216 3366//3366 3214//3214
f 3214//3214 3366//3366 3212//3212
f 3367//3367 3368//3368 3369//3369
f 3369//3369 3368//3368 3370//3370
f 3369//3369 3370//3370 3371//3371
f 3371//3371 3370//3370 3372//3372
f 3371//3371 3372//3372 3373//3373
f 3373//3373 3372//3372 3374//3374
f 3373//3373 3374//3374 3375//3375
f 3375//3375 3374//3374 3376//3376
f 3375//3375 3376//3376 3377//3377
f 3375//3375 3377//3377 3378//3378
f 3378//3378 3377//3377 3379//3379
f 3378//3378 3379//3379 3380//3380
f 3380//3380 3379//3379 3381//3381
f 3380//3380 3381//3381 3382//3382
f 3382//3382 3381//3381 3383//3383
f 3382//3382 3383//3383 3384//3384
f 3384//3384 3383//3383 3385//3385
f 3384//3384 3385//3385 3386//3386
f 3386//3386 3385//3385 3387//3387
f 3386//3386 3387//3387 3388//3388
f 3388//3388 3387//3387 3389//3389
f 3388//3388 3389//3389 3390//3390
f 3390//3390 3389//3389 3391//3391
f 3390//3390 3391//3391 3392//3392
f 3392//3392 3391//3391 3393//3393
f 3392//3392 3393//3393 3394//3394
f 3394//3394 3393//3393 3395//3395
f 3394//3394 3395//3395 3396//3396
f 3396//3396 3395//3395 3397//3397
f 3396//3396 3397//3397 3398//3398
f 3398//3398 3397//3397 3399//3399
f 3398//3398 3399//3399 3400//3400
f 3400//3400 3399//3399 3401//3401
f 3400//3400 3401//3401 3402//3402
f 3402//3402 3401//3401 3403//3403
f 3402//3402 3403//3403 3404//3404
f 3404//3404 3403//3403 3405//3405
f 3404//3404 3405//3405 3406//3406
f 3406//3406 3405//3405 3407//3407
f 3406//3406 3407//3407 3408//3408
f 3408//3408 3407//3407 3409//3409
f 3408//3408 3409//3409 3410//3410
f 3410//3410 3409//3409 3411//3411
f 3410//3410 3411//3411 3412//3412
f 3412//3412 3411//3411 3413//3413
f 3412//3412 3413//3413 3414//3414
f 3414//3414 3413//3413 3415//3415
f 3414//3414 3415//3415 3416//3416
f 3416//3416 3415//3415 3417//3417
f 3416//3416 3417//3417 3418//3418
f 3418//3418 3417//3417 3419//3419
f 3418//3418 3419//3419 3420//3420
f 3420//3420 3419//3419 3421//3421
f 3420//3420 3421//3421 3422//3422
f 3422//3422 3421//3421 3423//3423
f 3422//3422 3423//3423 3424//3424
f 3424//3424 3423//3423 3425//3425
f 3424//3424 3425//3425 3426//3426
f 3426//3426 3425//3425 3427//3427
f 3426//3426 3427//3427 3428//3428
f 3428//3428 3427//3427 3429//3429
f 3428//3428 3429//3429 3430//3430
f 3430//3430 3429//3429 3431//3431
f 3430//3430 3431//3431 3432//3432
f 3433//3433 3434//3434 3432//3432
f 3432//3432 3435//3435 3430//3430
f 3430//3430 3435//3435 3428//3428
f 3428//3428 3434//3434 3436//3436
f 3428//3428 3436//3436 3426//3426
f 3426//3426 3437//3437 3438//3438
f 3426//3426 3438//3438 3424//3424
f 3424//3424 3438//3438 3439//3439
f 3424//3424 3439//3439 3422//3422
f 3422//3422 3439//3439 3440//3440
f 3422//3422 3440//3440 3420//3420
f 3420//3420 3440//3440 3441//3441
f 3420//3420 3441//3441 3418//3418
f 3418//3418 3441//3441 3442//3442
f 3418//3418 3442//3442 3416//3416
f 3416//3416 3442//3442 3443//3443
f 3416//3416 3443//3443 3414//3414
f 3414//3414 3443//3443 3444//3444
f 3414//3414 3444//3444 3412//3412
f 3412//3412 3444//3444 3445//3445
f 3412//3412 3445//3445 3410//3410
f 3410//3410 3445//3445 3446//3446
f 3410//3410 3446//3446 3408//3408
f 3408//3408 3446//3446 3447//3447
f 3408//3408 3447//3447 3406//3406
f 3406//3406 3447//3447 3448//3448
f 3406//3406 3448//3448 3404//3404
f 3404//3404 3448//3448 3449//3449
f 3404//3404 3449//3449 3402//3402
f 3402//3402 3449//3449 3450//3450
f 3402//3402 3450//3450 3400//3400
f 3400//3400 3450//3450 3451//3451
f 3400//3400 3451//3451 3398//3398
f 3398//3398 3451//3451 3452//3452
f 3398//3398 3452//3452 3396//3396
f 3396//3396 3452//3452 3453//3453
f 3396//3396 3453//3453 3394//3394
f 3394//3394 3453//3453 3454//3454
f 3394//3394 3454//3454 3392//3392
f 3392//3392 3454//3454 3455//3455
f 3392//3392 3455//3455 3390//3390
f 3390//3390 3455//3455 3456//3456
f 3390//3390 3456//3456 3388//3388
f 3388//3388 3456//3456 3457//3457
f 3388//3388 3457//3457 3386//3386
f 3386//3386 3457//3457 3458//3458
f 3386//3386 3458//3458 3384//3384
f 3384//3384 3458//3458 3459//3459
f 3384//3384 3459//3459 3382//3382
f 3382//3382 3459//3459 3460//3460
f 3382//3382 3460//3460 3380//3380
f 3380//3380 3460//3460 3461//3461
f 3380//3380 3461//3461 3378//3378
f 3378//3378 3461//3461 3462//3462
f 3378//3378 3462//3462 3375//3375
f 3375//3375 3462//3462 3463//3463
f 3375//3375 3463//3463 3373//3373
f 3373//3373 3463//3463 3464//3464
f 3373//3373 3464//3464 3371//3371
f 3371//3371 3464//3464 3465//3465
f 3371//3371 3465//3465 3369//3369
f 3369//3369 3465//3465 3466//3466
f 3369//3369 3466//3466 3367//3367
f 3467//3467 3468//3468 3469//3469
f 3469//3469 3468//3468 3470//3470
f 3469//3469 3470//3470 3471//3471
f 3467//3467 3472//3472 3468//3468
f 3473//3473 3474//3474 3475//3475
f 3475//3475 3474//3474 3476//3476
f 3475//3475 3476//3476 3477//3477
f 3477//3477 3476//3476 3478//3478
f 3479//3479 3480//3480 3481//3481
f 3481//3481 3480//3480 3482//3482
f 3481//3481 3482//3482 3483//3483
f 3483//3483 3482//3482 3484//3484
f 3483//3483 3484//3484 3485//3485
f 3485//3485 3484//3484 3486//3486
f 3485//3485 3486//3486 3487//3487
f 3487//3487 3486//3486 3488//3488
f 3488//3488 3486//3486 3489//3489
f 3488//3488 3489//3489 3490//3490
f 3490//3490 3489//3489 3491//3491
f 3490//3490 3491//3491 3492//3492
f 3492//3492 3491//3491 3493//3493
f 3492//3492 3493//3493 3494//3494
f 3494//3494 3493//3493 3495//3495
f 3494//3494 3495//3495 3496//3496
f 3496//3496 3495//3495 3497//3497
f 3496//3496 3497//3497 3498//3498
f 3498//3498 3497//3497 3499//3499
f 3498//3498 3499//3499 3500//3500
f 3500//3500 3499//3499 3501//3501
f 3500//3500 3501//3501 3502//3502
f 3502//3502 3501//3501 3503//3503
f 3502//3502 3503//3503 3504//3504
f 3504//3504 3503//3503 3505//3505
f 3504//3504 3505//3505 3506//3506
f 3506//3506 3505//3505 3507//3507
f 3506//3506 3507//3507 3508//3508
f 3508//3508 3507//3507 3509//3509
f 3508//3508 3509//3509 3510//3510
f 3510//3510 3509//3509 3511//3511
f 3510//3510 3511//3511 3512//3512
f 3512//3512 3511//3511 3513//3513
f 3512//3512 3513//3513 3514//3514
f 3514//3514 3513//3513 3515//3515
f 3514//3514 3515//3515 3516//3516
f 3516//3516 3515//3515 3517//3517
f 3516//3516 3517//3517 3518//3518
f 3518//3518 3517//3517 3519//3519
f 3518//3518 3519//3519 3520//3520
f 3520//3520 3519//3519 3521//3521
f 3520//3520 3521//3521 3522//3522
f 3522//3522 3521//3521 3523//3523
f 3522//3522 3523//3523 3524//3524
f 3524//3524 3523//3523 3525//3525
f 3524//3524 3525//3525 3526//3526
f 3526//3526 3525//3525 3527//3527
f 3526//3526 3527//3527 3528//3528
f 3528//3528 3527//3527 3529//3529
f 3528//3528 3529//3529 3530//3530
f 3530//3530 3529//3529 3531//3531
f 3530//3530 3531//3531 3532//3532
f 3532//3532 3531//3531 3533//3533
f 3532//3532 3533//3533 3534//3534
f 3534//3534 3533//3533 3535//3535
f 3534//3534 3535//3535 3536//3536
f 3536//3536 3535//3535 3537//3537
f 3537//3537 3535//3535 3538//3538
f 3537//3537 3538//3538 3539//3539
f 3539//3539 3538//3538 3540//3540
f 3539//3539 3540//3540 3541//3541
f 3541//3541 3540//3540 3542//3542
f 3541//3541 3542//3542 3543//3543
f 3543//3543 3542//3542 3544//3544
f 3543//3543 3544//3544 3545//3545
f 3545//3545 3544//3544 3546//3546
f 3545//3545 3546//3546 3547//3547
f 3547//3547 3546//3546 3548//3548
f 3547//3547 3548//3548 3549//3549
f 3549//3549 3548//3548 3550//3550
f 3549//3549 3550//3550 3551//3551
f 3551//3551 3550//3550 3552//3552
f 3551//3551 3552//3552 3553//3553
f 3553//3553 3552//3552 3554//3554
f 3553//3553 3554//3554 3555//3555
f 3555//3555 3554//3554 3556//3556
f 3555//3555 3556//3556 3557//3557
f 3557//3557 3556//3556 3558//3558
f 3557//3557 3558//3558 3559//3559
f 3559//3559 3558//3558 3560//3560
f 3559//3559 3560//3560 3561//3561
f 3561//3561 3560//3560 3562//3562
f 3561//3561 3562//3562 3563//3563
f 3563//3563 3562//3562 3564//3564
f 3563//3563 3564//3564 3565//3565
f 3565//3565 3564//3564 3566//3566
f 3565//3565 3566//3566 3567//3567
f 3567//3567 3566//3566 3568//3568
f 3567//3567 3568//3568 3569//3569
f 3569//3569 3568//3568 3570//3570
f 3569//3569 3570//3570 3571//3571
f 3571//3571 3570//3570 3572//3572
f 3571//3571 3572//3572 3573//3573
f 3573//3573 3572//3572 3574//3574
f 3573//3573 3574//3574 3575//3575
f 3575//3575 3574//3574 3576//3576
f 3575//3575 3576//3576 3577//3577
f 3577//3577 3576//3576 3578//3578
f 3577//3577 3578//3578 3579//3579
f 3579//3579 3578//3578 3580//3580
f 3579//3579 3580//3580 3581//3581
f 3581//3581 3580//3580 3582//3582
f 3581//3581 3582//3582 3583//3583
f 3583//3583 3582//3582 3584//3584
f 3583//3583 3584//3584 3585//3585
f 3585//3585 3584//3584 3586//3586
f 3586//3586 3584//3584 3587//3587
f 3586//3586 3587//3587 3588//3588
f 3588//3588 3587//3587 3589//3589
f 3588//3588 3589//3589 3479//3479
f 3479//3479 3589//3589 3480//3480
f 3479//3479 3590//3590 3588//3588
f 3483//3483 3591//3591 3481//3481
f 3592//3592 3593//3593 3594//3594
f 3594//3594 3593//3593 3595//3595
f 3596//3596 3597//3597 3598//3598
f 3598//3598 3597//3597 3599//3599
f 3599//3599 3597//3597 3600//3600
f 3599//3599 3600//3600 3601//3601
f 3601//3601 3600//3600 3602//3602
f 3601//3601 3602//3602 3603//3603
f 3601//3601 3603//3603 3604//3604
f 3604//3604 3603//3603 3605//3605
f 3604//3604 3605//3605 3606//3606
f 3604//3604 3606//3606 3607//3607
f 3607//3607 3606//3606 3608//3608
f 3607//3607 3608//3608 3609//3609
f 3609//3609 3608//3608 3610//3610
f 3611//3611 3612//3612 3613//3613
f 3613//3613 3612//3612 3614//3614
f 3615//3615 3616//3616 3617//3617
f 3617//3617 3616//3616 3618//3618
f 3617//3617 3618//3618 3619//3619
f 3619//3619 3618//3618 3620//3620
f 3619//3619 3620//3620 3621//3621
f 3621//3621 3620//3620 3622//3622
f 3621//3621 3622//3622 3623//3623
f 3623//3623 3622//3622 3624//3624
f 3624//3624 3622//3622 3625//3625
f 3624//3624 3625//3625 3626//3626
f 3626//3626 3625//3625 3627//3627
f 3626//3626 3627//3627 3628//3628
f 3628//3628 3627//3627 3629//3629
f 3628//3628 3629//3629 3630//3630
f 3630//3630 3629//3629 3631//3631
f 3630//3630 3631//3631 3632//3632
f 3632//3632 3631//3631 3633//3633
f 3632//3632 3633//3633 3634//3634
f 3634//3634 3633//3633 3635//3635
f 3634//3634 3635//3635 3636//3636
f 3636//3636 3635//3635 3637//3637
f 3637//3637 3635//3635 3638//3638
f 3637//3637 3638//3638 3639//3639
f 3639//3639 3638//3638 3640//3640
f 3639//3639 3640//3640 3641//3641
f 3641//3641 3640//3640 3642//3642
f 3641//3641 3642//3642 3643//3643
f 3643//3643 3642//3642 3644//3644
f 3643//3643 3644//3644 3645//3645
f 3645//3645 3644//3644 3646//3646
f 3645//3645 3646//3646 3647//3647
f 3647//3647 3646//3646 3648//3648
f 3647//3647 3648//3648 3649//3649
f 3649//3649 3648//3648 3650//3650
f 3649//3649 3650//3650 3651//3651
f 3651//3651 3650//3650 3652//3652
f 3651//3651 3652//3652 3653//3653
f 3653//3653 3652//3652 3654//3654
f 3653//3653 3654//3654 3655//3655
f 3620//3620 3656//3656 3622//3622
f 3622//3622 3656//3656 3657//3657
f 3622//3622 3657//3657 3625//3625
f 3625//3625 3657//3657 3658//3658
f 3625//3625 3658//3658 3659//3659
f 3659//3659 3660//3660 3625//3625
f 3625//3625 3660//3660 3661//3661
f 3625//3625 3661//3661 3627//3627
f 3627//3627 3661//3661 3662//3662
f 3627//3627 3662//3662 3663//3663
f 3627//3627 3663//3663 3629//3629
f 3629//3629 3663//3663 3664//3664
f 3629//3629 3664//3664 3665//3665
f 3665//3665 3666//3666 3629//3629
f 3629//3629 3666//3666 3631//3631
f 3666//3666 3667//3667 3631//3631
f 3631//3631 3667//3667 3668//3668
f 3631//3631 3669//3669 3670//3670
f 3631//3631 3670//3670 3633//3633
f 3633//3633 3670//3670 3671//3671
f 3633//3633 3671//3671 3635//3635
f 3635//3635 3671//3671 3672//3672
f 3635//3635 3672//3672 3673//3673
f 3673//3673 3674//3674 3635//3635
f 3635//3635 3674//3674 3675//3675
f 3635//3635 3675//3675 3638//3638
f 3638//3638 3675//3675 3676//3676
f 3638//3638 3676//3676 3677//3677
f 3677//3677 3678//3678 3638//3638
f 3638//3638 3678//3678 3679//3679
f 3638//3638 3679//3679 3640//3640
f 3640//3640 3679//3679 3680//3680
f 3640//3640 3680//3680 3681//3681
f 3681//3681 3682//3682 3640//3640
f 3640//3640 3682//3682 3683//3683
f 3640//3640 3683//3683 3684//3684
f 3684//3684 3685//3685 3640//3640
f 3640//3640 3685//3685 3686//3686
f 3640//3640 3686//3686 3687//3687
f 3640//3640 3687//3687 3642//3642
f 3642//3642 3687//3687 3688//3688
f 3642//3642 3688//3688 3689//3689
f 3689//3689 3690//3690 3642//3642
f 3642//3642 3690//3690 3644//3644
f 3690//3690 3691//3691 3644//3644
f 3644//3644 3691//3691 3692//3692
f 3644//3644 3692//3692 3693//3693
f 3693//3693 3694//3694 3644//3644
f 3644//3644 3694//3694 3695//3695
f 3644//3644 3695//3695 3646//3646
f 3646//3646 3695//3695 3696//3696
f 3646//3646 3696//3696 3697//3697
f 3646//3646 3697//3697 3648//3648
f 3648//3648 3697//3697 3698//3698
f 3648//3648 3698//3698 3699//3699
f 3699//3699 3700//3700 3648//3648
f 3648//3648 3700//3700 3650//3650
f 3700//3700 3701//3701 3650//3650
f 3650//3650 3701//3701 3702//3702
f 3650//3650 3702//3702 3652//3652
f 3652//3652 3702//3702 3703//3703
f 3652//3652 3703//3703 3654//3654
f 3653//3653 3655//3655 3704//3704
f 3704//3704 3655//3655 3705//3705
f 3704//3704 3705//3705 3706//3706
f 3706//3706 3707//3707 3704//3704
f 3704//3704 3707//3707 3708//3708
f 3704//3704 3708//3708 3709//3709
f 3709//3709 3708//3708 3710//3710
f 3710//3710 3708//3708 3711//3711
f 3710//3710 3711//3711 3712//3712
f 3712//3712 3711//3711 3713//3713
f 3712//3712 3713//3713 3714//3714
f 3714//3714 3713//3713 3715//3715
f 3714//3714 3715//3715 3716//3716
f 3716//3716 3715//3715 3717//3717
f 3716//3716 3717//3717 3718//3718
f 3718//3718 3717//3717 3719//3719
f 3718//3718 3719//3719 3720//3720
f 3720//3720 3719//3719 3721//3721
f 3721//3721 3719//3719 3722//3722
f 3721//3721 3722//3722 3723//3723
f 3723//3723 3722//3722 3724//3724
f 3723//3723 3724//3724 3725//3725
f 3725//3725 3724//3724 3726//3726
f 3725//3725 3726//3726 3727//3727
f 3727//3727 3726//3726 3728//3728
f 3727//3727 3728//3728 3729//3729
f 3729//3729 3728//3728 3730//3730
f 3729//3729 3730//3730 3731//3731
f 3731//3731 3730//3730 3732//3732
f 3731//3731 3732//3732 3733//3733
f 3733//3733 3732//3732 3734//3734
f 3734//3734 3732//3732 3735//3735
f 3735//3735 3732//3732 3736//3736
f 3736//3736 3732//3732 3737//3737
f 3737//3737 3732//3732 3730//3730
f 3737//3737 3730//3730 3738//3738
f 3738//3738 3730//3730 3728//3728
f 3738//3738 3728//3728 3739//3739
f 3739//3739 3728//3728 3740//3740
f 3740//3740 3728//3728 3726//3726
f 3740//3740 3726//3726 3741//3741
f 3741//3741 3726//3726 3724//3724
f 3741//3741 3724//3724 3742//3742
f 3742//3742 3724//3724 3743//3743
f 3743//3743 3724//3724 3722//3722
f 3743//3743 3722//3722 3744//3744
f 3744//3744 3722//3722 3745//3745
f 3745//3745 3722//3722 3719//3719
f 3745//3745 3719//3719 3746//3746
f 3746//3746 3719//3719 3747//3747
f 3747//3747 3719//3719 3748//3748
f 3748//3748 3719//3719 3717//3717
f 3748//3748 3717//3717 3749//3749
f 3749//3749 3717//3717 3750//3750
f 3750//3750 3717//3717 3715//3715
f 3750//3750 3715//3715 3751//3751
f 3751//3751 3715//3715 3752//3752
f 3752//3752 3715//3715 3753//3753
f 3753//3753 3715//3715 3713//3713
f 3753//3753 3713//3713 3754//3754
f 3754//3754 3713//3713 3755//3755
f 3755//3755 3713//3713 3711//3711
f 3755//3755 3711//3711 3756//3756
f 3756//3756 3711//3711 3757//3757
f 3757//3757 3711//3711 3758//3758
f 3758//3758 3711//3711 3759//3759
f 3759//3759 3711//3711 3708//3708
f 3759//3759 3708//3708 3760//3760
f 3760//3760 3708//3708 3761//3761
f 3761//3761 3708//3708 3762//3762
f 3762//3762 3708//3708 3763//3763
f 3763//3763 3708//3708 3707//3707
f 3733//3733 3764//3764 3731//3731
f 3731//3731 3764//3764 3765//3765
f 3765//3765 3764//3764 3766//3766
f 3765//3765 3766//3766 3767//3767
f 3767//3767 3768//3768 3765//3765
f 3765//3765 3768//3768 3769//3769
f 3704//3704 3709//3709 3653//3653
f 3653//3653 3709//3709 3770//3770
f 3653//3653 3770//3770 3651//3651
f 3623//3623 3771//3771 3621//3621
f 3621//3621 3771//3771 3619//3619
f 3619//3619 3771//3771 3617//3617
f 3617//3617 3771//3771 3772//3772
f 3617//3617 3772//3772 3773//3773
f 3773//3773 3772//3772 3774//3774
f 3773//3773 3774//3774 3775//3775
f 3775//3775 3774//3774 3776//3776
f 3775//3775 3776//3776 3777//3777
f 3777//3777 3776//3776 3778//3778
f 3777//3777 3778//3778 3779//3779
f 3779//3779 3778//3778 3780//3780
f 3779//3779 3780//3780 3781//3781
f 3781//3781 3780//3780 3782//3782
f 3781//3781 3782//3782 3783//3783
f 3783//3783 3782//3782 3784//3784
f 3783//3783 3784//3784 3785//3785
f 3785//3785 3784//3784 3786//3786
f 3785//3785 3786//3786 3787//3787
f 3785//3785 3787//3787 3788//3788
f 3788//3788 3787//3787 3789//3789
f 3788//3788 3789//3789 3790//3790
f 3790//3790 3789//3789 3791//3791
f 3790//3790 3791//3791 3792//3792
f 3792//3792 3791//3791 3793//3793
f 3792//3792 3793//3793 3794//3794
f 3794//3794 3793//3793 3795//3795
f 3794//3794 3795//3795 3796//3796
f 3796//3796 3795//3795 3797//3797
f 3796//3796 3797//3797 3798//3798
f 3798//3798 3797//3797 3799//3799
f 3798//3798 3799//3799 3800//3800
f 3800//3800 3799//3799 3801//3801
f 3800//3800 3801//3801 3802//3802
f 3802//3802 3801//3801 3803//3803
f 3802//3802 3803//3803 3804//3804
f 3804//3804 3803//3803 3805//3805
f 3805//3805 3803//3803 3806//3806
f 3805//3805 3806//3806 3807//3807
f 3807//3807 3806//3806 3808//3808
f 3807//3807 3808//3808 3809//3809
f 3809//3809 3808//3808 3810//3810
f 3809//3809 3810//3810 3811//3811
f 3811//3811 3810//3810 3812//3812
f 3811//3811 3812//3812 3813//3813
f 3813//3813 3812//3812 3814//3814
f 3813//3813 3814//3814 3815//3815
f 3815//3815 3814//3814 3816//3816
f 3815//3815 3816//3816 3817//3817
f 3817//3817 3816//3816 3818//3818
f 3817//3817 3818//3818 3819//3819
f 3819//3819 3818//3818 3820//3820
f 3820//3820 3818//3818 3821//3821
f 3820//3820 3821//3821 3822//3822
f 3822//3822 3821//3821 3823//3823
f 3822//3822 3823//3823 3824//3824
f 3824//3824 3823//3823 3825//3825
f 3824//3824 3825//3825 3826//3826
f 3826//3826 3825//3825 3827//3827
f 3826//3826 3827//3827 3828//3828
f 3828//3828 3827//3827 3829//3829
f 3828//3828 3829//3829 3830//3830
f 3830//3830 3829//3829 3831//3831
f 3830//3830 3831//3831 3832//3832
f 3832//3832 3831//3831 3833//3833
f 3833//3833 3831//3831 3834//3834
f 3834//3834 3831//3831 3835//3835
f 3835//3835 3831//3831 3836//3836
f 3836//3836 3831//3831 3837//3837
f 3836//3836 3837//3837 3838//3838
f 3838//3838 3837//3837 3839//3839
f 3839//3839 3837//3837 3840//3840
f 3840//3840 3837//3837 3841//3841
f 3841//3841 3837//3837 3842//3842
f 3841//3841 3842//3842 3843//3843
f 3843//3843 3842//3842 3844//3844
f 3844//3844 3842//3842 3845//3845
f 3845//3845 3842//3842 3846//3846
f 3801//3801 3847//3847 3803//3803
f 3803//3803 3847//3847 3806//3806
f 3847//3847 3848//3848 3806//3806
f 3806//3806 3848//3848 3808//3808
f 3848//3848 3849//3849 3808//3808
f 3808//3808 3849//3849 3810//3810
f 3849//3849 3850//3850 3810//3810
f 3810//3810 3850//3850 3812//3812
f 3850//3850 3851//3851 3812//3812
f 3812//3812 3851//3851 3814//3814
f 3851//3851 3852//3852 3814//3814
f 3814//3814 3852//3852 3816//3816
f 3852//3852 3853//3853 3816//3816
f 3816//3816 3853//3853 3818//3818
f 3853//3853 3854//3854 3818//3818
f 3818//3818 3854//3854 3855//3855
f 3818//3818 3855//3855 3821//3821
f 3821//3821 3855//3855 3856//3856
f 3821//3821 3856//3856 3823//3823
f 3823//3823 3856//3856 3857//3857
f 3823//3823 3857//3857 3825//3825
f 3825//3825 3857//3857 3858//3858
f 3825//3825 3858//3858 3827//3827
f 3827//3827 3858//3858 3859//3859
f 3827//3827 3859//3859 3829//3829
f 3829//3829 3859//3859 3837//3837
f 3829//3829 3837//3837 3831//3831
f 3804//3804 3860//3860 3802//3802
f 3802//3802 3860//3860 3800//3800
f 3860//3860 3861//3861 3800//3800
f 3800//3800 3861//3861 3862//3862
f 3800//3800 3862//3862 3798//3798
f 3798//3798 3862//3862 3863//3863
f 3798//3798 3863//3863 3796//3796
f 3796//3796 3863//3863 3864//3864
f 3796//3796 3864//3864 3794//3794
f 3794//3794 3864//3864 3865//3865
f 3794//3794 3865//3865 3792//3792
f 3792//3792 3865//3865 3866//3866
f 3792//3792 3866//3866 3790//3790
f 3790//3790 3866//3866 3867//3867
f 3790//3790 3867//3867 3788//3788
f 3788//3788 3867//3867 3868//3868
f 3788//3788 3868//3868 3785//3785
f 3785//3785 3868//3868 3869//3869
f 3785//3785 3869//3869 3783//3783
f 3783//3783 3869//3869 3870//3870
f 3783//3783 3870//3870 3871//3871
f 3783//3783 3871//3871 3781//3781
f 3781//3781 3871//3871 3872//3872
f 3781//3781 3872//3872 3779//3779
f 3779//3779 3872//3872 3873//3873
f 3779//3779 3873//3873 3777//3777
f 3777//3777 3873//3873 3874//3874
f 3777//3777 3874//3874 3775//3775
f 3775//3775 3874//3874 3875//3875
f 3775//3775 3875//3875 3773//3773
f 3773//3773 3875//3875 3876//3876
f 3773//3773 3876//3876 3877//3877
f 3877//3877 3878//3878 3773//3773
f 3773//3773 3878//3878 3615//3615
f 3773//3773 3615//3615 3617//3617
f 3879//3879 3880//3880 3881//3881
f 3881//3881 3880//3880 3882//3882
f 3881//3881 3882//3882 3883//3883
f 3883//3883 3882//3882 3884//3884
f 3883//3883 3884//3884 3885//3885
f 3885//3885 3884//3884 3886//3886
f 3885//3885 3886//3886 3887//3887
f 3887//3887 3888//3888 3885//3885
f 3885//3885 3888//3888 3883//3883
f 3888//3888 3889//3889 3883//3883
f 3883//3883 3889//3889 3881//3881
f 3889//3889 3879//3879 3881//3881
f 3890//3890 3891//3891 3892//3892
f 3892//3892 3891//3891 3893//3893
f 3892//3892 3893//3893 3894//3894
f 3894//3894 3893//3893 3895//3895
f 3894//3894 3895//3895 3896//3896
f 3896//3896 3895//3895 3897//3897
f 3896//3896 3897//3897 3898//3898
f 3898//3898 3899//3899 3896//3896
f 3896//3896 3899//3899 3894//3894
f 3899//3899 3900//3900 3894//3894
f 3894//3894 3900//3900 3892//3892
f 3900//3900 3890//3890 3892//3892
f 3901//3901 3902//3902 3903//3903
f 3903//3903 3902//3902 3904//3904
f 3905//3905 3906//3906 3907//3907
f 3907//3907 3906//3906 3908//3908
f 3907//3907 3908//3908 3909//3909
f 3909//3909 3908//3908 3910//3910
f 3909//3909 3910//3910 3911//3911
f 3911//3911 3910//3910 3912//3912
f 3911//3911 3912//3912 3913//3913
f 3913//3913 3912//3912 3914//3914
f 3913//3913 3914//3914 3915//3915
f 3915//3915 3914//3914 3916//3916
f 3915//3915 3916//3916 3917//3917
f 3917//3917 3916//3916 3918//3918
f 3917//3917 3918//3918 3919//3919
f 3919//3919 3918//3918 3920//3920
f 3919//3919 3920//3920 3921//3921
f 3921//3921 3920//3920 3922//3922
f 3921//3921 3922//3922 3923//3923
f 3923//3923 3922//3922 3924//3924
f 3923//3923 3924//3924 3925//3925
f 3925//3925 3924//3924 3926//3926
f 3925//3925 3926//3926 3927//3927
f 3927//3927 3926//3926 3928//3928
f 3927//3927 3928//3928 3929//3929
f 3929//3929 3928//3928 3930//3930
f 3929//3929 3930//3930 3931//3931
f 3931//3931 3930//3930 3932//3932
f 3931//3931 3932//3932 3933//3933
f 3933//3933 3932//3932 3934//3934
f 3933//3933 3934//3934 3935//3935
f 3935//3935 3934//3934 3936//3936
f 3935//3935 3936//3936 3937//3937
f 3937//3937 3936//3936 3938//3938
f 3937//3937 3938//3938 3939//3939
f 3939//3939 3938//3938 3940//3940
f 3939//3939 3940//3940 3941//3941
f 3941//3941 3940//3940 3942//3942
f 3941//3941 3942//3942 3943//3943
f 3943//3943 3942//3942 3944//3944
f 3943//3943 3944//3944 3945//3945
f 3945//3945 3944//3944 3946//3946
f 3945//3945 3946//3946 3947//3947
f 3947//3947 3946//3946 3948//3948
f 3947//3947 3948//3948 3949//3949
f 3949//3949 3948//3948 3950//3950
f 3949//3949 3950//3950 3951//3951
f 3951//3951 3950//3950 3952//3952
f 3951//3951 3952//3952 3953//3953
f 3953//3953 3952//3952 3954//3954
f 3953//3953 3954//3954 3955//3955
f 3955//3955 3954//3954 3956//3956
f 3955//3955 3956//3956 3957//3957
f 3957//3957 3956//3956 3958//3958
f 3957//3957 3958//3958 3959//3959
f 3959//3959 3958//3958 3960//3960
f 3959//3959 3960//3960 3961//3961
f 3961//3961 3960//3960 3962//3962
f 3961//3961 3962//3962 3963//3963
f 3963//3963 3962//3962 3964//3964
f 3963//3963 3964//3964 3965//3965
f 3965//3965 3964//3964 3966//3966
f 3965//3965 3966//3966 3967//3967
f 3967//3967 3966//3966 3968//3968
f 3967//3967 3968//3968 3969//3969
f 3969//3969 3968//3968 3970//3970
f 3969//3969 3970//3970 3971//3971
f 3971//3971 3970//3970 3972//3972
f 3971//3971 3972//3972 3973//3973
f 3973//3973 3972//3972 3974//3974
f 3973//3973 3974//3974 3975//3975
f 3975//3975 3974//3974 3976//3976
f 3975//3975 3976//3976 3977//3977
f 3977//3977 3976//3976 3978//3978
f 3977//3977 3978//3978 3979//3979
f 3979//3979 3978//3978 3980//3980
f 3979//3979 3980//3980 3981//3981
f 3981//3981 3980//3980 3982//3982
f 3981//3981 3982//3982 3983//3983
f 3983//3983 3982//3982 3984//3984
f 3983//3983 3984//3984 3985//3985
f 3985//3985 3984//3984 3986//3986
f 3985//3985 3986//3986 3987//3987
f 3987//3987 3986//3986 3988//3988
f 3987//3987 3988//3988 3989//3989
f 3989//3989 3988//3988 3990//3990
f 3989//3989 3990//3990 3991//3991
f 3991//3991 3990//3990 3992//3992
f 3991//3991 3992//3992 3993//3993
f 3993//3993 3992//3992 3994//3994
f 3993//3993 3994//3994 3995//3995
f 3995//3995 3994//3994 3996//3996
f 3995//3995 3996//3996 3997//3997
f 3997//3997 3996//3996 3998//3998
f 3997//3997 3998//3998 3999//3999
f 3999//3999 3998//3998 4000//4000
f 3999//3999 4000//4000 4001//4001
f 4001//4001 4000//4000 4002//4002
f 4001//4001 4002//4002 4003//4003
f 4003//4003 4002//4002 4004//4004
f 4003//4003 4004//4004 4005//4005
f 4005//4005 4004//4004 4006//4006
f 4005//4005 4006//4006 4007//4007
f 4007//4007 4006//4006 4008//4008
f 4007//4007 4008//4008 4009//4009
f 4009//4009 4008//4008 4010//4010
f 4009//4009 4010//4010 3901//3901
f 3901//3901 4010//4010 3902//3902
f 4011//4011 4012//4012 4013//4013
f 4013//4013 4012//4012 4014//4014
f 4014//4014 4012//4012 4015//4015
f 4014//4014 4015//4015 4016//4016
f 4016//4016 4015//4015 4017//4017
f 4017//4017 4015//4015 4018//4018
f 4019//4019 4020//4020 4021//4021
f 4021//4021 4020//4020 4022//4022
f 4021//4021 4022//4022 4023//4023
f 4024//4024 4022//4022 4025//4025
f 4023//4023 4025//4025 4026//4026
f 4026//4026 4025//4025 4027//4027
f 4026//4026 4027//4027 4028//4028
f 4028//4028 4029//4029 4026//4026
f 4026//4026 4029//4029 4030//4030
f 4026//4026 4030//4030 4024//4024
f 4023//4023 4030//4030 4031//4031
f 4023//4023 4031//4031 4021//4021
f 4021//4021 4031//4031 4032//4032
f 4021//4021 4032//4032 4019//4019
f 4019//4019 4032//4032 4033//4033
f 4033//4033 4032//4032 4034//4034
f 4033//4033 4034//4034 4035//4035
f 4035//4035 4034//4034 4036//4036
f 4035//4035 4036//4036 4037//4037
f 4037//4037 4036//4036 4038//4038
f 4037//4037 4038//4038 4039//4039
f 4039//4039 4038//4038 4040//4040
f 4039//4039 4040//4040 4041//4041
f 4041//4041 4040//4040 4042//4042
f 4041//4041 4042//4042 4043//4043
f 4043//4043 4042//4042 4044//4044
f 4043//4043 4044//4044 4045//4045
f 4029//4029 4046//4046 4030//4030
f 4030//4030 4046//4046 4047//4047
f 4030//4030 4047//4047 4048//4048
f 4048//4048 4047//4047 4049//4049
f 4048//4048 4049//4049 4050//4050
f 4051//4051 4052//4052 4050//4050
f 4050//4050 4052//4052 4053//4053
f 4050//4050 4053//4053 4048//4048
f 4048//4048 4054//4054 4055//4055
f 4048//4048 4055//4055 4031//4031
f 4031//4031 4055//4055 4032//4032
f 4051//4051 4056//4056 4052//4052
f 4052//4052 4056//4056 4057//4057
f 4052//4052 4057//4057 4058//4058
f 4058//4058 4057//4057 4040//4040
f 4058//4058 4040//4040 4038//4038
f 4056//4056 4059//4059 4057//4057
f 4057//4057 4059//4059 4060//4060
f 4057//4057 4060//4060 4042//4042
f 4042//4042 4060//4060 4044//4044
f 4045//4045 4061//4061 4043//4043
f 4043//4043 4061//4061 4062//4062
f 4043//4043 4062//4062 4041//4041
f 4041//4041 4062//4062 4063//4063
f 4041//4041 4063//4063 4039//4039
f 4039//4039 4063//4063 4064//4064
f 4039//4039 4064//4064 4037//4037
f 4061//4061 4065//4065 4062//4062
f 4062//4062 4065//4065 4066//4066
f 4062//4062 4066//4066 4063//4063
f 4063//4063 4066//4066 4067//4067
f 4063//4063 4067//4067 4064//4064
f 4065//4065 4068//4068 4066//4066
f 4066//4066 4068//4068 4069//4069
f 4066//4066 4069//4069 4067//4067
f 4032//4032 4055//4055 4034//4034
f 4034//4034 4055//4055 4070//4070
f 4034//4034 4070//4070 4036//4036
f 4036//4036 4070//4070 4058//4058
f 4036//4036 4058//4058 4038//4038
f 4048//4048 4031//4031 4030//4030
f 4052//4052 4058//4058 4070//4070
f 4052//4052 4070//4070 4053//4053
f 4053//4053 4070//4070 4055//4055
f 4042//4042 4040//4040 4057//4057
f 4071//4071 4072//4072 4073//4073
f 4073//4073 4072//4072 4074//4074
f 4075//4075 4076//4076 4077//4077
f 4075//4075 4077//4077 4078//4078
f 4078//4078 4077//4077 4079//4079
f 4078//4078 4079//4079 4080//4080
f 4078//4078 4080//4080 4081//4081
f 4081//4081 4080//4080 4082//4082
f 4081//4081 4082//4082 4083//4083
f 4083//4083 4082//4082 4084//4084
f 4083//4083 4084//4084 4085//4085
f 4085//4085 4084//4084 4086//4086
f 4085//4085 4086//4086 4087//4087
f 4087//4087 4086//4086 4088//4088
f 4087//4087 4088//4088 4089//4089
f 4089//4089 4088//4088 4090//4090
f 4089//4089 4090//4090 4091//4091
f 4091//4091 4090//4090 4092//4092
f 4091//4091 4092//4092 4093//4093
f 4093//4093 4092//4092 4094//4094
f 4093//4093 4094//4094 4095//4095
f 4095//4095 4094//4094 4096//4096
f 4095//4095 4096//4096 4097//4097
f 4095//4095 4097//4097 4098//4098
f 4098//4098 4097//4097 4099//4099
f 4098//4098 4099//4099 4100//4100
f 4100//4100 4099//4099 4101//4101
f 4100//4100 4101//4101 4102//4102
f 4102//4102 4101//4101 4103//4103
f 4102//4102 4103//4103 4104//4104
f 4104//4104 4103//4103 4105//4105
f 4104//4104 4105//4105 4106//4106
f 4106//4106 4105//4105 4107//4107
f 4106//4106 4107//4107 4108//4108
f 4106//4106 4108//4108 4109//4109
f 4109//4109 4108//4108 4110//4110
f 4109//4109 4110//4110 4111//4111
f 4111//4111 4110//4110 4112//4112
f 4111//4111 4112//4112 4113//4113
f 4113//4113 4112//4112 4114//4114
f 4113//4113 4114//4114 4115//4115
f 4115//4115 4114//4114 4116//4116
f 4115//4115 4116//4116 4117//4117
f 4117//4117 4116//4116 4118//4118
f 4117//4117 4118//4118 4119//4119
f 4119//4119 4118//4118 4120//4120
f 4119//4119 4120//4120 4121//4121
f 4121//4121 4120//4120 4122//4122
f 4121//4121 4122//4122 4123//4123
f 4121//4121 4123//4123 4124//4124
f 4124//4124 4123//4123 4125//4125
f 4124//4124 4125//4125 4126//4126
f 4126//4126 4125//4125 4127//4127
f 4126//4126 4127//4127 4128//4128
f 4128//4128 4127//4127 4129//4129
f 4128//4128 4129//4129 4130//4130
f 4130//4130 4129//4129 4131//4131
f 4130//4130 4131//4131 4132//4132
f 4132//4132 4131//4131 4133//4133
f 4132//4132 4133//4133 4134//4134
f 4134//4134 4133//4133 4135//4135
f 4134//4134 4135//4135 4136//4136
f 4134//4134 4136//4136 4137//4137
f 4137//4137 4136//4136 4138//4138
f 4137//4137 4138//4138 4139//4139
f 4139//4139 4138//4138 4140//4140
f 4139//4139 4140//4140 4141//4141
f 4141//4141 4140//4140 4142//4142
f 4141//4141 4142//4142 4143//4143
f 4143//4143 4142//4142 4144//4144
f 4143//4143 4144//4144 4145//4145
f 4145//4145 4144//4144 4146//4146
f 4145//4145 4146//4146 4147//4147
f 4147//4147 4146//4146 4148//4148
f 4147//4147 4148//4148 4149//4149
f 4147//4147 4150//4150 4151//4151
f 4151//4151 4150//4150 4152//4152
f 4151//4151 4152//4152 4153//4153
f 4153//4153 4152//4152 4154//4154
f 4153//4153 4154//4154 4155//4155
f 4155//4155 4154//4154 4156//4156
f 4155//4155 4156//4156 4157//4157
f 4157//4157 4156//4156 4158//4158
f 4157//4157 4158//4158 4159//4159
f 4159//4159 4158//4158 4160//4160
f 4159//4159 4160//4160 4161//4161
f 4161//4161 4160//4160 4162//4162
f 4161//4161 4162//4162 4163//4163
f 4163//4163 4162//4162 4164//4164
f 4163//4163 4164//4164 4165//4165
f 4163//4163 4165//4165 4166//4166
f 4166//4166 4165//4165 4167//4167
f 4166//4166 4167//4167 4168//4168
f 4168//4168 4167//4167 4169//4169
f 4168//4168 4169//4169 4170//4170
f 4170//4170 4169//4169 4171//4171
f 4170//4170 4171//4171 4172//4172
f 4172//4172 4171//4171 4173//4173
f 4172//4172 4173//4173 4174//4174
f 4174//4174 4173//4173 4175//4175
f 4174//4174 4175//4175 4176//4176
f 4174//4174 4176//4176 4177//4177
f 4177//4177 4176//4176 4178//4178
f 4177//4177 4178//4178 4179//4179
f 4179//4179 4178//4178 4180//4180
f 4179//4179 4180//4180 4181//4181
f 4181//4181 4180//4180 4182//4182
f 4181//4181 4182//4182 4183//4183
f 4183//4183 4182//4182 4184//4184
f 4183//4183 4184//4184 4185//4185
f 4185//4185 4184//4184 4186//4186
f 4185//4185 4186//4186 4187//4187
f 4187//4187 4186//4186 4188//4188
f 4187//4187 4188//4188 4189//4189
f 4189//4189 4188//4188 4190//4190
f 4189//4189 4190//4190 4191//4191
f 4189//4189 4191//4191 4192//4192
f 4192//4192 4191//4191 4193//4193
f 4192//4192 4193//4193 4194//4194
f 4194//4194 4193//4193 4195//4195
f 4194//4194 4195//4195 4196//4196
f 4194//4194 4196//4196 4197//4197
f 4197//4197 4196//4196 4198//4198
f 4197//4197 4198//4198 4199//4199
f 4199//4199 4200//4200 4197//4197
f 4197//4197 4200//4200 4201//4201
f 4197//4197 4201//4201 4202//4202
f 4202//4202 4203//4203 4197//4197
f 4197//4197 4203//4203 4204//4204
f 4197//4197 4204//4204 4071//4071
f 4197//4197 4071//4071 4073//4073
f 4205//4205 4206//4206 4207//4207
f 4207//4207 4206//4206 4208//4208
f 4207//4207 4208//4208 4209//4209
f 4209//4209 4208//4208 4210//4210
f 4209//4209 4210//4210 4211//4211
f 4211//4211 4210//4210 4212//4212
f 4211//4211 4212//4212 4213//4213
f 4214//4214 4215//4215 4211//4211
f 4211//4211 4215//4215 4216//4216
f 4211//4211 4216//4216 4209//4209
f 4209//4209 4216//4216 4217//4217
f 4209//4209 4217//4217 4207//4207
f 4207//4207 4217//4217 4218//4218
f 4207//4207 4218//4218 4205//4205
f 4205//4205 4218//4218 4219//4219
f 4219//4219 4218//4218 4220//4220
f 4219//4219 4220//4220 4221//4221
f 4222//4222 4220//4220 4223//4223
f 4221//4221 4223//4223 4224//4224
f 4224//4224 4223//4223 4225//4225
f 4224//4224 4225//4225 4226//4226
f 4226//4226 4225//4225 4227//4227
f 4226//4226 4227//4227 4228//4228
f 4228//4228 4227//4227 4229//4229
f 4230//4230 4229//4229 4231//4231
f 4231//4231 4229//4229 4232//4232
f 4232//4232 4229//4229 4233//4233
f 4233//4233 4229//4229 4234//4234
f 4233//4233 4234//4234 4235//4235
f 4235//4235 4234//4234 4236//4236
f 4235//4235 4236//4236 4237//4237
f 4237//4237 4236//4236 4238//4238
f 4238//4238 4236//4236 4239//4239
f 4238//4238 4239//4239 4240//4240
f 4240//4240 4239//4239 4241//4241
f 4240//4240 4241//4241 4242//4242
f 4242//4242 4241//4241 4243//4243
f 4242//4242 4243//4243 4244//4244
f 4244//4244 4243//4243 4245//4245
f 4244//4244 4245//4245 4246//4246
f 4246//4246 4245//4245 4216//4216
f 4246//4246 4216//4216 4215//4215
f 4220//4220 4218//4218 4247//4247
f 4247//4247 4218//4218 4217//4217
f 4247//4247 4217//4217 4245//4245
f 4245//4245 4217//4217 4216//4216
f 4223//4223 4220//4220 4248//4248
f 4248//4248 4220//4220 4247//4247
f 4248//4248 4247//4247 4243//4243
f 4249//4249 4247//4247 4245//4245
f 4225//4225 4223//4223 4250//4250
f 4250//4250 4223//4223 4248//4248
f 4250//4250 4248//4248 4241//4241
f 4241//4241 4248//4248 4249//4249
f 4234//4234 4229//4229 4227//4227
f 4227//4227 4225//4225 4251//4251
f 4251//4251 4225//4225 4250//4250
f 4251//4251 4250//4250 4239//4239
f 4239//4239 4250//4250 4241//4241
f 4236//4236 4234//4234 4251//4251
f 4251//4251 4234//4234 4227//4227
f 4236//4236 4251//4251 4239//4239
f 4252//4252 4253//4253 4254//4254
f 4254//4254 4253//4253 4255//4255
f 4254//4254 4255//4255 4256//4256
f 4256//4256 4255//4255 4257//4257
f 4256//4256 4257//4257 4258//4258
f 4258//4258 4257//4257 4259//4259
f 4258//4258 4259//4259 4260//4260
f 4260//4260 4261//4261 4258//4258
f 4258//4258 4261//4261 4256//4256
f 4261//4261 4262//4262 4256//4256
f 4256//4256 4262//4262 4254//4254
f 4262//4262 4252//4252 4254//4254
f 4263//4263 4264//4264 4265//4265
f 4265//4265 4264//4264 4266//4266
f 4265//4265 4266//4266 4267//4267
f 4267//4267 4266//4266 4268//4268
f 4267//4267 4268//4268 4269//4269
f 4269//4269 4268//4268 4270//4270
f 4269//4269 4270//4270 4271//4271
f 4271//4271 4272//4272 4269//4269
f 4269//4269 4272//4272 4267//4267
f 4272//4272 4273//4273 4267//4267
f 4267//4267 4273//4273 4265//4265
f 4273//4273 4263//4263 4265//4265
f 4274//4274 4275//4275 4276//4276
f 4276//4276 4275//4275 4277//4277
f 4276//4276 4277//4277 4278//4278
f 4279//4279 4277//4277 4280//4280
f 4278//4278 4280//4280 4281//4281
f 4281//4281 4280//4280 4282//4282
f 4281//4281 4283//4283 4284//4284
f 4284//4284 4285//4285 4281//4281
f 4281//4281 4285//4285 4279//4279
f 4285//4285 4286//4286 4278//4278
f 4279//4279 4286//4286 4276//4276
f 4286//4286 4274//4274 4276//4276
f 4287//4287 4288//4288 4289//4289
f 4289//4289 4288//4288 4290//4290
f 4291//4291 4292//4292 4293//4293
f 4288//4288 4287//4287 4294//4294
f 4294//4294 4287//4287 4295//4295
f 4294//4294 4295//4295 4296//4296
f 4296//4296 4295//4295 4297//4297
f 4296//4296 4297//4297 4298//4298
f 4298//4298 4297//4297 4299//4299
f 4298//4298 4299//4299 4300//4300
f 4300//4300 4299//4299 4301//4301
f 4300//4300 4301//4301 4302//4302
f 4302//4302 4301//4301 4303//4303
f 4302//4302 4303//4303 4304//4304
f 4304//4304 4303//4303 4305//4305
f 4304//4304 4305//4305 4306//4306
f 4306//4306 4305//4305 4307//4307
f 4306//4306 4307//4307 4308//4308
f 4308//4308 4307//4307 4309//4309
f 4308//4308 4310//4310 4311//4311
f 4311//4311 4310//4310 4312//4312
f 4311//4311 4312//4312 4313//4313
f 4313//4313 4312//4312 4314//4314
f 4313//4313 4314//4314 4315//4315
f 4315//4315 4314//4314 4316//4316
f 4315//4315 4316//4316 4317//4317
f 4317//4317 4316//4316 4318//4318
f 4317//4317 4318//4318 4319//4319
f 4319//4319 4318//4318 4320//4320
f 4319//4319 4320//4320 4321//4321
f 4321//4321 4320//4320 4322//4322
f 4321//4321 4322//4322 4323//4323
f 4323//4323 4322//4322 4324//4324
f 4323//4323 4324//4324 4325//4325
f 4325//4325 4324//4324 4326//4326
f 4325//4325 4326//4326 4327//4327
f 4327//4327 4326//4326 4328//4328
f 4327//4327 4328//4328 4329//4329
f 4329//4329 4328//4328 4330//4330
f 4329//4329 4330//4330 4331//4331
f 4331//4331 4330//4330 4332//4332
f 4331//4331 4332//4332 4333//4333
f 4333//4333 4332//4332 4334//4334
f 4333//4333 4334//4334 4335//4335
f 4335//4335 4334//4334 4336//4336
f 4335//4335 4336//4336 4337//4337
f 4337//4337 4336//4336 4338//4338
f 4337//4337 4338//4338 4339//4339
f 4339//4339 4338//4338 4340//4340
f 4339//4339 4340//4340 4341//4341
f 4341//4341 4340//4340 4342//4342
f 4341//4341 4342//4342 4343//4343
f 4343//4343 4342//4342 4344//4344
f 4343//4343 4344//4344 4345//4345
f 4345//4345 4344//4344 4346//4346
f 4345//4345 4346//4346 4347//4347
f 4347//4347 4346//4346 4348//4348
f 4347//4347 4348//4348 4349//4349
f 4349//4349 4348//4348 4350//4350
f 4349//4349 4350//4350 4351//4351
f 4351//4351 4350//4350 4352//4352
f 4351//4351 4352//4352 4353//4353
f 4353//4353 4352//4352 4354//4354
f 4353//4353 4354//4354 4355//4355
f 4355//4355 4354//4354 4356//4356
f 4355//4355 4356//4356 4357//4357
f 4357//4357 4356//4356 4358//4358
f 4357//4357 4358//4358 4359//4359
f 4359//4359 4358//4358 4360//4360
f 4359//4359 4360//4360 4361//4361
f 4361//4361 4360//4360 4362//4362
f 4361//4361 4362//4362 4363//4363
f 4363//4363 4362//4362 4364//4364
f 4363//4363 4364//4364 4365//4365
f 4365//4365 4364//4364 4366//4366
f 4365//4365 4366//4366 4367//4367
f 4367//4367 4366//4366 4368//4368
f 4367//4367 4368//4368 4369//4369
f 4369//4369 4368//4368 4370//4370
f 4369//4369 4370//4370 4371//4371
f 4371//4371 4370//4370 4372//4372
f 4371//4371 4372//4372 4373//4373
f 4373//4373 4372//4372 4374//4374
f 4373//4373 4374//4374 4375//4375
f 4375//4375 4374//4374 4376//4376
f 4375//4375 4376//4376 4377//4377
f 4377//4377 4376//4376 4378//4378
f 4377//4377 4378//4378 4379//4379
f 4379//4379 4378//4378 4380//4380
f 4379//4379 4380//4380 4381//4381
f 4381//4381 4380//4380 4382//4382
f 4381//4381 4382//4382 4383//4383
f 4383//4383 4382//4382 4384//4384
f 4383//4383 4384//4384 4385//4385
f 4385//4385 4384//4384 4386//4386
f 4385//4385 4386//4386 4387//4387
f 4387//4387 4386//4386 4388//4388
f 4387//4387 4388//4388 4389//4389
f 4389//4389 4388//4388 4390//4390
f 4389//4389 4390//4390 4391//4391
f 4391//4391 4390//4390 4392//4392
f 4391//4391 4392//4392 4393//4393
f 4393//4393 4392//4392 4394//4394
f 4393//4393 4394//4394 4395//4395
f 4395//4395 4394//4394 4396//4396
f 4395//4395 4396//4396 4397//4397
f 4397//4397 4396//4396 4398//4398
f 4397//4397 4398//4398 4399//4399
f 4399//4399 4398//4398 4400//4400
f 4399//4399 4400//4400 4293//4293
f 4293//4293 4400//4400 4291//4291
f 4401//4401 4402//4402 4403//4403
f 4403//4403 4402//4402 4404//4404
f 4403//4403 4404//4404 4405//4405
f 4405//4405 4404//4404 4406//4406
f 4405//4405 4406//4406 4407//4407
f 4407//4407 4406//4406 4408//4408
f 4408//4408 4406//4406 4409//4409
f 4408//4408 4409//4409 4410//4410
f 4410//4410 4409//4409 4411//4411
f 4410//4410 4412//4412 4413//4413
f 4413//4413 4412//4412 4414//4414
f 4413//4413 4414//4414 4415//4415
f 4415//4415 4414//4414 4416//4416
f 4416//4416 4414//4414 4417//4417
f 4417//4417 4414//4414 4418//4418
f 4404//4404 4402//4402 4419//4419
f 4419//4419 4402//4402 4420//4420
f 4419//4419 4420//4420 4421//4421
f 4421//4421 4420//4420 4422//4422
f 4421//4421 4422//4422 4423//4423
f 4421//4421 4423//4423 4424//4424
f 4424//4424 4423//4423 4425//4425
f 4424//4424 4425//4425 4426//4426
f 4426//4426 4425//4425 4427//4427
f 4426//4426 4427//4427 4428//4428
f 4428//4428 4427//4427 4429//4429
f 4428//4428 4429//4429 4430//4430
f 4430//4430 4429//4429 4414//4414
f 4430//4430 4414//4414 4411//4411
f 4427//4427 4431//4431 4429//4429
f 4406//4406 4404//4404 4432//4432
f 4432//4432 4404//4404 4419//4419
f 4432//4432 4419//4419 4424//4424
f 4424//4424 4419//4419 4421//4421
f 4430//4430 4411//4411 4409//4409
f 4409//4409 4406//4406 4433//4433
f 4433//4433 4406//4406 4432//4432
f 4433//4433 4432//4432 4426//4426
f 4426//4426 4432//4432 4424//4424
f 4428//4428 4430//4430 4433//4433
f 4433//4433 4430//4430 4434//4434
f 4428//4428 4433//4433 4426//4426
f 4435//4435 4436//4436 4437//4437
f 4437//4437 4436//4436 4438//4438
f 4437//4437 4438//4438 4439//4439
f 4439//4439 4438//4438 4440//4440
f 4439//4439 4440//4440 4441//4441
f 4441//4441 4440//4440 4442//4442
f 4441//4441 4442//4442 4443//4443
f 4443//4443 4442//4442 4444//4444
f 4443//4443 4444//4444 4445//4445
f 4445//4445 4444//4444 4446//4446
f 4445//4445 4446//4446 4447//4447
f 4447//4447 4446//4446 4448//4448
f 4448//4448 4446//4446 4449//4449
f 4448//4448 4449//4449 4450//4450
f 4450//4450 4449//4449 4451//4451
f 4450//4450 4451//4451 4452//4452
f 4452//4452 4451//4451 4453//4453
f 4452//4452 4453//4453 4454//4454
f 4454//4454 4453//4453 4455//4455
f 4454//4454 4455//4455 4456//4456
f 4456//4456 4455//4455 4457//4457
f 4456//4456 4457//4457 4458//4458
f 4458//4458 4457//4457 4459//4459
f 4458//4458 4459//4459 4460//4460
f 4460//4460 4459//4459 4461//4461
f 4460//4460 4461//4461 4462//4462
f 4462//4462 4461//4461 4463//4463
f 4462//4462 4463//4463 4464//4464
f 4464//4464 4463//4463 4465//4465
f 4464//4464 4465//4465 4466//4466
f 4466//4466 4465//4465 4467//4467
f 4466//4466 4467//4467 4468//4468
f 4468//4468 4467//4467 4469//4469
f 4469//4469 4467//4467 4470//4470
f 4469//4469 4470//4470 4471//4471
f 4471//4471 4470//4470 4472//4472
f 4471//4471 4472//4472 4473//4473
f 4473//4473 4472//4472 4474//4474
f 4473//4473 4474//4474 4475//4475
f 4475//4475 4474//4474 4476//4476
f 4475//4475 4476//4476 4477//4477
f 4477//4477 4476//4476 4478//4478
f 4477//4477 4478//4478 4479//4479
f 4479//4479 4478//4478 4480//4480
f 4479//4479 4480//4480 4481//4481
f 4481//4481 4480//4480 4482//4482
f 4481//4481 4482//4482 4483//4483
f 4483//4483 4482//4482 4484//4484
f 4483//4483 4484//4484 4485//4485
f 4485//4485 4484//4484 4486//4486
f 4485//4485 4486//4486 4487//4487
f 4487//4487 4486//4486 4488//4488
f 4487//4487 4488//4488 4489//4489
f 4489//4489 4488//4488 4490//4490
f 4490//4490 4488//4488 4491//4491
f 4490//4490 4491//4491 4492//4492
f 4492//4492 4491//4491 4493//4493
f 4492//4492 4493//4493 4494//4494
f 4494//4494 4493//4493 4495//4495
f 4494//4494 4495//4495 4496//4496
f 4496//4496 4495//4495 4497//4497
f 4496//4496 4497//4497 4498//4498
f 4498//4498 4497//4497 4499//4499
f 4498//4498 4499//4499 4500//4500
f 4500//4500 4499//4499 4501//4501
f 4500//4500 4501//4501 4502//4502
f 4502//4502 4501//4501 4503//4503
f 4502//4502 4503//4503 4504//4504
f 4504//4504 4503//4503 4505//4505
f 4504//4504 4505//4505 4506//4506
f 4506//4506 4505//4505 4507//4507
f 4506//4506 4507//4507 4508//4508
f 4508//4508 4507//4507 4509//4509
f 4508//4508 4509//4509 4510//4510
f 4510//4510 4509//4509 4511//4511
f 4511//4511 4509//4509 4512//4512
f 4511//4511 4512//4512 4513//4513
f 4513//4513 4512//4512 4514//4514
f 4513//4513 4514//4514 4515//4515
f 4515//4515 4514//4514 4516//4516
f 4515//4515 4516//4516 4517//4517
f 4517//4517 4516//4516 4518//4518
f 4517//4517 4518//4518 4519//4519
f 4519//4519 4518//4518 4520//4520
f 4519//4519 4520//4520 4521//4521
f 4521//4521 4520//4520 4522//4522
f 4521//4521 4522//4522 4523//4523
f 4523//4523 4522//4522 4524//4524
f 4523//4523 4524//4524 4525//4525
f 4525//4525 4524//4524 4526//4526
f 4525//4525 4526//4526 4527//4527
f 4527//4527 4526//4526 4528//4528
f 4527//4527 4528//4528 4529//4529
f 4529//4529 4528//4528 4530//4530
f 4529//4529 4530//4530 4531//4531
f 4531//4531 4530//4530 4532//4532
f 4532//4532 4530//4530 4533//4533
f 4532//4532 4533//4533 4534//4534
f 4534//4534 4533//4533 4535//4535
f 4534//4534 4535//4535 4536//4536
f 4536//4536 4535//4535 4537//4537
f 4536//4536 4537//4537 4538//4538
f 4538//4538 4537//4537 4539//4539
f 4538//4538 4539//4539 4435//4435
f 4435//4435 4539//4539 4436//4436
f 4540//4540 4541//4541 4542//4542
f 4543//4543 4544//4544 4545//4545
f 4543//4543 4545//4545 4546//4546
f 4546//4546 4545//4545 4547//4547
f 4546//4546 4547//4547 4548//4548
f 4548//4548 4547//4547 4549//4549
f 4548//4548 4549//4549 4550//4550
f 4550//4550 4549//4549 4551//4551
f 4550//4550 4551//4551 4552//4552
f 4552//4552 4551//4551 4553//4553
f 4552//4552 4553//4553 4554//4554
f 4554//4554 4553//4553 4555//4555
f 4554//4554 4555//4555 4556//4556
f 4556//4556 4555//4555 4557//4557
f 4556//4556 4557//4557 4558//4558
f 4558//4558 4557//4557 4559//4559
f 4558//4558 4559//4559 4560//4560
f 4560//4560 4559//4559 4561//4561
f 4560//4560 4561//4561 4562//4562
f 4562//4562 4561//4561 4563//4563
f 4562//4562 4563//4563 4564//4564
f 4564//4564 4563//4563 4565//4565
f 4564//4564 4565//4565 4566//4566
f 4566//4566 4565//4565 4567//4567
f 4566//4566 4567//4567 4568//4568
f 4568//4568 4567//4567 4569//4569
f 4568//4568 4569//4569 4570//4570
f 4570//4570 4569//4569 4571//4571
f 4570//4570 4571//4571 4572//4572
f 4572//4572 4571//4571 4573//4573
f 4572//4572 4573//4573 4574//4574
f 4574//4574 4573//4573 4575//4575
f 4574//4574 4575//4575 4576//4576
f 4576//4576 4575//4575 4577//4577
f 4576//4576 4577//4577 4578//4578
f 4578//4578 4577//4577 4579//4579
f 4578//4578 4579//4579 4580//4580
f 4580//4580 4579//4579 4581//4581
f 4580//4580 4581//4581 4582//4582
f 4582//4582 4581//4581 4583//4583
f 4582//4582 4583//4583 4584//4584
f 4584//4584 4583//4583 4585//4585
f 4584//4584 4585//4585 4586//4586
f 4586//4586 4585//4585 4587//4587
f 4586//4586 4587//4587 4588//4588
f 4588//4588 4587//4587 4589//4589
f 4588//4588 4589//4589 4590//4590
f 4590//4590 4589//4589 4591//4591
f 4590//4590 4591//4591 4592//4592
f 4592//4592 4591//4591 4593//4593
f 4592//4592 4593//4593 4594//4594
f 4594//4594 4593//4593 4595//4595
f 4594//4594 4595//4595 4596//4596
f 4596//4596 4595//4595 4597//4597
f 4596//4596 4597//4597 4598//4598
f 4598//4598 4597//4597 4599//4599
f 4598//4598 4599//4599 4600//4600
f 4600//4600 4599//4599 4601//4601
f 4600//4600 4601//4601 4602//4602
f 4602//4602 4601//4601 4603//4603
f 4602//4602 4603//4603 4604//4604
f 4604//4604 4603//4603 4605//4605
f 4604//4604 4605//4605 4606//4606
f 4606//4606 4605//4605 4607//4607
f 4606//4606 4607//4607 4608//4608
f 4608//4608 4607//4607 4609//4609
f 4608//4608 4609//4609 4610//4610
f 4610//4610 4609//4609 4611//4611
f 4610//4610 4611//4611 4612//4612
f 4612//4612 4611//4611 4613//4613
f 4612//4612 4613//4613 4614//4614
f 4614//4614 4613//4613 4615//4615
f 4614//4614 4615//4615 4616//4616
f 4616//4616 4615//4615 4617//4617
f 4616//4616 4617//4617 4618//4618
f 4618//4618 4617//4617 4619//4619
f 4618//4618 4619//4619 4620//4620
f 4620//4620 4619//4619 4621//4621
f 4620//4620 4621//4621 4622//4622
f 4622//4622 4621//4621 4623//4623
f 4622//4622 4623//4623 4624//4624
f 4624//4624 4623//4623 4625//4625
f 4624//4624 4625//4625 4626//4626
f 4626//4626 4625//4625 4627//4627
f 4626//4626 4627//4627 4628//4628
f 4628//4628 4627//4627 4629//4629
f 4628//4628 4629//4629 4630//4630
f 4630//4630 4629//4629 4631//4631
f 4630//4630 4631//4631 4632//4632
f 4632//4632 4631//4631 4633//4633
f 4632//4632 4633//4633 4634//4634
f 4634//4634 4633//4633 4635//4635
f 4634//4634 4635//4635 4636//4636
f 4636//4636 4635//4635 4637//4637
f 4636//4636 4637//4637 4638//4638
f 4638//4638 4637//4637 4639//4639
f 4638//4638 4639//4639 4640//4640
f 4640//4640 4639//4639 4641//4641
f 4640//4640 4641//4641 4540//4540
f 4540//4540 4641//4641 4541//4541
f 4642//4642 4643//4643 4644//4644
f 4644//4644 4643//4643 4645//4645
f 4646//4646 4647//4647 4648//4648
f 4648//4648 4647//4647 4649//4649
f 4648//4648 4649//4649 4650//4650
f 4650//4650 4649//4649 4651//4651
f 4650//4650 4651//4651 4652//4652
f 4652//4652 4651//4651 4653//4653
f 4652//4652 4653//4653 4654//4654
f 4654//4654 4653//4653 4655//4655
f 4654//4654 4655//4655 4656//4656
f 4656//4656 4655//4655 4657//4657
f 4656//4656 4657//4657 4658//4658
f 4658//4658 4657//4657 4659//4659
f 4658//4658 4659//4659 4660//4660
f 4660//4660 4659//4659 4661//4661
f 4660//4660 4661//4661 4662//4662
f 4662//4662 4661//4661 4663//4663
f 4662//4662 4663//4663 4664//4664
f 4664//4664 4663//4663 4665//4665
f 4664//4664 4665//4665 4666//4666
f 4666//4666 4665//4665 4667//4667
f 4666//4666 4667//4667 4668//4668
f 4668//4668 4667//4667 4669//4669
f 4668//4668 4669//4669 4670//4670
f 4670//4670 4669//4669 4671//4671
f 4670//4670 4671//4671 4672//4672
f 4672//4672 4671//4671 4673//4673
f 4672//4672 4673//4673 4674//4674
f 4674//4674 4673//4673 4675//4675
f 4674//4674 4675//4675 4676//4676
f 4676//4676 4675//4675 4677//4677
f 4676//4676 4677//4677 4678//4678
f 4678//4678 4677//4677 4679//4679
f 4678//4678 4679//4679 4680//4680
f 4680//4680 4679//4679 4681//4681
f 4680//4680 4681//4681 4682//4682
f 4682//4682 4681//4681 4683//4683
f 4682//4682 4683//4683 4684//4684
f 4684//4684 4683//4683 4685//4685
f 4684//4684 4685//4685 4686//4686
f 4686//4686 4685//4685 4687//4687
f 4686//4686 4687//4687 4688//4688
f 4688//4688 4687//4687 4689//4689
f 4688//4688 4689//4689 4690//4690
f 4690//4690 4689//4689 4691//4691
f 4690//4690 4691//4691 4692//4692
f 4692//4692 4691//4691 4693//4693
f 4692//4692 4693//4693 4694//4694
f 4694//4694 4693//4693 4695//4695
f 4694//4694 4695//4695 4696//4696
f 4696//4696 4695//4695 4697//4697
f 4696//4696 4697//4697 4698//4698
f 4698//4698 4697//4697 4699//4699
f 4698//4698 4699//4699 4700//4700
f 4700//4700 4699//4699 4701//4701
f 4700//4700 4701//4701 4702//4702
f 4702//4702 4701//4701 4703//4703
f 4702//4702 4703//4703 4704//4704
f 4704//4704 4703//4703 4705//4705
f 4704//4704 4705//4705 4706//4706
f 4706//4706 4705//4705 4707//4707
f 4706//4706 4707//4707 4708//4708
f 4708//4708 4707//4707 4709//4709
f 4708//4708 4709//4709 4710//4710
f 4710//4710 4709//4709 4711//4711
f 4710//4710 4711//4711 4712//4712
f 4712//4712 4711//4711 4713//4713
f 4712//4712 4713//4713 4714//4714
f 4714//4714 4713//4713 4715//4715
f 4714//4714 4715//4715 4716//4716
f 4716//4716 4715//4715 4717//4717
f 4716//4716 4717//4717 4718//4718
f 4718//4718 4717//4717 4719//4719
f 4718//4718 4719//4719 4720//4720
f 4720//4720 4719//4719 4721//4721
f 4720//4720 4721//4721 4722//4722
f 4722//4722 4721//4721 4723//4723
f 4722//4722 4723//4723 4724//4724
f 4724//4724 4723//4723 4725//4725
f 4724//4724 4725//4725 4726//4726
f 4726//4726 4725//4725 4727//4727
f 4726//4726 4727//4727 4728//4728
f 4728//4728 4727//4727 4729//4729
f 4728//4728 4729//4729 4730//4730
f 4730//4730 4729//4729 4731//4731
f 4730//4730 4731//4731 4732//4732
f 4732//4732 4731//4731 4733//4733
f 4732//4732 4733//4733 4734//4734
f 4734//4734 4733//4733 4735//4735
f 4734//4734 4735//4735 4736//4736
f 4736//4736 4735//4735 4737//4737
f 4736//4736 4737//4737 4738//4738
f 4738//4738 4737//4737 4739//4739
f 4738//4738 4739//4739 4740//4740
f 4740//4740 4739//4739 4741//4741
f 4740//4740 4741//4741 4742//4742
f 4742//4742 4741//4741 4743//4743
f 4742//4742 4743//4743 4642//4642
f 4642//4642 4743//4743 4643//4643
f 4744//4744 4745//4745 4746//4746
f 4747//4747 4748//4748 4749//4749
f 4747//4747 4749//4749 4750//4750
f 4750//4750 4749//4749 4751//4751
f 4750//4750 4751//4751 4752//4752
f 4752//4752 4751//4751 4753//4753
f 4752//4752 4753//4753 4754//4754
f 4754//4754 4753//4753 4755//4755
f 4754//4754 4755//4755 4756//4756
f 4756//4756 4755//4755 4757//4757
f 4756//4756 4757//4757 4758//4758
f 4758//4758 4757//4757 4759//4759
f 4758//4758 4759//4759 4760//4760
f 4760//4760 4759//4759 4761//4761
f 4760//4760 4761//4761 4762//4762
f 4762//4762 4761//4761 4763//4763
f 4762//4762 4763//4763 4764//4764
f 4764//4764 4763//4763 4765//4765
f 4764//4764 4765//4765 4766//4766
f 4766//4766 4765//4765 4767//4767
f 4766//4766 4767//4767 4768//4768
f 4768//4768 4767//4767 4769//4769
f 4768//4768 4769//4769 4770//4770
f 4770//4770 4769//4769 4771//4771
f 4770//4770 4771//4771 4772//4772
f 4772//4772 4771//4771 4773//4773
f 4772//4772 4773//4773 4774//4774
f 4774//4774 4773//4773 4775//4775
f 4774//4774 4775//4775 4776//4776
f 4776//4776 4775//4775 4777//4777
f 4776//4776 4777//4777 4778//4778
f 4778//4778 4777//4777 4779//4779
f 4778//4778 4779//4779 4780//4780
f 4780//4780 4779//4779 4781//4781
f 4780//4780 4781//4781 4782//4782
f 4782//4782 4781//4781 4783//4783
f 4782//4782 4783//4783 4784//4784
f 4784//4784 4783//4783 4785//4785
f 4784//4784 4785//4785 4786//4786
f 4786//4786 4785//4785 4787//4787
f 4786//4786 4787//4787 4788//4788
f 4788//4788 4787//4787 4789//4789
f 4788//4788 4789//4789 4790//4790
f 4790//4790 4789//4789 4791//4791
f 4790//4790 4791//4791 4792//4792
f 4792//4792 4791//4791 4793//4793
f 4792//4792 4793//4793 4794//4794
f 4794//4794 4793//4793 4795//4795
f 4794//4794 4795//4795 4796//4796
f 4796//4796 4795//4795 4797//4797
f 4796//4796 4797//4797 4798//4798
f 4798//4798 4797//4797 4799//4799
f 4798//4798 4799//4799 4800//4800
f 4800//4800 4799//4799 4801//4801
f 4800//4800 4801//4801 4802//4802
f 4802//4802 4801//4801 4803//4803
f 4802//4802 4803//4803 4804//4804
f 4804//4804 4803//4803 4805//4805
f 4804//4804 4805//4805 4806//4806
f 4806//4806 4805//4805 4807//4807
f 4806//4806 4807//4807 4808//4808
f 4808//4808 4807//4807 4809//4809
f 4808//4808 4809//4809 4810//4810
f 4810//4810 4809//4809 4811//4811
f 4810//4810 4811//4811 4812//4812
f 4812//4812 4811//4811 4813//4813
f 4812//4812 4813//4813 4814//4814
f 4814//4814 4813//4813 4815//4815
f 4814//4814 4815//4815 4816//4816
f 4816//4816 4815//4815 4817//4817
f 4816//4816 4817//4817 4818//4818
f 4818//4818 4817//4817 4744//4744
f 4818//4818 4744//4744 4746//4746
f 4819//4819 4820//4820 4821//4821
f 4821//4821 4820//4820 4822//4822
f 4823//4823 4824//4824 4825//4825
f 4825//4825 4824//4824 4826//4826
f 4825//4825 4826//4826 4827//4827
f 4827//4827 4826//4826 4828//4828
f 4827//4827 4828//4828 4829//4829
f 4829//4829 4828//4828 4830//4830
f 4829//4829 4830//4830 4831//4831
f 4831//4831 4830//4830 4832//4832
f 4831//4831 4832//4832 4833//4833
f 4833//4833 4832//4832 4834//4834
f 4833//4833 4834//4834 4835//4835
f 4835//4835 4834//4834 4836//4836
f 4835//4835 4836//4836 4837//4837
f 4837//4837 4836//4836 4838//4838
f 4837//4837 4838//4838 4839//4839
f 4839//4839 4838//4838 4840//4840
f 4839//4839 4840//4840 4841//4841
f 4841//4841 4840//4840 4842//4842
f 4841//4841 4842//4842 4843//4843
f 4843//4843 4842//4842 4844//4844
f 4843//4843 4844//4844 4845//4845
f 4845//4845 4844//4844 4846//4846
f 4845//4845 4846//4846 4847//4847
f 4847//4847 4846//4846 4848//4848
f 4847//4847 4848//4848 4849//4849
f 4849//4849 4848//4848 4850//4850
f 4849//4849 4850//4850 4851//4851
f 4851//4851 4850//4850 4852//4852
f 4851//4851 4852//4852 4819//4819
f 4819//4819 4852//4852 4820//4820
f 4853//4853 4854//4854 4855//4855
f 4856//4856 4857//4857 4858//4858
f 4856//4856 4858//4858 4859//4859
f 4859//4859 4858//4858 4860//4860
f 4859//4859 4860//4860 4861//4861
f 4861//4861 4860//4860 4862//4862
f 4861//4861 4862//4862 4863//4863
f 4863//4863 4862//4862 4864//4864
f 4863//4863 4864//4864 4865//4865
f 4865//4865 4864//4864 4866//4866
f 4865//4865 4866//4866 4867//4867
f 4867//4867 4866//4866 4868//4868
f 4867//4867 4868//4868 4869//4869
f 4869//4869 4868//4868 4870//4870
f 4869//4869 4870//4870 4871//4871
f 4871//4871 4870//4870 4872//4872
f 4871//4871 4873//4873 4874//4874
f 4874//4874 4872//4872 4875//4875
f 4874//4874 4876//4876 4877//4877
f 4877//4877 4875//4875 4878//4878
f 4877//4877 4878//4878 4879//4879
f 4879//4879 4878//4878 4880//4880
f 4879//4879 4880//4880 4881//4881
f 4881//4881 4880//4880 4882//4882
f 4881//4881 4882//4882 4883//4883
f 4883//4883 4882//4882 4884//4884
f 4883//4883 4884//4884 4885//4885
f 4885//4885 4884//4884 4886//4886
f 4885//4885 4886//4886 4887//4887
f 4887//4887 4886//4886 4888//4888
f 4887//4887 4888//4888 4889//4889
f 4889//4889 4888//4888 4853//4853
f 4889//4889 4853//4853 4855//4855
f 4890//4890 4891//4891 4892//4892
f 4893//4893 4894//4894 4895//4895
f 4893//4893 4895//4895 4896//4896
f 4896//4896 4895//4895 4897//4897
f 4896//4896 4897//4897 4898//4898
f 4898//4898 4897//4897 4899//4899
f 4898//4898 4899//4899 4900//4900
f 4900//4900 4899//4899 4901//4901
f 4900//4900 4901//4901 4902//4902
f 4902//4902 4901//4901 4903//4903
f 4902//4902 4903//4903 4904//4904
f 4904//4904 4903//4903 4905//4905
f 4904//4904 4905//4905 4906//4906
f 4906//4906 4905//4905 4907//4907
f 4906//4906 4907//4907 4908//4908
f 4908//4908 4907//4907 4909//4909
f 4908//4908 4910//4910 4911//4911
f 4911//4911 4909//4909 4912//4912
f 4911//4911 4913//4913 4914//4914
f 4914//4914 4912//4912 4915//4915
f 4914//4914 4915//4915 4916//4916
f 4916//4916 4915//4915 4917//4917
f 4916//4916 4917//4917 4918//4918
f 4918//4918 4917//4917 4919//4919
f 4918//4918 4919//4919 4920//4920
f 4920//4920 4919//4919 4921//4921
f 4920//4920 4921//4921 4922//4922
f 4922//4922 4921//4921 4923//4923
f 4922//4922 4923//4923 4924//4924
f 4924//4924 4923//4923 4925//4925
f 4924//4924 4925//4925 4926//4926
f 4926//4926 4925//4925 4890//4890
f 4926//4926 4890//4890 4892//4892
f 4927//4927 4928//4928 4929//4929
f 4930//4930 4931//4931 4932//4932
f 4930//4930 4932//4932 4933//4933
f 4933//4933 4932//4932 4934//4934
f 4933//4933 4934//4934 4935//4935
f 4935//4935 4934//4934 4936//4936
f 4935//4935 4936//4936 4937//4937
f 4937//4937 4936//4936 4938//4938
f 4937//4937 4938//4938 4939//4939
f 4939//4939 4938//4938 4940//4940
f 4939//4939 4940//4940 4941//4941
f 4941//4941 4940//4940 4942//4942
f 4941//4941 4942//4942 4943//4943
f 4943//4943 4942//4942 4944//4944
f 4943//4943 4944//4944 4945//4945
f 4945//4945 4944//4944 4946//4946
f 4945//4945 4947//4947 4948//4948
f 4948//4948 4946//4946 4949//4949
f 4948//4948 4949//4949 4950//4950
f 4950//4950 4949//4949 4951//4951
f 4950//4950 4951//4951 4952//4952
f 4952//4952 4951//4951 4953//4953
f 4952//4952 4953//4953 4954//4954
f 4954//4954 4953//4953 4955//4955
f 4954//4954 4955//4955 4956//4956
f 4956//4956 4955//4955 4957//4957
f 4956//4956 4957//4957 4958//4958
f 4958//4958 4957//4957 4959//4959
f 4958//4958 4959//4959 4960//4960
f 4960//4960 4959//4959 4961//4961
f 4960//4960 4961//4961 4962//4962
f 4962//4962 4961//4961 4927//4927
f 4962//4962 4927//4927 4929//4929
f 4963//4963 4964//4964 4965//4965
f 4966//4966 4967//4967 4968//4968
f 4966//4966 4968//4968 4969//4969
f 4969//4969 4968//4968 4970//4970
f 4969//4969 4970//4970 4971//4971
f 4971//4971 4970//4970 4972//4972
f 4971//4971 4972//4972 4973//4973
f 4973//4973 4972//4972 4974//4974
f 4973//4973 4974//4974 4975//4975
f 4975//4975 4974//4974 4976//4976
f 4975//4975 4976//4976 4977//4977
f 4977//4977 4976//4976 4978//4978
f 4977//4977 4978//4978 4979//4979
f 4979//4979 4978//4978 4980//4980
f 4979//4979 4980//4980 4981//4981
f 4981//4981 4980//4980 4982//4982
f 4981//4981 4983//4983 4984//4984
f 4984//4984 4982//4982 4985//4985
f 4984//4984 4986//4986 4987//4987
f 4987//4987 4985//4985 4988//4988
f 4987//4987 4988//4988 4989//4989
f 4989//4989 4988//4988 4990//4990
f 4989//4989 4990//4990 4991//4991
f 4991//4991 4990//4990 4992//4992
f 4991//4991 4992//4992 4993//4993
f 4993//4993 4992//4992 4994//4994
f 4993//4993 4994//4994 4995//4995
f 4995//4995 4994//4994 4996//4996
f 4995//4995 4996//4996 4997//4997
f 4997//4997 4996//4996 4998//4998
f 4997//4997 4998//4998 4999//4999
f 4999//4999 4998//4998 4963//4963
f 4999//4999 4963//4963 4965//4965
f 5000//5000 5001//5001 5002//5002
f 5002//5002 5001//5001 5003//5003
f 5004//5004 5005//5005 5006//5006
f 5006//5006 5005//5005 5007//5007
f 5006//5006 5007//5007 5008//5008
f 5008//5008 5007//5007 5009//5009
f 5008//5008 5009//5009 5010//5010
f 5010//5010 5009//5009 5011//5011
f 5010//5010 5011//5011 5012//5012
f 5012//5012 5011//5011 5013//5013
f 5012//5012 5013//5013 5014//5014
f 5014//5014 5013//5013 5015//5015
f 5014//5014 5015//5015 5016//5016
f 5016//5016 5015//5015 5017//5017
f 5016//5016 5017//5017 5018//5018
f 5018//5018 5017//5017 5019//5019
f 5018//5018 5019//5019 5020//5020
f 5020//5020 5019//5019 5021//5021
f 5020//5020 5021//5021 5022//5022
f 5022//5022 5021//5021 5023//5023
f 5022//5022 5023//5023 5024//5024
f 5024//5024 5023//5023 5025//5025
f 5024//5024 5025//5025 5026//5026
f 5026//5026 5025//5025 5027//5027
f 5026//5026 5027//5027 5028//5028
f 5028//5028 5027//5027 5029//5029
f 5028//5028 5029//5029 5030//5030
f 5030//5030 5029//5029 5031//5031
f 5030//5030 5031//5031 5032//5032
f 5032//5032 5031//5031 5033//5033
f 5032//5032 5033//5033 5034//5034
f 5034//5034 5033//5033 5035//5035
f 5034//5034 5035//5035 5036//5036
f 5036//5036 5035//5035 5037//5037
f 5036//5036 5037//5037 5038//5038
f 5038//5038 5037//5037 5039//5039
f 5038//5038 5039//5039 5040//5040
f 5040//5040 5039//5039 5041//5041
f 5040//5040 5041//5041 5042//5042
f 5042//5042 5041//5041 5043//5043
f 5042//5042 5043//5043 5044//5044
f 5044//5044 5043//5043 5045//5045
f 5044//5044 5045//5045 5046//5046
f 5046//5046 5045//5045 5047//5047
f 5046//5046 5047//5047 5048//5048
f 5048//5048 5047//5047 5049//5049
f 5048//5048 5049//5049 5050//5050
f 5050//5050 5049//5049 5051//5051
f 5050//5050 5051//5051 5052//5052
f 5052//5052 5051//5051 5053//5053
f 5052//5052 5053//5053 5054//5054
f 5054//5054 5053//5053 5055//5055
f 5054//5054 5055//5055 5056//5056
f 5056//5056 5055//5055 5057//5057
f 5056//5056 5057//5057 5058//5058
f 5058//5058 5057//5057 5059//5059
f 5058//5058 5059//5059 5060//5060
f 5060//5060 5059//5059 5061//5061
f 5060//5060 5061//5061 5062//5062
f 5062//5062 5061//5061 5063//5063
f 5062//5062 5063//5063 5064//5064
f 5064//5064 5063//5063 5065//5065
f 5064//5064 5065//5065 5066//5066
f 5066//5066 5065//5065 5067//5067
f 5066//5066 5067//5067 5068//5068
f 5068//5068 5067//5067 5069//5069
f 5068//5068 5069//5069 5070//5070
f 5070//5070 5069//5069 5071//5071
f 5070//5070 5071//5071 5072//5072
f 5072//5072 5071//5071 5073//5073
f 5072//5072 5073//5073 5000//5000
f 5000//5000 5073//5073 5001//5001
f 5074//5074 5075//5075 5076//5076
f 5076//5076 5075//5075 5077//5077
f 5076//5076 5077//5077 5078//5078
f 5078//5078 5077//5077 5079//5079
f 5078//5078 5079//5079 5080//5080
f 5080//5080 5079//5079 5081//5081
f 5080//5080 5081//5081 5082//5082
f 5082//5082 5081//5081 5083//5083
f 5082//5082 5083//5083 5084//5084
f 5075//5075 5074//5074 5085//5085
f 5085//5085 5074//5074 5086//5086
f 5085//5085 5086//5086 5087//5087
f 5087//5087 5086//5086 5088//5088
f 5087//5087 5088//5088 5089//5089
f 5090//5090 5091//5091 5092//5092
f 5092//5092 5091//5091 5093//5093
f 5094//5094 5095//5095 5096//5096
f 5096//5096 5095//5095 5097//5097
f 5096//5096 5097//5097 5098//5098
f 5098//5098 5097//5097 5099//5099
f 5098//5098 5099//5099 5100//5100
f 5100//5100 5099//5099 5101//5101
f 5100//5100 5101//5101 5102//5102
f 5102//5102 5101//5101 5103//5103
f 5102//5102 5103//5103 5104//5104
f 5104//5104 5103//5103 5105//5105
f 5104//5104 5105//5105 5106//5106
f 5106//5106 5105//5105 5107//5107
f 5106//5106 5107//5107 5108//5108
f 5108//5108 5107//5107 5109//5109
f 5108//5108 5109//5109 5110//5110
f 5110//5110 5109//5109 5111//5111
f 5110//5110 5111//5111 5112//5112
f 5112//5112 5111//5111 5113//5113
f 5112//5112 5113//5113 5114//5114
f 5114//5114 5113//5113 5115//5115
f 5114//5114 5115//5115 5116//5116
f 5116//5116 5115//5115 5117//5117
f 5116//5116 5117//5117 5118//5118
f 5118//5118 5117//5117 5119//5119
f 5118//5118 5119//5119 5120//5120
f 5120//5120 5119//5119 5121//5121
f 5120//5120 5121//5121 5122//5122
f 5122//5122 5121//5121 5123//5123
f 5122//5122 5123//5123 5090//5090
f 5090//5090 5123//5123 5091//5091
f 5124//5124 5125//5125 5126//5126
f 5126//5126 5125//5125 5127//5127
f 5128//5128 5129//5129 5130//5130
f 5130//5130 5129//5129 5131//5131
f 5130//5130 5131//5131 5132//5132
f 5132//5132 5131//5131 5133//5133
f 5132//5132 5133//5133 5134//5134
f 5134//5134 5133//5133 5135//5135
f 5134//5134 5135//5135 5136//5136
f 5136//5136 5135//5135 5137//5137
f 5136//5136 5137//5137 5138//5138
f 5138//5138 5137//5137 5139//5139
f 5138//5138 5139//5139 5140//5140
f 5140//5140 5139//5139 5141//5141
f 5140//5140 5141//5141 5142//5142
f 5142//5142 5141//5141 5143//5143
f 5142//5142 5143//5143 5144//5144
f 5144//5144 5143//5143 5145//5145
f 5144//5144 5145//5145 5146//5146
f 5146//5146 5145//5145 5147//5147
f 5146//5146 5147//5147 5148//5148
f 5148//5148 5147//5147 5149//5149
f 5148//5148 5149//5149 5150//5150
f 5150//5150 5149//5149 5151//5151
f 5150//5150 5151//5151 5152//5152
f 5152//5152 5151//5151 5153//5153
f 5152//5152 5153//5153 5154//5154
f 5154//5154 5153//5153 5155//5155
f 5154//5154 5155//5155 5156//5156
f 5156//5156 5155//5155 5157//5157
f 5156//5156 5157//5157 5124//5124
f 5124//5124 5157//5157 5125//5125
f 5158//5158 5159//5159 5160//5160
f 5160//5160 5159//5159 5161//5161
f 5162//5162 5163//5163 5164//5164
f 5164//5164 5163//5163 5165//5165
f 5164//5164 5165//5165 5166//5166
f 5166//5166 5165//5165 5167//5167
f 5166//5166 5167//5167 5168//5168
f 5168//5168 5167//5167 5169//5169
f 5168//5168 5169//5169 5170//5170
f 5170//5170 5169//5169 5171//5171
f 5170//5170 5171//5171 5172//5172
f 5172//5172 5171//5171 5173//5173
f 5172//5172 5173//5173 5174//5174
f 5174//5174 5173//5173 5175//5175
f 5174//5174 5175//5175 5176//5176
f 5176//5176 5175//5175 5177//5177
f 5176//5176 5177//5177 5178//5178
f 5178//5178 5177//5177 5179//5179
f 5178//5178 5179//5179 5180//5180
f 5180//5180 5179//5179 5181//5181
f 5180//5180 5181//5181 5182//5182
f 5182//5182 5181//5181 5183//5183
f 5182//5182 5183//5183 5184//5184
f 5184//5184 5183//5183 5185//5185
f 5184//5184 5185//5185 5186//5186
f 5186//5186 5185//5185 5187//5187
f 5186//5186 5187//5187 5188//5188
f 5188//5188 5187//5187 5189//5189
f 5188//5188 5189//5189 5190//5190
f 5190//5190 5189//5189 5191//5191
f 5190//5190 5191//5191 5158//5158
f 5158//5158 5191//5191 5159//5159
f 5192//5192 5193//5193 5194//5194
f 5194//5194 5193//5193 5195//5195
f 5196//5196 5197//5197 5198//5198
f 5198//5198 5197//5197 5199//5199
f 5198//5198 5199//5199 5200//5200
f 5200//5200 5199//5199 5201//5201
f 5200//5200 5201//5201 5202//5202
f 5202//5202 5201//5201 5203//5203
f 5202//5202 5203//5203 5204//5204
f 5204//5204 5203//5203 5205//5205
f 5204//5204 5205//5205 5206//5206
f 5206//5206 5205//5205 5207//5207
f 5206//5206 5207//5207 5208//5208
f 5208//5208 5207//5207 5209//5209
f 5208//5208 5209//5209 5210//5210
f 5210//5210 5209//5209 5211//5211
f 5210//5210 5211//5211 5212//5212
f 5212//5212 5211//5211 5213//5213
f 5212//5212 5213//5213 5214//5214
f 5214//5214 5213//5213 5215//5215
f 5214//5214 5215//5215 5216//5216
f 5216//5216 5215//5215 5217//5217
f 5216//5216 5217//5217 5218//5218
f 5218//5218 5217//5217 5219//5219
f 5218//5218 5219//5219 5220//5220
f 5220//5220 5219//5219 5221//5221
f 5220//5220 5221//5221 5222//5222
f 5222//5222 5221//5221 5223//5223
f 5222//5222 5223//5223 5224//5224
f 5224//5224 5223//5223 5225//5225
f 5224//5224 5225//5225 5192//5192
f 5192//5192 5225//5225 5193//5193
f 5226//5226 5227//5227 5228//5228
f 5228//5228 5227//5227 5229//5229
f 5228//5228 5229//5229 5230//5230
f 5230//5230 5229//5229 5231//5231
f 5230//5230 5231//5231 5232//5232
f 5232//5232 5231//5231 5233//5233
f 5232//5232 5233//5233 5234//5234
f 5234//5234 5233//5233 5235//5235
f 5234//5234 5235//5235 5236//5236
f 5236//5236 5235//5235 5237//5237
f 5236//5236 5237//5237 5238//5238
f 5238//5238 5237//5237 5239//5239
f 5238//5238 5239//5239 5240//5240
f 5240//5240 5239//5239 5241//5241
f 5240//5240 5241//5241 5242//5242
f 5242//5242 5241//5241 5243//5243
f 5242//5242 5243//5243 5244//5244
f 5244//5244 5243//5243 5245//5245
f 5244//5244 5245//5245 5246//5246
f 5227//5227 5226//5226 5247//5247
f 5247//5247 5226//5226 5248//5248
f 5247//5247 5248//5248 5249//5249
f 5249//5249 5248//5248 5250//5250
f 5249//5249 5250//5250 5251//5251
f 5251//5251 5250//5250 5252//5252
f 5251//5251 5252//5252 5253//5253
f 5253//5253 5252//5252 5254//5254
f 5253//5253 5254//5254 5255//5255
f 5255//5255 5254//5254 5256//5256
f 5255//5255 5256//5256 5257//5257
f 5257//5257 5256//5256 5258//5258
f 5257//5257 5258//5258 5259//5259
f 5259//5259 5258//5258 5260//5260
f 5259//5259 5260//5260 5261//5261
f 5262//5262 5263//5263 5264//5264
f 5264//5264 5263//5263 5265//5265
f 5264//5264 5265//5265 5266//5266
f 5266//5266 5265//5265 5267//5267
f 5266//5266 5267//5267 5268//5268
f 5268//5268 5267//5267 5269//5269
f 5268//5268 5269//5269 5270//5270
f 5270//5270 5269//5269 5271//5271
f 5270//5270 5271//5271 5272//5272
f 5263//5263 5262//5262 5273//5273
f 5273//5273 5262//5262 5274//5274
f 5273//5273 5274//5274 5275//5275
f 5275//5275 5274//5274 5276//5276
f 5275//5275 5276//5276 5277//5277
f 5278//5278 5279//5279 5280//5280
f 5280//5280 5279//5279 5281//5281
f 5280//5280 5281//5281 5282//5282
f 5282//5282 5281//5281 5283//5283
f 5282//5282 5283//5283 5284//5284
f 5284//5284 5283//5283 5285//5285
f 5284//5284 5285//5285 5286//5286
f 5286//5286 5285//5285 5287//5287
f 5286//5286 5287//5287 5288//5288
f 5279//5279 5278//5278 5289//5289
f 5289//5289 5278//5278 5290//5290
f 5289//5289 5290//5290 5291//5291
f 5291//5291 5290//5290 5292//5292
f 5291//5291 5292//5292 5293//5293
f 5294//5294 5295//5295 5296//5296
f 5296//5296 5295//5295 5297//5297
f 5296//5296 5297//5297 5298//5298
f 5298//5298 5297//5297 5299//5299
f 5298//5298 5299//5299 5300//5300
f 5300//5300 5299//5299 5301//5301
f 5300//5300 5301//5301 5302//5302
f 5302//5302 5301//5301 5303//5303
f 5302//5302 5303//5303 5304//5304
f 5295//5295 5294//5294 5305//5305
f 5305//5305 5294//5294 5306//5306
f 5305//5305 5306//5306 5307//5307
f 5307//5307 5306//5306 5308//5308
f 5307//5307 5308//5308 5309//5309
f 5310//5310 5311//5311 5312//5312
f 5312//5312 5311//5311 5313//5313
f 5312//5312 5313//5313 5314//5314
f 5314//5314 5313//5313 5315//5315
f 5314//5314 5315//5315 5316//5316
f 5316//5316 5315//5315 5317//5317
f 5316//5316 5317//5317 5318//5318
f 5318//5318 5317//5317 5319//5319
f 5318//5318 5319//5319 5320//5320
f 5311//5311 5310//5310 5321//5321
f 5321//5321 5310//5310 5322//5322
f 5321//5321 5322//5322 5323//5323
f 5323//5323 5322//5322 5324//5324
f 5323//5323 5324//5324 5325//5325
f 5326//5326 5327//5327 5328//5328
f 5328//5328 5327//5327 5329//5329
f 5328//5328 5329//5329 5330//5330
f 5330//5330 5329//5329 5331//5331
f 5331//5331 5329//5329 5332//5332
f 5332//5332 5329//5329 5333//5333
f 5332//5332 5333//5333 5334//5334
f 5334//5334 5333//5333 5335//5335
f 5335//5335 5333//5333 5336//5336
f 5336//5336 5333//5333 5337//5337
f 5336//5336 5337//5337 5338//5338
f 5338//5338 5337//5337 5339//5339
f 5338//5338 5339//5339 5340//5340
f 5340//5340 5339//5339 5341//5341
f 5341//5341 5339//5339 5342//5342
f 5339//5339 5337//5337 5343//5343
f 5343//5343 5337//5337 5344//5344
f 5343//5343 5344//5344 5345//5345
f 5345//5345 5344//5344 5346//5346
f 5346//5346 5344//5344 5347//5347
f 5346//5346 5347//5347 5348//5348
f 5348//5348 5347//5347 5349//5349
f 5348//5348 5349//5349 5350//5350
f 5350//5350 5349//5349 5351//5351
f 5350//5350 5351//5351 5352//5352
f 5352//5352 5351//5351 5353//5353
f 5353//5353 5351//5351 5354//5354
f 5353//5353 5354//5354 5355//5355
f 5355//5355 5354//5354 5356//5356
f 5355//5355 5356//5356 5357//5357
f 5357//5357 5356//5356 5358//5358
f 5357//5357 5358//5358 5359//5359
f 5359//5359 5358//5358 5360//5360
f 5360//5360 5358//5358 5361//5361
f 5360//5360 5361//5361 5362//5362
f 5362//5362 5361//5361 5363//5363
f 5362//5362 5363//5363 5364//5364
f 5364//5364 5363//5363 5365//5365
f 5364//5364 5365//5365 5366//5366
f 5366//5366 5365//5365 5367//5367
f 5367//5367 5365//5365 5368//5368
f 5369//5369 5370//5370 5371//5371
f 5369//5369 5371//5371 5372//5372
f 5372//5372 5371//5371 5373//5373
f 5372//5372 5373//5373 5374//5374
f 5374//5374 5373//5373 5375//5375
f 5374//5374 5375//5375 5376//5376
f 5376//5376 5375//5375 5377//5377
f 5376//5376 5377//5377 5378//5378
f 5378//5378 5377//5377 5379//5379
f 5379//5379 5377//5377 5380//5380
f 5379//5379 5380//5380 5381//5381
f 5381//5381 5380//5380 5382//5382
f 5382//5382 5380//5380 5383//5383
f 5382//5382 5383//5383 5384//5384
f 5384//5384 5383//5383 5385//5385
f 5385//5385 5383//5383 5386//5386
f 5385//5385 5386//5386 5387//5387
f 5387//5387 5386//5386 5388//5388
f 5387//5387 5388//5388 5389//5389
f 5389//5389 5388//5388 5390//5390
f 5389//5389 5390//5390 5391//5391
f 5391//5391 5390//5390 5392//5392
f 5392//5392 5390//5390 5393//5393
f 5392//5392 5393//5393 5394//5394
f 5394//5394 5393//5393 5395//5395
f 5394//5394 5395//5395 5396//5396
f 5396//5396 5395//5395 5397//5397
f 5397//5397 5395//5395 5398//5398
f 5397//5397 5398//5398 5399//5399
f 5399//5399 5398//5398 5400//5400
f 5400//5400 5398//5398 5401//5401
f 5401//5401 5398//5398 5402//5402
f 5402//5402 5398//5398 5403//5403
f 5403//5403 5398//5398 5404//5404
f 5404//5404 5398//5398 5405//5405
f 5404//5404 5405//5405 5406//5406
f 5406//5406 5405//5405 5407//5407
f 5407//5407 5405//5405 5408//5408
f 5408//5408 5405//5405 5409//5409
f 5409//5409 5405//5405 5410//5410
f 5410//5410 5405//5405 5411//5411
f 5411//5411 5405//5405 5412//5412
f 5412//5412 5405//5405 5413//5413
f 5412//5412 5413//5413 5414//5414
f 5414//5414 5413//5413 5415//5415
f 5415//5415 5413//5413 5416//5416
f 5416//5416 5413//5413 5417//5417
f 5416//5416 5417//5417 5418//5418
f 5418//5418 5417//5417 5419//5419
f 5419//5419 5417//5417 5420//5420
f 5420//5420 5417//5417 5421//5421
f 5421//5421 5417//5417 5422//5422
f 5421//5421 5422//5422 5423//5423
f 5423//5423 5422//5422 5424//5424
f 5424//5424 5422//5422 5425//5425
f 5425//5425 5422//5422 5426//5426
f 5426//5426 5422//5422 5427//5427
f 5427//5427 5422//5422 5428//5428
f 5428//5428 5422//5422 5429//5429
f 5428//5428 5429//5429 5430//5430
f 5430//5430 5429//5429 5431//5431
f 5431//5431 5429//5429 5432//5432
f 5432//5432 5429//5429 5433//5433
f 5432//5432 5433//5433 5434//5434
f 5434//5434 5433//5433 5435//5435
f 5435//5435 5433//5433 5436//5436
f 5436//5436 5433//5433 5437//5437
f 5429//5429 5438//5438 5433//5433
f 5433//5433 5438//5438 5439//5439
f 5439//5439 5438//5438 5440//5440
f 5440//5440 5438//5438 5441//5441
f 5440//5440 5441//5441 5442//5442
f 5442//5442 5441//5441 5443//5443
f 5442//5442 5443//5443 5444//5444
f 5444//5444 5443//5443 5445//5445
f 5444//5444 5445//5445 5446//5446
f 5446//5446 5445//5445 5447//5447
f 5447//5447 5445//5445 5448//5448
f 5447//5447 5448//5448 5449//5449
f 5449//5449 5448//5448 5450//5450
f 5449//5449 5450//5450 5451//5451
f 5451//5451 5450//5450 5452//5452
f 5451//5451 5452//5452 5453//5453
f 5453//5453 5452//5452 5454//5454
f 5453//5453 5454//5454 5455//5455
f 5455//5455 5454//5454 5456//5456
f 5456//5456 5454//5454 5457//5457
f 5456//5456 5457//5457 5458//5458
f 5458//5458 5457//5457 5459//5459
f 5458//5458 5459//5459 5460//5460
f 5460//5460 5459//5459 5461//5461
f 5460//5460 5461//5461 5462//5462
f 5462//5462 5461//5461 5463//5463
f 5463//5463 5461//5461 5464//5464
f 5463//5463 5464//5464 5465//5465
f 5465//5465 5464//5464 5466//5466
f 5465//5465 5466//5466 5467//5467
f 5467//5467 5466//5466 5468//5468
f 5467//5467 5468//5468 5469//5469
f 5469//5469 5468//5468 5470//5470
f 5470//5470 5468//5468 5471//5471
f 5470//5470 5471//5471 5472//5472
f 5472//5472 5471//5471 5473//5473
f 5472//5472 5473//5473 5474//5474
f 5474//5474 5473//5473 5475//5475
f 5474//5474 5475//5475 5476//5476
f 5476//5476 5475//5475 5477//5477
f 5476//5476 5477//5477 5478//5478
f 5478//5478 5477//5477 5479//5479
f 5479//5479 5477//5477 5480//5480
f 5479//5479 5480//5480 5481//5481
f 5481//5481 5480//5480 5482//5482
f 5481//5481 5482//5482 5483//5483
f 5483//5483 5482//5482 5484//5484
f 5483//5483 5484//5484 5485//5485
f 5485//5485 5484//5484 5486//5486
f 5486//5486 5484//5484 5487//5487
f 5486//5486 5487//5487 5488//5488
f 5488//5488 5487//5487 5489//5489
f 5488//5488 5489//5489 5490//5490
f 5491//5491 5489//5489 5492//5492
f 5490//5490 5492//5492 5493//5493
f 5489//5489 5494//5494 5492//5492
f 5492//5492 5494//5494 5495//5495
f 5495//5495 5494//5494 5496//5496
f 5496//5496 5494//5494 5497//5497
f 5497//5497 5494//5494 5498//5498
f 5498//5498 5494//5494 5499//5499
f 5498//5498 5499//5499 5500//5500
f 5500//5500 5499//5499 5501//5501
f 5501//5501 5499//5499 5502//5502
f 5502//5502 5499//5499 5503//5503
f 5502//5502 5503//5503 5504//5504
f 5504//5504 5505//5505 5502//5502
f 5502//5502 5505//5505 5506//5506
f 5506//5506 5505//5505 5507//5507
f 5506//5506 5507//5507 5508//5508
f 5508//5508 5509//5509 5506//5506
f 5506//5506 5509//5509 5510//5510
f 5506//5506 5510//5510 5511//5511
f 5511//5511 5512//5512 5506//5506
f 5506//5506 5512//5512 5326//5326
f 5506//5506 5326//5326 5328//5328
f 5493//5493 5513//5513 5491//5491
f 5491//5491 5513//5513 5514//5514
f 5399//5399 5515//5515 5397//5397
f 5397//5397 5515//5515 5516//5516
f 5517//5517 5518//5518 5519//5519
f 5519//5519 5518//5518 5520//5520
f 5521//5521 5522//5522 5523//5523
f 5523//5523 5524//5524 5519//5519
f 5519//5519 5524//5524 5525//5525
f 5519//5519 5525//5525 5526//5526
f 5526//5526 5525//5525 5527//5527
f 5519//5519 5526//5526 5528//5528
f 5528//5528 5526//5526 5529//5529
f 5528//5528 5529//5529 5530//5530
f 5530//5530 5529//5529 5531//5531
f 5530//5530 5531//5531 5532//5532
f 5532//5532 5531//5531 5533//5533
f 5533//5533 5531//5531 5534//5534
f 5532//5532 5535//5535 5530//5530
f 5530//5530 5535//5535 5536//5536
f 5530//5530 5536//5536 5537//5537
f 5537//5537 5538//5538 5530//5530
f 5530//5530 5539//5539 5540//5540
f 5530//5530 5540//5540 5541//5541
f 5541//5541 5540//5540 5542//5542
f 5541//5541 5542//5542 5543//5543
f 5543//5543 5542//5542 5544//5544
f 5543//5543 5544//5544 5545//5545
f 5545//5545 5544//5544 5546//5546
f 5545//5545 5546//5546 5547//5547
f 5547//5547 5546//5546 5548//5548
f 5547//5547 5548//5548 5549//5549
f 5549//5549 5548//5548 5550//5550
f 5549//5549 5550//5550 5551//5551
f 5549//5549 5551//5551 5552//5552
f 5552//5552 5551//5551 5553//5553
f 5552//5552 5553//5553 5554//5554
f 5554//5554 5553//5553 5555//5555
f 5554//5554 5555//5555 5556//5556
f 5556//5556 5555//5555 5557//5557
f 5556//5556 5557//5557 5558//5558
f 5558//5558 5557//5557 5559//5559
f 5558//5558 5559//5559 5560//5560
f 5560//5560 5559//5559 5561//5561
f 5560//5560 5561//5561 5562//5562
f 5562//5562 5561//5561 5563//5563
f 5562//5562 5563//5563 5564//5564
f 5564//5564 5563//5563 5565//5565
f 5564//5564 5565//5565 5566//5566
f 5566//5566 5565//5565 5567//5567
f 5566//5566 5567//5567 5568//5568
f 5568//5568 5567//5567 5569//5569
f 5568//5568 5569//5569 5570//5570
f 5570//5570 5571//5571 5568//5568
f 5568//5568 5571//5571 5572//5572
f 5568//5568 5572//5572 5573//5573
f 5573//5573 5572//5572 5574//5574
f 5573//5573 5574//5574 5575//5575
f 5575//5575 5574//5574 5576//5576
f 5575//5575 5576//5576 5577//5577
f 5571//5571 5578//5578 5572//5572
f 5572//5572 5578//5578 5579//5579
f 5572//5572 5579//5579 5574//5574
f 5574//5574 5579//5579 5580//5580
f 5574//5574 5580//5580 5576//5576
f 5581//5581 5582//5582 5578//5578
f 5578//5578 5582//5582 5583//5583
f 5578//5578 5583//5583 5579//5579
f 5579//5579 5584//5584 5585//5585
f 5579//5579 5585//5585 5586//5586
f 5586//5586 5580//5580 5579//5579
f 5575//5575 5577//5577 5587//5587
f 5587//5587 5577//5577 5588//5588
f 5587//5587 5588//5588 5589//5589
f 5589//5589 5590//5590 5587//5587
f 5587//5587 5590//5590 5591//5591
f 5587//5587 5591//5591 5592//5592
f 5592//5592 5591//5591 5593//5593
f 5592//5592 5593//5593 5594//5594
f 5592//5592 5594//5594 5595//5595
f 5595//5595 5594//5594 5596//5596
f 5595//5595 5596//5596 5597//5597
f 5597//5597 5596//5596 5598//5598
f 5597//5597 5598//5598 5599//5599
f 5599//5599 5598//5598 5600//5600
f 5599//5599 5600//5600 5601//5601
f 5601//5601 5600//5600 5602//5602
f 5603//5603 5602//5602 5604//5604
f 5603//5603 5604//5604 5605//5605
f 5605//5605 5604//5604 5606//5606
f 5605//5605 5606//5606 5607//5607
f 5605//5605 5607//5607 5608//5608
f 5608//5608 5607//5607 5609//5609
f 5608//5608 5609//5609 5610//5610
f 5610//5610 5609//5609 5611//5611
f 5610//5610 5611//5611 5612//5612
f 5610//5610 5612//5612 5613//5613
f 5613//5613 5612//5612 5614//5614
f 5613//5613 5614//5614 5615//5615
f 5615//5615 5614//5614 5616//5616
f 5615//5615 5616//5616 5519//5519
f 5521//5521 5616//5616 5517//5517
f 5615//5615 5519//5519 5617//5617
f 5617//5617 5519//5519 5528//5528
f 5617//5617 5528//5528 5541//5541
f 5541//5541 5528//5528 5530//5530
f 5613//5613 5615//5615 5618//5618
f 5618//5618 5615//5615 5617//5617
f 5618//5618 5617//5617 5543//5543
f 5543//5543 5617//5617 5541//5541
f 5610//5610 5613//5613 5619//5619
f 5619//5619 5613//5613 5618//5618
f 5620//5620 5618//5618 5545//5545
f 5545//5545 5618//5618 5543//5543
f 5608//5608 5610//5610 5621//5621
f 5621//5621 5610//5610 5619//5619
f 5621//5621 5619//5619 5547//5547
f 5547//5547 5619//5619 5545//5545
f 5605//5605 5608//5608 5622//5622
f 5622//5622 5608//5608 5621//5621
f 5622//5622 5621//5621 5549//5549
f 5549//5549 5621//5621 5547//5547
f 5601//5601 5605//5605 5623//5623
f 5623//5623 5605//5605 5622//5622
f 5623//5623 5622//5622 5552//5552
f 5552//5552 5622//5622 5549//5549
f 5599//5599 5603//5603 5624//5624
f 5624//5624 5601//5601 5623//5623
f 5624//5624 5623//5623 5554//5554
f 5554//5554 5623//5623 5552//5552
f 5597//5597 5599//5599 5625//5625
f 5626//5626 5599//5599 5624//5624
f 5627//5627 5624//5624 5556//5556
f 5556//5556 5624//5624 5554//5554
f 5595//5595 5597//5597 5628//5628
f 5628//5628 5597//5597 5625//5625
f 5628//5628 5626//5626 5558//5558
f 5558//5558 5626//5626 5556//5556
f 5592//5592 5595//5595 5629//5629
f 5629//5629 5595//5595 5628//5628
f 5629//5629 5628//5628 5560//5560
f 5560//5560 5628//5628 5558//5558
f 5587//5587 5592//5592 5630//5630
f 5630//5630 5592//5592 5629//5629
f 5630//5630 5629//5629 5562//5562
f 5562//5562 5629//5629 5560//5560
f 5575//5575 5587//5587 5631//5631
f 5631//5631 5587//5587 5630//5630
f 5631//5631 5630//5630 5564//5564
f 5564//5564 5630//5630 5562//5562
f 5575//5575 5631//5631 5573//5573
f 5573//5573 5631//5631 5566//5566
f 5573//5573 5566//5566 5568//5568
f 5566//5566 5631//5631 5564//5564
f 5632//5632 5633//5633 5634//5634
f 5634//5634 5633//5633 5635//5635
f 5634//5634 5635//5635 5636//5636
f 5637//5637 5638//5638 5632//5632
f 5632//5632 5638//5638 5639//5639
f 5632//5632 5639//5639 5640//5640
f 5641//5641 5642//5642 5637//5637
f 5637//5637 5642//5642 5643//5643
f 5637//5637 5643//5643 5638//5638
f 5642//5642 5641//5641 5644//5644
f 5644//5644 5641//5641 5645//5645
f 5644//5644 5645//5645 5646//5646
f 5646//5646 5645//5645 5647//5647
f 5647//5647 5645//5645 5648//5648
f 5647//5647 5648//5648 5649//5649
f 5649//5649 5648//5648 5650//5650
f 5649//5649 5650//5650 5651//5651
f 5651//5651 5650//5650 5652//5652
f 5651//5651 5652//5652 5653//5653
f 5653//5653 5652//5652 5654//5654
f 5654//5654 5652//5652 5655//5655
f 5654//5654 5655//5655 5656//5656
f 5656//5656 5655//5655 5657//5657
f 5656//5656 5657//5657 5658//5658
f 5658//5658 5657//5657 5659//5659
f 5658//5658 5659//5659 5660//5660
f 5660//5660 5659//5659 5661//5661
f 5661//5661 5659//5659 5662//5662
f 5661//5661 5662//5662 5663//5663
f 5663//5663 5662//5662 5664//5664
f 5663//5663 5664//5664 5665//5665
f 5665//5665 5664//5664 5666//5666
f 5665//5665 5666//5666 5667//5667
f 5667//5667 5666//5666 5668//5668
f 5668//5668 5666//5666 5669//5669
f 5668//5668 5669//5669 5670//5670
f 5670//5670 5669//5669 5671//5671
f 5671//5671 5669//5669 5672//5672
f 5671//5671 5672//5672 5673//5673
f 5673//5673 5672//5672 5674//5674
f 5674//5674 5672//5672 5675//5675
f 5674//5674 5675//5675 5676//5676
f 5676//5676 5675//5675 5677//5677
f 5677//5677 5675//5675 5678//5678
f 5677//5677 5678//5678 5679//5679
f 5679//5679 5678//5678 5680//5680
f 5680//5680 5678//5678 5681//5681
f 5680//5680 5681//5681 5682//5682
f 5682//5682 5681//5681 5683//5683
f 5683//5683 5681//5681 5684//5684
f 5683//5683 5684//5684 5685//5685
f 5685//5685 5684//5684 5686//5686
f 5685//5685 5686//5686 5687//5687
f 5687//5687 5686//5686 5688//5688
f 5688//5688 5686//5686 5689//5689
f 5690//5690 5689//5689 5691//5691
f 5691//5691 5692//5692 5693//5693
f 5693//5693 5689//5689 5694//5694
f 5693//5693 5694//5694 5695//5695
f 5695//5695 5694//5694 5696//5696
f 5696//5696 5694//5694 5697//5697
f 5696//5696 5697//5697 5698//5698
f 5698//5698 5697//5697 5699//5699
f 5699//5699 5697//5697 5700//5700
f 5699//5699 5700//5700 5701//5701
f 5701//5701 5700//5700 5702//5702
f 5702//5702 5700//5700 5703//5703
f 5702//5702 5703//5703 5704//5704
f 5704//5704 5703//5703 5705//5705
f 5705//5705 5703//5703 5706//5706
f 5705//5705 5706//5706 5707//5707
f 5708//5708 5634//5634 5709//5709
f 5709//5709 5634//5634 5710//5710
f 5710//5710 5634//5634 5636//5636
f 5640//5640 5633//5633 5632//5632
f 5711//5711 5712//5712 5713//5713
f 5713//5713 5712//5712 5714//5714
f 5713//5713 5714//5714 5715//5715
f 5715//5715 5714//5714 5716//5716
f 5715//5715 5716//5716 5717//5717
f 5718//5718 5719//5719 5711//5711
f 5711//5711 5719//5719 5720//5720
f 5711//5711 5720//5720 5712//5712
f 5719//5719 5718//5718 5721//5721
f 5721//5721 5718//5718 5722//5722
f 5721//5721 5722//5722 5723//5723
f 5723//5723 5722//5722 5724//5724
f 5723//5723 5724//5724 5725//5725
f 5725//5725 5724//5724 5726//5726
f 5725//5725 5726//5726 5727//5727
f 5727//5727 5726//5726 5728//5728
f 5727//5727 5728//5728 5729//5729
f 5727//5727 5729//5729 5730//5730
f 5730//5730 5729//5729 5731//5731
f 5730//5730 5731//5731 5732//5732
f 5732//5732 5731//5731 5733//5733
f 5733//5733 5731//5731 5734//5734
f 5733//5733 5734//5734 5735//5735
f 5735//5735 5734//5734 5736//5736
f 5735//5735 5736//5736 5737//5737
f 5737//5737 5736//5736 5738//5738
f 5738//5738 5736//5736 5739//5739
f 5738//5738 5739//5739 5740//5740
f 5740//5740 5739//5739 5741//5741
f 5741//5741 5739//5739 5742//5742
f 5741//5741 5742//5742 5743//5743
f 5743//5743 5742//5742 5744//5744
f 5744//5744 5742//5742 5745//5745
f 5744//5744 5745//5745 5746//5746
f 5746//5746 5745//5745 5747//5747
f 5746//5746 5747//5747 5748//5748
f 5748//5748 5747//5747 5749//5749
f 5748//5748 5749//5749 5750//5750
f 5750//5750 5749//5749 5751//5751
f 5750//5750 5751//5751 5752//5752
f 5752//5752 5751//5751 5753//5753
f 5752//5752 5753//5753 5754//5754
f 5754//5754 5753//5753 5755//5755
f 5754//5754 5755//5755 5756//5756
f 5756//5756 5755//5755 5757//5757
f 5756//5756 5757//5757 5758//5758
f 5758//5758 5757//5757 5759//5759
f 5759//5759 5757//5757 5760//5760
f 5759//5759 5760//5760 5732//5732
f 5732//5732 5760//5760 5730//5730
f 5747//5747 5761//5761 5749//5749
f 5749//5749 5761//5761 5762//5762
f 5762//5762 5761//5761 5763//5763
f 5763//5763 5761//5761 5764//5764
f 5763//5763 5764//5764 5765//5765
f 5765//5765 5764//5764 5766//5766
f 5765//5765 5766//5766 5767//5767
f 5767//5767 5766//5766 5768//5768
f 5768//5768 5766//5766 5769//5769
f 5768//5768 5769//5769 5770//5770
f 5770//5770 5769//5769 5771//5771
f 5771//5771 5769//5769 5772//5772
f 5771//5771 5772//5772 5773//5773
f 5773//5773 5772//5772 5774//5774
f 5774//5774 5772//5772 5775//5775
f 5774//5774 5775//5775 5776//5776
f 5776//5776 5775//5775 5777//5777
f 5776//5776 5777//5777 5778//5778
f 5778//5778 5777//5777 5779//5779
f 5779//5779 5777//5777 5780//5780
f 5779//5779 5780//5780 5781//5781
f 5781//5781 5780//5780 5782//5782
f 5781//5781 5782//5782 5783//5783
f 5783//5783 5782//5782 5784//5784
f 5784//5784 5782//5782 5785//5785
f 5784//5784 5785//5785 5786//5786
f 5786//5786 5785//5785 5787//5787
f 5787//5787 5785//5785 5788//5788
f 5787//5787 5788//5788 5789//5789
f 5789//5789 5788//5788 5790//5790
f 5790//5790 5788//5788 5791//5791
f 5790//5790 5791//5791 5792//5792
f 5792//5792 5791//5791 5793//5793
f 5792//5792 5793//5793 5794//5794
f 5794//5794 5793//5793 5795//5795
f 5794//5794 5795//5795 5796//5796
f 5793//5793 5797//5797 5795//5795
f 5795//5795 5797//5797 5798//5798
f 5798//5798 5797//5797 5799//5799
f 5798//5798 5799//5799 5800//5800
f 5798//5798 5800//5800 5801//5801
f 5801//5801 5800//5800 5802//5802
f 5801//5801 5802//5802 5803//5803
f 5803//5803 5802//5802 5804//5804
f 5803//5803 5804//5804 5805//5805
f 5805//5805 5804//5804 5806//5806
f 5805//5805 5806//5806 5807//5807
f 5807//5807 5806//5806 5808//5808
f 5807//5807 5808//5808 5809//5809
f 5809//5809 5808//5808 5810//5810
f 5810//5810 5808//5808 5811//5811
f 5810//5810 5811//5811 5812//5812
f 5812//5812 5811//5811 5813//5813
f 5813//5813 5811//5811 5814//5814
f 5813//5813 5814//5814 5815//5815
f 5815//5815 5814//5814 5816//5816
f 5815//5815 5816//5816 5817//5817
f 5817//5817 5816//5816 5818//5818
f 5818//5818 5816//5816 5819//5819
f 5818//5818 5819//5819 5820//5820
f 5820//5820 5819//5819 5821//5821
f 5821//5821 5819//5819 5822//5822
f 5821//5821 5822//5822 5823//5823
f 5823//5823 5822//5822 5824//5824
f 5823//5823 5824//5824 5825//5825
f 5825//5825 5824//5824 5826//5826
f 5825//5825 5826//5826 5827//5827
f 5827//5827 5826//5826 5828//5828
f 5827//5827 5828//5828 5829//5829
f 5829//5829 5828//5828 5830//5830
f 5829//5829 5830//5830 5831//5831
f 5831//5831 5830//5830 5832//5832
f 5832//5832 5830//5830 5833//5833
f 5832//5832 5833//5833 5834//5834
f 5834//5834 5833//5833 5805//5805
f 5834//5834 5805//5805 5807//5807
f 5822//5822 5835//5835 5824//5824
f 5824//5824 5835//5835 5836//5836
f 5836//5836 5835//5835 5837//5837
f 5836//5836 5837//5837 5838//5838
f 5836//5836 5838//5838 5839//5839
f 5839//5839 5838//5838 5840//5840
f 5839//5839 5840//5840 5841//5841
f 5841//5841 5840//5840 5842//5842
f 5841//5841 5842//5842 5843//5843
f 5843//5843 5842//5842 5844//5844
f 5843//5843 5844//5844 5845//5845
f 5845//5845 5844//5844 5846//5846
f 5845//5845 5846//5846 5847//5847
f 5847//5847 5846//5846 5848//5848
f 5847//5847 5848//5848 5849//5849
f 5849//5849 5848//5848 5850//5850
f 5850//5850 5848//5848 5851//5851
f 5850//5850 5851//5851 5852//5852
f 5852//5852 5851//5851 5717//5717
f 5717//5717 5851//5851 5715//5715
f 5845//5845 5853//5853 5843//5843
f 5843//5843 5853//5853 5854//5854
f 5854//5854 5853//5853 5855//5855
f 5854//5854 5855//5855 5856//5856
f 5856//5856 5855//5855 5857//5857
f 5856//5856 5857//5857 5858//5858
f 5858//5858 5857//5857 5859//5859
f 5858//5858 5859//5859 5860//5860
f 5858//5858 5860//5860 5861//5861
f 5861//5861 5860//5860 5862//5862
f 5861//5861 5862//5862 5721//5721
f 5721//5721 5862//5862 5719//5719
f 5794//5794 5796//5796 5863//5863
f 5863//5863 5796//5796 5864//5864
f 5863//5863 5864//5864 5865//5865
f 5865//5865 5864//5864 5866//5866
f 5866//5866 5864//5864 5867//5867
f 5866//5866 5867//5867 5868//5868
f 5868//5868 5867//5867 5869//5869
f 5868//5868 5869//5869 5870//5870
f 5870//5870 5869//5869 5871//5871
f 5870//5870 5871//5871 5872//5872
f 5872//5872 5871//5871 5776//5776
f 5872//5872 5776//5776 5778//5778
f 5751//5751 5749//5749 5873//5873
f 5873//5873 5749//5749 5874//5874
f 5873//5873 5874//5874 5875//5875
f 5873//5873 5875//5875 5876//5876
f 5876//5876 5875//5875 5877//5877
f 5876//5876 5877//5877 5878//5878
f 5878//5878 5877//5877 5879//5879
f 5878//5878 5879//5879 5880//5880
f 5880//5880 5879//5879 5881//5881
f 5880//5880 5881//5881 5776//5776
f 5871//5871 5880//5880 5776//5776
f 5882//5882 5883//5883 5884//5884
f 5884//5884 5883//5883 5885//5885
f 5884//5884 5885//5885 5886//5886
f 5886//5886 5885//5885 5887//5887
f 5886//5886 5887//5887 5888//5888
f 5888//5888 5887//5887 5889//5889
f 5888//5888 5889//5889 5890//5890
f 5890//5890 5889//5889 5891//5891
f 5890//5890 5891//5891 5892//5892
f 5892//5892 5891//5891 5893//5893
f 5892//5892 5893//5893 5894//5894
f 5894//5894 5893//5893 5895//5895
f 5894//5894 5895//5895 5896//5896
f 5896//5896 5895//5895 5897//5897
f 5896//5896 5897//5897 5898//5898
f 5898//5898 5897//5897 5899//5899
f 5898//5898 5899//5899 5900//5900
f 5900//5900 5899//5899 5901//5901
f 5900//5900 5901//5901 5902//5902
f 5902//5902 5901//5901 5903//5903
f 5902//5902 5903//5903 5904//5904
f 5904//5904 5903//5903 5905//5905
f 5904//5904 5905//5905 5906//5906
f 5906//5906 5905//5905 5907//5907
f 5906//5906 5907//5907 5908//5908
f 5908//5908 5907//5907 5909//5909
f 5908//5908 5909//5909 5910//5910
f 5910//5910 5909//5909 5911//5911
f 5883//5883 5882//5882 5912//5912
f 5912//5912 5882//5882 5913//5913
f 5912//5912 5913//5913 5914//5914
f 5914//5914 5913//5913 5915//5915
f 5914//5914 5915//5915 5916//5916
f 5916//5916 5915//5915 5917//5917
f 5916//5916 5917//5917 5918//5918
f 5918//5918 5917//5917 5919//5919
f 5918//5918 5919//5919 5920//5920
f 5920//5920 5919//5919 5921//5921
f 5920//5920 5921//5921 5922//5922
f 5922//5922 5921//5921 5923//5923
f 5922//5922 5923//5923 5924//5924
f 5924//5924 5923//5923 5925//5925
f 5924//5924 5925//5925 5926//5926
f 5926//5926 5925//5925 5927//5927
f 5926//5926 5927//5927 5928//5928
f 5928//5928 5927//5927 5929//5929
f 5928//5928 5929//5929 5930//5930
f 5930//5930 5929//5929 5931//5931
f 5930//5930 5931//5931 5932//5932
f 5932//5932 5931//5931 5933//5933
f 5932//5932 5933//5933 5934//5934
f 5934//5934 5933//5933 5935//5935
f 5936//5936 5937//5937 5938//5938
f 5938//5938 5937//5937 5939//5939
f 5938//5938 5939//5939 5940//5940
f 5940//5940 5939//5939 5941//5941
f 5941//5941 5939//5939 5942//5942
f 5941//5941 5942//5942 5943//5943
f 5943//5943 5942//5942 5944//5944
f 5943//5943 5944//5944 5945//5945
f 5945//5945 5944//5944 5946//5946
f 5945//5945 5946//5946 5947//5947
f 5947//5947 5946//5946 5948//5948
f 5947//5947 5948//5948 5949//5949
f 5949//5949 5948//5948 5950//5950
f 5949//5949 5950//5950 5951//5951
f 5951//5951 5950//5950 5952//5952
f 5951//5951 5952//5952 5953//5953
f 5953//5953 5952//5952 5954//5954
f 5953//5953 5954//5954 5955//5955
f 5955//5955 5954//5954 5956//5956
f 5955//5955 5956//5956 5957//5957
f 5957//5957 5956//5956 5958//5958
f 5957//5957 5958//5958 5959//5959
f 5959//5959 5958//5958 5960//5960
f 5959//5959 5960//5960 5961//5961
f 5961//5961 5960//5960 5962//5962
f 5961//5961 5962//5962 5963//5963
f 5963//5963 5962//5962 5964//5964
f 5963//5963 5964//5964 5965//5965
f 5965//5965 5964//5964 5966//5966
f 5966//5966 5964//5964 5967//5967
f 5966//5966 5967//5967 5968//5968
f 5968//5968 5967//5967 5969//5969
f 5968//5968 5969//5969 5970//5970
f 5970//5970 5969//5969 5971//5971
f 5970//5970 5971//5971 5972//5972
f 5972//5972 5971//5971 5973//5973
f 5972//5972 5973//5973 5974//5974
f 5974//5974 5973//5973 5975//5975
f 5974//5974 5975//5975 5976//5976
f 5976//5976 5975//5975 5977//5977
f 5976//5976 5977//5977 5978//5978
f 5978//5978 5977//5977 5979//5979
f 5978//5978 5979//5979 5980//5980
f 5980//5980 5979//5979 5981//5981
f 5980//5980 5981//5981 5982//5982
f 5982//5982 5981//5981 5983//5983
f 5982//5982 5983//5983 5984//5984
f 5984//5984 5983//5983 5985//5985
f 5984//5984 5985//5985 5936//5936
f 5936//5936 5985//5985 5937//5937
f 5986//5986 5987//5987 5988//5988
f 5988//5988 5987//5987 5989//5989
f 5988//5988 5989//5989 5990//5990
f 5990//5990 5991//5991 5992//5992
f 5990//5990 5992//5992 5993//5993
f 5993//5993 5992//5992 5994//5994
f 5993//5993 5994//5994 5995//5995
f 5995//5995 5994//5994 5996//5996
f 5995//5995 5996//5996 5997//5997
f 5997//5997 5996//5996 5998//5998
f 5997//5997 5998//5998 5999//5999
f 5999//5999 5998//5998 6000//6000
f 5999//5999 6000//6000 6001//6001
f 6001//6001 6000//6000 6002//6002
f 6003//6003 6004//6004 6005//6005
f 6005//6005 6002//6002 6006//6006
f 6005//6005 6006//6006 6007//6007
f 6007//6007 6006//6006 6008//6008
f 6007//6007 6008//6008 6009//6009
f 6009//6009 6008//6008 6010//6010
f 6009//6009 6010//6010 6011//6011
f 6011//6011 6010//6010 6012//6012
f 6011//6011 6012//6012 6013//6013
f 6013//6013 6012//6012 6014//6014
f 6013//6013 6014//6014 6015//6015
f 6015//6015 6014//6014 6016//6016
f 6017//6017 6018//6018 6019//6019
f 6019//6019 6018//6018 6020//6020
f 6019//6019 6020//6020 6021//6021
f 6021//6021 6020//6020 6022//6022
f 6021//6021 6022//6022 6023//6023
f 6023//6023 6022//6022 6024//6024
f 6023//6023 6024//6024 6025//6025
f 6025//6025 6024//6024 6026//6026
f 6025//6025 6026//6026 6027//6027
f 6027//6027 6026//6026 6028//6028
f 6027//6027 6028//6028 6029//6029
f 6029//6029 6028//6028 6030//6030
f 6031//6031 6032//6032 6033//6033
f 6033//6033 6034//6034 6035//6035
f 6033//6033 6035//6035 6036//6036
f 6036//6036 6035//6035 6037//6037
f 6036//6036 6037//6037 6038//6038
f 6038//6038 6037//6037 6039//6039
f 6038//6038 6039//6039 6040//6040
f 6040//6040 6039//6039 6041//6041
f 6040//6040 6041//6041 5986//5986
f 5986//5986 6041//6041 5987//5987
f 6042//6042 6043//6043 6044//6044
f 6044//6044 6043//6043 6045//6045
f 6044//6044 6045//6045 6046//6046
f 6046//6046 6045//6045 6047//6047
f 6046//6046 6047//6047 6048//6048
f 6048//6048 6047//6047 6049//6049
f 6048//6048 6049//6049 6050//6050
f 6050//6050 6049//6049 6051//6051
f 6050//6050 6051//6051 6052//6052
f 6052//6052 6051//6051 6053//6053
f 6052//6052 6053//6053 6054//6054
f 6054//6054 6055//6055 6052//6052
f 6052//6052 6055//6055 6056//6056
f 6052//6052 6056//6056 6057//6057
f 6057//6057 6058//6058 6052//6052
f 6052//6052 6058//6058 6059//6059
f 6052//6052 6059//6059 6060//6060
f 6061//6061 6062//6062 6063//6063
f 6063//6063 6062//6062 6064//6064
f 6065//6065 6066//6066 6067//6067
f 6067//6067 6066//6066 6068//6068
f 6067//6067 6068//6068 6069//6069
f 6069//6069 6068//6068 6070//6070
f 6069//6069 6070//6070 6071//6071
f 6071//6071 6070//6070 6072//6072
f 6071//6071 6073//6073 6074//6074
f 6062//6062 6061//6061 6075//6075
f 6075//6075 6061//6061 6076//6076
f 6075//6075 6076//6076 6077//6077
f 6077//6077 6076//6076 6078//6078
f 6077//6077 6078//6078 6079//6079
f 6079//6079 6078//6078 6080//6080
f 6079//6079 6080//6080 6081//6081
f 6081//6081 6080//6080 6082//6082
f 6081//6081 6082//6082 6083//6083
f 6083//6083 6082//6082 6084//6084
f 6083//6083 6084//6084 6085//6085
f 6085//6085 6084//6084 6086//6086
f 6085//6085 6086//6086 6087//6087
f 6087//6087 6086//6086 6088//6088
f 6088//6088 6086//6086 6089//6089
f 6088//6088 6089//6089 6090//6090
f 6090//6090 6089//6089 6091//6091
f 6090//6090 6091//6091 6092//6092
f 6092//6092 6091//6091 6093//6093
f 6092//6092 6093//6093 6094//6094
f 6095//6095 6093//6093 6096//6096
f 6094//6094 6096//6096 6097//6097
f 6097//6097 6096//6096 6098//6098
f 6097//6097 6098//6098 6099//6099
f 6099//6099 6098//6098 6100//6100
f 6099//6099 6100//6100 6101//6101
f 6101//6101 6100//6100 6102//6102
f 6101//6101 6102//6102 6103//6103
f 6103//6103 6102//6102 6104//6104
f 6103//6103 6104//6104 6105//6105
f 6105//6105 6104//6104 6106//6106
f 6105//6105 6106//6106 6107//6107
f 6108//6108 6106//6106 6109//6109
f 6107//6107 6109//6109 6110//6110
f 6110//6110 6109//6109 6111//6111
f 6110//6110 6111//6111 6112//6112
f 6112//6112 6111//6111 6113//6113
f 6112//6112 6113//6113 6114//6114
f 6114//6114 6113//6113 6115//6115
f 6114//6114 6115//6115 6116//6116
f 6116//6116 6115//6115 6117//6117
f 6116//6116 6117//6117 6074//6074
f 6074//6074 6117//6117 6071//6071
f 6080//6080 6118//6118 6082//6082
f 6082//6082 6118//6118 6119//6119
f 6082//6082 6119//6119 6084//6084
f 6084//6084 6119//6119 6120//6120
f 6084//6084 6120//6120 6086//6086
f 6086//6086 6120//6120 6089//6089
f 6118//6118 6121//6121 6119//6119
f 6119//6119 6121//6121 6122//6122
f 6119//6119 6122//6122 6120//6120
f 6120//6120 6122//6122 6123//6123
f 6120//6120 6123//6123 6089//6089
f 6089//6089 6123//6123 6091//6091
f 6121//6121 6124//6124 6122//6122
f 6122//6122 6124//6124 6125//6125
f 6122//6122 6125//6125 6123//6123
f 6123//6123 6125//6125 6126//6126
f 6123//6123 6126//6126 6091//6091
f 6091//6091 6126//6126 6093//6093
f 6124//6124 6127//6127 6125//6125
f 6125//6125 6127//6127 6128//6128
f 6125//6125 6128//6128 6126//6126
f 6126//6126 6128//6128 6129//6129
f 6126//6126 6129//6129 6093//6093
f 6093//6093 6129//6129 6096//6096
f 6128//6128 6127//6127 6130//6130
f 6130//6130 6127//6127 6131//6131
f 6130//6130 6131//6131 6132//6132
f 6132//6132 6131//6131 6133//6133
f 6132//6132 6133//6133 6134//6134
f 6134//6134 6133//6133 6135//6135
f 6134//6134 6135//6135 6136//6136
f 6136//6136 6135//6135 6137//6137
f 6136//6136 6137//6137 6138//6138
f 6138//6138 6137//6137 6139//6139
f 6138//6138 6139//6139 6104//6104
f 6104//6104 6139//6139 6106//6106
f 6135//6135 6140//6140 6137//6137
f 6137//6137 6140//6140 6141//6141
f 6137//6137 6141//6141 6139//6139
f 6139//6139 6141//6141 6142//6142
f 6139//6139 6142//6142 6106//6106
f 6106//6106 6142//6142 6109//6109
f 6140//6140 6143//6143 6141//6141
f 6141//6141 6143//6143 6144//6144
f 6141//6141 6144//6144 6142//6142
f 6142//6142 6144//6144 6145//6145
f 6142//6142 6145//6145 6109//6109
f 6109//6109 6145//6145 6111//6111
f 6143//6143 6146//6146 6144//6144
f 6144//6144 6146//6146 6147//6147
f 6144//6144 6147//6147 6145//6145
f 6145//6145 6147//6147 6148//6148
f 6145//6145 6148//6148 6111//6111
f 6111//6111 6148//6148 6113//6113
f 6146//6146 6149//6149 6147//6147
f 6147//6147 6149//6149 6150//6150
f 6147//6147 6150//6150 6148//6148
f 6148//6148 6150//6150 6151//6151
f 6148//6148 6151//6151 6113//6113
f 6113//6113 6151//6151 6115//6115
f 6150//6150 6149//6149 6152//6152
f 6152//6152 6149//6149 6153//6153
f 6152//6152 6153//6153 6154//6154
f 6154//6154 6153//6153 6155//6155
f 6154//6154 6155//6155 6156//6156
f 6156//6156 6155//6155 6157//6157
f 6156//6156 6157//6157 6067//6067
f 6067//6067 6157//6157 6065//6065
f 6087//6087 6158//6158 6085//6085
f 6085//6085 6158//6158 6159//6159
f 6085//6085 6159//6159 6083//6083
f 6083//6083 6159//6159 6160//6160
f 6083//6083 6160//6160 6081//6081
f 6081//6081 6160//6160 6079//6079
f 6158//6158 6161//6161 6159//6159
f 6159//6159 6161//6161 6162//6162
f 6159//6159 6162//6162 6160//6160
f 6160//6160 6162//6162 6163//6163
f 6160//6160 6163//6163 6079//6079
f 6079//6079 6163//6163 6077//6077
f 6164//6164 6165//6165 6162//6162
f 6162//6162 6165//6165 6166//6166
f 6162//6162 6166//6166 6163//6163
f 6163//6163 6166//6166 6167//6167
f 6163//6163 6167//6167 6077//6077
f 6077//6077 6167//6167 6075//6075
f 6165//6165 6168//6168 6166//6166
f 6166//6166 6168//6168 6169//6169
f 6166//6166 6169//6169 6167//6167
f 6167//6167 6169//6169 6170//6170
f 6167//6167 6170//6170 6075//6075
f 6075//6075 6170//6170 6062//6062
f 6168//6168 6171//6171 6169//6169
f 6169//6169 6171//6171 6172//6172
f 6169//6169 6172//6172 6170//6170
f 6170//6170 6172//6172 6173//6173
f 6170//6170 6173//6173 6062//6062
f 6062//6062 6173//6173 6064//6064
f 6171//6171 6174//6174 6172//6172
f 6172//6172 6174//6174 6175//6175
f 6172//6172 6175//6175 6173//6173
f 6173//6173 6175//6175 6176//6176
f 6177//6177 6068//6068 6066//6066
f 6174//6174 6178//6178 6175//6175
f 6175//6175 6178//6178 6179//6179
f 6180//6180 6070//6070 6068//6068
f 6181//6181 6073//6073 6070//6070
f 6128//6128 6130//6130 6129//6129
f 6129//6129 6130//6130 6182//6182
f 6129//6129 6182//6182 6096//6096
f 6096//6096 6182//6182 6098//6098
f 6130//6130 6132//6132 6182//6182
f 6182//6182 6132//6132 6183//6183
f 6182//6182 6183//6183 6098//6098
f 6098//6098 6183//6183 6100//6100
f 6132//6132 6134//6134 6183//6183
f 6183//6183 6134//6134 6184//6184
f 6183//6183 6184//6184 6100//6100
f 6100//6100 6184//6184 6102//6102
f 6134//6134 6136//6136 6184//6184
f 6184//6184 6136//6136 6138//6138
f 6184//6184 6138//6138 6102//6102
f 6102//6102 6138//6138 6104//6104
f 6154//6154 6185//6185 6152//6152
f 6152//6152 6185//6185 6151//6151
f 6152//6152 6151//6151 6150//6150
f 6117//6117 6115//6115 6185//6185
f 6185//6185 6115//6115 6151//6151
f 6185//6185 6154//6154 6186//6186
f 6186//6186 6154//6154 6156//6156
f 6186//6186 6156//6156 6069//6069
f 6069//6069 6156//6156 6067//6067
f 6071//6071 6117//6117 6186//6186
f 6186//6186 6117//6117 6185//6185
f 6071//6071 6186//6186 6069//6069

