# Converted from child_body.stl; source units are millimetres.
o custom_object_cad
v -62 -39 28
v -62 -39 36
v -62 -11 28
v -62 -11 36
v -62 11 28
v -62 11 36
v -62 39 28
v -62 39 36
v -60 -50 -40
v -60 -50 40
v -60 -39 28
v -60 -39 36
v -60 -11 28
v -60 -11 36
v -60 11 28
v -60 11 36
v -60 39 28
v -60 39 36
v -60 50 -40
v -60 50 40
v -59 -36 38.799999
v -59 -36 40
v -59 -14 38.799999
v -59 -14 40
v -59 14 38.799999
v -59 14 40
v -59 36 38.799999
v -59 36 40
v -58 -48 -40
v -58 -48 -36
v -58 48 -40
v -58 48 -36
v -56 -37.527863 -36
v -56 -37.527863 28
v -56 -11 28
v -56 -11 36
v -56 11 28
v -56 11 36
v -56 37.527863 -36
v -56 37.527863 28
v -55.774479 -37.335957 28
v -55.774479 37.335957 28
v -55.772999 -37.334759 -36
v -55.772999 37.334759 -36
v -55.539761 -37.155407 28
v -55.539761 37.155407 28
v -55.536686 -37.15316 -36
v -55.536686 37.15316 -36
v -55.296421 -36.98666 28
v -55.296421 36.98666 28
v -55.291649 -36.983524 -36
v -55.291649 36.983524 -36
v -55.25 -31 30
v -55.25 -31 38.799999
v -55.25 -19 30
v -55.25 -19 38.799999
v -55.25 19 30
v -55.25 19 38.799999
v -55.25 31 30
v -55.25 31 38.799999
v -55.248447 -31.062307 30
v -55.248447 -31.062307 38.799999
v -55.248447 -30.937693 30
v -55.248447 -30.937693 38.799999
v -55.248447 -19.062307 30
v -55.248447 -19.062307 38.799999
v -55.248447 -18.937693 30
v -55.248447 -18.937693 38.799999
v -55.248447 18.937693 30
v -55.248447 18.937693 38.799999
v -55.248447 19.062307 30
v -55.248447 19.062307 38.799999
v -55.248447 30.937693 30
v -55.248447 30.937693 38.799999
v -55.248447 31.062307 30
v -55.248447 31.062307 38.799999
v -55.24379 -31.12446 30
v -55.24379 -31.12446 38.799999
v -55.24379 -30.87554 30
v -55.24379 -30.87554 38.799999
v -55.24379 -19.12446 30
v -55.24379 -19.12446 38.799999
v -55.24379 -18.87554 30
v -55.24379 -18.87554 38.799999
v -55.24379 18.87554 30
v -55.24379 18.87554 38.799999
v -55.24379 19.12446 30
v -55.24379 19.12446 38.799999
v -55.24379 30.87554 30
v -55.24379 30.87554 38.799999
v -55.24379 31.12446 30
v -55.24379 31.12446 38.799999
v -55.236038 -31.186302 30
v -55.236038 -31.186302 38.799999
v -55.236038 -30.813698 30
v -55.236038 -30.813698 38.799999
v -55.236038 -19.186302 30
v -55.236038 -19.186302 38.799999
v -55.236038 -18.813698 30
v -55.236038 -18.813698 38.799999
v -55.236038 18.813698 30
v -55.236038 18.813698 38.799999
v -55.236038 19.186302 30
v -55.236038 19.186302 38.799999
v -55.236038 30.813698 30
v -55.236038 30.813698 38.799999
v -55.236038 31.186302 30
v -55.236038 31.186302 38.799999
v -55.225216 -31.247683 30
v -55.225216 -31.247683 38.799999
v -55.225216 -30.752317 30
v -55.225216 -30.752317 38.799999
v -55.225216 -19.247683 30
v -55.225216 -19.247683 38.799999
v -55.225216 -18.752317 30
v -55.225216 -18.752317 38.799999
v -55.225216 18.752317 30
v -55.225216 18.752317 38.799999
v -55.225216 19.247683 30
v -55.225216 19.247683 38.799999
v -55.225216 30.752317 30
v -55.225216 30.752317 38.799999
v -55.225216 31.247683 30
v -55.225216 31.247683 38.799999
v -55.211346 -31.308447 30
v -55.211346 -31.308447 38.799999
v -55.211346 -30.691553 30
v -55.211346 -30.691553 38.799999
v -55.211346 -19.308447 30
v -55.211346 -19.308447 38.799999
v -55.211346 -18.691553 30
v -55.211346 -18.691553 38.799999
v -55.211346 18.691553 30
v -55.211346 18.691553 38.799999
v -55.211346 19.308447 30
v -55.211346 19.308447 38.799999
v -55.211346 30.691553 30
v -55.211346 30.691553 38.799999
v -55.211346 31.308447 30
v -55.211346 31.308447 38.799999
v -55.194466 -31.368444 30
v -55.194466 -31.368444 38.799999
v -55.194466 -30.631556 30
v -55.194466 -30.631556 38.799999
v -55.194466 -19.368444 30
v -55.194466 -19.368444 38.799999
v -55.194466 -18.631556 30
v -55.194466 -18.631556 38.799999
v -55.194466 18.631556 30
v -55.194466 18.631556 38.799999
v -55.194466 19.368444 30
v -55.194466 19.368444 38.799999
v -55.194466 30.631556 30
v -55.194466 30.631556 38.799999
v -55.194466 31.368444 30
v -55.194466 31.368444 38.799999
v -55.174614 -31.427525 30
v -55.174614 -31.427525 38.799999
v -55.174614 -30.572475 30
v -55.174614 -30.572475 38.799999
v -55.174614 -19.427525 30
v -55.174614 -19.427525 38.799999
v -55.174614 -18.572475 30
v -55.174614 -18.572475 38.799999
v -55.174614 18.572475 30
v -55.174614 18.572475 38.799999
v -55.174614 19.427525 30
v -55.174614 19.427525 38.799999
v -55.174614 30.572475 30
v -55.174614 30.572475 38.799999
v -55.174614 31.427525 30
v -55.174614 31.427525 38.799999
v -55.151844 -31.485544 30
v -55.151844 -31.485544 38.799999
v -55.151844 -30.514456 30
v -55.151844 -30.514456 38.799999
v -55.151844 -19.485544 30
v -55.151844 -19.485544 38.799999
v -55.151844 -18.514456 30
v -55.151844 -18.514456 38.799999
v -55.151844 18.514456 30
v -55.151844 18.514456 38.799999
v -55.151844 19.485544 30
v -55.151844 19.485544 38.799999
v -55.151844 30.514456 30
v -55.151844 30.514456 38.799999
v -55.151844 31.485544 30
v -55.151844 31.485544 38.799999
v -55.126209 -31.542355 30
v -55.126209 -31.542355 38.799999
v -55.126209 -30.457645 30
v -55.126209 -30.457645 38.799999
v -55.126209 -19.542355 30
v -55.126209 -19.542355 38.799999
v -55.126209 -18.457645 30
v -55.126209 -18.457645 38.799999
v -55.126209 18.457645 30
v -55.126209 18.457645 38.799999
v -55.126209 19.542355 30
v -55.126209 19.542355 38.799999
v -55.126209 30.457645 30
v -55.126209 30.457645 38.799999
v -55.126209 31.542355 30
v -55.126209 31.542355 38.799999
v -55.097778 -31.597818 30
v -55.097778 -31.597818 38.799999
v -55.097778 -30.402182 30
v -55.097778 -30.402182 38.799999
v -55.097778 -19.597818 30
v -55.097778 -19.597818 38.799999
v -55.097778 -18.402182 30
v -55.097778 -18.402182 38.799999
v -55.097778 18.402182 30
v -55.097778 18.402182 38.799999
v -55.097778 19.597818 30
v -55.097778 19.597818 38.799999
v -55.097778 30.402182 30
v -55.097778 30.402182 38.799999
v -55.097778 31.597818 30
v -55.097778 31.597818 38.799999
v -55.066612 -31.651794 30
v -55.066612 -31.651794 38.799999
v -55.066612 -30.348206 30
v -55.066612 -30.348206 38.799999
v -55.066612 -19.651794 30
v -55.066612 -19.651794 38.799999
v -55.066612 -18.348206 30
v -55.066612 -18.348206 38.799999
v -55.066612 18.348206 30
v -55.066612 18.348206 38.799999
v -55.066612 19.651794 30
v -55.066612 19.651794 38.799999
v -55.066612 30.348206 30
v -55.066612 30.348206 38.799999
v -55.066612 31.651794 30
v -55.066612 31.651794 38.799999
v -55.045055 -36.83012 28
v -55.045055 36.83012 28
v -55.038494 -36.826263 -36
v -55.038494 36.826263 -36
v -55.032799 -31.704149 30
v -55.032799 -31.704149 38.799999
v -55.032799 -30.295851 30
v -55.032799 -30.295851 38.799999
v -55.032799 -19.704149 30
v -55.032799 -19.704149 38.799999
v -55.032799 -18.295851 30
v -55.032799 -18.295851 38.799999
v -55.032799 18.295851 30
v -55.032799 18.295851 38.799999
v -55.032799 19.704149 30
v -55.032799 19.704149 38.799999
v -55.032799 30.295851 30
v -55.032799 30.295851 38.799999
v -55.032799 31.704149 30
v -55.032799 31.704149 38.799999
v -54.996414 -31.754755 30
v -54.996414 -31.754755 38.799999
v -54.996414 -30.245245 30
v -54.996414 -30.245245 38.799999
v -54.996414 -19.754755 30
v -54.996414 -19.754755 38.799999
v -54.996414 -18.245245 30
v -54.996414 -18.245245 38.799999
v -54.996414 18.245245 30
v -54.996414 18.245245 38.799999
v -54.996414 19.754755 30
v -54.996414 19.754755 38.799999
v -54.996414 30.245245 30
v -54.996414 30.245245 38.799999
v -54.996414 31.754755 30
v -54.996414 31.754755 38.799999
v -54.957554 -31.803484 30
v -54.957554 -31.803484 38.799999
v -54.957554 -30.196516 30
v -54.957554 -30.196516 38.799999
v -54.957554 -19.803484 30
v -54.957554 -19.803484 38.799999
v -54.957554 -18.196516 30
v -54.957554 -18.196516 38.799999
v -54.957554 18.196516 30
v -54.957554 18.196516 38.799999
v -54.957554 19.803484 30
v -54.957554 19.803484 38.799999
v -54.957554 30.196516 30
v -54.957554 30.196516 38.799999
v -54.957554 31.803484 30
v -54.957554 31.803484 38.799999
v -54.916313 -31.850216 30
v -54.916313 -31.850216 38.799999
v -54.916313 -30.149784 30
v -54.916313 -30.149784 38.799999
v -54.916313 -19.850216 30
v -54.916313 -19.850216 38.799999
v -54.916313 -18.149784 30
v -54.916313 -18.149784 38.799999
v -54.916313 18.149784 30
v -54.916313 18.149784 38.799999
v -54.916313 19.850216 30
v -54.916313 19.850216 38.799999
v -54.916313 30.149784 30
v -54.916313 30.149784 38.799999
v -54.916313 31.850216 30
v -54.916313 31.850216 38.799999
v -54.872795 -31.894833 30
v -54.872795 -31.894833 38.799999
v -54.872795 -30.105167 30
v -54.872795 -30.105167 38.799999
v -54.872795 -19.894833 30
v -54.872795 -19.894833 38.799999
v -54.872795 -18.105167 30
v -54.872795 -18.105167 38.799999
v -54.872795 18.105167 30
v -54.872795 18.105167 38.799999
v -54.872795 19.894833 30
v -54.872795 19.894833 38.799999
v -54.872795 30.105167 30
v -54.872795 30.105167 38.799999
v -54.872795 31.894833 30
v -54.872795 31.894833 38.799999
v -54.827106 -31.937227 30
v -54.827106 -31.937227 38.799999
v -54.827106 -30.062773 30
v -54.827106 -30.062773 38.799999
v -54.827106 -19.937227 30
v -54.827106 -19.937227 38.799999
v -54.827106 -18.062773 30
v -54.827106 -18.062773 38.799999
v -54.827106 18.062773 30
v -54.827106 18.062773 38.799999
v -54.827106 19.937227 30
v -54.827106 19.937227 38.799999
v -54.827106 30.062773 30
v -54.827106 30.062773 38.799999
v -54.827106 31.937227 30
v -54.827106 31.937227 38.799999
v -54.78627 -36.68618 28
v -54.78627 36.68618 28
v -54.779362 -31.977289 30
v -54.779362 -31.977289 38.799999
v -54.779362 -30.022711 30
v -54.779362 -30.022711 38.799999
v -54.779362 -19.977289 30
v -54.779362 -19.977289 38.799999
v -54.779362 -18.022711 30
v -54.779362 -18.022711 38.799999
v -54.779362 18.022711 30
v -54.779362 18.022711 38.799999
v -54.779362 19.977289 30
v -54.779362 19.977289 38.799999
v -54.779362 30.022711 30
v -54.779362 30.022711 38.799999
v -54.779362 31.977289 30
v -54.779362 31.977289 38.799999
v -54.77784 -36.681767 -36
v -54.77784 36.681767 -36
v -54.729679 -32.014923 30
v -54.729679 -32.014923 38.799999
v -54.729679 -29.985077 30
v -54.729679 -29.985077 38.799999
v -54.729679 -20.014923 30
v -54.729679 -20.014923 38.799999
v -54.729679 -17.985077 30
v -54.729679 -17.985077 38.799999
v -54.729679 17.985077 30
v -54.729679 17.985077 38.799999
v -54.729679 20.014923 30
v -54.729679 20.014923 38.799999
v -54.729679 29.985077 30
v -54.729679 29.985077 38.799999
v -54.729679 32.014923 30
v -54.729679 32.014923 38.799999
v -54.678185 -32.050034 30
v -54.678185 -32.050034 38.799999
v -54.678185 -29.949968 30
v -54.678185 -29.949968 38.799999
v -54.678185 -20.050032 30
v -54.678185 -20.050032 38.799999
v -54.678185 -17.949968 30
v -54.678185 -17.949968 38.799999
v -54.678185 17.949968 30
v -54.678185 17.949968 38.799999
v -54.678185 20.050032 30
v -54.678185 20.050032 38.799999
v -54.678185 29.949968 30
v -54.678185 29.949968 38.799999
v -54.678185 32.050034 30
v -54.678185 32.050034 38.799999
v -54.625 -32.082531 30
v -54.625 -32.082531 38.799999
v -54.625 -29.917469 30
v -54.625 -29.917469 38.799999
v -54.625 -20.082531 30
v -54.625 -20.082531 38.799999
v -54.625 -17.917469 30
v -54.625 -17.917469 38.799999
v -54.625 17.917469 30
v -54.625 17.917469 38.799999
v -54.625 20.082531 30
v -54.625 20.082531 38.799999
v -54.625 29.917469 30
v -54.625 29.917469 38.799999
v -54.625 32.082531 30
v -54.625 32.082531 38.799999
v -54.570263 -32.112339 30
v -54.570263 -32.112339 38.799999
v -54.570263 -29.887661 30
v -54.570263 -29.887661 38.799999
v -54.570263 -20.112339 30
v -54.570263 -20.112339 38.799999
v -54.570263 -17.887661 30
v -54.570263 -17.887661 38.799999
v -54.570263 17.887661 30
v -54.570263 17.887661 38.799999
v -54.570263 20.112339 30
v -54.570263 20.112339 38.799999
v -54.570263 29.887661 30
v -54.570263 29.887661 38.799999
v -54.570263 32.112339 30
v -54.570263 32.112339 38.799999
v -54.520699 -36.55518 28
v -54.520699 36.55518 28
v -54.514111 -32.139381 30
v -54.514111 -32.139381 38.799999
v -54.514111 -29.860619 30
v -54.514111 -29.860619 38.799999
v -54.514111 -20.139381 30
v -54.514111 -20.139381 38.799999
v -54.514111 -17.860619 30
v -54.514111 -17.860619 38.799999
v -54.514111 17.860619 30
v -54.514111 17.860619 38.799999
v -54.514111 20.139381 30
v -54.514111 20.139381 38.799999
v -54.514111 29.860619 30
v -54.514111 29.860619 38.799999
v -54.514111 32.139381 30
v -54.514111 32.139381 38.799999
v -54.51033 -36.550392 -36
v -54.51033 36.550392 -36
v -54.456676 -32.163593 30
v -54.456676 -32.163593 38.799999
v -54.456676 -29.836409 30
v -54.456676 -29.836409 38.799999
v -54.456676 -20.163591 30
v -54.456676 -20.163591 38.799999
v -54.456676 -17.836409 30
v -54.456676 -17.836409 38.799999
v -54.456676 17.836409 30
v -54.456676 17.836409 38.799999
v -54.456676 20.163591 30
v -54.456676 20.163591 38.799999
v -54.456676 29.836409 30
v -54.456676 29.836409 38.799999
v -54.456676 32.163593 30
v -54.456676 32.163593 38.799999
v -54.398109 -32.18491 30
v -54.398109 -32.18491 38.799999
v -54.398109 -29.81509 30
v -54.398109 -29.81509 38.799999
v -54.398109 -20.18491 30
v -54.398109 -20.18491 38.799999
v -54.398109 -17.81509 30
v -54.398109 -17.81509 38.799999
v -54.398109 17.81509 30
v -54.398109 17.81509 38.799999
v -54.398109 20.18491 30
v -54.398109 20.18491 38.799999
v -54.398109 29.81509 30
v -54.398109 29.81509 38.799999
v -54.398109 32.18491 30
v -54.398109 32.18491 38.799999
v -54.338551 -32.203281 30
v -54.338551 -32.203281 38.799999
v -54.338551 -29.796721 30
v -54.338551 -29.796721 38.799999
v -54.338551 -20.203279 30
v -54.338551 -20.203279 38.799999
v -54.338551 -17.796721 30
v -54.338551 -17.796721 38.799999
v -54.338551 17.796721 30
v -54.338551 17.796721 38.799999
v -54.338551 20.203279 30
v -54.338551 20.203279 38.799999
v -54.338551 29.796721 30
v -54.338551 29.796721 38.799999
v -54.338551 32.203281 30
v -54.338551 32.203281 38.799999
v -54.278152 -32.218658 30
v -54.278152 -32.218658 38.799999
v -54.278152 -29.78134 30
v -54.278152 -29.78134 38.799999
v -54.278152 -20.21866 30
v -54.278152 -20.21866 38.799999
v -54.278152 -17.78134 30
v -54.278152 -17.78134 38.799999
v -54.278152 17.78134 30
v -54.278152 17.78134 38.799999
v -54.278152 20.21866 30
v -54.278152 20.21866 38.799999
v -54.278152 29.78134 30
v -54.278152 29.78134 38.799999
v -54.278152 32.218658 30
v -54.278152 32.218658 38.799999
v -54.248985 -36.437443 28
v -54.248985 36.437443 28
v -54.236629 -36.432461 -36
v -54.236629 36.432461 -36
v -54.21706 -32.23101 30
v -54.21706 -32.23101 38.799999
v -54.21706 -29.76899 30
v -54.21706 -29.76899 38.799999
v -54.21706 -20.23101 30
v -54.21706 -20.23101 38.799999
v -54.21706 -17.76899 30
v -54.21706 -17.76899 38.799999
v -54.21706 17.76899 30
v -54.21706 17.76899 38.799999
v -54.21706 20.23101 30
v -54.21706 20.23101 38.799999
v -54.21706 29.76899 30
v -54.21706 29.76899 38.799999
v -54.21706 32.23101 30
v -54.21706 32.23101 38.799999
v -54.15543 -32.240299 30
v -54.15543 -32.240299 38.799999
v -54.15543 -29.759701 30
v -54.15543 -29.759701 38.799999
v -54.15543 -20.240299 30
v -54.15543 -20.240299 38.799999
v -54.15543 -17.759701 30
v -54.15543 -17.759701 38.799999
v -54.15543 17.759701 30
v -54.15543 17.759701 38.799999
v -54.15543 20.240299 30
v -54.15543 20.240299 38.799999
v -54.15543 29.759701 30
v -54.15543 29.759701 38.799999
v -54.15543 32.240299 30
v -54.15543 32.240299 38.799999
v -54.093414 -32.246506 30
v -54.093414 -32.246506 38.799999
v -54.093414 -29.753496 30
v -54.093414 -29.753496 38.799999
v -54.093414 -20.246504 30
v -54.093414 -20.246504 38.799999
v -54.093414 -17.753496 30
v -54.093414 -17.753496 38.799999
v -54.093414 17.753496 30
v -54.093414 17.753496 38.799999
v -54.093414 20.246504 30
v -54.093414 20.246504 38.799999
v -54.093414 29.753496 30
v -54.093414 29.753496 38.799999
v -54.093414 32.246506 30
v -54.093414 32.246506 38.799999
v -54.031162 -32.249611 30
v -54.031162 -32.249611 38.799999
v -54.031162 -29.750389 30
v -54.031162 -29.750389 38.799999
v -54.031162 -20.249611 30
v -54.031162 -20.249611 38.799999
v -54.031162 -17.750389 30
v -54.031162 -17.750389 38.799999
v -54.031162 17.750389 30
v -54.031162 17.750389 38.799999
v -54.031162 20.249611 30
v -54.031162 20.249611 38.799999
v -54.031162 29.750389 30
v -54.031162 29.750389 38.799999
v -54.031162 32.249611 30
v -54.031162 32.249611 38.799999
v -53.971794 -36.333252 28
v -53.971794 36.333252 28
v -53.968838 -32.249611 30
v -53.968838 -32.249611 38.799999
v -53.968838 -29.750389 30
v -53.968838 -29.750389 38.799999
v -53.968838 -20.249611 30
v -53.968838 -20.249611 38.799999
v -53.968838 -17.750389 30
v -53.968838 -17.750389 38.799999
v -53.968838 17.750389 30
v -53.968838 17.750389 38.799999
v -53.968838 20.249611 30
v -53.968838 20.249611 38.799999
v -53.968838 29.750389 30
v -53.968838 29.750389 38.799999
v -53.968838 32.249611 30
v -53.968838 32.249611 38.799999
v -53.957409 -36.328266 -36
v -53.957409 36.328266 -36
v -53.906586 -32.246506 30
v -53.906586 -32.246506 38.799999
v -53.906586 -29.753496 30
v -53.906586 -29.753496 38.799999
v -53.906586 -20.246504 30
v -53.906586 -20.246504 38.799999
v -53.906586 -17.753496 30
v -53.906586 -17.753496 38.799999
v -53.906586 17.753496 30
v -53.906586 17.753496 38.799999
v -53.906586 20.246504 30
v -53.906586 20.246504 38.799999
v -53.906586 29.753496 30
v -53.906586 29.753496 38.799999
v -53.906586 32.246506 30
v -53.906586 32.246506 38.799999
v -53.84457 -32.240299 30
v -53.84457 -32.240299 38.799999
v -53.84457 -29.759701 30
v -53.84457 -29.759701 38.799999
v -53.84457 -20.240299 30
v -53.84457 -20.240299 38.799999
v -53.84457 -17.759701 30
v -53.84457 -17.759701 38.799999
v -53.84457 17.759701 30
v -53.84457 17.759701 38.799999
v -53.84457 20.240299 30
v -53.84457 20.240299 38.799999
v -53.84457 29.759701 30
v -53.84457 29.759701 38.799999
v -53.84457 32.240299 30
v -53.84457 32.240299 38.799999
v -53.78294 -32.23101 30
v -53.78294 -32.23101 38.799999
v -53.78294 -29.76899 30
v -53.78294 -29.76899 38.799999
v -53.78294 -20.23101 30
v -53.78294 -20.23101 38.799999
v -53.78294 -17.76899 30
v -53.78294 -17.76899 38.799999
v -53.78294 17.76899 30
v -53.78294 17.76899 38.799999
v -53.78294 20.23101 30
v -53.78294 20.23101 38.799999
v -53.78294 29.76899 30
v -53.78294 29.76899 38.799999
v -53.78294 32.23101 30
v -53.78294 32.23101 38.799999
v -53.721848 -32.218658 30
v -53.721848 -32.218658 38.799999
v -53.721848 -29.78134 30
v -53.721848 -29.78134 38.799999
v -53.721848 -20.21866 30
v -53.721848 -20.21866 38.799999
v -53.721848 -17.78134 30
v -53.721848 -17.78134 38.799999
v -53.721848 17.78134 30
v -53.721848 17.78134 38.799999
v -53.721848 20.21866 30
v -53.721848 20.21866 38.799999
v -53.721848 29.78134 30
v -53.721848 29.78134 38.799999
v -53.721848 32.218658 30
v -53.721848 32.218658 38.799999
v -53.689804 -36.242867 28
v -53.689804 36.242867 28
v -53.673359 -36.238068 -36
v -53.673359 36.238068 -36
v -53.661449 -32.203281 30
v -53.661449 -32.203281 38.799999
v -53.661449 -29.796721 30
v -53.661449 -29.796721 38.799999
v -53.661449 -20.203279 30
v -53.661449 -20.203279 38.799999
v -53.661449 -17.796721 30
v -53.661449 -17.796721 38.799999
v -53.661449 17.796721 30
v -53.661449 17.796721 38.799999
v -53.661449 20.203279 30
v -53.661449 20.203279 38.799999
v -53.661449 29.796721 30
v -53.661449 29.796721 38.799999
v -53.661449 32.203281 30
v -53.661449 32.203281 38.799999
v -53.601891 -32.18491 30
v -53.601891 -32.18491 38.799999
v -53.601891 -29.81509 30
v -53.601891 -29.81509 38.799999
v -53.601891 -20.18491 30
v -53.601891 -20.18491 38.799999
v -53.601891 -17.81509 30
v -53.601891 -17.81509 38.799999
v -53.601891 17.81509 30
v -53.601891 17.81509 38.799999
v -53.601891 20.18491 30
v -53.601891 20.18491 38.799999
v -53.601891 29.81509 30
v -53.601891 29.81509 38.799999
v -53.601891 32.18491 30
v -53.601891 32.18491 38.799999
v -53.543324 -32.163593 30
v -53.543324 -32.163593 38.799999
v -53.543324 -29.836409 30
v -53.543324 -29.836409 38.799999
v -53.543324 -20.163591 30
v -53.543324 -20.163591 38.799999
v -53.543324 -17.836409 30
v -53.543324 -17.836409 38.799999
v -53.543324 17.836409 30
v -53.543324 17.836409 38.799999
v -53.543324 20.163591 30
v -53.543324 20.163591 38.799999
v -53.543324 29.836409 30
v -53.543324 29.836409 38.799999
v -53.543324 32.163593 30
v -53.543324 32.163593 38.799999
v -53.485889 -32.139381 30
v -53.485889 -32.139381 38.799999
v -53.485889 -29.860619 30
v -53.485889 -29.860619 38.799999
v -53.485889 -20.139381 30
v -53.485889 -20.139381 38.799999
v -53.485889 -17.860619 30
v -53.485889 -17.860619 38.799999
v -53.485889 17.860619 30
v -53.485889 17.860619 38.799999
v -53.485889 20.139381 30
v -53.485889 20.139381 38.799999
v -53.485889 29.860619 30
v -53.485889 29.860619 38.799999
v -53.485889 32.139381 30
v -53.485889 32.139381 38.799999
v -53.429737 -32.112339 30
v -53.429737 -32.112339 38.799999
v -53.429737 -29.887661 30
v -53.429737 -29.887661 38.799999
v -53.429737 -20.112339 30
v -53.429737 -20.112339 38.799999
v -53.429737 -17.887661 30
v -53.429737 -17.887661 38.799999
v -53.429737 17.887661 30
v -53.429737 17.887661 38.799999
v -53.429737 20.112339 30
v -53.429737 20.112339 38.799999
v -53.429737 29.887661 30
v -53.429737 29.887661 38.799999
v -53.429737 32.112339 30
v -53.429737 32.112339 38.799999
v -53.403694 -36.166508 28
v -53.403694 36.166508 28
v -53.385181 -36.162083 -36
v -53.385181 36.162083 -36
v -53.375 -32.082531 30
v -53.375 -32.082531 38.799999
v -53.375 -29.917469 30
v -53.375 -29.917469 38.799999
v -53.375 -20.082531 30
v -53.375 -20.082531 38.799999
v -53.375 -17.917469 30
v -53.375 -17.917469 38.799999
v -53.375 17.917469 30
v -53.375 17.917469 38.799999
v -53.375 20.082531 30
v -53.375 20.082531 38.799999
v -53.375 29.917469 30
v -53.375 29.917469 38.799999
v -53.375 32.082531 30
v -53.375 32.082531 38.799999
v -53.321815 -32.050034 30
v -53.321815 -32.050034 38.799999
v -53.321815 -29.949968 30
v -53.321815 -29.949968 38.799999
v -53.321815 -20.050032 30
v -53.321815 -20.050032 38.799999
v -53.321815 -17.949968 30
v -53.321815 -17.949968 38.799999
v -53.321815 17.949968 30
v -53.321815 17.949968 38.799999
v -53.321815 20.050032 30
v -53.321815 20.050032 38.799999
v -53.321815 29.949968 30
v -53.321815 29.949968 38.799999
v -53.321815 32.050034 30
v -53.321815 32.050034 38.799999
v -53.270321 -32.014923 30
v -53.270321 -32.014923 38.799999
v -53.270321 -29.985077 30
v -53.270321 -29.985077 38.799999
v -53.270321 -20.014923 30
v -53.270321 -20.014923 38.799999
v -53.270321 -17.985077 30
v -53.270321 -17.985077 38.799999
v -53.270321 17.985077 30
v -53.270321 17.985077 38.799999
v -53.270321 20.014923 30
v -53.270321 20.014923 38.799999
v -53.270321 29.985077 30
v -53.270321 29.985077 38.799999
v -53.270321 32.014923 30
v -53.270321 32.014923 38.799999
v -53.25 -42 -36
v -53.25 -42 -20.01
v -53.25 42 -36
v -53.25 42 -20.01
v -53.248447 -42.062305 -36
v -53.248447 -42.062305 -20.01
v -53.248447 -41.937695 -36
v -53.248447 -41.937695 -20.01
v -53.248447 41.937695 -36
v -53.248447 41.937695 -20.01
v -53.248447 42.062305 -36
v -53.248447 42.062305 -20.01
v -53.24379 -42.124458 -36
v -53.24379 -42.124458 -20.01
v -53.24379 -41.875542 -36
v -53.24379 -41.875542 -20.01
v -53.24379 41.875542 -36
v -53.24379 41.875542 -20.01
v -53.24379 42.124458 -36
v -53.24379 42.124458 -20.01
v -53.236038 -42.186302 -36
v -53.236038 -42.186302 -20.01
v -53.236038 -41.813698 -36
v -53.236038 -41.813698 -20.01
v -53.236038 41.813698 -36
v -53.236038 41.813698 -20.01
v -53.236038 42.186302 -36
v -53.236038 42.186302 -20.01
v -53.225216 -42.247684 -36
v -53.225216 -42.247684 -20.01
v -53.225216 -41.752316 -36
v -53.225216 -41.752316 -20.01
v -53.225216 41.752316 -36
v -53.225216 41.752316 -20.01
v -53.225216 42.247684 -36
v -53.225216 42.247684 -20.01
v -53.220638 -31.977289 30
v -53.220638 -31.977289 38.799999
v -53.220638 -30.022711 30
v -53.220638 -30.022711 38.799999
v -53.220638 -19.977289 30
v -53.220638 -19.977289 38.799999
v -53.220638 -18.022711 30
v -53.220638 -18.022711 38.799999
v -53.220638 18.022711 30
v -53.220638 18.022711 38.799999
v -53.220638 19.977289 30
v -53.220638 19.977289 38.799999
v -53.220638 30.022711 30
v -53.220638 30.022711 38.799999
v -53.220638 31.977289 30
v -53.220638 31.977289 38.799999
v -53.211346 -42.308445 -36
v -53.211346 -42.308445 -20.01
v -53.211346 -41.691555 -36
v -53.211346 -41.691555 -20.01
v -53.211346 41.691555 -36
v -53.211346 41.691555 -20.01
v -53.211346 42.308445 -36
v -53.211346 42.308445 -20.01
v -53.194466 -42.368443 -36
v -53.194466 -42.368443 -20.01
v -53.194466 -41.631557 -36
v -53.194466 -41.631557 -20.01
v -53.194466 41.631557 -36
v -53.194466 41.631557 -20.01
v -53.194466 42.368443 -36
v -53.194466 42.368443 -20.01
v -53.174614 -42.427525 -36
v -53.174614 -42.427525 -20.01
v -53.174614 -41.572475 -36
v -53.174614 -41.572475 -20.01
v -53.174614 41.572475 -36
v -53.174614 41.572475 -20.01
v -53.174614 42.427525 -36
v -53.174614 42.427525 -20.01
v -53.172894 -31.937227 30
v -53.172894 -31.937227 38.799999
v -53.172894 -30.062773 30
v -53.172894 -30.062773 38.799999
v -53.172894 -19.937227 30
v -53.172894 -19.937227 38.799999
v -53.172894 -18.062773 30
v -53.172894 -18.062773 38.799999
v -53.172894 18.062773 30
v -53.172894 18.062773 38.799999
v -53.172894 19.937227 30
v -53.172894 19.937227 38.799999
v -53.172894 30.062773 30
v -53.172894 30.062773 38.799999
v -53.172894 31.937227 30
v -53.172894 31.937227 38.799999
v -53.151844 -42.485542 -36
v -53.151844 -42.485542 -20.01
v -53.151844 -41.514458 -36
v -53.151844 -41.514458 -20.01
v -53.151844 41.514458 -36
v -53.151844 41.514458 -20.01
v -53.151844 42.485542 -36
v -53.151844 42.485542 -20.01
v -53.127205 -31.894833 30
v -53.127205 -31.894833 38.799999
v -53.127205 -30.105167 30
v -53.127205 -30.105167 38.799999
v -53.127205 -19.894833 30
v -53.127205 -19.894833 38.799999
v -53.127205 -18.105167 30
v -53.127205 -18.105167 38.799999
v -53.127205 18.105167 30
v -53.127205 18.105167 38.799999
v -53.127205 19.894833 30
v -53.127205 19.894833 38.799999
v -53.127205 30.105167 30
v -53.127205 30.105167 38.799999
v -53.127205 31.894833 30
v -53.127205 31.894833 38.799999
v -53.126209 -42.542355 -36
v -53.126209 -42.542355 -20.01
v -53.126209 -41.457645 -36
v -53.126209 -41.457645 -20.01
v -53.126209 41.457645 -36
v -53.126209 41.457645 -20.01
v -53.126209 42.542355 -36
v -53.126209 42.542355 -20.01
v -53.114166 -36.104355 28
v -53.114166 36.104355 28
v -53.097778 -42.597816 -36
v -53.097778 -42.597816 -20.01
v -53.097778 -41.402184 -36
v -53.097778 -41.402184 -20.01
v -53.097778 41.402184 -36
v -53.097778 41.402184 -20.01
v -53.097778 42.597816 -36
v -53.097778 42.597816 -20.01
v -53.093586 -36.100502 -36
v -53.093586 36.100502 -36
v -53.083687 -31.850216 30
v -53.083687 -31.850216 38.799999
v -53.083687 -30.149784 30
v -53.083687 -30.149784 38.799999
v -53.083687 -19.850216 30
v -53.083687 -19.850216 38.799999
v -53.083687 -18.149784 30
v -53.083687 -18.149784 38.799999
v -53.083687 18.149784 30
v -53.083687 18.149784 38.799999
v -53.083687 19.850216 30
v -53.083687 19.850216 38.799999
v -53.083687 30.149784 30
v -53.083687 30.149784 38.799999
v -53.083687 31.850216 30
v -53.083687 31.850216 38.799999
v -53.066612 -42.651794 -36
v -53.066612 -42.651794 -20.01
v -53.066612 -41.348206 -36
v -53.066612 -41.348206 -20.01
v -53.066612 41.348206 -36
v -53.066612 41.348206 -20.01
v -53.066612 42.651794 -36
v -53.066612 42.651794 -20.01
v -53.042446 -31.803484 30
v -53.042446 -31.803484 38.799999
v -53.042446 -30.196516 30
v -53.042446 -30.196516 38.799999
v -53.042446 -19.803484 30
v -53.042446 -19.803484 38.799999
v -53.042446 -18.196516 30
v -53.042446 -18.196516 38.799999
v -53.042446 18.196516 30
v -53.042446 18.196516 38.799999
v -53.042446 19.803484 30
v -53.042446 19.803484 38.799999
v -53.042446 30.196516 30
v -53.042446 30.196516 38.799999
v -53.042446 31.803484 30
v -53.042446 31.803484 38.799999
v -53.032799 -42.704151 -36
v -53.032799 -42.704151 -20.01
v -53.032799 -41.295849 -36
v -53.032799 -41.295849 -20.01
v -53.032799 41.295849 -36
v -53.032799 41.295849 -20.01
v -53.032799 42.704151 -36
v -53.032799 42.704151 -20.01
v -53.003586 -31.754755 30
v -53.003586 -31.754755 38.799999
v -53.003586 -30.245245 30
v -53.003586 -30.245245 38.799999
v -53.003586 -19.754755 30
v -53.003586 -19.754755 38.799999
v -53.003586 -18.245245 30
v -53.003586 -18.245245 38.799999
v -53.003586 18.245245 30
v -53.003586 18.245245 38.799999
v -53.003586 19.754755 30
v -53.003586 19.754755 38.799999
v -53.003586 30.245245 30
v -53.003586 30.245245 38.799999
v -53.003586 31.754755 30
v -53.003586 31.754755 38.799999
v -52.996414 -42.754757 -36
v -52.996414 -42.754757 -20.01
v -52.996414 -41.245243 -36
v -52.996414 -41.245243 -20.01
v -52.996414 41.245243 -36
v -52.996414 41.245243 -20.01
v -52.996414 42.754757 -36
v -52.996414 42.754757 -20.01
v -52.967201 -31.704149 30
v -52.967201 -31.704149 38.799999
v -52.967201 -30.295851 30
v -52.967201 -30.295851 38.799999
v -52.967201 -19.704149 30
v -52.967201 -19.704149 38.799999
v -52.967201 -18.295851 30
v -52.967201 -18.295851 38.799999
v -52.967201 18.295851 30
v -52.967201 18.295851 38.799999
v -52.967201 19.704149 30
v -52.967201 19.704149 38.799999
v -52.967201 30.295851 30
v -52.967201 30.295851 38.799999
v -52.967201 31.704149 30
v -52.967201 31.704149 38.799999
v -52.957554 -42.803486 -36
v -52.957554 -42.803486 -20.01
v -52.957554 -41.196514 -36
v -52.957554 -41.196514 -20.01
v -52.957554 41.196514 -36
v -52.957554 41.196514 -20.01
v -52.957554 42.803486 -36
v -52.957554 42.803486 -20.01
v -52.933388 -31.651794 30
v -52.933388 -31.651794 38.799999
v -52.933388 -30.348206 30
v -52.933388 -30.348206 38.799999
v -52.933388 -19.651794 30
v -52.933388 -19.651794 38.799999
v -52.933388 -18.348206 30
v -52.933388 -18.348206 38.799999
v -52.933388 18.348206 30
v -52.933388 18.348206 38.799999
v -52.933388 19.651794 30
v -52.933388 19.651794 38.799999
v -52.933388 30.348206 30
v -52.933388 30.348206 38.799999
v -52.933388 31.651794 30
v -52.933388 31.651794 38.799999
v -52.916313 -42.850216 -36
v -52.916313 -42.850216 -20.01
v -52.916313 -41.149784 -36
v -52.916313 -41.149784 -20.01
v -52.916313 41.149784 -36
v -52.916313 41.149784 -20.01
v -52.916313 42.850216 -36
v -52.916313 42.850216 -20.01
v -52.902222 -31.597818 30
v -52.902222 -31.597818 38.799999
v -52.902222 -30.402182 30
v -52.902222 -30.402182 38.799999
v -52.902222 -19.597818 30
v -52.902222 -19.597818 38.799999
v -52.902222 -18.402182 30
v -52.902222 -18.402182 38.799999
v -52.902222 18.402182 30
v -52.902222 18.402182 38.799999
v -52.902222 19.597818 30
v -52.902222 19.597818 38.799999
v -52.902222 30.402182 30
v -52.902222 30.402182 38.799999
v -52.902222 31.597818 30
v -52.902222 31.597818 38.799999
v -52.873791 -31.542355 30
v -52.873791 -31.542355 38.799999
v -52.873791 -30.457645 30
v -52.873791 -30.457645 38.799999
v -52.873791 -19.542355 30
v -52.873791 -19.542355 38.799999
v -52.873791 -18.457645 30
v -52.873791 -18.457645 38.799999
v -52.873791 18.457645 30
v -52.873791 18.457645 38.799999
v -52.873791 19.542355 30
v -52.873791 19.542355 38.799999
v -52.873791 30.457645 30
v -52.873791 30.457645 38.799999
v -52.873791 31.542355 30
v -52.873791 31.542355 38.799999
v -52.872795 -42.894833 -36
v -52.872795 -42.894833 -20.01
v -52.872795 -41.105167 -36
v -52.872795 -41.105167 -20.01
v -52.872795 41.105167 -36
v -52.872795 41.105167 -20.01
v -52.872795 42.894833 -36
v -52.872795 42.894833 -20.01
v -52.848156 -31.485544 30
v -52.848156 -31.485544 38.799999
v -52.848156 -30.514456 30
v -52.848156 -30.514456 38.799999
v -52.848156 -19.485544 30
v -52.848156 -19.485544 38.799999
v -52.848156 -18.514456 30
v -52.848156 -18.514456 38.799999
v -52.848156 18.514456 30
v -52.848156 18.514456 38.799999
v -52.848156 19.485544 30
v -52.848156 19.485544 38.799999
v -52.848156 30.514456 30
v -52.848156 30.514456 38.799999
v -52.848156 31.485544 30
v -52.848156 31.485544 38.799999
v -52.827106 -42.937225 -36
v -52.827106 -42.937225 -20.01
v -52.827106 -41.062775 -36
v -52.827106 -41.062775 -20.01
v -52.827106 41.062775 -36
v -52.827106 41.062775 -20.01
v -52.827106 42.937225 -36
v -52.827106 42.937225 -20.01
v -52.825386 -31.427525 30
v -52.825386 -31.427525 38.799999
v -52.825386 -30.572475 30
v -52.825386 -30.572475 38.799999
v -52.825386 -19.427525 30
v -52.825386 -19.427525 38.799999
v -52.825386 -18.572475 30
v -52.825386 -18.572475 38.799999
v -52.825386 18.572475 30
v -52.825386 18.572475 38.799999
v -52.825386 19.427525 30
v -52.825386 19.427525 38.799999
v -52.825386 30.572475 30
v -52.825386 30.572475 38.799999
v -52.825386 31.427525 30
v -52.825386 31.427525 38.799999
v -52.821922 -36.056564 28
v -52.821922 36.056564 28
v -52.805534 -31.368444 30
v -52.805534 -31.368444 38.799999
v -52.805534 -30.631556 30
v -52.805534 -30.631556 38.799999
v -52.805534 -19.368444 30
v -52.805534 -19.368444 38.799999
v -52.805534 -18.631556 30
v -52.805534 -18.631556 38.799999
v -52.805534 18.631556 30
v -52.805534 18.631556 38.799999
v -52.805534 19.368444 30
v -52.805534 19.368444 38.799999
v -52.805534 30.631556 30
v -52.805534 30.631556 38.799999
v -52.805534 31.368444 30
v -52.805534 31.368444 38.799999
v -52.799294 -36.053478 -36
v -52.799294 36.053478 -36
v -52.788654 -31.308447 30
v -52.788654 -31.308447 38.799999
v -52.788654 -30.691553 30
v -52.788654 -30.691553 38.799999
v -52.788654 -19.308447 30
v -52.788654 -19.308447 38.799999
v -52.788654 -18.691553 30
v -52.788654 -18.691553 38.799999
v -52.788654 18.691553 30
v -52.788654 18.691553 38.799999
v -52.788654 19.308447 30
v -52.788654 19.308447 38.799999
v -52.788654 30.691553 30
v -52.788654 30.691553 38.799999
v -52.788654 31.308447 30
v -52.788654 31.308447 38.799999
v -52.779362 -42.977291 -36
v -52.779362 -42.977291 -20.01
v -52.779362 -41.022709 -36
v -52.779362 -41.022709 -20.01
v -52.779362 41.022709 -36
v -52.779362 41.022709 -20.01
v -52.779362 42.977291 -36
v -52.779362 42.977291 -20.01
v -52.774784 -31.247683 30
v -52.774784 -31.247683 38.799999
v -52.774784 -30.752317 30
v -52.774784 -30.752317 38.799999
v -52.774784 -19.247683 30
v -52.774784 -19.247683 38.799999
v -52.774784 -18.752317 30
v -52.774784 -18.752317 38.799999
v -52.774784 18.752317 30
v -52.774784 18.752317 38.799999
v -52.774784 19.247683 30
v -52.774784 19.247683 38.799999
v -52.774784 30.752317 30
v -52.774784 30.752317 38.799999
v -52.774784 31.247683 30
v -52.774784 31.247683 38.799999
v -52.763962 -31.186302 30
v -52.763962 -31.186302 38.799999
v -52.763962 -30.813698 30
v -52.763962 -30.813698 38.799999
v -52.763962 -19.186302 30
v -52.763962 -19.186302 38.799999
v -52.763962 -18.813698 30
v -52.763962 -18.813698 38.799999
v -52.763962 18.813698 30
v -52.763962 18.813698 38.799999
v -52.763962 19.186302 30
v -52.763962 19.186302 38.799999
v -52.763962 30.813698 30
v -52.763962 30.813698 38.799999
v -52.763962 31.186302 30
v -52.763962 31.186302 38.799999
v -52.75621 -31.12446 30
v -52.75621 -31.12446 38.799999
v -52.75621 -30.87554 30
v -52.75621 -30.87554 38.799999
v -52.75621 -19.12446 30
v -52.75621 -19.12446 38.799999
v -52.75621 -18.87554 30
v -52.75621 -18.87554 38.799999
v -52.75621 18.87554 30
v -52.75621 18.87554 38.799999
v -52.75621 19.12446 30
v -52.75621 19.12446 38.799999
v -52.75621 30.87554 30
v -52.75621 30.87554 38.799999
v -52.75621 31.12446 30
v -52.75621 31.12446 38.799999
v -52.751553 -31.062307 30
v -52.751553 -31.062307 38.799999
v -52.751553 -30.937693 30
v -52.751553 -30.937693 38.799999
v -52.751553 -19.062307 30
v -52.751553 -19.062307 38.799999
v -52.751553 -18.937693 30
v -52.751553 -18.937693 38.799999
v -52.751553 18.937693 30
v -52.751553 18.937693 38.799999
v -52.751553 19.062307 30
v -52.751553 19.062307 38.799999
v -52.751553 30.937693 30
v -52.751553 30.937693 38.799999
v -52.751553 31.062307 30
v -52.751553 31.062307 38.799999
v -52.75 -31 30
v -52.75 -31 38.799999
v -52.75 -19 30
v -52.75 -19 38.799999
v -52.75 19 30
v -52.75 19 38.799999
v -52.75 31 30
v -52.75 31 38.799999
v -52.729679 -43.014923 -36
v -52.729679 -43.014923 -20.01
v -52.729679 -40.985077 -36
v -52.729679 -40.985077 -20.01
v -52.729679 40.985077 -36
v -52.729679 40.985077 -20.01
v -52.729679 43.014923 -36
v -52.729679 43.014923 -20.01
v -52.678185 -43.050034 -36
v -52.678185 -43.050034 -20.01
v -52.678185 -40.949966 -36
v -52.678185 -40.949966 -20.01
v -52.678185 40.949966 -36
v -52.678185 40.949966 -20.01
v -52.678185 43.050034 -36
v -52.678185 43.050034 -20.01
v -52.625 -43.082531 -36
v -52.625 -43.082531 -20.01
v -52.625 -40.917469 -36
v -52.625 -40.917469 -20.01
v -52.625 40.917469 -36
v -52.625 40.917469 -20.01
v -52.625 43.082531 -36
v -52.625 43.082531 -20.01
v -52.570263 -43.112339 -36
v -52.570263 -43.112339 -20.01
v -52.570263 -40.887661 -36
v -52.570263 -40.887661 -20.01
v -52.570263 40.887661 -36
v -52.570263 40.887661 -20.01
v -52.570263 43.112339 -36
v -52.570263 43.112339 -20.01
v -52.527679 -36.023251 28
v -52.527679 36.023251 28
v -52.514111 -43.139381 -36
v -52.514111 -43.139381 -20.01
v -52.514111 -40.860619 -36
v -52.514111 -40.860619 -20.01
v -52.514111 40.860619 -36
v -52.514111 40.860619 -20.01
v -52.514111 43.139381 -36
v -52.514111 43.139381 -20.01
v -52.503025 -36.021122 -36
v -52.503025 36.021122 -36
v -52.456676 -43.163593 -36
v -52.456676 -43.163593 -20.01
v -52.456676 -40.836407 -36
v -52.456676 -40.836407 -20.01
v -52.456676 40.836407 -36
v -52.456676 40.836407 -20.01
v -52.456676 43.163593 -36
v -52.456676 43.163593 -20.01
v -52.398109 -43.18491 -36
v -52.398109 -43.18491 -20.01
v -52.398109 -40.81509 -36
v -52.398109 -40.81509 -20.01
v -52.398109 40.81509 -36
v -52.398109 40.81509 -20.01
v -52.398109 43.18491 -36
v -52.398109 43.18491 -20.01
v -52.338551 -43.203281 -36
v -52.338551 -43.203281 -20.01
v -52.338551 -40.796719 -36
v -52.338551 -40.796719 -20.01
v -52.338551 40.796719 -36
v -52.338551 40.796719 -20.01
v -52.338551 43.203281 -36
v -52.338551 43.203281 -20.01
v -52.278152 -43.218658 -36
v -52.278152 -43.218658 -20.01
v -52.278152 -40.781342 -36
v -52.278152 -40.781342 -20.01
v -52.278152 40.781342 -36
v -52.278152 40.781342 -20.01
v -52.278152 43.218658 -36
v -52.278152 43.218658 -20.01
v -52.232151 -36.004494 28
v -52.232151 36.004494 28
v -52.21706 -43.23101 -36
v -52.21706 -43.23101 -20.01
v -52.21706 -40.76899 -36
v -52.21706 -40.76899 -20.01
v -52.21706 40.76899 -36
v -52.21706 40.76899 -20.01
v -52.21706 43.23101 -36
v -52.21706 43.23101 -20.01
v -52.205521 -36.003521 -36
v -52.205521 36.003521 -36
v -52.15543 -43.240299 -36
v -52.15543 -43.240299 -20.01
v -52.15543 -40.759701 -36
v -52.15543 -40.759701 -20.01
v -52.15543 40.759701 -36
v -52.15543 40.759701 -20.01
v -52.15543 43.240299 -36
v -52.15543 43.240299 -20.01
v -52.093414 -43.246506 -36
v -52.093414 -43.246506 -20.01
v -52.093414 -40.753494 -36
v -52.093414 -40.753494 -20.01
v -52.093414 40.753494 -36
v -52.093414 40.753494 -20.01
v -52.093414 43.246506 -36
v -52.093414 43.246506 -20.01
v -52.031162 -43.249611 -36
v -52.031162 -43.249611 -20.01
v -52.031162 -40.750389 -36
v -52.031162 -40.750389 -20.01
v -52.031162 40.750389 -36
v -52.031162 40.750389 -20.01
v -52.031162 43.249611 -36
v -52.031162 43.249611 -20.01
v -51.968838 -43.249611 -36
v -51.968838 -43.249611 -20.01
v -51.968838 -40.750389 -36
v -51.968838 -40.750389 -20.01
v -51.968838 40.750389 -36
v -51.968838 40.750389 -20.01
v -51.968838 43.249611 -36
v -51.968838 43.249611 -20.01
v -51.936054 -36.00034 28
v -51.936054 36.00034 28
v -51.907505 -36.000713 -36
v -51.907505 36.000713 -36
v -51.906586 -43.246506 -36
v -51.906586 -43.246506 -20.01
v -51.906586 -40.753494 -36
v -51.906586 -40.753494 -20.01
v -51.906586 40.753494 -36
v -51.906586 40.753494 -20.01
v -51.906586 43.246506 -36
v -51.906586 43.246506 -20.01
v -51.84457 -43.240299 -36
v -51.84457 -43.240299 -20.01
v -51.84457 -40.759701 -36
v -51.84457 -40.759701 -20.01
v -51.84457 40.759701 -36
v -51.84457 40.759701 -20.01
v -51.84457 43.240299 -36
v -51.84457 43.240299 -20.01
v -51.78294 -43.23101 -36
v -51.78294 -43.23101 -20.01
v -51.78294 -40.76899 -36
v -51.78294 -40.76899 -20.01
v -51.78294 40.76899 -36
v -51.78294 40.76899 -20.01
v -51.78294 43.23101 -36
v -51.78294 43.23101 -20.01
v -51.721848 -43.218658 -36
v -51.721848 -43.218658 -20.01
v -51.721848 -40.781342 -36
v -51.721848 -40.781342 -20.01
v -51.721848 40.781342 -36
v -51.721848 40.781342 -20.01
v -51.721848 43.218658 -36
v -51.721848 43.218658 -20.01
v -51.661449 -43.203281 -36
v -51.661449 -43.203281 -20.01
v -51.661449 -40.796719 -36
v -51.661449 -40.796719 -20.01
v -51.661449 40.796719 -36
v -51.661449 40.796719 -20.01
v -51.661449 43.203281 -36
v -51.661449 43.203281 -20.01
v -51.640114 -36.010803 28
v -51.640114 36.010803 28
v -51.609722 -36.012707 -36
v -51.609722 36.012707 -36
v -51.601891 -43.18491 -36
v -51.601891 -43.18491 -20.01
v -51.601891 -40.81509 -36
v -51.601891 -40.81509 -20.01
v -51.601891 40.81509 -36
v -51.601891 40.81509 -20.01
v -51.601891 43.18491 -36
v -51.601891 43.18491 -20.01
v -51.543324 -43.163593 -36
v -51.543324 -43.163593 -20.01
v -51.543324 -40.836407 -36
v -51.543324 -40.836407 -20.01
v -51.543324 40.836407 -36
v -51.543324 40.836407 -20.01
v -51.543324 43.163593 -36
v -51.543324 43.163593 -20.01
v -51.485889 -43.139381 -36
v -51.485889 -43.139381 -20.01
v -51.485889 -40.860619 -36
v -51.485889 -40.860619 -20.01
v -51.485889 40.860619 -36
v -51.485889 40.860619 -20.01
v -51.485889 43.139381 -36
v -51.485889 43.139381 -20.01
v -51.429737 -43.112339 -36
v -51.429737 -43.112339 -20.01
v -51.429737 -40.887661 -36
v -51.429737 -40.887661 -20.01
v -51.429737 40.887661 -36
v -51.429737 40.887661 -20.01
v -51.429737 43.112339 -36
v -51.429737 43.112339 -20.01
v -51.375 -43.082531 -36
v -51.375 -43.082531 -20.01
v -51.375 -40.917469 -36
v -51.375 -40.917469 -20.01
v -51.375 40.917469 -36
v -51.375 40.917469 -20.01
v -51.375 43.082531 -36
v -51.375 43.082531 -20.01
v -51.345051 -36.035854 28
v -51.345051 36.035854 28
v -51.321815 -43.050034 -36
v -51.321815 -43.050034 -20.01
v -51.321815 -40.949966 -36
v -51.321815 -40.949966 -20.01
v -51.321815 40.949966 -36
v -51.321815 40.949966 -20.01
v -51.321815 43.050034 -36
v -51.321815 43.050034 -20.01
v -51.312897 -36.039471 -36
v -51.312897 36.039471 -36
v -51.270321 -43.014923 -36
v -51.270321 -43.014923 -20.01
v -51.270321 -40.985077 -36
v -51.270321 -40.985077 -20.01
v -51.270321 40.985077 -36
v -51.270321 40.985077 -20.01
v -51.270321 43.014923 -36
v -51.270321 43.014923 -20.01
v -51.220638 -42.977291 -36
v -51.220638 -42.977291 -20.01
v -51.220638 -41.022709 -36
v -51.220638 -41.022709 -20.01
v -51.220638 41.022709 -36
v -51.220638 41.022709 -20.01
v -51.220638 42.977291 -36
v -51.220638 42.977291 -20.01
v -51.172894 -42.937225 -36
v -51.172894 -42.937225 -20.01
v -51.172894 -41.062775 -36
v -51.172894 -41.062775 -20.01
v -51.172894 41.062775 -36
v -51.172894 41.062775 -20.01
v -51.172894 42.937225 -36
v -51.172894 42.937225 -20.01
v -51.127205 -42.894833 -36
v -51.127205 -42.894833 -20.01
v -51.127205 -41.105167 -36
v -51.127205 -41.105167 -20.01
v -51.127205 41.105167 -36
v -51.127205 41.105167 -20.01
v -51.127205 42.894833 -36
v -51.127205 42.894833 -20.01
v -51.083687 -42.850216 -36
v -51.083687 -42.850216 -20.01
v -51.083687 -41.149784 -36
v -51.083687 -41.149784 -20.01
v -51.083687 41.149784 -36
v -51.083687 41.149784 -20.01
v -51.083687 42.850216 -36
v -51.083687 42.850216 -20.01
v -51.051586 -36.075432 28
v -51.051586 36.075432 28
v -51.042446 -42.803486 -36
v -51.042446 -42.803486 -20.01
v -51.042446 -41.196514 -36
v -51.042446 -41.196514 -20.01
v -51.042446 41.196514 -36
v -51.042446 41.196514 -20.01
v -51.042446 42.803486 -36
v -51.042446 42.803486 -20.01
v -51.017773 -36.080944 -36
v -51.017773 36.080944 -36
v -51.003586 -42.754757 -36
v -51.003586 -42.754757 -20.01
v -51.003586 -41.245243 -36
v -51.003586 -41.245243 -20.01
v -51.003586 41.245243 -36
v -51.003586 41.245243 -20.01
v -51.003586 42.754757 -36
v -51.003586 42.754757 -20.01
v -50.967201 -42.704151 -36
v -50.967201 -42.704151 -20.01
v -50.967201 -41.295849 -36
v -50.967201 -41.295849 -20.01
v -50.967201 41.295849 -36
v -50.967201 41.295849 -20.01
v -50.967201 42.704151 -36
v -50.967201 42.704151 -20.01
v -50.933388 -42.651794 -36
v -50.933388 -42.651794 -20.01
v -50.933388 -41.348206 -36
v -50.933388 -41.348206 -20.01
v -50.933388 41.348206 -36
v -50.933388 41.348206 -20.01
v -50.933388 42.651794 -36
v -50.933388 42.651794 -20.01
v -50.902222 -42.597816 -36
v -50.902222 -42.597816 -20.01
v -50.902222 -41.402184 -36
v -50.902222 -41.402184 -20.01
v -50.902222 41.402184 -36
v -50.902222 41.402184 -20.01
v -50.902222 42.597816 -36
v -50.902222 42.597816 -20.01
v -50.873791 -42.542355 -36
v -50.873791 -42.542355 -20.01
v -50.873791 -41.457645 -36
v -50.873791 -41.457645 -20.01
v -50.873791 41.457645 -36
v -50.873791 41.457645 -20.01
v -50.873791 42.542355 -36
v -50.873791 42.542355 -20.01
v -50.848156 -42.485542 -36
v -50.848156 -42.485542 -20.01
v -50.848156 -41.514458 -36
v -50.848156 -41.514458 -20.01
v -50.848156 41.514458 -36
v -50.848156 41.514458 -20.01
v -50.848156 42.485542 -36
v -50.848156 42.485542 -20.01
v -50.825386 -42.427525 -36
v -50.825386 -42.427525 -20.01
v -50.825386 -41.572475 -36
v -50.825386 -41.572475 -20.01
v -50.825386 41.572475 -36
v -50.825386 41.572475 -20.01
v -50.825386 42.427525 -36
v -50.825386 42.427525 -20.01
v -50.805534 -42.368443 -36
v -50.805534 -42.368443 -20.01
v -50.805534 -41.631557 -36
v -50.805534 -41.631557 -20.01
v -50.805534 41.631557 -36
v -50.805534 41.631557 -20.01
v -50.805534 42.368443 -36
v -50.805534 42.368443 -20.01
v -50.788654 -42.308445 -36
v -50.788654 -42.308445 -20.01
v -50.788654 -41.691555 -36
v -50.788654 -41.691555 -20.01
v -50.788654 41.691555 -36
v -50.788654 41.691555 -20.01
v -50.788654 42.308445 -36
v -50.788654 42.308445 -20.01
v -50.774784 -42.247684 -36
v -50.774784 -42.247684 -20.01
v -50.774784 -41.752316 -36
v -50.774784 -41.752316 -20.01
v -50.774784 41.752316 -36
v -50.774784 41.752316 -20.01
v -50.774784 42.247684 -36
v -50.774784 42.247684 -20.01
v -50.763962 -42.186302 -36
v -50.763962 -42.186302 -20.01
v -50.763962 -41.813698 -36
v -50.763962 -41.813698 -20.01
v -50.763962 41.813698 -36
v -50.763962 41.813698 -20.01
v -50.763962 42.186302 -36
v -50.763962 42.186302 -20.01
v -50.760429 -36.12944 28
v -50.760429 36.12944 28
v -50.75621 -42.124458 -36
v -50.75621 -42.124458 -20.01
v -50.75621 -41.875542 -36
v -50.75621 -41.875542 -20.01
v -50.75621 41.875542 -36
v -50.75621 41.875542 -20.01
v -50.75621 42.124458 -36
v -50.75621 42.124458 -20.01
v -50.751553 -42.062305 -36
v -50.751553 -42.062305 -20.01
v -50.751553 -41.937695 -36
v -50.751553 -41.937695 -20.01
v -50.751553 41.937695 -36
v -50.751553 41.937695 -20.01
v -50.751553 42.062305 -36
v -50.751553 42.062305 -20.01
v -50.75 -42 -36
v -50.75 -42 -20.01
v -50.75 42 -36
v -50.75 42 -20.01
v -50.725067 -36.13702 -36
v -50.725067 36.13702 -36
v -50.47229 -36.19775 28
v -50.47229 36.19775 28
v -50.435509 -36.207558 -36
v -50.435509 36.207558 -36
v -50.187874 -36.280193 28
v -50.187874 36.280193 28
v -50.149811 -36.292393 -36
v -50.149811 36.292393 -36
v -49.907871 -36.376568 28
v -49.907871 36.376568 28
v -49.868675 -36.391304 -36
v -49.868675 36.391304 -36
v -49.632965 -36.486641 28
v -49.632965 36.486641 28
v -49.5928 -36.504055 -36
v -49.5928 36.504055 -36
v -49.363823 -36.610142 28
v -49.363823 36.610142 28
v -49.322865 -36.630367 -36
v -49.322865 36.630367 -36
v -49.101105 -36.746773 28
v -49.101105 36.746773 28
v -49.059536 -36.769928 -36
v -49.059536 36.769928 -36
v -48.845444 -36.896198 28
v -48.845444 36.896198 28
v -48.803459 -36.92239 -36
v -48.803459 36.92239 -36
v -48.597469 -37.058056 28
v -48.597469 37.058056 28
v -48.555267 -37.087379 -36
v -48.555267 37.087379 -36
v -48.357784 -37.231953 28
v -48.357784 37.231953 28
v -48.315578 -37.264492 -36
v -48.315578 37.264492 -36
v -48.126968 -37.417465 28
v -48.126968 37.417465 28
v -48.084976 -37.453285 -36
v -48.084976 37.453285 -36
v -47.90559 -37.614136 28
v -47.90559 37.614136 28
v -47.864037 -37.653301 -36
v -47.864037 37.653301 -36
v -47.694183 -37.821491 28
v -47.694183 37.821491 28
v -47.653301 -37.864037 -36
v -47.653301 37.864037 -36
v -47.527863 -46 -36
v -47.527863 -46 36
v -47.527863 46 -36
v -47.527863 46 36
v -47.493263 -38.039024 28
v -47.493263 38.039024 28
v -47.453285 -38.084976 -36
v -47.453285 38.084976 -36
v -47.340313 -45.779858 36
v -47.340313 45.779858 36
v -47.334759 -45.772999 -36
v -47.334759 45.772999 -36
v -47.303322 -38.266209 28
v -47.303322 38.266209 28
v -47.264492 -38.315578 -36
v -47.264492 38.315578 -36
v -47.163589 -45.550934 36
v -47.163589 45.550934 36
v -47.15316 -45.536686 -36
v -47.15316 45.536686 -36
v -47.124821 -38.502483 28
v -47.124821 38.502483 28
v -47.087379 -38.555267 -36
v -47.087379 38.555267 -36
v -46.9981 -45.313763 36
v -46.9981 45.313763 36
v -46.983524 -45.291649 -36
v -46.983524 45.291649 -36
v -46.958195 -38.74728 28
v -46.958195 38.74728 28
v -46.92239 -38.803459 -36
v -46.92239 38.803459 -36
v -46.844234 -45.06889 36
v -46.844234 45.06889 36
v -46.826263 -45.038494 -36
v -46.826263 45.038494 -36
v -46.803848 -39 28
v -46.803848 -39 36
v -46.803848 39 28
v -46.803848 39 36
v -46.769928 -39.059536 -36
v -46.769928 39.059536 -36
v -46.702347 -44.816887 36
v -46.702347 44.816887 36
v -46.681767 -44.77784 -36
v -46.681767 44.77784 -36
v -46.665325 -39.253868 36
v -46.665325 39.253868 36
v -46.630367 -39.322865 -36
v -46.630367 39.322865 -36
v -46.572765 -44.558342 36
v -46.572765 44.558342 36
v -46.550392 -44.51033 -36
v -46.550392 44.51033 -36
v -46.539196 -39.514114 36
v -46.539196 39.514114 36
v -46.504055 -39.5928 -36
v -46.504055 39.5928 -36
v -46.455791 -44.293854 36
v -46.455791 44.293854 36
v -46.432461 -44.236629 -36
v -46.432461 44.236629 -36
v -46.425755 -39.78014 36
v -46.425755 39.78014 36
v -46.391304 -39.868675 -36
v -46.391304 39.868675 -36
v -46.3517 -44.024033 36
v -46.3517 44.024033 36
v -46.328266 -43.957409 -36
v -46.328266 43.957409 -36
v -46.325264 -40.051319 36
v -46.325264 40.051319 36
v -46.292393 -40.149811 -36
v -46.292393 40.149811 -36
v -46.260731 -43.749512 36
v -46.260731 43.749512 36
v -46.238068 -43.673359 -36
v -46.238068 43.673359 -36
v -46.237957 -40.327026 36
v -46.237957 40.327026 36
v -46.207558 -40.435509 -36
v -46.207558 40.435509 -36
v -46.183094 -43.470928 36
v -46.183094 43.470928 36
v -46.164036 -40.606621 36
v -46.164036 40.606621 36
v -46.162083 -43.385181 -36
v -46.162083 43.385181 -36
v -46.13702 -40.725067 -36
v -46.13702 40.725067 -36
v -46.118973 -43.188923 36
v -46.118973 43.188923 36
v -46.103672 -40.889454 36
v -46.103672 40.889454 36
v -46.100502 -43.093586 -36
v -46.100502 43.093586 -36
v -46.080944 -41.017773 -36
v -46.080944 41.017773 -36
v -46.068516 -42.90416 36
v -46.068516 42.90416 36
v -46.057007 -41.174866 36
v -46.057007 41.174866 36
v -46.053478 -42.799294 -36
v -46.053478 42.799294 -36
v -46.039471 -41.312897 -36
v -46.039471 41.312897 -36
v -46.031837 -42.617294 36
v -46.031837 42.617294 36
v -46.024151 -41.462193 36
v -46.024151 41.462193 36
v -46.021122 -42.503025 -36
v -46.021122 42.503025 -36
v -46.012707 -41.609722 -36
v -46.012707 41.609722 -36
v -46.009026 -42.328991 36
v -46.009026 42.328991 36
v -46.00518 -41.750771 36
v -46.00518 41.750771 36
v -46.003521 -42.205521 -36
v -46.003521 42.205521 -36
v -46.000713 -41.907505 -36
v -46.000713 41.907505 -36
v -46.000134 -42.039928 36
v -46.000134 42.039928 36
v -23.25 -31 30
v -23.25 -31 38.799999
v -23.25 -19 30
v -23.25 -19 38.799999
v -23.25 19 30
v -23.25 19 38.799999
v -23.25 31 30
v -23.25 31 38.799999
v -23.248446 -31.062307 30
v -23.248446 -31.062307 38.799999
v -23.248446 -30.937693 30
v -23.248446 -30.937693 38.799999
v -23.248446 -19.062307 30
v -23.248446 -19.062307 38.799999
v -23.248446 -18.937693 30
v -23.248446 -18.937693 38.799999
v -23.248446 18.937693 30
v -23.248446 18.937693 38.799999
v -23.248446 19.062307 30
v -23.248446 19.062307 38.799999
v -23.248446 30.937693 30
v -23.248446 30.937693 38.799999
v -23.248446 31.062307 30
v -23.248446 31.062307 38.799999
v -23.243788 -31.12446 30
v -23.243788 -31.12446 38.799999
v -23.243788 -30.87554 30
v -23.243788 -30.87554 38.799999
v -23.243788 -19.12446 30
v -23.243788 -19.12446 38.799999
v -23.243788 -18.87554 30
v -23.243788 -18.87554 38.799999
v -23.243788 18.87554 30
v -23.243788 18.87554 38.799999
v -23.243788 19.12446 30
v -23.243788 19.12446 38.799999
v -23.243788 30.87554 30
v -23.243788 30.87554 38.799999
v -23.243788 31.12446 30
v -23.243788 31.12446 38.799999
v -23.236038 -31.186302 30
v -23.236038 -31.186302 38.799999
v -23.236038 -30.813698 30
v -23.236038 -30.813698 38.799999
v -23.236038 -19.186302 30
v -23.236038 -19.186302 38.799999
v -23.236038 -18.813698 30
v -23.236038 -18.813698 38.799999
v -23.236038 18.813698 30
v -23.236038 18.813698 38.799999
v -23.236038 19.186302 30
v -23.236038 19.186302 38.799999
v -23.236038 30.813698 30
v -23.236038 30.813698 38.799999
v -23.236038 31.186302 30
v -23.236038 31.186302 38.799999
v -23.225216 -31.247683 30
v -23.225216 -31.247683 38.799999
v -23.225216 -30.752317 30
v -23.225216 -30.752317 38.799999
v -23.225216 -19.247683 30
v -23.225216 -19.247683 38.799999
v -23.225216 -18.752317 30
v -23.225216 -18.752317 38.799999
v -23.225216 18.752317 30
v -23.225216 18.752317 38.799999
v -23.225216 19.247683 30
v -23.225216 19.247683 38.799999
v -23.225216 30.752317 30
v -23.225216 30.752317 38.799999
v -23.225216 31.247683 30
v -23.225216 31.247683 38.799999
v -23.211346 -31.308447 30
v -23.211346 -31.308447 38.799999
v -23.211346 -30.691553 30
v -23.211346 -30.691553 38.799999
v -23.211346 -19.308447 30
v -23.211346 -19.308447 38.799999
v -23.211346 -18.691553 30
v -23.211346 -18.691553 38.799999
v -23.211346 18.691553 30
v -23.211346 18.691553 38.799999
v -23.211346 19.308447 30
v -23.211346 19.308447 38.799999
v -23.211346 30.691553 30
v -23.211346 30.691553 38.799999
v -23.211346 31.308447 30
v -23.211346 31.308447 38.799999
v -23.194466 -31.368444 30
v -23.194466 -31.368444 38.799999
v -23.194466 -30.631556 30
v -23.194466 -30.631556 38.799999
v -23.194466 -19.368444 30
v -23.194466 -19.368444 38.799999
v -23.194466 -18.631556 30
v -23.194466 -18.631556 38.799999
v -23.194466 18.631556 30
v -23.194466 18.631556 38.799999
v -23.194466 19.368444 30
v -23.194466 19.368444 38.799999
v -23.194466 30.631556 30
v -23.194466 30.631556 38.799999
v -23.194466 31.368444 30
v -23.194466 31.368444 38.799999
v -23.174616 -31.427525 30
v -23.174616 -31.427525 38.799999
v -23.174616 -30.572475 30
v -23.174616 -30.572475 38.799999
v -23.174616 -19.427525 30
v -23.174616 -19.427525 38.799999
v -23.174616 -18.572475 30
v -23.174616 -18.572475 38.799999
v -23.174616 18.572475 30
v -23.174616 18.572475 38.799999
v -23.174616 19.427525 30
v -23.174616 19.427525 38.799999
v -23.174616 30.572475 30
v -23.174616 30.572475 38.799999
v -23.174616 31.427525 30
v -23.174616 31.427525 38.799999
v -23.151846 -31.485544 30
v -23.151846 -31.485544 38.799999
v -23.151846 -30.514456 30
v -23.151846 -30.514456 38.799999
v -23.151846 -19.485544 30
v -23.151846 -19.485544 38.799999
v -23.151846 -18.514456 30
v -23.151846 -18.514456 38.799999
v -23.151846 18.514456 30
v -23.151846 18.514456 38.799999
v -23.151846 19.485544 30
v -23.151846 19.485544 38.799999
v -23.151846 30.514456 30
v -23.151846 30.514456 38.799999
v -23.151846 31.485544 30
v -23.151846 31.485544 38.799999
v -23.126211 -31.542355 30
v -23.126211 -31.542355 38.799999
v -23.126211 -30.457645 30
v -23.126211 -30.457645 38.799999
v -23.126211 -19.542355 30
v -23.126211 -19.542355 38.799999
v -23.126211 -18.457645 30
v -23.126211 -18.457645 38.799999
v -23.126211 18.457645 30
v -23.126211 18.457645 38.799999
v -23.126211 19.542355 30
v -23.126211 19.542355 38.799999
v -23.126211 30.457645 30
v -23.126211 30.457645 38.799999
v -23.126211 31.542355 30
v -23.126211 31.542355 38.799999
v -23.097776 -31.597818 30
v -23.097776 -31.597818 38.799999
v -23.097776 -30.402182 30
v -23.097776 -30.402182 38.799999
v -23.097776 -19.597818 30
v -23.097776 -19.597818 38.799999
v -23.097776 -18.402182 30
v -23.097776 -18.402182 38.799999
v -23.097776 18.402182 30
v -23.097776 18.402182 38.799999
v -23.097776 19.597818 30
v -23.097776 19.597818 38.799999
v -23.097776 30.402182 30
v -23.097776 30.402182 38.799999
v -23.097776 31.597818 30
v -23.097776 31.597818 38.799999
v -23.066614 -31.651794 30
v -23.066614 -31.651794 38.799999
v -23.066614 -30.348206 30
v -23.066614 -30.348206 38.799999
v -23.066614 -19.651794 30
v -23.066614 -19.651794 38.799999
v -23.066614 -18.348206 30
v -23.066614 -18.348206 38.799999
v -23.066614 18.348206 30
v -23.066614 18.348206 38.799999
v -23.066614 19.651794 30
v -23.066614 19.651794 38.799999
v -23.066614 30.348206 30
v -23.066614 30.348206 38.799999
v -23.066614 31.651794 30
v -23.066614 31.651794 38.799999
v -23.032799 -31.704149 30
v -23.032799 -31.704149 38.799999
v -23.032799 -30.295851 30
v -23.032799 -30.295851 38.799999
v -23.032799 -19.704149 30
v -23.032799 -19.704149 38.799999
v -23.032799 -18.295851 30
v -23.032799 -18.295851 38.799999
v -23.032799 18.295851 30
v -23.032799 18.295851 38.799999
v -23.032799 19.704149 30
v -23.032799 19.704149 38.799999
v -23.032799 30.295851 30
v -23.032799 30.295851 38.799999
v -23.032799 31.704149 30
v -23.032799 31.704149 38.799999
v -22.996416 -31.754755 30
v -22.996416 -31.754755 38.799999
v -22.996416 -30.245245 30
v -22.996416 -30.245245 38.799999
v -22.996416 -19.754755 30
v -22.996416 -19.754755 38.799999
v -22.996416 -18.245245 30
v -22.996416 -18.245245 38.799999
v -22.996416 18.245245 30
v -22.996416 18.245245 38.799999
v -22.996416 19.754755 30
v -22.996416 19.754755 38.799999
v -22.996416 30.245245 30
v -22.996416 30.245245 38.799999
v -22.996416 31.754755 30
v -22.996416 31.754755 38.799999
v -22.957556 -31.803484 30
v -22.957556 -31.803484 38.799999
v -22.957556 -30.196516 30
v -22.957556 -30.196516 38.799999
v -22.957556 -19.803484 30
v -22.957556 -19.803484 38.799999
v -22.957556 -18.196516 30
v -22.957556 -18.196516 38.799999
v -22.957556 18.196516 30
v -22.957556 18.196516 38.799999
v -22.957556 19.803484 30
v -22.957556 19.803484 38.799999
v -22.957556 30.196516 30
v -22.957556 30.196516 38.799999
v -22.957556 31.803484 30
v -22.957556 31.803484 38.799999
v -22.916315 -31.850216 30
v -22.916315 -31.850216 38.799999
v -22.916315 -30.149784 30
v -22.916315 -30.149784 38.799999
v -22.916315 -19.850216 30
v -22.916315 -19.850216 38.799999
v -22.916315 -18.149784 30
v -22.916315 -18.149784 38.799999
v -22.916315 18.149784 30
v -22.916315 18.149784 38.799999
v -22.916315 19.850216 30
v -22.916315 19.850216 38.799999
v -22.916315 30.149784 30
v -22.916315 30.149784 38.799999
v -22.916315 31.850216 30
v -22.916315 31.850216 38.799999
v -22.872795 -31.894833 30
v -22.872795 -31.894833 38.799999
v -22.872795 -30.105167 30
v -22.872795 -30.105167 38.799999
v -22.872795 -19.894833 30
v -22.872795 -19.894833 38.799999
v -22.872795 -18.105167 30
v -22.872795 -18.105167 38.799999
v -22.872795 18.105167 30
v -22.872795 18.105167 38.799999
v -22.872795 19.894833 30
v -22.872795 19.894833 38.799999
v -22.872795 30.105167 30
v -22.872795 30.105167 38.799999
v -22.872795 31.894833 30
v -22.872795 31.894833 38.799999
v -22.827106 -31.937227 30
v -22.827106 -31.937227 38.799999
v -22.827106 -30.062773 30
v -22.827106 -30.062773 38.799999
v -22.827106 -19.937227 30
v -22.827106 -19.937227 38.799999
v -22.827106 -18.062773 30
v -22.827106 -18.062773 38.799999
v -22.827106 18.062773 30
v -22.827106 18.062773 38.799999
v -22.827106 19.937227 30
v -22.827106 19.937227 38.799999
v -22.827106 30.062773 30
v -22.827106 30.062773 38.799999
v -22.827106 31.937227 30
v -22.827106 31.937227 38.799999
v -22.779362 -31.977289 30
v -22.779362 -31.977289 38.799999
v -22.779362 -30.022711 30
v -22.779362 -30.022711 38.799999
v -22.779362 -19.977289 30
v -22.779362 -19.977289 38.799999
v -22.779362 -18.022711 30
v -22.779362 -18.022711 38.799999
v -22.779362 18.022711 30
v -22.779362 18.022711 38.799999
v -22.779362 19.977289 30
v -22.779362 19.977289 38.799999
v -22.779362 30.022711 30
v -22.779362 30.022711 38.799999
v -22.779362 31.977289 30
v -22.779362 31.977289 38.799999
v -22.729679 -32.014923 30
v -22.729679 -32.014923 38.799999
v -22.729679 -29.985077 30
v -22.729679 -29.985077 38.799999
v -22.729679 -20.014923 30
v -22.729679 -20.014923 38.799999
v -22.729679 -17.985077 30
v -22.729679 -17.985077 38.799999
v -22.729679 17.985077 30
v -22.729679 17.985077 38.799999
v -22.729679 20.014923 30
v -22.729679 20.014923 38.799999
v -22.729679 29.985077 30
v -22.729679 29.985077 38.799999
v -22.729679 32.014923 30
v -22.729679 32.014923 38.799999
v -22.678183 -32.050034 30
v -22.678183 -32.050034 38.799999
v -22.678183 -29.949968 30
v -22.678183 -29.949968 38.799999
v -22.678183 -20.050032 30
v -22.678183 -20.050032 38.799999
v -22.678183 -17.949968 30
v -22.678183 -17.949968 38.799999
v -22.678183 17.949968 30
v -22.678183 17.949968 38.799999
v -22.678183 20.050032 30
v -22.678183 20.050032 38.799999
v -22.678183 29.949968 30
v -22.678183 29.949968 38.799999
v -22.678183 32.050034 30
v -22.678183 32.050034 38.799999
v -22.625 -32.082531 30
v -22.625 -32.082531 38.799999
v -22.625 -29.917469 30
v -22.625 -29.917469 38.799999
v -22.625 -20.082531 30
v -22.625 -20.082531 38.799999
v -22.625 -17.917469 30
v -22.625 -17.917469 38.799999
v -22.625 17.917469 30
v -22.625 17.917469 38.799999
v -22.625 20.082531 30
v -22.625 20.082531 38.799999
v -22.625 29.917469 30
v -22.625 29.917469 38.799999
v -22.625 32.082531 30
v -22.625 32.082531 38.799999
v -22.570263 -32.112339 30
v -22.570263 -32.112339 38.799999
v -22.570263 -29.887661 30
v -22.570263 -29.887661 38.799999
v -22.570263 -20.112339 30
v -22.570263 -20.112339 38.799999
v -22.570263 -17.887661 30
v -22.570263 -17.887661 38.799999
v -22.570263 17.887661 30
v -22.570263 17.887661 38.799999
v -22.570263 20.112339 30
v -22.570263 20.112339 38.799999
v -22.570263 29.887661 30
v -22.570263 29.887661 38.799999
v -22.570263 32.112339 30
v -22.570263 32.112339 38.799999
v -22.514109 -32.139381 30
v -22.514109 -32.139381 38.799999
v -22.514109 -29.860619 30
v -22.514109 -29.860619 38.799999
v -22.514109 -20.139381 30
v -22.514109 -20.139381 38.799999
v -22.514109 -17.860619 30
v -22.514109 -17.860619 38.799999
v -22.514109 17.860619 30
v -22.514109 17.860619 38.799999
v -22.514109 20.139381 30
v -22.514109 20.139381 38.799999
v -22.514109 29.860619 30
v -22.514109 29.860619 38.799999
v -22.514109 32.139381 30
v -22.514109 32.139381 38.799999
v -22.456676 -32.163593 30
v -22.456676 -32.163593 38.799999
v -22.456676 -29.836409 30
v -22.456676 -29.836409 38.799999
v -22.456676 -20.163591 30
v -22.456676 -20.163591 38.799999
v -22.456676 -17.836409 30
v -22.456676 -17.836409 38.799999
v -22.456676 17.836409 30
v -22.456676 17.836409 38.799999
v -22.456676 20.163591 30
v -22.456676 20.163591 38.799999
v -22.456676 29.836409 30
v -22.456676 29.836409 38.799999
v -22.456676 32.163593 30
v -22.456676 32.163593 38.799999
v -22.398108 -32.18491 30
v -22.398108 -32.18491 38.799999
v -22.398108 -29.81509 30
v -22.398108 -29.81509 38.799999
v -22.398108 -20.18491 30
v -22.398108 -20.18491 38.799999
v -22.398108 -17.81509 30
v -22.398108 -17.81509 38.799999
v -22.398108 17.81509 30
v -22.398108 17.81509 38.799999
v -22.398108 20.18491 30
v -22.398108 20.18491 38.799999
v -22.398108 29.81509 30
v -22.398108 29.81509 38.799999
v -22.398108 32.18491 30
v -22.398108 32.18491 38.799999
v -22.338551 -32.203281 30
v -22.338551 -32.203281 38.799999
v -22.338551 -29.796721 30
v -22.338551 -29.796721 38.799999
v -22.338551 -20.203279 30
v -22.338551 -20.203279 38.799999
v -22.338551 -17.796721 30
v -22.338551 -17.796721 38.799999
v -22.338551 17.796721 30
v -22.338551 17.796721 38.799999
v -22.338551 20.203279 30
v -22.338551 20.203279 38.799999
v -22.338551 29.796721 30
v -22.338551 29.796721 38.799999
v -22.338551 32.203281 30
v -22.338551 32.203281 38.799999
v -22.278151 -32.218658 30
v -22.278151 -32.218658 38.799999
v -22.278151 -29.78134 30
v -22.278151 -29.78134 38.799999
v -22.278151 -20.21866 30
v -22.278151 -20.21866 38.799999
v -22.278151 -17.78134 30
v -22.278151 -17.78134 38.799999
v -22.278151 17.78134 30
v -22.278151 17.78134 38.799999
v -22.278151 20.21866 30
v -22.278151 20.21866 38.799999
v -22.278151 29.78134 30
v -22.278151 29.78134 38.799999
v -22.278151 32.218658 30
v -22.278151 32.218658 38.799999
v -22.21706 -32.23101 30
v -22.21706 -32.23101 38.799999
v -22.21706 -29.76899 30
v -22.21706 -29.76899 38.799999
v -22.21706 -20.23101 30
v -22.21706 -20.23101 38.799999
v -22.21706 -17.76899 30
v -22.21706 -17.76899 38.799999
v -22.21706 17.76899 30
v -22.21706 17.76899 38.799999
v -22.21706 20.23101 30
v -22.21706 20.23101 38.799999
v -22.21706 29.76899 30
v -22.21706 29.76899 38.799999
v -22.21706 32.23101 30
v -22.21706 32.23101 38.799999
v -22.15543 -32.240299 30
v -22.15543 -32.240299 38.799999
v -22.15543 -29.759701 30
v -22.15543 -29.759701 38.799999
v -22.15543 -20.240299 30
v -22.15543 -20.240299 38.799999
v -22.15543 -17.759701 30
v -22.15543 -17.759701 38.799999
v -22.15543 17.759701 30
v -22.15543 17.759701 38.799999
v -22.15543 20.240299 30
v -22.15543 20.240299 38.799999
v -22.15543 29.759701 30
v -22.15543 29.759701 38.799999
v -22.15543 32.240299 30
v -22.15543 32.240299 38.799999
v -22.093412 -32.246506 30
v -22.093412 -32.246506 38.799999
v -22.093412 -29.753496 30
v -22.093412 -29.753496 38.799999
v -22.093412 -20.246504 30
v -22.093412 -20.246504 38.799999
v -22.093412 -17.753496 30
v -22.093412 -17.753496 38.799999
v -22.093412 17.753496 30
v -22.093412 17.753496 38.799999
v -22.093412 20.246504 30
v -22.093412 20.246504 38.799999
v -22.093412 29.753496 30
v -22.093412 29.753496 38.799999
v -22.093412 32.246506 30
v -22.093412 32.246506 38.799999
v -22.031164 -32.249611 30
v -22.031164 -32.249611 38.799999
v -22.031164 -29.750389 30
v -22.031164 -29.750389 38.799999
v -22.031164 -20.249611 30
v -22.031164 -20.249611 38.799999
v -22.031164 -17.750389 30
v -22.031164 -17.750389 38.799999
v -22.031164 17.750389 30
v -22.031164 17.750389 38.799999
v -22.031164 20.249611 30
v -22.031164 20.249611 38.799999
v -22.031164 29.750389 30
v -22.031164 29.750389 38.799999
v -22.031164 32.249611 30
v -22.031164 32.249611 38.799999
v -21.968836 -32.249611 30
v -21.968836 -32.249611 38.799999
v -21.968836 -29.750389 30
v -21.968836 -29.750389 38.799999
v -21.968836 -20.249611 30
v -21.968836 -20.249611 38.799999
v -21.968836 -17.750389 30
v -21.968836 -17.750389 38.799999
v -21.968836 17.750389 30
v -21.968836 17.750389 38.799999
v -21.968836 20.249611 30
v -21.968836 20.249611 38.799999
v -21.968836 29.750389 30
v -21.968836 29.750389 38.799999
v -21.968836 32.249611 30
v -21.968836 32.249611 38.799999
v -21.906588 -32.246506 30
v -21.906588 -32.246506 38.799999
v -21.906588 -29.753496 30
v -21.906588 -29.753496 38.799999
v -21.906588 -20.246504 30
v -21.906588 -20.246504 38.799999
v -21.906588 -17.753496 30
v -21.906588 -17.753496 38.799999
v -21.906588 17.753496 30
v -21.906588 17.753496 38.799999
v -21.906588 20.246504 30
v -21.906588 20.246504 38.799999
v -21.906588 29.753496 30
v -21.906588 29.753496 38.799999
v -21.906588 32.246506 30
v -21.906588 32.246506 38.799999
v -21.84457 -32.240299 30
v -21.84457 -32.240299 38.799999
v -21.84457 -29.759701 30
v -21.84457 -29.759701 38.799999
v -21.84457 -20.240299 30
v -21.84457 -20.240299 38.799999
v -21.84457 -17.759701 30
v -21.84457 -17.759701 38.799999
v -21.84457 17.759701 30
v -21.84457 17.759701 38.799999
v -21.84457 20.240299 30
v -21.84457 20.240299 38.799999
v -21.84457 29.759701 30
v -21.84457 29.759701 38.799999
v -21.84457 32.240299 30
v -21.84457 32.240299 38.799999
v -21.78294 -32.23101 30
v -21.78294 -32.23101 38.799999
v -21.78294 -29.76899 30
v -21.78294 -29.76899 38.799999
v -21.78294 -20.23101 30
v -21.78294 -20.23101 38.799999
v -21.78294 -17.76899 30
v -21.78294 -17.76899 38.799999
v -21.78294 17.76899 30
v -21.78294 17.76899 38.799999
v -21.78294 20.23101 30
v -21.78294 20.23101 38.799999
v -21.78294 29.76899 30
v -21.78294 29.76899 38.799999
v -21.78294 32.23101 30
v -21.78294 32.23101 38.799999
v -21.721849 -32.218658 30
v -21.721849 -32.218658 38.799999
v -21.721849 -29.78134 30
v -21.721849 -29.78134 38.799999
v -21.721849 -20.21866 30
v -21.721849 -20.21866 38.799999
v -21.721849 -17.78134 30
v -21.721849 -17.78134 38.799999
v -21.721849 17.78134 30
v -21.721849 17.78134 38.799999
v -21.721849 20.21866 30
v -21.721849 20.21866 38.799999
v -21.721849 29.78134 30
v -21.721849 29.78134 38.799999
v -21.721849 32.218658 30
v -21.721849 32.218658 38.799999
v -21.661449 -32.203281 30
v -21.661449 -32.203281 38.799999
v -21.661449 -29.796721 30
v -21.661449 -29.796721 38.799999
v -21.661449 -20.203279 30
v -21.661449 -20.203279 38.799999
v -21.661449 -17.796721 30
v -21.661449 -17.796721 38.799999
v -21.661449 17.796721 30
v -21.661449 17.796721 38.799999
v -21.661449 20.203279 30
v -21.661449 20.203279 38.799999
v -21.661449 29.796721 30
v -21.661449 29.796721 38.799999
v -21.661449 32.203281 30
v -21.661449 32.203281 38.799999
v -21.601892 -32.18491 30
v -21.601892 -32.18491 38.799999
v -21.601892 -29.81509 30
v -21.601892 -29.81509 38.799999
v -21.601892 -20.18491 30
v -21.601892 -20.18491 38.799999
v -21.601892 -17.81509 30
v -21.601892 -17.81509 38.799999
v -21.601892 17.81509 30
v -21.601892 17.81509 38.799999
v -21.601892 20.18491 30
v -21.601892 20.18491 38.799999
v -21.601892 29.81509 30
v -21.601892 29.81509 38.799999
v -21.601892 32.18491 30
v -21.601892 32.18491 38.799999
v -21.543324 -32.163593 30
v -21.543324 -32.163593 38.799999
v -21.543324 -29.836409 30
v -21.543324 -29.836409 38.799999
v -21.543324 -20.163591 30
v -21.543324 -20.163591 38.799999
v -21.543324 -17.836409 30
v -21.543324 -17.836409 38.799999
v -21.543324 17.836409 30
v -21.543324 17.836409 38.799999
v -21.543324 20.163591 30
v -21.543324 20.163591 38.799999
v -21.543324 29.836409 30
v -21.543324 29.836409 38.799999
v -21.543324 32.163593 30
v -21.543324 32.163593 38.799999
v -21.485891 -32.139381 30
v -21.485891 -32.139381 38.799999
v -21.485891 -29.860619 30
v -21.485891 -29.860619 38.799999
v -21.485891 -20.139381 30
v -21.485891 -20.139381 38.799999
v -21.485891 -17.860619 30
v -21.485891 -17.860619 38.799999
v -21.485891 17.860619 30
v -21.485891 17.860619 38.799999
v -21.485891 20.139381 30
v -21.485891 20.139381 38.799999
v -21.485891 29.860619 30
v -21.485891 29.860619 38.799999
v -21.485891 32.139381 30
v -21.485891 32.139381 38.799999
v -21.429737 -32.112339 30
v -21.429737 -32.112339 38.799999
v -21.429737 -29.887661 30
v -21.429737 -29.887661 38.799999
v -21.429737 -20.112339 30
v -21.429737 -20.112339 38.799999
v -21.429737 -17.887661 30
v -21.429737 -17.887661 38.799999
v -21.429737 17.887661 30
v -21.429737 17.887661 38.799999
v -21.429737 20.112339 30
v -21.429737 20.112339 38.799999
v -21.429737 29.887661 30
v -21.429737 29.887661 38.799999
v -21.429737 32.112339 30
v -21.429737 32.112339 38.799999
v -21.375 -32.082531 30
v -21.375 -32.082531 38.799999
v -21.375 -29.917469 30
v -21.375 -29.917469 38.799999
v -21.375 -20.082531 30
v -21.375 -20.082531 38.799999
v -21.375 -17.917469 30
v -21.375 -17.917469 38.799999
v -21.375 17.917469 30
v -21.375 17.917469 38.799999
v -21.375 20.082531 30
v -21.375 20.082531 38.799999
v -21.375 29.917469 30
v -21.375 29.917469 38.799999
v -21.375 32.082531 30
v -21.375 32.082531 38.799999
v -21.321817 -32.050034 30
v -21.321817 -32.050034 38.799999
v -21.321817 -29.949968 30
v -21.321817 -29.949968 38.799999
v -21.321817 -20.050032 30
v -21.321817 -20.050032 38.799999
v -21.321817 -17.949968 30
v -21.321817 -17.949968 38.799999
v -21.321817 17.949968 30
v -21.321817 17.949968 38.799999
v -21.321817 20.050032 30
v -21.321817 20.050032 38.799999
v -21.321817 29.949968 30
v -21.321817 29.949968 38.799999
v -21.321817 32.050034 30
v -21.321817 32.050034 38.799999
v -21.270321 -32.014923 30
v -21.270321 -32.014923 38.799999
v -21.270321 -29.985077 30
v -21.270321 -29.985077 38.799999
v -21.270321 -20.014923 30
v -21.270321 -20.014923 38.799999
v -21.270321 -17.985077 30
v -21.270321 -17.985077 38.799999
v -21.270321 17.985077 30
v -21.270321 17.985077 38.799999
v -21.270321 20.014923 30
v -21.270321 20.014923 38.799999
v -21.270321 29.985077 30
v -21.270321 29.985077 38.799999
v -21.270321 32.014923 30
v -21.270321 32.014923 38.799999
v -21.220638 -31.977289 30
v -21.220638 -31.977289 38.799999
v -21.220638 -30.022711 30
v -21.220638 -30.022711 38.799999
v -21.220638 -19.977289 30
v -21.220638 -19.977289 38.799999
v -21.220638 -18.022711 30
v -21.220638 -18.022711 38.799999
v -21.220638 18.022711 30
v -21.220638 18.022711 38.799999
v -21.220638 19.977289 30
v -21.220638 19.977289 38.799999
v -21.220638 30.022711 30
v -21.220638 30.022711 38.799999
v -21.220638 31.977289 30
v -21.220638 31.977289 38.799999
v -21.172894 -31.937227 30
v -21.172894 -31.937227 38.799999
v -21.172894 -30.062773 30
v -21.172894 -30.062773 38.799999
v -21.172894 -19.937227 30
v -21.172894 -19.937227 38.799999
v -21.172894 -18.062773 30
v -21.172894 -18.062773 38.799999
v -21.172894 18.062773 30
v -21.172894 18.062773 38.799999
v -21.172894 19.937227 30
v -21.172894 19.937227 38.799999
v -21.172894 30.062773 30
v -21.172894 30.062773 38.799999
v -21.172894 31.937227 30
v -21.172894 31.937227 38.799999
v -21.127205 -31.894833 30
v -21.127205 -31.894833 38.799999
v -21.127205 -30.105167 30
v -21.127205 -30.105167 38.799999
v -21.127205 -19.894833 30
v -21.127205 -19.894833 38.799999
v -21.127205 -18.105167 30
v -21.127205 -18.105167 38.799999
v -21.127205 18.105167 30
v -21.127205 18.105167 38.799999
v -21.127205 19.894833 30
v -21.127205 19.894833 38.799999
v -21.127205 30.105167 30
v -21.127205 30.105167 38.799999
v -21.127205 31.894833 30
v -21.127205 31.894833 38.799999
v -21.083685 -31.850216 30
v -21.083685 -31.850216 38.799999
v -21.083685 -30.149784 30
v -21.083685 -30.149784 38.799999
v -21.083685 -19.850216 30
v -21.083685 -19.850216 38.799999
v -21.083685 -18.149784 30
v -21.083685 -18.149784 38.799999
v -21.083685 18.149784 30
v -21.083685 18.149784 38.799999
v -21.083685 19.850216 30
v -21.083685 19.850216 38.799999
v -21.083685 30.149784 30
v -21.083685 30.149784 38.799999
v -21.083685 31.850216 30
v -21.083685 31.850216 38.799999
v -21.042444 -31.803484 30
v -21.042444 -31.803484 38.799999
v -21.042444 -30.196516 30
v -21.042444 -30.196516 38.799999
v -21.042444 -19.803484 30
v -21.042444 -19.803484 38.799999
v -21.042444 -18.196516 30
v -21.042444 -18.196516 38.799999
v -21.042444 18.196516 30
v -21.042444 18.196516 38.799999
v -21.042444 19.803484 30
v -21.042444 19.803484 38.799999
v -21.042444 30.196516 30
v -21.042444 30.196516 38.799999
v -21.042444 31.803484 30
v -21.042444 31.803484 38.799999
v -21.003584 -31.754755 30
v -21.003584 -31.754755 38.799999
v -21.003584 -30.245245 30
v -21.003584 -30.245245 38.799999
v -21.003584 -19.754755 30
v -21.003584 -19.754755 38.799999
v -21.003584 -18.245245 30
v -21.003584 -18.245245 38.799999
v -21.003584 18.245245 30
v -21.003584 18.245245 38.799999
v -21.003584 19.754755 30
v -21.003584 19.754755 38.799999
v -21.003584 30.245245 30
v -21.003584 30.245245 38.799999
v -21.003584 31.754755 30
v -21.003584 31.754755 38.799999
v -20.967201 -31.704149 30
v -20.967201 -31.704149 38.799999
v -20.967201 -30.295851 30
v -20.967201 -30.295851 38.799999
v -20.967201 -19.704149 30
v -20.967201 -19.704149 38.799999
v -20.967201 -18.295851 30
v -20.967201 -18.295851 38.799999
v -20.967201 18.295851 30
v -20.967201 18.295851 38.799999
v -20.967201 19.704149 30
v -20.967201 19.704149 38.799999
v -20.967201 30.295851 30
v -20.967201 30.295851 38.799999
v -20.967201 31.704149 30
v -20.967201 31.704149 38.799999
v -20.933386 -31.651794 30
v -20.933386 -31.651794 38.799999
v -20.933386 -30.348206 30
v -20.933386 -30.348206 38.799999
v -20.933386 -19.651794 30
v -20.933386 -19.651794 38.799999
v -20.933386 -18.348206 30
v -20.933386 -18.348206 38.799999
v -20.933386 18.348206 30
v -20.933386 18.348206 38.799999
v -20.933386 19.651794 30
v -20.933386 19.651794 38.799999
v -20.933386 30.348206 30
v -20.933386 30.348206 38.799999
v -20.933386 31.651794 30
v -20.933386 31.651794 38.799999
v -20.902224 -31.597818 30
v -20.902224 -31.597818 38.799999
v -20.902224 -30.402182 30
v -20.902224 -30.402182 38.799999
v -20.902224 -19.597818 30
v -20.902224 -19.597818 38.799999
v -20.902224 -18.402182 30
v -20.902224 -18.402182 38.799999
v -20.902224 18.402182 30
v -20.902224 18.402182 38.799999
v -20.902224 19.597818 30
v -20.902224 19.597818 38.799999
v -20.902224 30.402182 30
v -20.902224 30.402182 38.799999
v -20.902224 31.597818 30
v -20.902224 31.597818 38.799999
v -20.873789 -31.542355 30
v -20.873789 -31.542355 38.799999
v -20.873789 -30.457645 30
v -20.873789 -30.457645 38.799999
v -20.873789 -19.542355 30
v -20.873789 -19.542355 38.799999
v -20.873789 -18.457645 30
v -20.873789 -18.457645 38.799999
v -20.873789 18.457645 30
v -20.873789 18.457645 38.799999
v -20.873789 19.542355 30
v -20.873789 19.542355 38.799999
v -20.873789 30.457645 30
v -20.873789 30.457645 38.799999
v -20.873789 31.542355 30
v -20.873789 31.542355 38.799999
v -20.848154 -31.485544 30
v -20.848154 -31.485544 38.799999
v -20.848154 -30.514456 30
v -20.848154 -30.514456 38.799999
v -20.848154 -19.485544 30
v -20.848154 -19.485544 38.799999
v -20.848154 -18.514456 30
v -20.848154 -18.514456 38.799999
v -20.848154 18.514456 30
v -20.848154 18.514456 38.799999
v -20.848154 19.485544 30
v -20.848154 19.485544 38.799999
v -20.848154 30.514456 30
v -20.848154 30.514456 38.799999
v -20.848154 31.485544 30
v -20.848154 31.485544 38.799999
v -20.825384 -31.427525 30
v -20.825384 -31.427525 38.799999
v -20.825384 -30.572475 30
v -20.825384 -30.572475 38.799999
v -20.825384 -19.427525 30
v -20.825384 -19.427525 38.799999
v -20.825384 -18.572475 30
v -20.825384 -18.572475 38.799999
v -20.825384 18.572475 30
v -20.825384 18.572475 38.799999
v -20.825384 19.427525 30
v -20.825384 19.427525 38.799999
v -20.825384 30.572475 30
v -20.825384 30.572475 38.799999
v -20.825384 31.427525 30
v -20.825384 31.427525 38.799999
v -20.805534 -31.368444 30
v -20.805534 -31.368444 38.799999
v -20.805534 -30.631556 30
v -20.805534 -30.631556 38.799999
v -20.805534 -19.368444 30
v -20.805534 -19.368444 38.799999
v -20.805534 -18.631556 30
v -20.805534 -18.631556 38.799999
v -20.805534 18.631556 30
v -20.805534 18.631556 38.799999
v -20.805534 19.368444 30
v -20.805534 19.368444 38.799999
v -20.805534 30.631556 30
v -20.805534 30.631556 38.799999
v -20.805534 31.368444 30
v -20.805534 31.368444 38.799999
v -20.788654 -31.308447 30
v -20.788654 -31.308447 38.799999
v -20.788654 -30.691553 30
v -20.788654 -30.691553 38.799999
v -20.788654 -19.308447 30
v -20.788654 -19.308447 38.799999
v -20.788654 -18.691553 30
v -20.788654 -18.691553 38.799999
v -20.788654 18.691553 30
v -20.788654 18.691553 38.799999
v -20.788654 19.308447 30
v -20.788654 19.308447 38.799999
v -20.788654 30.691553 30
v -20.788654 30.691553 38.799999
v -20.788654 31.308447 30
v -20.788654 31.308447 38.799999
v -20.774784 -31.247683 30
v -20.774784 -31.247683 38.799999
v -20.774784 -30.752317 30
v -20.774784 -30.752317 38.799999
v -20.774784 -19.247683 30
v -20.774784 -19.247683 38.799999
v -20.774784 -18.752317 30
v -20.774784 -18.752317 38.799999
v -20.774784 18.752317 30
v -20.774784 18.752317 38.799999
v -20.774784 19.247683 30
v -20.774784 19.247683 38.799999
v -20.774784 30.752317 30
v -20.774784 30.752317 38.799999
v -20.774784 31.247683 30
v -20.774784 31.247683 38.799999
v -20.763962 -31.186302 30
v -20.763962 -31.186302 38.799999
v -20.763962 -30.813698 30
v -20.763962 -30.813698 38.799999
v -20.763962 -19.186302 30
v -20.763962 -19.186302 38.799999
v -20.763962 -18.813698 30
v -20.763962 -18.813698 38.799999
v -20.763962 18.813698 30
v -20.763962 18.813698 38.799999
v -20.763962 19.186302 30
v -20.763962 19.186302 38.799999
v -20.763962 30.813698 30
v -20.763962 30.813698 38.799999
v -20.763962 31.186302 30
v -20.763962 31.186302 38.799999
v -20.756212 -31.12446 30
v -20.756212 -31.12446 38.799999
v -20.756212 -30.87554 30
v -20.756212 -30.87554 38.799999
v -20.756212 -19.12446 30
v -20.756212 -19.12446 38.799999
v -20.756212 -18.87554 30
v -20.756212 -18.87554 38.799999
v -20.756212 18.87554 30
v -20.756212 18.87554 38.799999
v -20.756212 19.12446 30
v -20.756212 19.12446 38.799999
v -20.756212 30.87554 30
v -20.756212 30.87554 38.799999
v -20.756212 31.12446 30
v -20.756212 31.12446 38.799999
v -20.751554 -31.062307 30
v -20.751554 -31.062307 38.799999
v -20.751554 -30.937693 30
v -20.751554 -30.937693 38.799999
v -20.751554 -19.062307 30
v -20.751554 -19.062307 38.799999
v -20.751554 -18.937693 30
v -20.751554 -18.937693 38.799999
v -20.751554 18.937693 30
v -20.751554 18.937693 38.799999
v -20.751554 19.062307 30
v -20.751554 19.062307 38.799999
v -20.751554 30.937693 30
v -20.751554 30.937693 38.799999
v -20.751554 31.062307 30
v -20.751554 31.062307 38.799999
v -20.75 -31 30
v -20.75 -31 38.799999
v -20.75 -19 30
v -20.75 -19 38.799999
v -20.75 19 30
v -20.75 19 38.799999
v -20.75 31 30
v -20.75 31 38.799999
v -17 -36 38.799999
v -17 -36 40
v -17 -14 38.799999
v -17 -14 40
v -17 14 38.799999
v -17 14 40
v -17 36 38.799999
v -17 36 40
v -14 -39 28
v -14 -39 36
v -14 -11 28
v -14 -11 36
v -14 11 28
v -14 11 36
v -14 39 28
v -14 39 36
v 46.000713 -41.907505 -36
v 46.000713 -41.907505 36
v 46.000713 41.907505 -36
v 46.000713 41.907505 36
v 46.003521 -42.205521 -36
v 46.003521 -42.205521 36
v 46.003521 42.205521 -36
v 46.003521 42.205521 36
v 46.012707 -41.609722 -36
v 46.012707 -41.609722 36
v 46.012707 41.609722 -36
v 46.012707 41.609722 36
v 46.021122 -42.503025 -36
v 46.021122 -42.503025 36
v 46.021122 42.503025 -36
v 46.021122 42.503025 36
v 46.039471 -41.312897 -36
v 46.039471 -41.312897 36
v 46.039471 41.312897 -36
v 46.039471 41.312897 36
v 46.053478 -42.799294 -36
v 46.053478 -42.799294 36
v 46.053478 42.799294 -36
v 46.053478 42.799294 36
v 46.080944 -41.017773 -36
v 46.080944 -41.017773 36
v 46.080944 41.017773 -36
v 46.080944 41.017773 36
v 46.100502 -43.093586 -36
v 46.100502 -43.093586 36
v 46.100502 43.093586 -36
v 46.100502 43.093586 36
v 46.13702 -40.725067 -36
v 46.13702 -40.725067 36
v 46.13702 40.725067 -36
v 46.13702 40.725067 36
v 46.162083 -43.385181 -36
v 46.162083 -43.385181 36
v 46.162083 43.385181 -36
v 46.162083 43.385181 36
v 46.207558 -40.435509 -36
v 46.207558 -40.435509 36
v 46.207558 40.435509 -36
v 46.207558 40.435509 36
v 46.238068 -43.673359 -36
v 46.238068 -43.673359 36
v 46.238068 43.673359 -36
v 46.238068 43.673359 36
v 46.292393 -40.149811 -36
v 46.292393 -40.149811 36
v 46.292393 40.149811 -36
v 46.292393 40.149811 36
v 46.328266 -43.957409 -36
v 46.328266 -43.957409 36
v 46.328266 43.957409 -36
v 46.328266 43.957409 36
v 46.391304 -39.868675 -36
v 46.391304 -39.868675 36
v 46.391304 39.868675 -36
v 46.391304 39.868675 36
v 46.432461 -44.236629 -36
v 46.432461 -44.236629 36
v 46.432461 44.236629 -36
v 46.432461 44.236629 36
v 46.504055 -39.5928 -36
v 46.504055 -39.5928 36
v 46.504055 39.5928 -36
v 46.504055 39.5928 36
v 46.550392 -44.51033 -36
v 46.550392 -44.51033 36
v 46.550392 44.51033 -36
v 46.550392 44.51033 36
v 46.630367 -39.322865 -36
v 46.630367 -39.322865 36
v 46.630367 39.322865 -36
v 46.630367 39.322865 36
v 46.681767 -44.77784 -36
v 46.681767 -44.77784 36
v 46.681767 44.77784 -36
v 46.681767 44.77784 36
v 46.769928 -39.059536 -36
v 46.769928 -39.059536 36
v 46.769928 39.059536 -36
v 46.769928 39.059536 36
v 46.826263 -45.038494 -36
v 46.826263 -45.038494 36
v 46.826263 45.038494 -36
v 46.826263 45.038494 36
v 46.92239 -38.803459 -36
v 46.92239 -38.803459 36
v 46.92239 38.803459 -36
v 46.92239 38.803459 36
v 46.983524 -45.291649 -36
v 46.983524 -45.291649 36
v 46.983524 45.291649 -36
v 46.983524 45.291649 36
v 47.087379 -38.555267 -36
v 47.087379 -38.555267 36
v 47.087379 38.555267 -36
v 47.087379 38.555267 36
v 47.15316 -45.536686 -36
v 47.15316 -45.536686 36
v 47.15316 45.536686 -36
v 47.15316 45.536686 36
v 47.264492 -38.315578 -36
v 47.264492 -38.315578 36
v 47.264492 38.315578 -36
v 47.264492 38.315578 36
v 47.334759 -45.772999 -36
v 47.334759 -45.772999 36
v 47.334759 45.772999 -36
v 47.334759 45.772999 36
v 47.453285 -38.084976 -36
v 47.453285 -38.084976 36
v 47.453285 38.084976 -36
v 47.453285 38.084976 36
v 47.527863 -46 -36
v 47.527863 -46 36
v 47.527863 46 -36
v 47.527863 46 36
v 47.653301 -37.864037 -36
v 47.653301 -37.864037 36
v 47.653301 37.864037 -36
v 47.653301 37.864037 36
v 47.864037 -37.653301 -36
v 47.864037 -37.653301 36
v 47.864037 37.653301 -36
v 47.864037 37.653301 36
v 48.084976 -37.453285 -36
v 48.084976 -37.453285 36
v 48.084976 37.453285 -36
v 48.084976 37.453285 36
v 48.315578 -37.264492 -36
v 48.315578 -37.264492 36
v 48.315578 37.264492 -36
v 48.315578 37.264492 36
v 48.555267 -37.087379 -36
v 48.555267 -37.087379 36
v 48.555267 37.087379 -36
v 48.555267 37.087379 36
v 48.803459 -36.92239 -36
v 48.803459 -36.92239 36
v 48.803459 36.92239 -36
v 48.803459 36.92239 36
v 49.059536 -36.769928 -36
v 49.059536 -36.769928 36
v 49.059536 36.769928 -36
v 49.059536 36.769928 36
v 49.322865 -36.630367 -36
v 49.322865 -36.630367 36
v 49.322865 36.630367 -36
v 49.322865 36.630367 36
v 49.5928 -36.504055 -36
v 49.5928 -36.504055 36
v 49.5928 36.504055 -36
v 49.5928 36.504055 36
v 49.868675 -36.391304 -36
v 49.868675 -36.391304 36
v 49.868675 36.391304 -36
v 49.868675 36.391304 36
v 50.149811 -36.292393 -36
v 50.149811 -36.292393 36
v 50.149811 36.292393 -36
v 50.149811 36.292393 36
v 50.435509 -36.207558 -36
v 50.435509 -36.207558 36
v 50.435509 36.207558 -36
v 50.435509 36.207558 36
v 50.725067 -36.13702 -36
v 50.725067 -36.13702 36
v 50.725067 36.13702 -36
v 50.725067 36.13702 36
v 50.75 -42 -36
v 50.75 -42 -20.01
v 50.75 42 -36
v 50.75 42 -20.01
v 50.751553 -42.062305 -36
v 50.751553 -42.062305 -20.01
v 50.751553 -41.937695 -36
v 50.751553 -41.937695 -20.01
v 50.751553 41.937695 -36
v 50.751553 41.937695 -20.01
v 50.751553 42.062305 -36
v 50.751553 42.062305 -20.01
v 50.75621 -42.124458 -36
v 50.75621 -42.124458 -20.01
v 50.75621 -41.875542 -36
v 50.75621 -41.875542 -20.01
v 50.75621 41.875542 -36
v 50.75621 41.875542 -20.01
v 50.75621 42.124458 -36
v 50.75621 42.124458 -20.01
v 50.763962 -42.186302 -36
v 50.763962 -42.186302 -20.01
v 50.763962 -41.813698 -36
v 50.763962 -41.813698 -20.01
v 50.763962 41.813698 -36
v 50.763962 41.813698 -20.01
v 50.763962 42.186302 -36
v 50.763962 42.186302 -20.01
v 50.774784 -42.247684 -36
v 50.774784 -42.247684 -20.01
v 50.774784 -41.752316 -36
v 50.774784 -41.752316 -20.01
v 50.774784 41.752316 -36
v 50.774784 41.752316 -20.01
v 50.774784 42.247684 -36
v 50.774784 42.247684 -20.01
v 50.788654 -42.308445 -36
v 50.788654 -42.308445 -20.01
v 50.788654 -41.691555 -36
v 50.788654 -41.691555 -20.01
v 50.788654 41.691555 -36
v 50.788654 41.691555 -20.01
v 50.788654 42.308445 -36
v 50.788654 42.308445 -20.01
v 50.805534 -42.368443 -36
v 50.805534 -42.368443 -20.01
v 50.805534 -41.631557 -36
v 50.805534 -41.631557 -20.01
v 50.805534 41.631557 -36
v 50.805534 41.631557 -20.01
v 50.805534 42.368443 -36
v 50.805534 42.368443 -20.01
v 50.825386 -42.427525 -36
v 50.825386 -42.427525 -20.01
v 50.825386 -41.572475 -36
v 50.825386 -41.572475 -20.01
v 50.825386 41.572475 -36
v 50.825386 41.572475 -20.01
v 50.825386 42.427525 -36
v 50.825386 42.427525 -20.01
v 50.848156 -42.485542 -36
v 50.848156 -42.485542 -20.01
v 50.848156 -41.514458 -36
v 50.848156 -41.514458 -20.01
v 50.848156 41.514458 -36
v 50.848156 41.514458 -20.01
v 50.848156 42.485542 -36
v 50.848156 42.485542 -20.01
v 50.873791 -42.542355 -36
v 50.873791 -42.542355 -20.01
v 50.873791 -41.457645 -36
v 50.873791 -41.457645 -20.01
v 50.873791 41.457645 -36
v 50.873791 41.457645 -20.01
v 50.873791 42.542355 -36
v 50.873791 42.542355 -20.01
v 50.902222 -42.597816 -36
v 50.902222 -42.597816 -20.01
v 50.902222 -41.402184 -36
v 50.902222 -41.402184 -20.01
v 50.902222 41.402184 -36
v 50.902222 41.402184 -20.01
v 50.902222 42.597816 -36
v 50.902222 42.597816 -20.01
v 50.933388 -42.651794 -36
v 50.933388 -42.651794 -20.01
v 50.933388 -41.348206 -36
v 50.933388 -41.348206 -20.01
v 50.933388 41.348206 -36
v 50.933388 41.348206 -20.01
v 50.933388 42.651794 -36
v 50.933388 42.651794 -20.01
v 50.967201 -42.704151 -36
v 50.967201 -42.704151 -20.01
v 50.967201 -41.295849 -36
v 50.967201 -41.295849 -20.01
v 50.967201 41.295849 -36
v 50.967201 41.295849 -20.01
v 50.967201 42.704151 -36
v 50.967201 42.704151 -20.01
v 51.003586 -42.754757 -36
v 51.003586 -42.754757 -20.01
v 51.003586 -41.245243 -36
v 51.003586 -41.245243 -20.01
v 51.003586 41.245243 -36
v 51.003586 41.245243 -20.01
v 51.003586 42.754757 -36
v 51.003586 42.754757 -20.01
v 51.017773 -36.080944 -36
v 51.017773 -36.080944 36
v 51.017773 36.080944 -36
v 51.017773 36.080944 36
v 51.042446 -42.803486 -36
v 51.042446 -42.803486 -20.01
v 51.042446 -41.196514 -36
v 51.042446 -41.196514 -20.01
v 51.042446 41.196514 -36
v 51.042446 41.196514 -20.01
v 51.042446 42.803486 -36
v 51.042446 42.803486 -20.01
v 51.083687 -42.850216 -36
v 51.083687 -42.850216 -20.01
v 51.083687 -41.149784 -36
v 51.083687 -41.149784 -20.01
v 51.083687 41.149784 -36
v 51.083687 41.149784 -20.01
v 51.083687 42.850216 -36
v 51.083687 42.850216 -20.01
v 51.127205 -42.894833 -36
v 51.127205 -42.894833 -20.01
v 51.127205 -41.105167 -36
v 51.127205 -41.105167 -20.01
v 51.127205 41.105167 -36
v 51.127205 41.105167 -20.01
v 51.127205 42.894833 -36
v 51.127205 42.894833 -20.01
v 51.172894 -42.937225 -36
v 51.172894 -42.937225 -20.01
v 51.172894 -41.062775 -36
v 51.172894 -41.062775 -20.01
v 51.172894 41.062775 -36
v 51.172894 41.062775 -20.01
v 51.172894 42.937225 -36
v 51.172894 42.937225 -20.01
v 51.220638 -42.977291 -36
v 51.220638 -42.977291 -20.01
v 51.220638 -41.022709 -36
v 51.220638 -41.022709 -20.01
v 51.220638 41.022709 -36
v 51.220638 41.022709 -20.01
v 51.220638 42.977291 -36
v 51.220638 42.977291 -20.01
v 51.270321 -43.014923 -36
v 51.270321 -43.014923 -20.01
v 51.270321 -40.985077 -36
v 51.270321 -40.985077 -20.01
v 51.270321 40.985077 -36
v 51.270321 40.985077 -20.01
v 51.270321 43.014923 -36
v 51.270321 43.014923 -20.01
v 51.312897 -36.039471 -36
v 51.312897 -36.039471 36
v 51.312897 36.039471 -36
v 51.312897 36.039471 36
v 51.321815 -43.050034 -36
v 51.321815 -43.050034 -20.01
v 51.321815 -40.949966 -36
v 51.321815 -40.949966 -20.01
v 51.321815 40.949966 -36
v 51.321815 40.949966 -20.01
v 51.321815 43.050034 -36
v 51.321815 43.050034 -20.01
v 51.375 -43.082531 -36
v 51.375 -43.082531 -20.01
v 51.375 -40.917469 -36
v 51.375 -40.917469 -20.01
v 51.375 40.917469 -36
v 51.375 40.917469 -20.01
v 51.375 43.082531 -36
v 51.375 43.082531 -20.01
v 51.429737 -43.112339 -36
v 51.429737 -43.112339 -20.01
v 51.429737 -40.887661 -36
v 51.429737 -40.887661 -20.01
v 51.429737 40.887661 -36
v 51.429737 40.887661 -20.01
v 51.429737 43.112339 -36
v 51.429737 43.112339 -20.01
v 51.485889 -43.139381 -36
v 51.485889 -43.139381 -20.01
v 51.485889 -40.860619 -36
v 51.485889 -40.860619 -20.01
v 51.485889 40.860619 -36
v 51.485889 40.860619 -20.01
v 51.485889 43.139381 -36
v 51.485889 43.139381 -20.01
v 51.543324 -43.163593 -36
v 51.543324 -43.163593 -20.01
v 51.543324 -40.836407 -36
v 51.543324 -40.836407 -20.01
v 51.543324 40.836407 -36
v 51.543324 40.836407 -20.01
v 51.543324 43.163593 -36
v 51.543324 43.163593 -20.01
v 51.601891 -43.18491 -36
v 51.601891 -43.18491 -20.01
v 51.601891 -40.81509 -36
v 51.601891 -40.81509 -20.01
v 51.601891 40.81509 -36
v 51.601891 40.81509 -20.01
v 51.601891 43.18491 -36
v 51.601891 43.18491 -20.01
v 51.609722 -36.012707 -36
v 51.609722 -36.012707 36
v 51.609722 36.012707 -36
v 51.609722 36.012707 36
v 51.661449 -43.203281 -36
v 51.661449 -43.203281 -20.01
v 51.661449 -40.796719 -36
v 51.661449 -40.796719 -20.01
v 51.661449 40.796719 -36
v 51.661449 40.796719 -20.01
v 51.661449 43.203281 -36
v 51.661449 43.203281 -20.01
v 51.721848 -43.218658 -36
v 51.721848 -43.218658 -20.01
v 51.721848 -40.781342 -36
v 51.721848 -40.781342 -20.01
v 51.721848 40.781342 -36
v 51.721848 40.781342 -20.01
v 51.721848 43.218658 -36
v 51.721848 43.218658 -20.01
v 51.78294 -43.23101 -36
v 51.78294 -43.23101 -20.01
v 51.78294 -40.76899 -36
v 51.78294 -40.76899 -20.01
v 51.78294 40.76899 -36
v 51.78294 40.76899 -20.01
v 51.78294 43.23101 -36
v 51.78294 43.23101 -20.01
v 51.84457 -43.240299 -36
v 51.84457 -43.240299 -20.01
v 51.84457 -40.759701 -36
v 51.84457 -40.759701 -20.01
v 51.84457 40.759701 -36
v 51.84457 40.759701 -20.01
v 51.84457 43.240299 -36
v 51.84457 43.240299 -20.01
v 51.906586 -43.246506 -36
v 51.906586 -43.246506 -20.01
v 51.906586 -40.753494 -36
v 51.906586 -40.753494 -20.01
v 51.906586 40.753494 -36
v 51.906586 40.753494 -20.01
v 51.906586 43.246506 -36
v 51.906586 43.246506 -20.01
v 51.907505 -36.000713 -36
v 51.907505 -36.000713 36
v 51.907505 36.000713 -36
v 51.907505 36.000713 36
v 51.968838 -43.249611 -36
v 51.968838 -43.249611 -20.01
v 51.968838 -40.750389 -36
v 51.968838 -40.750389 -20.01
v 51.968838 40.750389 -36
v 51.968838 40.750389 -20.01
v 51.968838 43.249611 -36
v 51.968838 43.249611 -20.01
v 52.031162 -43.249611 -36
v 52.031162 -43.249611 -20.01
v 52.031162 -40.750389 -36
v 52.031162 -40.750389 -20.01
v 52.031162 40.750389 -36
v 52.031162 40.750389 -20.01
v 52.031162 43.249611 -36
v 52.031162 43.249611 -20.01
v 52.093414 -43.246506 -36
v 52.093414 -43.246506 -20.01
v 52.093414 -40.753494 -36
v 52.093414 -40.753494 -20.01
v 52.093414 40.753494 -36
v 52.093414 40.753494 -20.01
v 52.093414 43.246506 -36
v 52.093414 43.246506 -20.01
v 52.15543 -43.240299 -36
v 52.15543 -43.240299 -20.01
v 52.15543 -40.759701 -36
v 52.15543 -40.759701 -20.01
v 52.15543 40.759701 -36
v 52.15543 40.759701 -20.01
v 52.15543 43.240299 -36
v 52.15543 43.240299 -20.01
v 52.205521 -36.003521 -36
v 52.205521 -36.003521 36
v 52.205521 36.003521 -36
v 52.205521 36.003521 36
v 52.21706 -43.23101 -36
v 52.21706 -43.23101 -20.01
v 52.21706 -40.76899 -36
v 52.21706 -40.76899 -20.01
v 52.21706 40.76899 -36
v 52.21706 40.76899 -20.01
v 52.21706 43.23101 -36
v 52.21706 43.23101 -20.01
v 52.278152 -43.218658 -36
v 52.278152 -43.218658 -20.01
v 52.278152 -40.781342 -36
v 52.278152 -40.781342 -20.01
v 52.278152 40.781342 -36
v 52.278152 40.781342 -20.01
v 52.278152 43.218658 -36
v 52.278152 43.218658 -20.01
v 52.338551 -43.203281 -36
v 52.338551 -43.203281 -20.01
v 52.338551 -40.796719 -36
v 52.338551 -40.796719 -20.01
v 52.338551 40.796719 -36
v 52.338551 40.796719 -20.01
v 52.338551 43.203281 -36
v 52.338551 43.203281 -20.01
v 52.398109 -43.18491 -36
v 52.398109 -43.18491 -20.01
v 52.398109 -40.81509 -36
v 52.398109 -40.81509 -20.01
v 52.398109 40.81509 -36
v 52.398109 40.81509 -20.01
v 52.398109 43.18491 -36
v 52.398109 43.18491 -20.01
v 52.456676 -43.163593 -36
v 52.456676 -43.163593 -20.01
v 52.456676 -40.836407 -36
v 52.456676 -40.836407 -20.01
v 52.456676 40.836407 -36
v 52.456676 40.836407 -20.01
v 52.456676 43.163593 -36
v 52.456676 43.163593 -20.01
v 52.503025 -36.021122 -36
v 52.503025 -36.021122 36
v 52.503025 36.021122 -36
v 52.503025 36.021122 36
v 52.514111 -43.139381 -36
v 52.514111 -43.139381 -20.01
v 52.514111 -40.860619 -36
v 52.514111 -40.860619 -20.01
v 52.514111 40.860619 -36
v 52.514111 40.860619 -20.01
v 52.514111 43.139381 -36
v 52.514111 43.139381 -20.01
v 52.570263 -43.112339 -36
v 52.570263 -43.112339 -20.01
v 52.570263 -40.887661 -36
v 52.570263 -40.887661 -20.01
v 52.570263 40.887661 -36
v 52.570263 40.887661 -20.01
v 52.570263 43.112339 -36
v 52.570263 43.112339 -20.01
v 52.625 -43.082531 -36
v 52.625 -43.082531 -20.01
v 52.625 -40.917469 -36
v 52.625 -40.917469 -20.01
v 52.625 40.917469 -36
v 52.625 40.917469 -20.01
v 52.625 43.082531 -36
v 52.625 43.082531 -20.01
v 52.678185 -43.050034 -36
v 52.678185 -43.050034 -20.01
v 52.678185 -40.949966 -36
v 52.678185 -40.949966 -20.01
v 52.678185 40.949966 -36
v 52.678185 40.949966 -20.01
v 52.678185 43.050034 -36
v 52.678185 43.050034 -20.01
v 52.729679 -43.014923 -36
v 52.729679 -43.014923 -20.01
v 52.729679 -40.985077 -36
v 52.729679 -40.985077 -20.01
v 52.729679 40.985077 -36
v 52.729679 40.985077 -20.01
v 52.729679 43.014923 -36
v 52.729679 43.014923 -20.01
v 52.779362 -42.977291 -36
v 52.779362 -42.977291 -20.01
v 52.779362 -41.022709 -36
v 52.779362 -41.022709 -20.01
v 52.779362 41.022709 -36
v 52.779362 41.022709 -20.01
v 52.779362 42.977291 -36
v 52.779362 42.977291 -20.01
v 52.799294 -36.053478 -36
v 52.799294 -36.053478 36
v 52.799294 36.053478 -36
v 52.799294 36.053478 36
v 52.827106 -42.937225 -36
v 52.827106 -42.937225 -20.01
v 52.827106 -41.062775 -36
v 52.827106 -41.062775 -20.01
v 52.827106 41.062775 -36
v 52.827106 41.062775 -20.01
v 52.827106 42.937225 -36
v 52.827106 42.937225 -20.01
v 52.872795 -42.894833 -36
v 52.872795 -42.894833 -20.01
v 52.872795 -41.105167 -36
v 52.872795 -41.105167 -20.01
v 52.872795 41.105167 -36
v 52.872795 41.105167 -20.01
v 52.872795 42.894833 -36
v 52.872795 42.894833 -20.01
v 52.916313 -42.850216 -36
v 52.916313 -42.850216 -20.01
v 52.916313 -41.149784 -36
v 52.916313 -41.149784 -20.01
v 52.916313 41.149784 -36
v 52.916313 41.149784 -20.01
v 52.916313 42.850216 -36
v 52.916313 42.850216 -20.01
v 52.957554 -42.803486 -36
v 52.957554 -42.803486 -20.01
v 52.957554 -41.196514 -36
v 52.957554 -41.196514 -20.01
v 52.957554 41.196514 -36
v 52.957554 41.196514 -20.01
v 52.957554 42.803486 -36
v 52.957554 42.803486 -20.01
v 52.996414 -42.754757 -36
v 52.996414 -42.754757 -20.01
v 52.996414 -41.245243 -36
v 52.996414 -41.245243 -20.01
v 52.996414 41.245243 -36
v 52.996414 41.245243 -20.01
v 52.996414 42.754757 -36
v 52.996414 42.754757 -20.01
v 53.032799 -42.704151 -36
v 53.032799 -42.704151 -20.01
v 53.032799 -41.295849 -36
v 53.032799 -41.295849 -20.01
v 53.032799 41.295849 -36
v 53.032799 41.295849 -20.01
v 53.032799 42.704151 -36
v 53.032799 42.704151 -20.01
v 53.066612 -42.651794 -36
v 53.066612 -42.651794 -20.01
v 53.066612 -41.348206 -36
v 53.066612 -41.348206 -20.01
v 53.066612 41.348206 -36
v 53.066612 41.348206 -20.01
v 53.066612 42.651794 -36
v 53.066612 42.651794 -20.01
v 53.093586 -36.100502 -36
v 53.093586 -36.100502 36
v 53.093586 36.100502 -36
v 53.093586 36.100502 36
v 53.097778 -42.597816 -36
v 53.097778 -42.597816 -20.01
v 53.097778 -41.402184 -36
v 53.097778 -41.402184 -20.01
v 53.097778 41.402184 -36
v 53.097778 41.402184 -20.01
v 53.097778 42.597816 -36
v 53.097778 42.597816 -20.01
v 53.126209 -42.542355 -36
v 53.126209 -42.542355 -20.01
v 53.126209 -41.457645 -36
v 53.126209 -41.457645 -20.01
v 53.126209 41.457645 -36
v 53.126209 41.457645 -20.01
v 53.126209 42.542355 -36
v 53.126209 42.542355 -20.01
v 53.151844 -42.485542 -36
v 53.151844 -42.485542 -20.01
v 53.151844 -41.514458 -36
v 53.151844 -41.514458 -20.01
v 53.151844 41.514458 -36
v 53.151844 41.514458 -20.01
v 53.151844 42.485542 -36
v 53.151844 42.485542 -20.01
v 53.174614 -42.427525 -36
v 53.174614 -42.427525 -20.01
v 53.174614 -41.572475 -36
v 53.174614 -41.572475 -20.01
v 53.174614 41.572475 -36
v 53.174614 41.572475 -20.01
v 53.174614 42.427525 -36
v 53.174614 42.427525 -20.01
v 53.194466 -42.368443 -36
v 53.194466 -42.368443 -20.01
v 53.194466 -41.631557 -36
v 53.194466 -41.631557 -20.01
v 53.194466 41.631557 -36
v 53.194466 41.631557 -20.01
v 53.194466 42.368443 -36
v 53.194466 42.368443 -20.01
v 53.211346 -42.308445 -36
v 53.211346 -42.308445 -20.01
v 53.211346 -41.691555 -36
v 53.211346 -41.691555 -20.01
v 53.211346 41.691555 -36
v 53.211346 41.691555 -20.01
v 53.211346 42.308445 -36
v 53.211346 42.308445 -20.01
v 53.225216 -42.247684 -36
v 53.225216 -42.247684 -20.01
v 53.225216 -41.752316 -36
v 53.225216 -41.752316 -20.01
v 53.225216 41.752316 -36
v 53.225216 41.752316 -20.01
v 53.225216 42.247684 -36
v 53.225216 42.247684 -20.01
v 53.236038 -42.186302 -36
v 53.236038 -42.186302 -20.01
v 53.236038 -41.813698 -36
v 53.236038 -41.813698 -20.01
v 53.236038 41.813698 -36
v 53.236038 41.813698 -20.01
v 53.236038 42.186302 -36
v 53.236038 42.186302 -20.01
v 53.24379 -42.124458 -36
v 53.24379 -42.124458 -20.01
v 53.24379 -41.875542 -36
v 53.24379 -41.875542 -20.01
v 53.24379 41.875542 -36
v 53.24379 41.875542 -20.01
v 53.24379 42.124458 -36
v 53.24379 42.124458 -20.01
v 53.248447 -42.062305 -36
v 53.248447 -42.062305 -20.01
v 53.248447 -41.937695 -36
v 53.248447 -41.937695 -20.01
v 53.248447 41.937695 -36
v 53.248447 41.937695 -20.01
v 53.248447 42.062305 -36
v 53.248447 42.062305 -20.01
v 53.25 -42 -36
v 53.25 -42 -20.01
v 53.25 42 -36
v 53.25 42 -20.01
v 53.385181 -36.162083 -36
v 53.385181 -36.162083 36
v 53.385181 36.162083 -36
v 53.385181 36.162083 36
v 53.673359 -36.238068 -36
v 53.673359 -36.238068 36
v 53.673359 36.238068 -36
v 53.673359 36.238068 36
v 53.957409 -36.328266 -36
v 53.957409 -36.328266 36
v 53.957409 36.328266 -36
v 53.957409 36.328266 36
v 54.236629 -36.432461 -36
v 54.236629 -36.432461 36
v 54.236629 36.432461 -36
v 54.236629 36.432461 36
v 54.51033 -36.550392 -36
v 54.51033 -36.550392 36
v 54.51033 36.550392 -36
v 54.51033 36.550392 36
v 54.77784 -36.681767 -36
v 54.77784 -36.681767 36
v 54.77784 36.681767 -36
v 54.77784 36.681767 36
v 55.038494 -36.826263 -36
v 55.038494 -36.826263 36
v 55.038494 36.826263 -36
v 55.038494 36.826263 36
v 55.291649 -36.983524 -36
v 55.291649 -36.983524 36
v 55.291649 36.983524 -36
v 55.291649 36.983524 36
v 55.536686 -37.15316 -36
v 55.536686 -37.15316 36
v 55.536686 37.15316 -36
v 55.536686 37.15316 36
v 55.772999 -37.334759 -36
v 55.772999 -37.334759 36
v 55.772999 37.334759 -36
v 55.772999 37.334759 36
v 56 -37.527863 -36
v 56 -37.527863 36
v 56 37.527863 -36
v 56 37.527863 36
v 58 -48 -40
v 58 -48 -36
v 58 48 -40
v 58 48 -36
v 60 -50 -40
v 60 -50 40
v 60 50 -40
v 60 50 40
f 20 19 17
f 18 20 17
f 15 17 19
f 16 20 18
f 13 19 9
f 13 15 19
f 14 16 15
f 14 15 13
f 11 13 9
f 10 12 11
f 10 14 12
f 10 11 9
f 20 14 10
f 20 16 14
f 3582 9 3581
f 3582 10 9
f 2810 22 10
f 2814 24 2812
f 2814 26 24
f 3582 2812 2810
f 3582 2810 10
f 2816 20 28
f 3584 2816 2814
f 3584 2812 3582
f 3584 2814 2812
f 20 10 22
f 20 22 24
f 20 24 26
f 20 26 28
f 3584 20 2816
f 31 9 19
f 31 29 9
f 3581 29 3577
f 3581 9 29
f 3583 3577 3579
f 3583 3581 3577
f 3583 31 19
f 3583 3579 31
f 3584 3583 19
f 3584 19 20
f 17 5 7
f 17 15 5
f 18 17 7
f 18 7 8
f 16 5 15
f 16 6 5
f 18 8 6
f 18 6 16
f 13 1 3
f 13 11 1
f 14 13 3
f 14 3 4
f 14 4 2
f 14 2 12
f 12 1 11
f 12 2 1
f 3582 3581 3583
f 3582 3583 3584
f 22 21 23
f 22 23 24
f 2810 2809 21
f 2810 21 22
f 2810 2811 2809
f 2810 2812 2811
f 2812 23 2811
f 2812 24 23
f 26 25 27
f 26 27 28
f 2816 27 2815
f 2816 28 27
f 2814 2813 25
f 2814 25 26
f 2814 2815 2813
f 2814 2816 2815
f 30 29 31
f 30 31 32
f 3578 3577 29
f 3578 29 30
f 3578 3579 3577
f 3578 3580 3579
f 3580 31 3579
f 3580 32 31
f 5 8 7
f 6 8 5
f 1 4 3
f 2 4 1
f 290 21 306
f 322 306 21
f 274 21 290
f 340 322 21
f 258 21 274
f 358 340 21
f 242 21 258
f 374 358 21
f 222 21 242
f 390 374 21
f 206 21 222
f 406 390 21
f 190 21 206
f 424 406 21
f 174 21 190
f 442 424 21
f 158 21 174
f 458 442 21
f 142 21 158
f 474 458 21
f 126 21 142
f 490 474 21
f 110 21 126
f 510 490 21
f 94 21 110
f 526 510 21
f 78 21 94
f 542 526 21
f 62 21 78
f 558 542 21
f 54 21 62
f 576 558 21
f 64 21 54
f 594 576 21
f 80 21 64
f 610 594 21
f 96 21 80
f 626 610 21
f 112 21 96
f 642 626 21
f 128 21 112
f 662 642 21
f 144 21 128
f 678 662 21
f 160 21 144
f 694 678 21
f 176 21 160
f 710 694 21
f 726 710 21
f 746 726 21
f 294 308 310
f 294 292 308
f 326 310 308
f 326 324 342
f 326 308 324
f 278 276 292
f 278 292 294
f 344 326 342
f 262 260 276
f 262 244 260
f 262 276 278
f 362 342 360
f 362 344 342
f 246 244 262
f 246 224 244
f 378 376 392
f 378 360 376
f 378 362 360
f 226 224 246
f 226 208 224
f 394 378 392
f 210 208 226
f 410 392 408
f 410 394 392
f 194 192 208
f 194 208 210
f 428 408 426
f 428 410 408
f 178 176 192
f 178 192 194
f 446 426 444
f 446 428 426
f 462 444 460
f 462 446 444
f 478 460 476
f 478 462 460
f 494 478 476
f 494 492 512
f 494 476 492
f 514 494 512
f 530 528 544
f 530 512 528
f 530 514 512
f 546 530 544
f 562 546 544
f 562 544 560
f 580 562 560
f 580 578 596
f 580 560 578
f 598 580 596
f 614 598 596
f 614 596 612
f 630 612 628
f 630 614 612
f 646 628 644
f 646 630 628
f 666 644 664
f 666 646 644
f 682 664 680
f 682 666 664
f 698 682 680
f 698 696 712
f 698 680 696
f 714 698 712
f 714 712 728
f 730 714 728
f 750 728 748
f 750 730 728
f 766 750 748
f 766 764 780
f 766 748 764
f 782 766 780
f 834 832 872
f 834 780 832
f 834 782 780
f 874 834 872
f 898 872 896
f 898 874 872
f 23 21 176
f 23 280 296
f 23 264 280
f 23 248 264
f 23 228 248
f 23 212 228
f 23 196 212
f 23 180 196
f 23 164 180
f 23 148 164
f 23 132 148
f 23 116 132
f 23 100 116
f 23 84 100
f 23 68 84
f 23 56 68
f 23 66 56
f 23 82 66
f 23 98 82
f 23 114 98
f 23 130 114
f 23 146 130
f 23 162 146
f 23 178 162
f 23 176 178
f 312 23 296
f 934 932 956
f 934 896 932
f 934 898 896
f 328 23 312
f 958 956 980
f 958 934 956
f 346 23 328
f 982 958 980
f 364 23 346
f 1006 980 1004
f 1006 982 980
f 380 23 364
f 1030 1028 1052
f 1030 1004 1028
f 1030 1006 1004
f 396 23 380
f 1054 1052 1068
f 1054 1030 1052
f 412 23 396
f 1070 1068 1092
f 1070 1054 1068
f 430 23 412
f 1094 1070 1092
f 448 23 430
f 1118 1092 1116
f 1118 1094 1092
f 464 23 448
f 480 23 464
f 496 23 480
f 516 23 496
f 532 23 516
f 548 23 532
f 564 23 548
f 582 23 564
f 600 23 582
f 616 23 600
f 632 23 616
f 648 23 632
f 668 23 648
f 684 23 668
f 700 23 684
f 716 23 700
f 732 23 716
f 2050 894 870
f 2034 930 894
f 2034 894 2050
f 2066 2050 870
f 2018 954 930
f 2018 930 2034
f 2082 870 830
f 2082 2066 870
f 2002 978 954
f 2002 954 2018
f 2098 778 762
f 2098 830 778
f 2098 2082 830
f 1986 1002 978
f 1986 978 2002
f 2114 2098 762
f 1970 1026 1002
f 1970 1002 1986
f 2130 762 746
f 2130 746 21
f 2130 2114 762
f 1954 1026 1970
f 1954 1050 1026
f 1938 1066 1050
f 1938 1050 1954
f 1922 1090 1066
f 1922 1114 1090
f 1922 1066 1938
f 1906 1114 1922
f 1890 1132 1114
f 1890 1114 1906
f 1874 1132 1890
f 1874 1150 1132
f 1874 1174 1150
f 1858 1174 1874
f 1842 1190 1174
f 1842 1174 1858
f 1826 1206 1190
f 1826 1190 1842
f 1810 1222 1206
f 1810 1206 1826
f 1802 1224 1238
f 1802 1222 1810
f 1802 1238 1222
f 1812 1224 1802
f 1828 1208 1224
f 1828 1192 1208
f 1828 1224 1812
f 1844 1176 1192
f 1844 1192 1828
f 1860 1152 1176
f 1860 1176 1844
f 1876 1152 1860
f 1892 1134 1152
f 1892 1152 1876
f 1908 1116 1134
f 1908 1118 1116
f 1908 1134 1892
f 2809 2146 2130
f 2809 2162 2146
f 2809 2178 2162
f 2809 2130 21
f 2809 2194 2178
f 2809 2210 2194
f 2809 2226 2210
f 2809 2242 2226
f 2809 2258 2242
f 2809 2274 2258
f 2809 2290 2274
f 2809 2306 2290
f 2809 2322 2306
f 2809 2338 2322
f 2809 2354 2338
f 2809 2370 2354
f 2809 2386 2370
f 2809 2402 2386
f 2809 2418 2402
f 2809 2434 2418
f 2809 2450 2434
f 2809 2466 2450
f 2809 2482 2466
f 2809 2498 2482
f 2809 2514 2498
f 2809 2530 2514
f 2809 2546 2530
f 2562 2546 2809
f 2578 2562 2809
f 2594 2578 2809
f 2610 2594 2809
f 2626 2610 2809
f 2642 2626 2809
f 2658 2642 2809
f 2674 2658 2809
f 2690 2674 2809
f 2706 2690 2809
f 2722 2706 2809
f 2738 2722 2809
f 2754 2738 2809
f 2770 2754 2809
f 2786 2770 2809
f 2802 2786 2809
f 2788 2802 2809
f 2772 2788 2809
f 2756 2772 2809
f 2740 2756 2809
f 2724 2740 2809
f 2708 2724 2809
f 2692 2708 2809
f 2676 2692 2809
f 2038 2052 2054
f 2038 2036 2052
f 2070 2054 2052
f 2070 2068 2084
f 2070 2052 2068
f 2022 2036 2038
f 2022 2020 2036
f 2086 2070 2084
f 2006 2020 2022
f 2006 2004 2020
f 2102 2086 2084
f 2102 2100 2116
f 2102 2084 2100
f 1990 2004 2006
f 1990 1988 2004
f 1990 1972 1988
f 2118 2116 2132
f 2118 2102 2116
f 1974 1972 1990
f 2134 2132 2148
f 2134 2118 2132
f 1958 1972 1974
f 1958 1956 1972
f 2150 2134 2148
f 1942 1956 1958
f 1942 1940 1956
f 1942 1924 1940
f 2166 2148 2164
f 2166 2150 2148
f 1926 1924 1942
f 2182 2164 2180
f 2182 2166 2164
f 1910 1118 1908
f 1910 1908 1924
f 1910 1924 1926
f 2198 2180 2196
f 2198 2182 2180
f 1894 1136 1118
f 1894 1154 1136
f 1894 1118 1910
f 2214 2196 2212
f 2214 2198 2196
f 1878 1154 1894
f 1878 1178 1154
f 2230 2214 2212
f 2230 2212 2228
f 1862 1178 1878
f 2246 2230 2228
f 2246 2244 2260
f 2246 2228 2244
f 1846 1178 1862
f 1846 1194 1178
f 2262 2246 2260
f 2262 2260 2276
f 1830 1194 1846
f 1830 1210 1194
f 2278 2262 2276
f 1814 1210 1830
f 1814 1226 1210
f 2294 2278 2276
f 2294 2292 2308
f 2294 2276 2292
f 1804 1226 1814
f 1804 1240 1226
f 2310 2294 2308
f 1816 1228 1240
f 1816 1240 1804
f 2326 2310 2308
f 2326 2324 2340
f 2326 2308 2324
f 1832 1228 1816
f 1832 1212 1228
f 1832 1196 1212
f 2342 2326 2340
f 2342 2340 2356
f 1848 1196 1832
f 2358 2342 2356
f 1864 1196 1848
f 1864 1180 1196
f 2374 2358 2356
f 2374 2372 2388
f 2374 2356 2372
f 1880 1180 1864
f 1880 1156 1180
f 2390 2374 2388
f 2390 2388 2404
f 1896 1156 1880
f 1896 1138 1156
f 2406 2390 2404
f 1912 1120 1138
f 1912 1096 1120
f 1912 1138 1896
f 2422 2420 2436
f 2422 2404 2420
f 2422 2406 2404
f 1928 1096 1912
f 1928 1072 1096
f 2438 2422 2436
f 2438 2436 2452
f 1944 1072 1928
f 2454 2438 2452
f 1960 1072 1944
f 1960 1056 1072
f 2470 2452 2468
f 2470 2454 2452
f 1976 1056 1960
f 1976 1032 1056
f 2486 2468 2484
f 2486 2470 2468
f 1992 1032 1976
f 1992 1008 1032
f 2502 2484 2500
f 2502 2486 2484
f 2008 984 1008
f 2008 1008 1992
f 2518 2500 2516
f 2518 2502 2500
f 2024 960 984
f 2024 984 2008
f 2534 2532 2548
f 2534 2516 2532
f 2534 2518 2516
f 2040 936 960
f 2040 960 2024
f 2550 2548 2564
f 2550 2534 2548
f 2056 936 2040
f 2056 900 936
f 2566 2550 2564
f 2072 876 900
f 2072 900 2056
f 2582 2580 2596
f 2582 2564 2580
f 2582 2566 2564
f 2088 836 876
f 2088 876 2072
f 2598 2596 2612
f 2598 2582 2596
f 2104 784 836
f 2104 836 2088
f 2614 2598 2612
f 2630 2612 2628
f 2630 2614 2612
f 2646 2630 2628
f 2646 2644 2660
f 2646 2628 2644
f 2662 2646 2660
f 2678 2660 2676
f 2678 2662 2660
f 2811 2758 2742
f 2811 2456 2472
f 2811 2774 2758
f 2811 2440 2456
f 2811 2790 2774
f 2811 2424 2440
f 2811 2804 2790
f 2811 2408 2424
f 2811 2392 2408
f 2811 2376 2392
f 2811 2360 2376
f 2811 2344 2360
f 2811 2328 2344
f 2811 2312 2328
f 2811 2296 2312
f 2811 2280 2296
f 2811 2264 2280
f 2811 2248 2264
f 2811 2232 2248
f 2811 2678 2676
f 2811 2216 2232
f 2811 2200 2216
f 2811 2184 2200
f 2811 2168 2184
f 2811 2152 2168
f 2811 2676 2809
f 2811 2792 2804
f 2811 2776 2792
f 2811 2760 2776
f 2811 2744 2760
f 2811 2728 2744
f 2811 2712 2728
f 2811 2696 2712
f 2811 2680 2696
f 2811 2664 2680
f 2811 2648 2664
f 2811 2632 2648
f 2811 2616 2632
f 2811 2600 2616
f 2811 2584 2600
f 2811 2568 2584
f 2811 2552 2568
f 2811 2536 2552
f 2811 2694 2678
f 2811 2520 2536
f 2811 2710 2694
f 2811 2504 2520
f 2811 2726 2710
f 2811 2488 2504
f 2811 2742 2726
f 2811 2472 2488
f 2811 23 732
f 2811 732 752
f 2811 752 768
f 2811 768 784
f 2811 784 2152
f 2152 784 2136
f 2136 784 2120
f 2120 784 2104
f 298 25 314
f 330 314 25
f 282 25 298
f 348 330 25
f 266 25 282
f 366 348 25
f 250 25 266
f 382 366 25
f 230 25 250
f 398 382 25
f 214 25 230
f 414 398 25
f 198 25 214
f 432 414 25
f 182 25 198
f 450 432 25
f 166 25 182
f 466 450 25
f 150 25 166
f 482 466 25
f 134 25 150
f 498 482 25
f 118 25 134
f 518 498 25
f 102 25 118
f 534 518 25
f 86 25 102
f 550 534 25
f 70 25 86
f 566 550 25
f 58 25 70
f 584 566 25
f 72 25 58
f 602 584 25
f 88 25 72
f 618 602 25
f 104 25 88
f 634 618 25
f 120 25 104
f 650 634 25
f 136 25 120
f 670 650 25
f 152 25 136
f 686 670 25
f 168 25 152
f 702 686 25
f 184 25 168
f 718 702 25
f 734 718 25
f 754 734 25
f 302 316 318
f 302 300 316
f 334 318 316
f 334 316 332
f 286 284 300
f 286 300 302
f 352 332 350
f 352 334 332
f 270 268 284
f 270 252 268
f 270 284 286
f 370 350 368
f 370 352 350
f 254 252 270
f 254 232 252
f 386 368 384
f 386 370 368
f 234 232 254
f 402 384 400
f 402 386 384
f 218 216 232
f 218 232 234
f 418 400 416
f 418 402 400
f 202 200 216
f 202 216 218
f 436 416 434
f 436 418 416
f 186 184 200
f 186 200 202
f 454 434 452
f 454 436 434
f 470 452 468
f 470 454 452
f 486 468 484
f 486 470 468
f 502 500 520
f 502 484 500
f 502 486 484
f 522 502 520
f 538 536 552
f 538 520 536
f 538 522 520
f 554 538 552
f 570 552 568
f 570 554 552
f 588 570 568
f 588 568 586
f 606 588 586
f 606 604 620
f 606 586 604
f 622 606 620
f 638 622 620
f 638 620 636
f 654 636 652
f 654 638 636
f 674 652 672
f 674 654 652
f 690 674 672
f 690 672 688
f 706 690 688
f 706 688 704
f 722 706 704
f 722 720 736
f 722 704 720
f 738 736 756
f 738 722 736
f 758 738 756
f 774 758 756
f 774 772 788
f 774 756 772
f 790 774 788
f 842 840 880
f 842 788 840
f 842 790 788
f 882 880 904
f 882 842 880
f 906 882 904
f 27 288 304
f 27 272 288
f 27 25 184
f 27 256 272
f 27 236 256
f 27 220 236
f 27 204 220
f 27 188 204
f 27 172 188
f 27 156 172
f 27 140 156
f 27 124 140
f 27 108 124
f 27 92 108
f 27 76 92
f 27 60 76
f 27 74 60
f 27 90 74
f 27 106 90
f 27 122 106
f 27 138 122
f 27 154 138
f 27 170 154
f 27 186 170
f 27 184 186
f 320 27 304
f 942 904 940
f 942 906 904
f 336 27 320
f 966 964 988
f 966 940 964
f 966 942 940
f 354 27 336
f 990 988 1012
f 990 966 988
f 372 27 354
f 1014 1012 1036
f 1014 990 1012
f 388 27 372
f 1038 1014 1036
f 404 27 388
f 1062 1036 1060
f 1062 1038 1036
f 420 27 404
f 1078 1062 1060
f 1078 1060 1076
f 438 27 420
f 1102 1100 1124
f 1102 1076 1100
f 1102 1078 1076
f 456 27 438
f 1126 1102 1124
f 472 27 456
f 488 27 472
f 504 27 488
f 524 27 504
f 540 27 524
f 556 27 540
f 572 27 556
f 590 27 572
f 608 27 590
f 624 27 608
f 640 27 624
f 656 27 640
f 676 27 656
f 692 27 676
f 708 27 692
f 724 27 708
f 740 27 724
f 2058 902 878
f 2042 902 2058
f 2042 938 902
f 2074 2058 878
f 2026 962 938
f 2026 938 2042
f 2090 838 786
f 2090 878 838
f 2090 2074 878
f 2010 986 962
f 2010 962 2026
f 2106 786 770
f 2106 2090 786
f 1994 1010 986
f 1994 986 2010
f 2122 2106 770
f 1978 1034 1010
f 1978 1010 1994
f 2138 770 754
f 2138 754 25
f 2138 2122 770
f 1962 1034 1978
f 1962 1058 1034
f 1946 1074 1058
f 1946 1058 1962
f 1930 1098 1074
f 1930 1122 1098
f 1930 1074 1946
f 1914 1122 1930
f 1898 1122 1914
f 1898 1140 1122
f 1898 1158 1140
f 1882 1182 1158
f 1882 1158 1898
f 1866 1182 1882
f 1850 1198 1182
f 1850 1182 1866
f 1834 1214 1198
f 1834 1198 1850
f 1818 1230 1214
f 1818 1214 1834
f 1806 1242 1230
f 1806 1230 1818
f 1820 1232 1242
f 1820 1242 1806
f 1836 1216 1232
f 1836 1232 1820
f 1852 1200 1216
f 1852 1184 1200
f 1852 1216 1836
f 1868 1160 1184
f 1868 1184 1852
f 1884 1160 1868
f 1900 1142 1160
f 1900 1160 1884
f 1916 1126 1124
f 1916 1124 1142
f 1916 1142 1900
f 2813 2154 2138
f 2813 2170 2154
f 2813 2186 2170
f 2813 2202 2186
f 2813 2218 2202
f 2813 2234 2218
f 2813 2250 2234
f 2813 2266 2250
f 2813 2282 2266
f 2813 2298 2282
f 2813 2314 2298
f 2813 2330 2314
f 2813 2346 2330
f 2813 2362 2346
f 2813 2378 2362
f 2813 2394 2378
f 2813 2410 2394
f 2813 2426 2410
f 2813 2442 2426
f 2813 2458 2442
f 2813 2474 2458
f 2813 2490 2474
f 2813 2506 2490
f 2813 2522 2506
f 2813 2538 2522
f 2813 2554 2538
f 2813 2138 25
f 2570 2554 2813
f 2586 2570 2813
f 2602 2586 2813
f 2618 2602 2813
f 2634 2618 2813
f 2650 2634 2813
f 2666 2650 2813
f 2682 2666 2813
f 2698 2682 2813
f 2714 2698 2813
f 2730 2714 2813
f 2746 2730 2813
f 2762 2746 2813
f 2778 2762 2813
f 2794 2778 2813
f 2806 2794 2813
f 2796 2806 2813
f 2780 2796 2813
f 2764 2780 2813
f 2748 2764 2813
f 2732 2748 2813
f 2716 2732 2813
f 2700 2716 2813
f 2684 2700 2813
f 2062 2060 2076
f 2046 2060 2062
f 2046 2044 2060
f 2078 2062 2076
f 2030 2044 2046
f 2030 2028 2044
f 2094 2078 2076
f 2094 2076 2092
f 2014 2028 2030
f 2014 2012 2028
f 2110 2094 2092
f 2110 2108 2124
f 2110 2092 2108
f 1998 2012 2014
f 1998 1996 2012
f 1998 1980 1996
f 2126 2110 2124
f 2126 2124 2140
f 1982 1980 1998
f 2142 2140 2156
f 2142 2126 2140
f 1966 1964 1980
f 1966 1980 1982
f 2158 2142 2156
f 1950 1964 1966
f 1950 1948 1964
f 2174 2156 2172
f 2174 2158 2156
f 1934 1932 1948
f 1934 1916 1932
f 1934 1948 1950
f 2190 2188 2204
f 2190 2172 2188
f 2190 2174 2172
f 1918 1126 1916
f 1918 1916 1934
f 2206 2190 2204
f 2206 2204 2220
f 1902 1144 1126
f 1902 1126 1918
f 2222 2206 2220
f 1886 1162 1144
f 1886 1186 1162
f 1886 1144 1902
f 2238 2222 2220
f 2238 2220 2236
f 1870 1186 1886
f 2254 2252 2268
f 2254 2236 2252
f 2254 2238 2236
f 1854 1186 1870
f 1854 1202 1186
f 2270 2254 2268
f 2270 2268 2284
f 1838 1218 1202
f 1838 1202 1854
f 2286 2270 2284
f 1822 1218 1838
f 1822 1234 1218
f 2302 2284 2300
f 2302 2286 2284
f 1808 1234 1822
f 1808 1236 1244
f 1808 1244 1234
f 2318 2302 2300
f 2318 2300 2316
f 1824 1236 1808
f 2334 2318 2316
f 2334 2332 2348
f 2334 2316 2332
f 1840 1236 1824
f 1840 1220 1236
f 2350 2348 2364
f 2350 2334 2348
f 1856 1220 1840
f 1856 1204 1220
f 1856 1188 1204
f 2366 2350 2364
f 2366 2364 2380
f 1872 1188 1856
f 2382 2366 2380
f 1888 1188 1872
f 1888 1164 1188
f 2398 2380 2396
f 2398 2382 2380
f 1904 1146 1164
f 1904 1164 1888
f 2414 2398 2396
f 2414 2396 2412
f 1920 1146 1904
f 1920 1128 1146
f 2430 2414 2412
f 2430 2428 2444
f 2430 2412 2428
f 1936 1128 1920
f 1936 1104 1128
f 2446 2444 2460
f 2446 2430 2444
f 1952 1080 1104
f 1952 1104 1936
f 2462 2446 2460
f 1968 1080 1952
f 1968 1064 1080
f 2478 2460 2476
f 2478 2462 2460
f 1984 1040 1064
f 1984 1064 1968
f 2494 2478 2476
f 2494 2492 2508
f 2494 2476 2492
f 2000 1040 1984
f 2000 1016 1040
f 2510 2494 2508
f 2016 1016 2000
f 2016 992 1016
f 2526 2508 2524
f 2526 2510 2508
f 2032 968 992
f 2032 992 2016
f 2542 2540 2556
f 2542 2524 2540
f 2542 2526 2524
f 2048 968 2032
f 2048 944 968
f 2558 2542 2556
f 2064 944 2048
f 2064 908 944
f 2574 2558 2556
f 2574 2556 2572
f 2080 884 908
f 2080 908 2064
f 2590 2588 2604
f 2590 2572 2588
f 2590 2574 2572
f 2096 844 884
f 2096 884 2080
f 2606 2604 2620
f 2606 2590 2604
f 2112 792 844
f 2112 844 2096
f 2622 2620 2636
f 2622 2606 2620
f 2638 2622 2636
f 2654 2636 2652
f 2654 2638 2636
f 2670 2654 2652
f 2670 2652 2668
f 2686 2684 2813
f 2686 2670 2668
f 2686 2668 2684
f 2815 2766 2750
f 2815 2464 2480
f 2815 2782 2766
f 2815 2448 2464
f 2815 2798 2782
f 2815 2432 2448
f 2815 2808 2798
f 2815 2416 2432
f 2815 2400 2416
f 2815 2384 2400
f 2815 2368 2384
f 2815 2352 2368
f 2815 2336 2352
f 2815 2320 2336
f 2815 2304 2320
f 2815 2288 2304
f 2815 2272 2288
f 2815 2256 2272
f 2815 2240 2256
f 2815 2224 2240
f 2815 2208 2224
f 2815 2192 2208
f 2815 2176 2192
f 2815 2160 2176
f 2815 2686 2813
f 2815 2800 2808
f 2815 2784 2800
f 2815 2768 2784
f 2815 2752 2768
f 2815 2736 2752
f 2815 2720 2736
f 2815 2704 2720
f 2815 2688 2704
f 2815 2672 2688
f 2815 2656 2672
f 2815 2640 2656
f 2815 2624 2640
f 2815 2608 2624
f 2815 2592 2608
f 2815 2576 2592
f 2815 2560 2576
f 2815 2544 2560
f 2815 2702 2686
f 2815 2528 2544
f 2815 2718 2702
f 2815 2512 2528
f 2815 2734 2718
f 2815 2496 2512
f 2815 2750 2734
f 2815 2480 2496
f 2815 27 740
f 2815 740 760
f 2815 760 776
f 2815 776 792
f 2815 792 2160
f 2160 792 2144
f 2144 792 2128
f 2128 792 2112
f 1041 1081 30
f 1105 30 1081
f 1017 1041 30
f 1165 30 1105
f 993 1017 30
f 1245 30 1165
f 969 993 30
f 1253 30 1245
f 945 969 30
f 1261 30 1253
f 919 945 30
f 1269 30 1261
f 909 919 30
f 1279 30 1269
f 885 909 30
f 1289 30 1279
f 861 885 30
f 1297 30 1289
f 853 861 30
f 1305 30 1297
f 845 853 30
f 1313 30 1305
f 821 845 30
f 1323 30 1313
f 813 821 30
f 1333 30 1323
f 805 813 30
f 1341 30 1333
f 797 805 30
f 1677 1369 1377
f 1677 1377 1385
f 1677 1385 1393
f 1677 1393 1401
f 1677 1401 1413
f 1677 1413 1421
f 1677 1421 1429
f 1677 30 1341
f 1677 1429 1437
f 1677 1437 1445
f 1677 1445 1455
f 1677 1455 1465
f 1677 1465 1473
f 1677 1473 1481
f 1677 1481 1489
f 1677 1489 1497
f 1677 1497 1507
f 1677 1341 1349
f 1677 1349 1357
f 1677 1357 1369
f 33 797 30
f 33 1107 1083
f 33 1083 1043
f 33 1043 1019
f 33 1019 995
f 33 995 971
f 33 971 947
f 33 947 921
f 33 921 911
f 33 911 887
f 33 887 863
f 33 863 855
f 33 855 847
f 33 847 823
f 33 823 815
f 33 815 807
f 33 807 799
f 33 799 793
f 33 793 797
f 1687 1507 1517
f 1687 1677 1507
f 43 1167 1107
f 43 1107 33
f 1695 1687 1517
f 1695 1517 1525
f 47 1167 43
f 47 1247 1167
f 1703 1525 1533
f 1703 1695 1525
f 51 1255 1247
f 51 1247 47
f 1711 1703 1533
f 1711 1533 1541
f 239 1255 51
f 239 1263 1255
f 1721 1541 1549
f 1721 1711 1541
f 355 1271 1263
f 355 1263 239
f 1729 1549 1557
f 1729 1721 1549
f 439 1271 355
f 439 1281 1271
f 1737 1557 1565
f 1737 1729 1557
f 507 1281 439
f 507 1291 1281
f 1745 1737 1565
f 1745 1565 1573
f 591 1291 507
f 591 1299 1291
f 1753 1573 1581
f 1753 1745 1573
f 659 1307 1299
f 659 1299 591
f 1763 1581 1589
f 1763 1753 1581
f 743 1307 659
f 743 1315 1307
f 1771 1589 1597
f 1771 1763 1589
f 927 1325 1315
f 927 1315 743
f 1779 1597 1607
f 1779 1771 1597
f 1147 1325 927
f 1147 1335 1325
f 1787 1607 1615
f 1787 1779 1607
f 1287 1335 1147
f 1287 1343 1335
f 1795 1615 1623
f 1795 1787 1615
f 1331 1343 1287
f 1331 1351 1343
f 1797 1623 1617
f 1797 1795 1623
f 1367 1351 1331
f 1367 1359 1351
f 1789 1617 1609
f 1789 1797 1617
f 1411 1371 1359
f 1411 1359 1367
f 1781 1609 1599
f 1781 1789 1609
f 1463 1379 1371
f 1463 1371 1411
f 1773 1599 1591
f 1773 1781 1599
f 1515 1387 1379
f 1515 1379 1463
f 1765 1591 1583
f 1765 1773 1591
f 1627 1395 1387
f 1627 1387 1515
f 1757 1583 1575
f 1757 1765 1583
f 1631 1403 1395
f 1631 1395 1627
f 1749 1575 1567
f 1749 1757 1575
f 1635 1403 1631
f 1635 1415 1403
f 1741 1567 1559
f 1741 1749 1567
f 1639 1423 1415
f 1639 1415 1635
f 1733 1559 1551
f 1733 1741 1559
f 1643 1423 1639
f 1643 1431 1423
f 1725 1551 1543
f 1725 1733 1551
f 1647 1439 1431
f 1647 1431 1643
f 1717 1725 1543
f 1717 1543 1535
f 1651 1439 1647
f 1651 1447 1439
f 1707 1717 1535
f 1707 1535 1527
f 1655 1447 1651
f 1655 1457 1447
f 1699 1527 1519
f 1699 1707 1527
f 1659 1457 1655
f 1659 1467 1457
f 1691 1699 1519
f 1691 1519 1509
f 1663 1467 1659
f 1663 1475 1467
f 1683 1509 1499
f 1683 1691 1509
f 1667 1475 1663
f 1667 1483 1475
f 1675 1499 1491
f 1675 1683 1499
f 1671 1491 1483
f 1671 1483 1667
f 1671 1675 1491
f 1045 1085 39
f 1109 44 39
f 1109 39 1085
f 1021 1045 39
f 1169 48 44
f 1169 44 1109
f 997 1021 39
f 1249 48 1169
f 1249 52 48
f 973 997 39
f 1257 52 1249
f 1257 240 52
f 949 973 39
f 1265 356 240
f 1265 240 1257
f 923 949 39
f 1273 440 356
f 1273 356 1265
f 913 923 39
f 1283 508 440
f 1283 440 1273
f 889 913 39
f 1293 508 1283
f 1293 592 508
f 865 889 39
f 1301 592 1293
f 1301 660 592
f 857 865 39
f 1309 660 1301
f 1309 744 660
f 849 857 39
f 1317 744 1309
f 1317 928 744
f 825 849 39
f 1327 928 1317
f 1327 1148 928
f 817 825 39
f 1337 1148 1327
f 1337 1288 1148
f 809 817 39
f 1345 1288 1337
f 1345 1332 1288
f 801 809 39
f 1353 1332 1345
f 1353 1368 1332
f 795 801 39
f 1361 1412 1368
f 1361 1368 1353
f 803 795 39
f 1373 1412 1361
f 1373 1464 1412
f 1381 1464 1373
f 1381 1516 1464
f 1389 1628 1516
f 1389 1516 1381
f 1397 1632 1628
f 1397 1628 1389
f 1405 1636 1632
f 1405 1632 1397
f 1417 1640 1636
f 1417 1636 1405
f 1425 1644 1640
f 1425 1640 1417
f 1433 1648 1644
f 1433 1644 1425
f 1441 1652 1648
f 1441 1648 1433
f 1449 1656 1652
f 1449 1652 1441
f 1459 1660 1656
f 1459 1656 1449
f 1469 1660 1459
f 1469 1664 1660
f 1477 1668 1664
f 1477 1664 1469
f 1485 1668 1477
f 1485 1672 1668
f 1493 1672 1485
f 32 803 39
f 32 1047 1023
f 32 1023 999
f 32 999 975
f 32 975 951
f 32 951 925
f 32 925 915
f 32 915 891
f 32 891 867
f 32 867 859
f 32 859 851
f 32 851 827
f 32 827 819
f 32 819 811
f 32 811 803
f 1087 1047 32
f 1111 1087 32
f 1171 1111 32
f 1676 1672 1493
f 1676 1493 1501
f 1251 1171 32
f 1259 1251 32
f 1267 1259 32
f 1275 1267 32
f 1285 1275 32
f 1684 1501 1511
f 1684 1676 1501
f 1295 1285 32
f 1303 1295 32
f 1311 1303 32
f 1319 1311 32
f 1329 1319 32
f 1692 1511 1521
f 1692 1684 1511
f 1339 1329 32
f 1347 1339 32
f 1700 1521 1529
f 1700 1692 1521
f 1708 1529 1537
f 1708 1700 1529
f 1718 1537 1545
f 1718 1708 1537
f 1726 1545 1553
f 1726 1718 1545
f 1734 1553 1561
f 1734 1726 1553
f 1742 1561 1569
f 1742 1734 1561
f 1750 1569 1577
f 1750 1742 1569
f 1758 1577 1585
f 1758 1750 1577
f 1766 1585 1593
f 1766 1758 1585
f 1774 1593 1601
f 1774 1766 1593
f 1782 1601 1611
f 1782 1774 1601
f 1790 1611 1619
f 1790 1782 1611
f 1798 1619 1625
f 1798 1790 1619
f 1796 1625 1621
f 1796 1798 1625
f 1788 1621 1613
f 1788 1796 1621
f 1780 1613 1603
f 1780 1788 1613
f 1772 1603 1595
f 1772 1780 1603
f 1764 1595 1587
f 1764 1772 1595
f 1754 1587 1579
f 1754 1764 1587
f 1746 1579 1571
f 1746 1754 1579
f 1738 1571 1563
f 1738 1746 1571
f 1730 1563 1555
f 1730 1738 1563
f 1722 1555 1547
f 1722 1730 1555
f 1712 1547 1539
f 1712 1722 1547
f 1704 1539 1531
f 1704 1712 1539
f 1696 1531 1523
f 1696 1704 1531
f 1688 1523 1513
f 1688 1696 1523
f 1679 1513 1503
f 1679 1503 1495
f 1679 1495 1487
f 1679 1487 1479
f 1679 1479 1471
f 1679 1471 1461
f 1679 1461 1451
f 1679 1451 1443
f 1679 1443 1435
f 1679 1435 1427
f 1679 1427 1419
f 1679 1419 1407
f 1679 1407 1399
f 1679 1399 1391
f 1679 1391 1383
f 1679 1383 1375
f 1679 1375 1363
f 1679 1363 1355
f 1679 1355 1347
f 1679 1347 32
f 1679 1688 1513
f 3117 3125 2941
f 3133 2941 3125
f 3109 3117 2941
f 3109 2941 2933
f 3141 2941 3133
f 3097 3109 2933
f 3097 2933 2925
f 3149 2941 3141
f 3089 3097 2925
f 3089 2925 2917
f 3161 2941 3149
f 3081 2917 2909
f 3081 3089 2917
f 3169 2941 3161
f 3073 2909 2901
f 3073 3081 2909
f 3177 2941 3169
f 3065 2901 2893
f 3065 3073 2901
f 3185 2941 3177
f 3057 2893 2885
f 3057 3065 2893
f 3193 2941 3185
f 3049 2885 2877
f 3049 3057 2885
f 3201 2941 3193
f 3041 2877 2869
f 3041 3049 2877
f 3213 2941 3201
f 3033 2869 2861
f 3033 3041 2869
f 3221 2941 3213
f 3025 3033 2861
f 3025 2861 2853
f 3229 2941 3221
f 3017 3025 2853
f 3017 2853 2845
f 3237 2941 3229
f 3009 3017 2845
f 3009 2845 2837
f 3245 2941 3237
f 3001 3009 2837
f 3001 2837 2829
f 3257 2941 3245
f 2997 3001 2829
f 2997 2829 2825
f 3265 2941 3257
f 3003 2997 2825
f 3003 2825 2833
f 3273 2941 3265
f 3011 3003 2833
f 3011 2833 2841
f 3019 3011 2841
f 3019 2841 2849
f 3027 3019 2849
f 3027 2849 2857
f 3035 3027 2857
f 3035 2857 2865
f 3043 3035 2865
f 3043 2865 2873
f 3051 3043 2873
f 3051 2873 2881
f 3059 3051 2881
f 3059 2881 2889
f 3067 2889 2897
f 3067 3059 2889
f 3075 2897 2905
f 3075 3067 2897
f 3083 3075 2905
f 3083 2905 2913
f 3091 3083 2913
f 3091 2913 2921
f 3099 3091 2921
f 3099 2921 2929
f 3111 2929 2937
f 3111 3099 2929
f 3119 3111 2937
f 3119 2937 2945
f 3578 2941 3273
f 3578 1677 2941
f 3578 30 1677
f 3578 3273 3281
f 3578 3281 3293
f 3578 3293 3301
f 3578 3301 3309
f 3578 3309 3317
f 3578 3317 3325
f 3578 3325 3337
f 3578 3337 3345
f 3578 3345 3353
f 3578 3353 3361
f 3578 3361 3369
f 3578 3369 3377
f 3578 3377 3389
f 3578 3389 3397
f 3127 3119 2945
f 3405 3578 3397
f 3413 3578 3405
f 2949 3135 3127
f 2949 3127 2945
f 3421 3578 3413
f 3429 3578 3421
f 3437 3578 3429
f 3449 3578 3437
f 3457 3578 3449
f 2953 3143 3135
f 2953 3135 2949
f 3465 3578 3457
f 3473 3578 3465
f 3481 3578 3473
f 3489 3578 3481
f 3497 3578 3489
f 3505 3578 3497
f 2957 3151 3143
f 2957 3143 2953
f 3513 3578 3505
f 3521 3578 3513
f 2961 3151 2957
f 2961 3163 3151
f 2965 3171 3163
f 2965 3163 2961
f 2969 3179 3171
f 2969 3171 2965
f 2973 3187 3179
f 2973 3179 2969
f 2977 3187 2973
f 2977 3195 3187
f 2981 3203 3195
f 2981 3195 2977
f 2985 3215 3203
f 2985 3203 2981
f 2989 3223 3215
f 2989 3215 2985
f 2993 3231 3223
f 2993 3223 2989
f 3105 3239 3231
f 3105 3231 2993
f 3157 3247 3239
f 3157 3239 3105
f 3209 3259 3247
f 3209 3247 3157
f 3253 3267 3259
f 3253 3259 3209
f 3289 3275 3267
f 3289 3267 3253
f 3333 3283 3275
f 3333 3275 3289
f 3385 3295 3283
f 3385 3283 3333
f 3445 3303 3295
f 3445 3295 3385
f 3533 3311 3303
f 3533 3303 3445
f 3537 3319 3311
f 3537 3311 3533
f 3541 3319 3537
f 3541 3327 3319
f 3545 3327 3541
f 3545 3339 3327
f 3549 3339 3545
f 3549 3347 3339
f 3553 3347 3549
f 3553 3355 3347
f 3557 3355 3553
f 3557 3363 3355
f 3561 3363 3557
f 3561 3371 3363
f 3565 3371 3561
f 3565 3379 3371
f 3569 3379 3565
f 3569 3391 3379
f 3573 3578 3521
f 3573 3391 3569
f 3573 3529 3523
f 3573 3523 3515
f 3573 3515 3507
f 3573 3507 3499
f 3573 3499 3491
f 3573 3491 3483
f 3573 3483 3475
f 3573 3475 3467
f 3573 3467 3459
f 3573 3459 3451
f 3573 3451 3439
f 3573 3439 3431
f 3573 3431 3423
f 3573 3423 3415
f 3573 3415 3407
f 3573 3407 3399
f 3573 3399 3391
f 3573 3521 3529
f 3129 2951 2947
f 3121 2947 2939
f 3121 3129 2947
f 3137 2955 2951
f 3137 2951 3129
f 3113 2939 2931
f 3113 3121 2939
f 3145 2959 2955
f 3145 2955 3137
f 3101 3113 2931
f 3101 2931 2923
f 3153 2959 3145
f 3153 2963 2959
f 3093 2923 2915
f 3093 3101 2923
f 3165 2963 3153
f 3165 2967 2963
f 3085 3093 2915
f 3085 2915 2907
f 3173 2967 3165
f 3173 2971 2967
f 3077 3085 2907
f 3077 2907 2899
f 3181 2971 3173
f 3181 2975 2971
f 3069 3077 2899
f 3069 2899 2891
f 3189 2979 2975
f 3189 2975 3181
f 3061 3069 2891
f 3061 2891 2883
f 3197 2979 3189
f 3197 2983 2979
f 3053 3061 2883
f 3053 2883 2875
f 3205 2983 3197
f 3205 2987 2983
f 3045 3053 2875
f 3045 2875 2867
f 3217 2987 3205
f 3217 2991 2987
f 3037 3045 2867
f 3037 2867 2859
f 3225 2991 3217
f 3225 2995 2991
f 3029 3037 2859
f 3029 2859 2851
f 3233 2995 3225
f 3233 3107 2995
f 3021 3029 2851
f 3021 2851 2843
f 3241 3107 3233
f 3241 3159 3107
f 3013 3021 2843
f 3013 2843 2835
f 3249 3159 3241
f 3249 3211 3159
f 3005 3013 2835
f 3005 2835 2827
f 3261 3211 3249
f 3261 3255 3211
f 2999 3005 2827
f 2999 2827 2831
f 3269 3255 3261
f 3269 3291 3255
f 3007 2999 2831
f 3007 2831 2839
f 3277 3335 3291
f 3277 3291 3269
f 3015 3007 2839
f 3015 2839 2847
f 3285 3387 3335
f 3285 3335 3277
f 3023 3015 2847
f 3023 2847 2855
f 3297 3447 3387
f 3297 3387 3285
f 3031 2855 2863
f 3031 3023 2855
f 3305 3535 3447
f 3305 3447 3297
f 3039 2863 2871
f 3039 3031 2863
f 3313 3539 3535
f 3313 3535 3305
f 3047 2871 2879
f 3047 3039 2871
f 3321 3543 3539
f 3321 3539 3313
f 3055 2879 2887
f 3055 3047 2879
f 3329 3547 3543
f 3329 3543 3321
f 3063 2887 2895
f 3063 3055 2887
f 3341 3551 3547
f 3341 3547 3329
f 3071 3063 2895
f 3071 2895 2903
f 3349 3555 3551
f 3349 3551 3341
f 3079 2903 2911
f 3079 3071 2903
f 3357 3559 3555
f 3357 3555 3349
f 3087 2911 2919
f 3087 3079 2911
f 3365 3563 3559
f 3365 3559 3357
f 3095 3087 2919
f 3095 2919 2927
f 3373 3563 3365
f 3373 3567 3563
f 3103 2927 2935
f 3103 3095 2927
f 3381 3571 3567
f 3381 3567 3373
f 3115 3103 2935
f 3115 2935 2943
f 3393 3575 3571
f 3393 3571 3381
f 3123 3115 2943
f 3401 3575 3393
f 3131 3123 2943
f 3409 3575 3401
f 3139 3131 2943
f 3417 3575 3409
f 3147 3139 2943
f 3425 3575 3417
f 3155 3147 2943
f 3433 3575 3425
f 3167 3155 2943
f 3441 3575 3433
f 3175 3167 2943
f 3453 3575 3441
f 3183 3175 2943
f 3461 3575 3453
f 3191 3183 2943
f 3469 3575 3461
f 3199 3191 2943
f 3477 3575 3469
f 3207 3199 2943
f 3485 3575 3477
f 3219 3207 2943
f 3493 3575 3485
f 3227 3219 2943
f 3501 3575 3493
f 3235 3227 2943
f 3509 3575 3501
f 3243 3235 2943
f 3517 3575 3509
f 3251 3243 2943
f 3525 3575 3517
f 3263 3251 2943
f 3531 3575 3525
f 3271 3263 2943
f 3527 3575 3531
f 3279 3271 2943
f 3580 3527 3519
f 3580 3519 3511
f 3580 3511 3503
f 3580 3503 3495
f 3580 3495 3487
f 3580 3487 3479
f 3580 3479 3471
f 3580 3471 3463
f 3580 3463 3455
f 3580 3455 3443
f 3580 3443 3435
f 3580 3435 3427
f 3580 3427 3419
f 3580 3419 3411
f 3580 3411 3403
f 3580 3403 3395
f 3580 3395 3383
f 3580 3383 3375
f 3580 3375 3367
f 3580 3367 3359
f 3580 3359 3351
f 3580 3351 3343
f 3580 3343 3331
f 3580 3331 3323
f 3580 3323 3315
f 3580 3315 3307
f 3580 3307 3299
f 3580 3299 3287
f 3580 3287 3279
f 3580 3575 3527
f 3580 3279 2943
f 3578 3575 3580
f 3578 3573 3575
f 3580 2943 32
f 2943 1679 32
f 32 39 30
f 39 33 30
f 1224 1237 1238
f 1224 1223 1237
f 1208 1207 1223
f 1208 1223 1224
f 1192 1191 1207
f 1192 1175 1191
f 1192 1207 1208
f 1176 1175 1192
f 1152 1151 1175
f 1152 1133 1151
f 1152 1175 1176
f 1134 1133 1152
f 1116 1115 1133
f 1116 1091 1115
f 1116 1133 1134
f 1092 1091 1116
f 1068 1067 1091
f 1068 1091 1092
f 1052 1051 1067
f 1052 1067 1068
f 1028 1051 1052
f 1028 1027 1051
f 1004 1027 1028
f 1004 1003 1027
f 980 1003 1004
f 980 979 1003
f 956 979 980
f 956 955 979
f 932 955 956
f 932 931 955
f 896 931 932
f 896 895 931
f 896 871 895
f 872 871 896
f 872 831 871
f 832 831 872
f 780 831 832
f 780 779 831
f 780 763 779
f 764 763 780
f 764 747 763
f 748 747 764
f 728 747 748
f 728 727 747
f 712 711 727
f 712 727 728
f 696 695 711
f 696 711 712
f 680 679 695
f 680 695 696
f 664 663 679
f 664 679 680
f 644 643 663
f 644 663 664
f 628 627 643
f 628 643 644
f 612 611 627
f 612 627 628
f 596 595 611
f 596 611 612
f 578 577 595
f 578 595 596
f 560 559 577
f 560 543 559
f 560 577 578
f 544 543 560
f 528 527 543
f 528 543 544
f 512 511 527
f 512 527 528
f 492 491 511
f 492 511 512
f 476 491 492
f 476 475 491
f 460 475 476
f 460 459 475
f 460 443 459
f 444 443 460
f 426 443 444
f 426 425 443
f 408 425 426
f 408 407 425
f 408 391 407
f 392 391 408
f 376 391 392
f 376 375 391
f 376 359 375
f 360 359 376
f 342 359 360
f 342 341 359
f 324 341 342
f 324 323 341
f 324 307 323
f 308 307 324
f 292 307 308
f 292 291 307
f 276 291 292
f 276 275 291
f 260 275 276
f 260 259 275
f 244 259 260
f 244 243 259
f 224 243 244
f 224 223 243
f 208 223 224
f 208 207 223
f 208 191 207
f 192 191 208
f 176 191 192
f 176 175 191
f 160 175 176
f 160 159 175
f 144 159 160
f 144 143 159
f 128 127 143
f 128 143 144
f 112 111 127
f 112 127 128
f 96 95 111
f 96 111 112
f 80 79 95
f 80 95 96
f 64 79 80
f 64 63 79
f 64 53 63
f 54 53 64
f 62 53 54
f 62 61 53
f 78 61 62
f 78 77 61
f 94 77 78
f 94 93 77
f 110 93 94
f 110 109 93
f 126 109 110
f 126 125 109
f 142 125 126
f 142 141 125
f 158 141 142
f 158 157 141
f 174 157 158
f 174 173 157
f 190 173 174
f 190 189 173
f 206 189 190
f 206 205 189
f 222 205 206
f 222 221 205
f 242 241 221
f 242 257 241
f 242 221 222
f 258 257 242
f 274 273 257
f 274 257 258
f 290 289 273
f 290 273 274
f 306 305 289
f 306 321 305
f 306 289 290
f 322 321 306
f 340 339 321
f 340 321 322
f 358 357 339
f 358 339 340
f 374 373 357
f 374 357 358
f 390 389 373
f 390 373 374
f 406 405 389
f 406 389 390
f 424 423 405
f 424 441 423
f 424 405 406
f 442 441 424
f 458 441 442
f 458 457 441
f 458 473 457
f 474 473 458
f 490 473 474
f 490 489 473
f 510 489 490
f 510 509 489
f 526 525 509
f 526 509 510
f 542 541 525
f 542 525 526
f 558 557 541
f 558 541 542
f 576 575 557
f 576 557 558
f 594 593 575
f 594 575 576
f 610 609 593
f 610 593 594
f 626 625 609
f 626 609 610
f 642 641 625
f 642 661 641
f 642 625 626
f 662 661 642
f 678 677 661
f 678 693 677
f 678 661 662
f 694 693 678
f 710 709 693
f 710 693 694
f 726 725 709
f 726 709 710
f 746 745 725
f 746 725 726
f 762 761 745
f 762 745 746
f 778 777 761
f 778 761 762
f 830 829 777
f 830 777 778
f 870 869 829
f 870 829 830
f 894 893 869
f 894 869 870
f 930 929 893
f 930 893 894
f 954 929 930
f 954 953 929
f 978 953 954
f 978 977 953
f 1002 977 978
f 1002 1001 977
f 1002 1025 1001
f 1026 1025 1002
f 1026 1049 1025
f 1050 1049 1026
f 1066 1049 1050
f 1066 1065 1049
f 1090 1065 1066
f 1090 1089 1065
f 1114 1089 1090
f 1114 1113 1089
f 1132 1113 1114
f 1132 1131 1113
f 1132 1149 1131
f 1150 1149 1132
f 1174 1149 1150
f 1174 1173 1149
f 1174 1189 1173
f 1190 1189 1174
f 1206 1205 1189
f 1206 1189 1190
f 1206 1221 1205
f 1222 1221 1206
f 1238 1237 1221
f 1238 1221 1222
f 2788 2801 2802
f 2788 2787 2801
f 2772 2771 2787
f 2772 2787 2788
f 2756 2755 2771
f 2756 2739 2755
f 2756 2771 2772
f 2740 2739 2756
f 2724 2723 2739
f 2724 2707 2723
f 2724 2739 2740
f 2708 2707 2724
f 2692 2691 2707
f 2692 2675 2691
f 2692 2707 2708
f 2676 2675 2692
f 2660 2659 2675
f 2660 2675 2676
f 2644 2643 2659
f 2644 2659 2660
f 2628 2643 2644
f 2628 2627 2643
f 2612 2627 2628
f 2612 2611 2627
f 2596 2611 2612
f 2596 2595 2611
f 2580 2595 2596
f 2580 2579 2595
f 2564 2579 2580
f 2564 2563 2579
f 2548 2563 2564
f 2548 2547 2563
f 2548 2531 2547
f 2532 2531 2548
f 2532 2515 2531
f 2516 2515 2532
f 2500 2515 2516
f 2500 2499 2515
f 2500 2483 2499
f 2484 2483 2500
f 2484 2467 2483
f 2468 2467 2484
f 2452 2467 2468
f 2452 2451 2467
f 2436 2435 2451
f 2436 2451 2452
f 2420 2419 2435
f 2420 2435 2436
f 2404 2403 2419
f 2404 2419 2420
f 2388 2387 2403
f 2388 2403 2404
f 2372 2371 2387
f 2372 2387 2388
f 2356 2355 2371
f 2356 2371 2372
f 2340 2339 2355
f 2340 2355 2356
f 2324 2323 2339
f 2324 2339 2340
f 2308 2307 2323
f 2308 2323 2324
f 2292 2291 2307
f 2292 2275 2291
f 2292 2307 2308
f 2276 2275 2292
f 2260 2259 2275
f 2260 2275 2276
f 2244 2243 2259
f 2244 2259 2260
f 2228 2227 2243
f 2228 2243 2244
f 2212 2227 2228
f 2212 2211 2227
f 2196 2211 2212
f 2196 2195 2211
f 2196 2179 2195
f 2180 2179 2196
f 2164 2179 2180
f 2164 2163 2179
f 2148 2163 2164
f 2148 2147 2163
f 2148 2131 2147
f 2132 2131 2148
f 2116 2131 2132
f 2116 2115 2131
f 2116 2099 2115
f 2100 2099 2116
f 2084 2099 2100
f 2084 2083 2099
f 2068 2083 2084
f 2068 2067 2083
f 2068 2051 2067
f 2052 2051 2068
f 2036 2051 2052
f 2036 2035 2051
f 2020 2035 2036
f 2020 2019 2035
f 2004 2019 2020
f 2004 2003 2019
f 1988 2003 2004
f 1988 1987 2003
f 1972 1987 1988
f 1972 1971 1987
f 1956 1971 1972
f 1956 1955 1971
f 1956 1939 1955
f 1940 1939 1956
f 1924 1939 1940
f 1924 1923 1939
f 1908 1923 1924
f 1908 1907 1923
f 1892 1907 1908
f 1892 1891 1907
f 1876 1875 1891
f 1876 1891 1892
f 1860 1859 1875
f 1860 1875 1876
f 1844 1843 1859
f 1844 1859 1860
f 1828 1827 1843
f 1828 1843 1844
f 1812 1827 1828
f 1812 1811 1827
f 1812 1801 1811
f 1802 1801 1812
f 1810 1801 1802
f 1810 1809 1801
f 1826 1809 1810
f 1826 1825 1809
f 1842 1825 1826
f 1842 1841 1825
f 1858 1841 1842
f 1858 1857 1841
f 1874 1857 1858
f 1874 1873 1857
f 1890 1873 1874
f 1890 1889 1873
f 1906 1889 1890
f 1906 1905 1889
f 1922 1905 1906
f 1922 1921 1905
f 1938 1921 1922
f 1938 1937 1921
f 1954 1937 1938
f 1954 1953 1937
f 1970 1953 1954
f 1970 1969 1953
f 1986 1985 1969
f 1986 2001 1985
f 1986 1969 1970
f 2002 2001 1986
f 2018 2017 2001
f 2018 2001 2002
f 2034 2033 2017
f 2034 2017 2018
f 2050 2049 2033
f 2050 2065 2049
f 2050 2033 2034
f 2066 2065 2050
f 2082 2081 2065
f 2082 2065 2066
f 2098 2097 2081
f 2098 2081 2082
f 2114 2113 2097
f 2114 2097 2098
f 2130 2129 2113
f 2130 2113 2114
f 2146 2145 2129
f 2146 2129 2130
f 2162 2161 2145
f 2162 2177 2161
f 2162 2145 2146
f 2178 2177 2162
f 2194 2177 2178
f 2194 2193 2177
f 2194 2209 2193
f 2210 2209 2194
f 2226 2209 2210
f 2226 2225 2209
f 2242 2225 2226
f 2242 2241 2225
f 2258 2257 2241
f 2258 2241 2242
f 2274 2273 2257
f 2274 2257 2258
f 2290 2289 2273
f 2290 2273 2274
f 2306 2305 2289
f 2306 2289 2290
f 2322 2321 2305
f 2322 2305 2306
f 2338 2337 2321
f 2338 2321 2322
f 2354 2353 2337
f 2354 2337 2338
f 2370 2369 2353
f 2370 2385 2369
f 2370 2353 2354
f 2386 2385 2370
f 2402 2401 2385
f 2402 2417 2401
f 2402 2385 2386
f 2418 2417 2402
f 2434 2433 2417
f 2434 2417 2418
f 2450 2449 2433
f 2450 2433 2434
f 2466 2465 2449
f 2466 2449 2450
f 2482 2481 2465
f 2482 2465 2466
f 2498 2497 2481
f 2498 2481 2482
f 2514 2513 2497
f 2514 2497 2498
f 2530 2529 2513
f 2530 2513 2514
f 2546 2545 2529
f 2546 2529 2530
f 2562 2561 2545
f 2562 2545 2546
f 2578 2561 2562
f 2578 2577 2561
f 2594 2577 2578
f 2594 2593 2577
f 2610 2593 2594
f 2610 2609 2593
f 2610 2625 2609
f 2626 2625 2610
f 2626 2641 2625
f 2642 2641 2626
f 2658 2641 2642
f 2658 2657 2641
f 2674 2657 2658
f 2674 2673 2657
f 2690 2673 2674
f 2690 2689 2673
f 2706 2689 2690
f 2706 2705 2689
f 2706 2721 2705
f 2722 2721 2706
f 2738 2721 2722
f 2738 2737 2721
f 2738 2753 2737
f 2754 2753 2738
f 2770 2769 2753
f 2770 2753 2754
f 2770 2785 2769
f 2786 2785 2770
f 2802 2801 2785
f 2802 2785 2786
f 1228 1239 1240
f 1228 1227 1239
f 1212 1211 1227
f 1212 1227 1228
f 1196 1195 1211
f 1196 1179 1195
f 1196 1211 1212
f 1180 1179 1196
f 1156 1155 1179
f 1156 1137 1155
f 1156 1179 1180
f 1138 1137 1156
f 1120 1119 1137
f 1120 1095 1119
f 1120 1137 1138
f 1096 1095 1120
f 1072 1071 1095
f 1072 1095 1096
f 1056 1055 1071
f 1056 1071 1072
f 1032 1055 1056
f 1032 1031 1055
f 1008 1031 1032
f 1008 1007 1031
f 984 1007 1008
f 984 983 1007
f 960 983 984
f 960 959 983
f 936 959 960
f 936 935 959
f 900 935 936
f 900 899 935
f 900 875 899
f 876 875 900
f 876 835 875
f 836 835 876
f 784 835 836
f 784 783 835
f 784 767 783
f 768 767 784
f 768 751 767
f 752 751 768
f 732 751 752
f 732 731 751
f 716 715 731
f 716 731 732
f 700 699 715
f 700 715 716
f 684 683 699
f 684 699 700
f 668 667 683
f 668 683 684
f 648 647 667
f 648 667 668
f 632 631 647
f 632 647 648
f 616 615 631
f 616 631 632
f 600 599 615
f 600 615 616
f 582 581 599
f 582 599 600
f 564 563 581
f 564 547 563
f 564 581 582
f 548 547 564
f 532 531 547
f 532 547 548
f 516 515 531
f 516 531 532
f 496 495 515
f 496 515 516
f 480 495 496
f 480 479 495
f 464 479 480
f 464 463 479
f 464 447 463
f 448 447 464
f 430 447 448
f 430 429 447
f 412 429 430
f 412 411 429
f 412 395 411
f 396 395 412
f 380 395 396
f 380 379 395
f 380 363 379
f 364 363 380
f 346 363 364
f 346 345 363
f 328 345 346
f 328 327 345
f 328 311 327
f 312 311 328
f 296 311 312
f 296 295 311
f 280 295 296
f 280 279 295
f 264 279 280
f 264 263 279
f 248 263 264
f 248 247 263
f 228 247 248
f 228 227 247
f 212 227 228
f 212 211 227
f 212 195 211
f 196 195 212
f 180 195 196
f 180 179 195
f 164 179 180
f 164 163 179
f 148 163 164
f 148 147 163
f 132 131 147
f 132 147 148
f 116 115 131
f 116 131 132
f 100 99 115
f 100 115 116
f 84 83 99
f 84 99 100
f 68 83 84
f 68 67 83
f 68 55 67
f 56 55 68
f 66 55 56
f 66 65 55
f 82 65 66
f 82 81 65
f 98 81 82
f 98 97 81
f 114 97 98
f 114 113 97
f 130 113 114
f 130 129 113
f 146 129 130
f 146 145 129
f 162 145 146
f 162 161 145
f 178 161 162
f 178 177 161
f 194 177 178
f 194 193 177
f 210 193 194
f 210 209 193
f 226 209 210
f 226 225 209
f 246 245 225
f 246 261 245
f 246 225 226
f 262 261 246
f 278 277 261
f 278 261 262
f 294 293 277
f 294 277 278
f 310 309 293
f 310 325 309
f 310 293 294
f 326 325 310
f 344 343 325
f 344 325 326
f 362 361 343
f 362 343 344
f 378 377 361
f 378 361 362
f 394 393 377
f 394 377 378
f 410 409 393
f 410 393 394
f 428 427 409
f 428 445 427
f 428 409 410
f 446 445 428
f 462 445 446
f 462 461 445
f 462 477 461
f 478 477 462
f 494 477 478
f 494 493 477
f 514 493 494
f 514 513 493
f 530 529 513
f 530 513 514
f 546 545 529
f 546 529 530
f 562 561 545
f 562 545 546
f 580 579 561
f 580 561 562
f 598 597 579
f 598 579 580
f 614 613 597
f 614 597 598
f 630 629 613
f 630 613 614
f 646 645 629
f 646 665 645
f 646 629 630
f 666 665 646
f 682 681 665
f 682 697 681
f 682 665 666
f 698 697 682
f 714 713 697
f 714 697 698
f 730 729 713
f 730 713 714
f 750 749 729
f 750 729 730
f 766 765 749
f 766 749 750
f 782 781 765
f 782 765 766
f 834 833 781
f 834 781 782
f 874 873 833
f 874 833 834
f 898 897 873
f 898 873 874
f 934 933 897
f 934 897 898
f 958 933 934
f 958 957 933
f 982 957 958
f 982 981 957
f 1006 981 982
f 1006 1005 981
f 1006 1029 1005
f 1030 1029 1006
f 1030 1053 1029
f 1054 1053 1030
f 1070 1053 1054
f 1070 1069 1053
f 1094 1069 1070
f 1094 1093 1069
f 1118 1093 1094
f 1118 1117 1093
f 1136 1117 1118
f 1136 1135 1117
f 1136 1153 1135
f 1154 1153 1136
f 1178 1153 1154
f 1178 1177 1153
f 1178 1193 1177
f 1194 1193 1178
f 1210 1209 1193
f 1210 1193 1194
f 1210 1225 1209
f 1226 1225 1210
f 1240 1239 1225
f 1240 1225 1226
f 2792 2803 2804
f 2792 2791 2803
f 2776 2775 2791
f 2776 2791 2792
f 2760 2759 2775
f 2760 2743 2759
f 2760 2775 2776
f 2744 2743 2760
f 2728 2727 2743
f 2728 2711 2727
f 2728 2743 2744
f 2712 2711 2728
f 2696 2695 2711
f 2696 2679 2695
f 2696 2711 2712
f 2680 2679 2696
f 2664 2663 2679
f 2664 2679 2680
f 2648 2647 2663
f 2648 2663 2664
f 2632 2647 2648
f 2632 2631 2647
f 2616 2631 2632
f 2616 2615 2631
f 2600 2615 2616
f 2600 2599 2615
f 2584 2599 2600
f 2584 2583 2599
f 2568 2583 2584
f 2568 2567 2583
f 2552 2567 2568
f 2552 2551 2567
f 2552 2535 2551
f 2536 2535 2552
f 2536 2519 2535
f 2520 2519 2536
f 2504 2519 2520
f 2504 2503 2519
f 2504 2487 2503
f 2488 2487 2504
f 2488 2471 2487
f 2472 2471 2488
f 2456 2471 2472
f 2456 2455 2471
f 2440 2439 2455
f 2440 2455 2456
f 2424 2423 2439
f 2424 2439 2440
f 2408 2407 2423
f 2408 2423 2424
f 2392 2391 2407
f 2392 2407 2408
f 2376 2375 2391
f 2376 2391 2392
f 2360 2359 2375
f 2360 2375 2376
f 2344 2343 2359
f 2344 2359 2360
f 2328 2327 2343
f 2328 2343 2344
f 2312 2311 2327
f 2312 2327 2328
f 2296 2295 2311
f 2296 2279 2295
f 2296 2311 2312
f 2280 2279 2296
f 2264 2263 2279
f 2264 2279 2280
f 2248 2247 2263
f 2248 2263 2264
f 2232 2231 2247
f 2232 2247 2248
f 2216 2231 2232
f 2216 2215 2231
f 2200 2215 2216
f 2200 2199 2215
f 2200 2183 2199
f 2184 2183 2200
f 2168 2183 2184
f 2168 2167 2183
f 2152 2167 2168
f 2152 2151 2167
f 2152 2135 2151
f 2136 2135 2152
f 2120 2135 2136
f 2120 2119 2135
f 2120 2103 2119
f 2104 2103 2120
f 2088 2103 2104
f 2088 2087 2103
f 2072 2087 2088
f 2072 2071 2087
f 2072 2055 2071
f 2056 2055 2072
f 2040 2055 2056
f 2040 2039 2055
f 2024 2039 2040
f 2024 2023 2039
f 2008 2023 2024
f 2008 2007 2023
f 1992 2007 2008
f 1992 1991 2007
f 1976 1991 1992
f 1976 1975 1991
f 1960 1975 1976
f 1960 1959 1975
f 1960 1943 1959
f 1944 1943 1960
f 1928 1943 1944
f 1928 1927 1943
f 1912 1927 1928
f 1912 1911 1927
f 1896 1911 1912
f 1896 1895 1911
f 1880 1879 1895
f 1880 1895 1896
f 1864 1863 1879
f 1864 1879 1880
f 1848 1847 1863
f 1848 1863 1864
f 1832 1831 1847
f 1832 1847 1848
f 1816 1831 1832
f 1816 1815 1831
f 1816 1803 1815
f 1804 1803 1816
f 1814 1803 1804
f 1814 1813 1803
f 1830 1813 1814
f 1830 1829 1813
f 1846 1829 1830
f 1846 1845 1829
f 1862 1845 1846
f 1862 1861 1845
f 1878 1861 1862
f 1878 1877 1861
f 1894 1877 1878
f 1894 1893 1877
f 1910 1893 1894
f 1910 1909 1893
f 1926 1909 1910
f 1926 1925 1909
f 1942 1925 1926
f 1942 1941 1925
f 1958 1941 1942
f 1958 1957 1941
f 1974 1957 1958
f 1974 1973 1957
f 1990 1989 1973
f 1990 2005 1989
f 1990 1973 1974
f 2006 2005 1990
f 2022 2021 2005
f 2022 2005 2006
f 2038 2037 2021
f 2038 2021 2022
f 2054 2053 2037
f 2054 2069 2053
f 2054 2037 2038
f 2070 2069 2054
f 2086 2085 2069
f 2086 2069 2070
f 2102 2101 2085
f 2102 2085 2086
f 2118 2117 2101
f 2118 2101 2102
f 2134 2133 2117
f 2134 2117 2118
f 2150 2149 2133
f 2150 2133 2134
f 2166 2165 2149
f 2166 2181 2165
f 2166 2149 2150
f 2182 2181 2166
f 2198 2181 2182
f 2198 2197 2181
f 2198 2213 2197
f 2214 2213 2198
f 2230 2213 2214
f 2230 2229 2213
f 2246 2229 2230
f 2246 2245 2229
f 2262 2261 2245
f 2262 2245 2246
f 2278 2277 2261
f 2278 2261 2262
f 2294 2293 2277
f 2294 2277 2278
f 2310 2309 2293
f 2310 2293 2294
f 2326 2325 2309
f 2326 2309 2310
f 2342 2341 2325
f 2342 2325 2326
f 2358 2357 2341
f 2358 2341 2342
f 2374 2373 2357
f 2374 2389 2373
f 2374 2357 2358
f 2390 2389 2374
f 2406 2405 2389
f 2406 2421 2405
f 2406 2389 2390
f 2422 2421 2406
f 2438 2437 2421
f 2438 2421 2422
f 2454 2453 2437
f 2454 2437 2438
f 2470 2469 2453
f 2470 2453 2454
f 2486 2485 2469
f 2486 2469 2470
f 2502 2501 2485
f 2502 2485 2486
f 2518 2517 2501
f 2518 2501 2502
f 2534 2533 2517
f 2534 2517 2518
f 2550 2549 2533
f 2550 2533 2534
f 2566 2565 2549
f 2566 2549 2550
f 2582 2565 2566
f 2582 2581 2565
f 2598 2581 2582
f 2598 2597 2581
f 2614 2597 2598
f 2614 2613 2597
f 2614 2629 2613
f 2630 2629 2614
f 2630 2645 2629
f 2646 2645 2630
f 2662 2645 2646
f 2662 2661 2645
f 2678 2661 2662
f 2678 2677 2661
f 2694 2677 2678
f 2694 2693 2677
f 2710 2693 2694
f 2710 2709 2693
f 2710 2725 2709
f 2726 2725 2710
f 2742 2725 2726
f 2742 2741 2725
f 2742 2757 2741
f 2758 2757 2742
f 2774 2773 2757
f 2774 2757 2758
f 2774 2789 2773
f 2790 2789 2774
f 2804 2803 2789
f 2804 2789 2790
f 1232 1241 1242
f 1232 1231 1241
f 1216 1215 1231
f 1216 1231 1232
f 1200 1199 1215
f 1200 1183 1199
f 1200 1215 1216
f 1184 1183 1200
f 1160 1159 1183
f 1160 1141 1159
f 1160 1183 1184
f 1142 1141 1160
f 1124 1123 1141
f 1124 1099 1123
f 1124 1141 1142
f 1100 1099 1124
f 1076 1075 1099
f 1076 1099 1100
f 1060 1059 1075
f 1060 1075 1076
f 1036 1059 1060
f 1036 1035 1059
f 1012 1035 1036
f 1012 1011 1035
f 988 1011 1012
f 988 987 1011
f 964 987 988
f 964 963 987
f 940 963 964
f 940 939 963
f 904 939 940
f 904 903 939
f 904 879 903
f 880 879 904
f 880 839 879
f 840 839 880
f 788 839 840
f 788 787 839
f 788 771 787
f 772 771 788
f 772 755 771
f 756 755 772
f 736 755 756
f 736 735 755
f 720 719 735
f 720 735 736
f 704 703 719
f 704 719 720
f 688 687 703
f 688 703 704
f 672 671 687
f 672 687 688
f 652 651 671
f 652 671 672
f 636 635 651
f 636 651 652
f 620 619 635
f 620 635 636
f 604 603 619
f 604 619 620
f 586 585 603
f 586 603 604
f 568 567 585
f 568 551 567
f 568 585 586
f 552 551 568
f 536 535 551
f 536 551 552
f 520 519 535
f 520 535 536
f 500 499 519
f 500 519 520
f 484 499 500
f 484 483 499
f 468 483 484
f 468 467 483
f 468 451 467
f 452 451 468
f 434 451 452
f 434 433 451
f 416 433 434
f 416 415 433
f 416 399 415
f 400 399 416
f 384 399 400
f 384 383 399
f 384 367 383
f 368 367 384
f 350 367 368
f 350 349 367
f 332 349 350
f 332 331 349
f 332 315 331
f 316 315 332
f 300 315 316
f 300 299 315
f 284 299 300
f 284 283 299
f 268 283 284
f 268 267 283
f 252 267 268
f 252 251 267
f 232 251 252
f 232 231 251
f 216 231 232
f 216 215 231
f 216 199 215
f 200 199 216
f 184 199 200
f 184 183 199
f 168 183 184
f 168 167 183
f 152 167 168
f 152 151 167
f 136 135 151
f 136 151 152
f 120 119 135
f 120 135 136
f 104 103 119
f 104 119 120
f 88 87 103
f 88 103 104
f 72 87 88
f 72 71 87
f 72 57 71
f 58 57 72
f 70 57 58
f 70 69 57
f 86 69 70
f 86 85 69
f 102 85 86
f 102 101 85
f 118 101 102
f 118 117 101
f 134 117 118
f 134 133 117
f 150 133 134
f 150 149 133
f 166 149 150
f 166 165 149
f 182 165 166
f 182 181 165
f 198 181 182
f 198 197 181
f 214 197 198
f 214 213 197
f 230 213 214
f 230 229 213
f 250 249 229
f 250 265 249
f 250 229 230
f 266 265 250
f 282 281 265
f 282 265 266
f 298 297 281
f 298 281 282
f 314 313 297
f 314 329 313
f 314 297 298
f 330 329 314
f 348 347 329
f 348 329 330
f 366 365 347
f 366 347 348
f 382 381 365
f 382 365 366
f 398 397 381
f 398 381 382
f 414 413 397
f 414 397 398
f 432 431 413
f 432 449 431
f 432 413 414
f 450 449 432
f 466 449 450
f 466 465 449
f 466 481 465
f 482 481 466
f 498 481 482
f 498 497 481
f 518 497 498
f 518 517 497
f 534 533 517
f 534 517 518
f 550 549 533
f 550 533 534
f 566 565 549
f 566 549 550
f 584 583 565
f 584 565 566
f 602 601 583
f 602 583 584
f 618 617 601
f 618 601 602
f 634 633 617
f 634 617 618
f 650 649 633
f 650 669 649
f 650 633 634
f 670 669 650
f 686 685 669
f 686 701 685
f 686 669 670
f 702 701 686
f 718 717 701
f 718 701 702
f 734 733 717
f 734 717 718
f 754 753 733
f 754 733 734
f 770 769 753
f 770 753 754
f 786 785 769
f 786 769 770
f 838 837 785
f 838 785 786
f 878 877 837
f 878 837 838
f 902 901 877
f 902 877 878
f 938 937 901
f 938 901 902
f 962 937 938
f 962 961 937
f 986 961 962
f 986 985 961
f 1010 985 986
f 1010 1009 985
f 1010 1033 1009
f 1034 1033 1010
f 1034 1057 1033
f 1058 1057 1034
f 1074 1057 1058
f 1074 1073 1057
f 1098 1073 1074
f 1098 1097 1073
f 1122 1097 1098
f 1122 1121 1097
f 1140 1121 1122
f 1140 1139 1121
f 1140 1157 1139
f 1158 1157 1140
f 1182 1157 1158
f 1182 1181 1157
f 1182 1197 1181
f 1198 1197 1182
f 1214 1213 1197
f 1214 1197 1198
f 1214 1229 1213
f 1230 1229 1214
f 1242 1241 1229
f 1242 1229 1230
f 2796 2805 2806
f 2796 2795 2805
f 2780 2779 2795
f 2780 2795 2796
f 2764 2763 2779
f 2764 2747 2763
f 2764 2779 2780
f 2748 2747 2764
f 2732 2731 2747
f 2732 2715 2731
f 2732 2747 2748
f 2716 2715 2732
f 2700 2699 2715
f 2700 2683 2699
f 2700 2715 2716
f 2684 2683 2700
f 2668 2667 2683
f 2668 2683 2684
f 2652 2651 2667
f 2652 2667 2668
f 2636 2651 2652
f 2636 2635 2651
f 2620 2635 2636
f 2620 2619 2635
f 2604 2619 2620
f 2604 2603 2619
f 2588 2603 2604
f 2588 2587 2603
f 2572 2587 2588
f 2572 2571 2587
f 2556 2571 2572
f 2556 2555 2571
f 2556 2539 2555
f 2540 2539 2556
f 2540 2523 2539
f 2524 2523 2540
f 2508 2523 2524
f 2508 2507 2523
f 2508 2491 2507
f 2492 2491 2508
f 2492 2475 2491
f 2476 2475 2492
f 2460 2475 2476
f 2460 2459 2475
f 2444 2443 2459
f 2444 2459 2460
f 2428 2427 2443
f 2428 2443 2444
f 2412 2411 2427
f 2412 2427 2428
f 2396 2395 2411
f 2396 2411 2412
f 2380 2379 2395
f 2380 2395 2396
f 2364 2363 2379
f 2364 2379 2380
f 2348 2347 2363
f 2348 2363 2364
f 2332 2331 2347
f 2332 2347 2348
f 2316 2315 2331
f 2316 2331 2332
f 2300 2299 2315
f 2300 2283 2299
f 2300 2315 2316
f 2284 2283 2300
f 2268 2267 2283
f 2268 2283 2284
f 2252 2251 2267
f 2252 2267 2268
f 2236 2235 2251
f 2236 2251 2252
f 2220 2235 2236
f 2220 2219 2235
f 2204 2219 2220
f 2204 2203 2219
f 2204 2187 2203
f 2188 2187 2204
f 2172 2187 2188
f 2172 2171 2187
f 2156 2171 2172
f 2156 2155 2171
f 2156 2139 2155
f 2140 2139 2156
f 2124 2139 2140
f 2124 2123 2139
f 2124 2107 2123
f 2108 2107 2124
f 2092 2107 2108
f 2092 2091 2107
f 2076 2091 2092
f 2076 2075 2091
f 2076 2059 2075
f 2060 2059 2076
f 2044 2059 2060
f 2044 2043 2059
f 2028 2043 2044
f 2028 2027 2043
f 2012 2027 2028
f 2012 2011 2027
f 1996 2011 2012
f 1996 1995 2011
f 1980 1995 1996
f 1980 1979 1995
f 1964 1979 1980
f 1964 1963 1979
f 1964 1947 1963
f 1948 1947 1964
f 1932 1947 1948
f 1932 1931 1947
f 1916 1931 1932
f 1916 1915 1931
f 1900 1915 1916
f 1900 1899 1915
f 1884 1883 1899
f 1884 1899 1900
f 1868 1867 1883
f 1868 1883 1884
f 1852 1851 1867
f 1852 1867 1868
f 1836 1835 1851
f 1836 1851 1852
f 1820 1835 1836
f 1820 1819 1835
f 1820 1805 1819
f 1806 1805 1820
f 1818 1805 1806
f 1818 1817 1805
f 1834 1817 1818
f 1834 1833 1817
f 1850 1833 1834
f 1850 1849 1833
f 1866 1849 1850
f 1866 1865 1849
f 1882 1865 1866
f 1882 1881 1865
f 1898 1881 1882
f 1898 1897 1881
f 1914 1897 1898
f 1914 1913 1897
f 1930 1913 1914
f 1930 1929 1913
f 1946 1929 1930
f 1946 1945 1929
f 1962 1945 1946
f 1962 1961 1945
f 1978 1961 1962
f 1978 1977 1961
f 1994 1993 1977
f 1994 2009 1993
f 1994 1977 1978
f 2010 2009 1994
f 2026 2025 2009
f 2026 2009 2010
f 2042 2041 2025
f 2042 2025 2026
f 2058 2057 2041
f 2058 2073 2057
f 2058 2041 2042
f 2074 2073 2058
f 2090 2089 2073
f 2090 2073 2074
f 2106 2105 2089
f 2106 2089 2090
f 2122 2121 2105
f 2122 2105 2106
f 2138 2137 2121
f 2138 2121 2122
f 2154 2153 2137
f 2154 2137 2138
f 2170 2169 2153
f 2170 2185 2169
f 2170 2153 2154
f 2186 2185 2170
f 2202 2185 2186
f 2202 2201 2185
f 2202 2217 2201
f 2218 2217 2202
f 2234 2217 2218
f 2234 2233 2217
f 2250 2233 2234
f 2250 2249 2233
f 2266 2265 2249
f 2266 2249 2250
f 2282 2281 2265
f 2282 2265 2266
f 2298 2297 2281
f 2298 2281 2282
f 2314 2313 2297
f 2314 2297 2298
f 2330 2329 2313
f 2330 2313 2314
f 2346 2345 2329
f 2346 2329 2330
f 2362 2361 2345
f 2362 2345 2346
f 2378 2377 2361
f 2378 2393 2377
f 2378 2361 2362
f 2394 2393 2378
f 2410 2409 2393
f 2410 2425 2409
f 2410 2393 2394
f 2426 2425 2410
f 2442 2441 2425
f 2442 2425 2426
f 2458 2457 2441
f 2458 2441 2442
f 2474 2473 2457
f 2474 2457 2458
f 2490 2489 2473
f 2490 2473 2474
f 2506 2505 2489
f 2506 2489 2490
f 2522 2521 2505
f 2522 2505 2506
f 2538 2537 2521
f 2538 2521 2522
f 2554 2553 2537
f 2554 2537 2538
f 2570 2569 2553
f 2570 2553 2554
f 2586 2569 2570
f 2586 2585 2569
f 2602 2585 2586
f 2602 2601 2585
f 2618 2601 2602
f 2618 2617 2601
f 2618 2633 2617
f 2634 2633 2618
f 2634 2649 2633
f 2650 2649 2634
f 2666 2649 2650
f 2666 2665 2649
f 2682 2665 2666
f 2682 2681 2665
f 2698 2681 2682
f 2698 2697 2681
f 2714 2697 2698
f 2714 2713 2697
f 2714 2729 2713
f 2730 2729 2714
f 2746 2729 2730
f 2746 2745 2729
f 2746 2761 2745
f 2762 2761 2746
f 2778 2777 2761
f 2778 2761 2762
f 2778 2793 2777
f 2794 2793 2778
f 2806 2805 2793
f 2806 2793 2794
f 1236 1243 1244
f 1236 1235 1243
f 1220 1219 1235
f 1220 1235 1236
f 1204 1203 1219
f 1204 1187 1203
f 1204 1219 1220
f 1188 1187 1204
f 1164 1163 1187
f 1164 1145 1163
f 1164 1187 1188
f 1146 1145 1164
f 1128 1127 1145
f 1128 1103 1127
f 1128 1145 1146
f 1104 1103 1128
f 1080 1079 1103
f 1080 1103 1104
f 1064 1063 1079
f 1064 1079 1080
f 1040 1063 1064
f 1040 1039 1063
f 1016 1039 1040
f 1016 1015 1039
f 992 1015 1016
f 992 991 1015
f 968 991 992
f 968 967 991
f 944 967 968
f 944 943 967
f 908 943 944
f 908 907 943
f 908 883 907
f 884 883 908
f 884 843 883
f 844 843 884
f 792 843 844
f 792 791 843
f 792 775 791
f 776 775 792
f 776 759 775
f 760 759 776
f 740 759 760
f 740 739 759
f 724 723 739
f 724 739 740
f 708 707 723
f 708 723 724
f 692 691 707
f 692 707 708
f 676 675 691
f 676 691 692
f 656 655 675
f 656 675 676
f 640 639 655
f 640 655 656
f 624 623 639
f 624 639 640
f 608 607 623
f 608 623 624
f 590 589 607
f 590 607 608
f 572 571 589
f 572 555 571
f 572 589 590
f 556 555 572
f 540 539 555
f 540 555 556
f 524 523 539
f 524 539 540
f 504 503 523
f 504 523 524
f 488 503 504
f 488 487 503
f 472 487 488
f 472 471 487
f 472 455 471
f 456 455 472
f 438 455 456
f 438 437 455
f 420 437 438
f 420 419 437
f 420 403 419
f 404 403 420
f 388 403 404
f 388 387 403
f 388 371 387
f 372 371 388
f 354 371 372
f 354 353 371
f 336 353 354
f 336 335 353
f 336 319 335
f 320 319 336
f 304 319 320
f 304 303 319
f 288 303 304
f 288 287 303
f 272 287 288
f 272 271 287
f 256 271 272
f 256 255 271
f 236 255 256
f 236 235 255
f 220 235 236
f 220 219 235
f 220 203 219
f 204 203 220
f 188 203 204
f 188 187 203
f 172 187 188
f 172 171 187
f 156 171 172
f 156 155 171
f 140 139 155
f 140 155 156
f 124 123 139
f 124 139 140
f 108 107 123
f 108 123 124
f 92 91 107
f 92 107 108
f 76 91 92
f 76 75 91
f 76 59 75
f 60 59 76
f 74 59 60
f 74 73 59
f 90 73 74
f 90 89 73
f 106 89 90
f 106 105 89
f 122 105 106
f 122 121 105
f 138 121 122
f 138 137 121
f 154 137 138
f 154 153 137
f 170 153 154
f 170 169 153
f 186 169 170
f 186 185 169
f 202 185 186
f 202 201 185
f 218 201 202
f 218 217 201
f 234 217 218
f 234 233 217
f 254 253 233
f 254 269 253
f 254 233 234
f 270 269 254
f 286 285 269
f 286 269 270
f 302 301 285
f 302 285 286
f 318 317 301
f 318 333 317
f 318 301 302
f 334 333 318
f 352 351 333
f 352 333 334
f 370 369 351
f 370 351 352
f 386 385 369
f 386 369 370
f 402 401 385
f 402 385 386
f 418 417 401
f 418 401 402
f 436 435 417
f 436 453 435
f 436 417 418
f 454 453 436
f 470 453 454
f 470 469 453
f 470 485 469
f 486 485 470
f 502 485 486
f 502 501 485
f 522 501 502
f 522 521 501
f 538 537 521
f 538 521 522
f 554 553 537
f 554 537 538
f 570 569 553
f 570 553 554
f 588 587 569
f 588 569 570
f 606 605 587
f 606 587 588
f 622 621 605
f 622 605 606
f 638 637 621
f 638 621 622
f 654 653 637
f 654 673 653
f 654 637 638
f 674 673 654
f 690 689 673
f 690 705 689
f 690 673 674
f 706 705 690
f 722 721 705
f 722 705 706
f 738 737 721
f 738 721 722
f 758 757 737
f 758 737 738
f 774 773 757
f 774 757 758
f 790 789 773
f 790 773 774
f 842 841 789
f 842 789 790
f 882 881 841
f 882 841 842
f 906 905 881
f 906 881 882
f 942 941 905
f 942 905 906
f 966 941 942
f 966 965 941
f 990 965 966
f 990 989 965
f 1014 989 990
f 1014 1013 989
f 1014 1037 1013
f 1038 1037 1014
f 1038 1061 1037
f 1062 1061 1038
f 1078 1061 1062
f 1078 1077 1061
f 1102 1077 1078
f 1102 1101 1077
f 1126 1101 1102
f 1126 1125 1101
f 1144 1125 1126
f 1144 1143 1125
f 1144 1161 1143
f 1162 1161 1144
f 1186 1161 1162
f 1186 1185 1161
f 1186 1201 1185
f 1202 1201 1186
f 1218 1217 1201
f 1218 1201 1202
f 1218 1233 1217
f 1234 1233 1218
f 1244 1243 1233
f 1244 1233 1234
f 2800 2807 2808
f 2800 2799 2807
f 2784 2783 2799
f 2784 2799 2800
f 2768 2767 2783
f 2768 2751 2767
f 2768 2783 2784
f 2752 2751 2768
f 2736 2735 2751
f 2736 2719 2735
f 2736 2751 2752
f 2720 2719 2736
f 2704 2703 2719
f 2704 2687 2703
f 2704 2719 2720
f 2688 2687 2704
f 2672 2671 2687
f 2672 2687 2688
f 2656 2655 2671
f 2656 2671 2672
f 2640 2655 2656
f 2640 2639 2655
f 2624 2639 2640
f 2624 2623 2639
f 2608 2623 2624
f 2608 2607 2623
f 2592 2607 2608
f 2592 2591 2607
f 2576 2591 2592
f 2576 2575 2591
f 2560 2575 2576
f 2560 2559 2575
f 2560 2543 2559
f 2544 2543 2560
f 2544 2527 2543
f 2528 2527 2544
f 2512 2527 2528
f 2512 2511 2527
f 2512 2495 2511
f 2496 2495 2512
f 2496 2479 2495
f 2480 2479 2496
f 2464 2479 2480
f 2464 2463 2479
f 2448 2447 2463
f 2448 2463 2464
f 2432 2431 2447
f 2432 2447 2448
f 2416 2415 2431
f 2416 2431 2432
f 2400 2399 2415
f 2400 2415 2416
f 2384 2383 2399
f 2384 2399 2400
f 2368 2367 2383
f 2368 2383 2384
f 2352 2351 2367
f 2352 2367 2368
f 2336 2335 2351
f 2336 2351 2352
f 2320 2319 2335
f 2320 2335 2336
f 2304 2303 2319
f 2304 2287 2303
f 2304 2319 2320
f 2288 2287 2304
f 2272 2271 2287
f 2272 2287 2288
f 2256 2255 2271
f 2256 2271 2272
f 2240 2239 2255
f 2240 2255 2256
f 2224 2239 2240
f 2224 2223 2239
f 2208 2223 2224
f 2208 2207 2223
f 2208 2191 2207
f 2192 2191 2208
f 2176 2191 2192
f 2176 2175 2191
f 2160 2175 2176
f 2160 2159 2175
f 2160 2143 2159
f 2144 2143 2160
f 2128 2143 2144
f 2128 2127 2143
f 2128 2111 2127
f 2112 2111 2128
f 2096 2111 2112
f 2096 2095 2111
f 2080 2095 2096
f 2080 2079 2095
f 2080 2063 2079
f 2064 2063 2080
f 2048 2063 2064
f 2048 2047 2063
f 2032 2047 2048
f 2032 2031 2047
f 2016 2031 2032
f 2016 2015 2031
f 2000 2015 2016
f 2000 1999 2015
f 1984 1999 2000
f 1984 1983 1999
f 1968 1983 1984
f 1968 1967 1983
f 1968 1951 1967
f 1952 1951 1968
f 1936 1951 1952
f 1936 1935 1951
f 1920 1935 1936
f 1920 1919 1935
f 1904 1919 1920
f 1904 1903 1919
f 1888 1887 1903
f 1888 1903 1904
f 1872 1871 1887
f 1872 1887 1888
f 1856 1855 1871
f 1856 1871 1872
f 1840 1839 1855
f 1840 1855 1856
f 1824 1839 1840
f 1824 1823 1839
f 1824 1807 1823
f 1808 1807 1824
f 1822 1807 1808
f 1822 1821 1807
f 1838 1821 1822
f 1838 1837 1821
f 1854 1837 1838
f 1854 1853 1837
f 1870 1853 1854
f 1870 1869 1853
f 1886 1869 1870
f 1886 1885 1869
f 1902 1885 1886
f 1902 1901 1885
f 1918 1901 1902
f 1918 1917 1901
f 1934 1917 1918
f 1934 1933 1917
f 1950 1933 1934
f 1950 1949 1933
f 1966 1949 1950
f 1966 1965 1949
f 1982 1965 1966
f 1982 1981 1965
f 1998 1997 1981
f 1998 2013 1997
f 1998 1981 1982
f 2014 2013 1998
f 2030 2029 2013
f 2030 2013 2014
f 2046 2045 2029
f 2046 2029 2030
f 2062 2061 2045
f 2062 2077 2061
f 2062 2045 2046
f 2078 2077 2062
f 2094 2093 2077
f 2094 2077 2078
f 2110 2109 2093
f 2110 2093 2094
f 2126 2125 2109
f 2126 2109 2110
f 2142 2141 2125
f 2142 2125 2126
f 2158 2157 2141
f 2158 2141 2142
f 2174 2173 2157
f 2174 2189 2173
f 2174 2157 2158
f 2190 2189 2174
f 2206 2189 2190
f 2206 2205 2189
f 2206 2221 2205
f 2222 2221 2206
f 2238 2221 2222
f 2238 2237 2221
f 2254 2237 2238
f 2254 2253 2237
f 2270 2269 2253
f 2270 2253 2254
f 2286 2285 2269
f 2286 2269 2270
f 2302 2301 2285
f 2302 2285 2286
f 2318 2317 2301
f 2318 2301 2302
f 2334 2333 2317
f 2334 2317 2318
f 2350 2349 2333
f 2350 2333 2334
f 2366 2365 2349
f 2366 2349 2350
f 2382 2381 2365
f 2382 2397 2381
f 2382 2365 2366
f 2398 2397 2382
f 2414 2413 2397
f 2414 2429 2413
f 2414 2397 2398
f 2430 2429 2414
f 2446 2445 2429
f 2446 2429 2430
f 2462 2461 2445
f 2462 2445 2446
f 2478 2477 2461
f 2478 2461 2462
f 2494 2493 2477
f 2494 2477 2478
f 2510 2509 2493
f 2510 2493 2494
f 2526 2525 2509
f 2526 2509 2510
f 2542 2541 2525
f 2542 2525 2526
f 2558 2557 2541
f 2558 2541 2542
f 2574 2573 2557
f 2574 2557 2558
f 2590 2573 2574
f 2590 2589 2573
f 2606 2589 2590
f 2606 2605 2589
f 2622 2605 2606
f 2622 2621 2605
f 2622 2637 2621
f 2638 2637 2622
f 2638 2653 2637
f 2654 2653 2638
f 2670 2653 2654
f 2670 2669 2653
f 2686 2669 2670
f 2686 2685 2669
f 2702 2685 2686
f 2702 2701 2685
f 2718 2701 2702
f 2718 2717 2701
f 2718 2733 2717
f 2734 2733 2718
f 2750 2733 2734
f 2750 2749 2733
f 2750 2765 2749
f 2766 2765 2750
f 2782 2781 2765
f 2782 2765 2766
f 2782 2797 2781
f 2798 2797 2782
f 2808 2807 2797
f 2808 2797 2798
f 1618 1623 1624
f 1618 1617 1623
f 1610 1609 1617
f 1610 1617 1618
f 1600 1599 1609
f 1600 1609 1610
f 1592 1591 1599
f 1592 1599 1600
f 1584 1583 1591
f 1584 1591 1592
f 1576 1575 1583
f 1576 1583 1584
f 1568 1567 1575
f 1568 1575 1576
f 1560 1559 1567
f 1560 1551 1559
f 1560 1567 1568
f 1552 1551 1560
f 1544 1543 1551
f 1544 1551 1552
f 1536 1543 1544
f 1536 1535 1543
f 1528 1535 1536
f 1528 1527 1535
f 1528 1519 1527
f 1520 1519 1528
f 1510 1519 1520
f 1510 1509 1519
f 1510 1499 1509
f 1500 1499 1510
f 1492 1499 1500
f 1492 1491 1499
f 1484 1491 1492
f 1484 1483 1491
f 1476 1483 1484
f 1476 1475 1483
f 1468 1475 1476
f 1468 1467 1475
f 1458 1467 1468
f 1458 1457 1467
f 1448 1457 1458
f 1448 1447 1457
f 1440 1447 1448
f 1440 1439 1447
f 1432 1431 1439
f 1432 1439 1440
f 1424 1423 1431
f 1424 1415 1423
f 1424 1431 1432
f 1416 1415 1424
f 1404 1403 1415
f 1404 1415 1416
f 1396 1395 1403
f 1396 1387 1395
f 1396 1403 1404
f 1388 1387 1396
f 1380 1379 1387
f 1380 1371 1379
f 1380 1387 1388
f 1372 1371 1380
f 1360 1359 1371
f 1360 1351 1359
f 1360 1371 1372
f 1352 1343 1351
f 1352 1351 1360
f 1344 1343 1352
f 1336 1335 1343
f 1336 1343 1344
f 1326 1325 1335
f 1326 1335 1336
f 1316 1315 1325
f 1316 1325 1326
f 1308 1315 1316
f 1308 1307 1315
f 1300 1307 1308
f 1300 1299 1307
f 1300 1291 1299
f 1292 1291 1300
f 1282 1291 1292
f 1282 1281 1291
f 1272 1281 1282
f 1272 1271 1281
f 1264 1271 1272
f 1264 1263 1271
f 1264 1255 1263
f 1256 1255 1264
f 1248 1255 1256
f 1248 1247 1255
f 1168 1247 1248
f 1168 1167 1247
f 1108 1167 1168
f 1108 1107 1167
f 1084 1107 1108
f 1084 1083 1107
f 1044 1083 1084
f 1044 1043 1083
f 1044 1019 1043
f 1020 1019 1044
f 996 1019 1020
f 996 995 1019
f 996 971 995
f 972 971 996
f 948 971 972
f 948 947 971
f 922 947 948
f 922 921 947
f 912 921 922
f 912 911 921
f 888 911 912
f 888 887 911
f 864 887 888
f 864 863 887
f 856 863 864
f 856 855 863
f 848 847 855
f 848 855 856
f 848 823 847
f 824 815 823
f 824 823 848
f 816 815 824
f 808 807 815
f 808 815 816
f 800 807 808
f 800 799 807
f 794 799 800
f 794 793 799
f 794 797 793
f 798 797 794
f 798 805 797
f 806 805 798
f 814 805 806
f 814 813 805
f 814 821 813
f 822 821 814
f 822 845 821
f 846 845 822
f 854 845 846
f 854 853 845
f 862 853 854
f 862 861 853
f 886 861 862
f 886 885 861
f 886 909 885
f 910 909 886
f 920 945 919
f 920 909 910
f 920 919 909
f 946 945 920
f 970 969 945
f 970 945 946
f 994 993 969
f 994 1017 993
f 994 969 970
f 1018 1017 994
f 1042 1041 1017
f 1042 1017 1018
f 1082 1081 1041
f 1082 1041 1042
f 1106 1105 1081
f 1106 1081 1082
f 1166 1165 1105
f 1166 1105 1106
f 1246 1245 1165
f 1246 1253 1245
f 1246 1165 1166
f 1254 1253 1246
f 1262 1261 1253
f 1262 1253 1254
f 1270 1269 1261
f 1270 1261 1262
f 1280 1279 1269
f 1280 1269 1270
f 1290 1289 1279
f 1290 1279 1280
f 1298 1289 1290
f 1298 1297 1289
f 1306 1297 1298
f 1306 1305 1297
f 1314 1305 1306
f 1314 1313 1305
f 1314 1323 1313
f 1324 1323 1314
f 1334 1333 1323
f 1334 1323 1324
f 1342 1341 1333
f 1342 1333 1334
f 1350 1349 1341
f 1350 1357 1349
f 1350 1341 1342
f 1358 1369 1357
f 1358 1357 1350
f 1370 1377 1369
f 1370 1369 1358
f 1378 1385 1377
f 1378 1377 1370
f 1386 1385 1378
f 1394 1393 1385
f 1394 1401 1393
f 1394 1385 1386
f 1402 1401 1394
f 1402 1413 1401
f 1414 1413 1402
f 1422 1421 1413
f 1422 1413 1414
f 1430 1429 1421
f 1430 1421 1422
f 1438 1437 1429
f 1438 1429 1430
f 1446 1445 1437
f 1446 1437 1438
f 1456 1455 1445
f 1456 1465 1455
f 1456 1445 1446
f 1466 1465 1456
f 1474 1473 1465
f 1474 1465 1466
f 1482 1481 1473
f 1482 1489 1481
f 1482 1473 1474
f 1490 1489 1482
f 1498 1497 1489
f 1498 1489 1490
f 1508 1497 1498
f 1508 1507 1497
f 1508 1517 1507
f 1518 1517 1508
f 1526 1525 1517
f 1526 1517 1518
f 1534 1525 1526
f 1534 1533 1525
f 1542 1533 1534
f 1542 1541 1533
f 1542 1549 1541
f 1550 1549 1542
f 1550 1557 1549
f 1558 1557 1550
f 1566 1557 1558
f 1566 1565 1557
f 1566 1573 1565
f 1574 1573 1566
f 1574 1581 1573
f 1582 1581 1574
f 1590 1581 1582
f 1590 1589 1581
f 1598 1589 1590
f 1598 1597 1589
f 1608 1597 1598
f 1608 1607 1597
f 1608 1615 1607
f 1616 1615 1608
f 1624 1623 1615
f 1624 1615 1616
f 2942 2941 1677
f 2942 1677 1678
f 1685 1678 1677
f 1685 1677 1687
f 1693 1685 1687
f 1693 1687 1695
f 1701 1693 1695
f 1701 1695 1703
f 1709 1701 1703
f 1709 1703 1711
f 1719 1709 1711
f 1719 1711 1721
f 1727 1719 1721
f 1727 1721 1729
f 1735 1729 1737
f 1735 1727 1729
f 1743 1737 1745
f 1743 1735 1737
f 1751 1745 1753
f 1751 1743 1745
f 1759 1753 1763
f 1759 1751 1753
f 1767 1763 1771
f 1767 1759 1763
f 1775 1771 1779
f 1775 1767 1771
f 1783 1779 1787
f 1783 1775 1779
f 1791 1787 1795
f 1791 1783 1787
f 1799 1795 1797
f 1799 1791 1795
f 1793 1797 1789
f 1793 1799 1797
f 1785 1789 1781
f 1785 1793 1789
f 1777 1785 1781
f 1777 1781 1773
f 1769 1777 1773
f 1769 1773 1765
f 1761 1769 1765
f 1761 1765 1757
f 1755 1761 1757
f 1755 1757 1749
f 1747 1755 1749
f 1747 1749 1741
f 1739 1747 1741
f 1739 1741 1733
f 1731 1739 1733
f 1731 1733 1725
f 1723 1731 1725
f 1723 1725 1717
f 1713 1723 1717
f 1713 1717 1707
f 1714 1723 1713
f 1705 1707 1699
f 1705 1713 1707
f 1697 1699 1691
f 1697 1705 1699
f 1689 1691 1683
f 1689 1697 1691
f 1681 1683 1675
f 1681 1689 1683
f 1673 1675 1671
f 1673 1681 1675
f 1669 1671 1667
f 1669 1673 1671
f 1665 1667 1663
f 1665 1669 1667
f 1661 1663 1659
f 1661 1665 1663
f 1657 1659 1655
f 1657 1661 1659
f 1653 1655 1651
f 1653 1657 1655
f 1649 1651 1647
f 1649 1653 1651
f 1645 1647 1643
f 1645 1649 1647
f 1641 1643 1639
f 1641 1645 1643
f 1637 1639 1635
f 1637 1641 1639
f 1633 1635 1631
f 1633 1637 1635
f 1629 1631 1627
f 1629 1633 1631
f 1605 1627 1515
f 1605 1629 1627
f 1505 1605 1515
f 1505 1515 1463
f 1453 1505 1463
f 1453 1463 1411
f 1409 1453 1411
f 1409 1411 1367
f 1365 1367 1331
f 1365 1409 1367
f 1321 1331 1287
f 1321 1365 1331
f 1277 1287 1147
f 1277 1321 1287
f 1129 1147 927
f 1129 1277 1147
f 917 927 743
f 917 1129 927
f 741 743 659
f 741 917 743
f 657 659 591
f 657 741 659
f 573 591 507
f 573 657 591
f 505 507 439
f 505 573 507
f 421 439 355
f 421 505 439
f 337 355 239
f 337 421 355
f 237 239 51
f 237 337 239
f 49 51 47
f 49 237 51
f 45 47 43
f 45 49 47
f 41 43 33
f 41 45 43
f 34 41 33
f 3570 3574 3573
f 3570 3573 3569
f 3566 3570 3569
f 3566 3569 3565
f 3562 3566 3565
f 3562 3565 3561
f 3558 3562 3561
f 3558 3561 3557
f 3554 3558 3557
f 3554 3557 3553
f 3550 3554 3553
f 3550 3553 3549
f 3546 3550 3549
f 3546 3549 3545
f 3542 3546 3545
f 3542 3545 3541
f 3538 3542 3541
f 3538 3541 3537
f 3534 3538 3537
f 3534 3537 3533
f 3446 3534 3533
f 3446 3533 3445
f 3386 3445 3385
f 3386 3446 3445
f 3334 3385 3333
f 3334 3386 3385
f 3290 3333 3289
f 3290 3334 3333
f 3254 3289 3253
f 3254 3290 3289
f 3210 3253 3209
f 3210 3254 3253
f 3158 3209 3157
f 3158 3210 3209
f 3106 3157 3105
f 3106 3158 3157
f 2994 3106 3105
f 2994 3105 2993
f 2990 2994 2993
f 2990 2993 2989
f 2986 2990 2989
f 2986 2989 2985
f 2982 2986 2985
f 2982 2985 2981
f 2978 2982 2981
f 2978 2981 2977
f 2974 2978 2977
f 2974 2977 2973
f 2970 2974 2973
f 2970 2973 2969
f 2966 2970 2969
f 2966 2969 2965
f 2962 2966 2965
f 2962 2965 2961
f 2958 2962 2961
f 2958 2961 2957
f 2954 2958 2957
f 2954 2957 2953
f 2950 2954 2953
f 2950 2953 2949
f 2946 2950 2949
f 2946 2949 2945
f 2938 2946 2945
f 2938 2945 2937
f 2930 2938 2937
f 2930 2937 2929
f 2922 2930 2929
f 2922 2929 2921
f 2914 2922 2921
f 2914 2921 2913
f 2906 2914 2913
f 2906 2913 2905
f 2898 2906 2905
f 2898 2905 2897
f 2890 2898 2897
f 2890 2897 2889
f 2882 2889 2881
f 2882 2890 2889
f 2874 2881 2873
f 2874 2882 2881
f 2866 2873 2865
f 2866 2874 2873
f 2858 2865 2857
f 2858 2866 2865
f 2850 2857 2849
f 2850 2858 2857
f 2842 2850 2849
f 2842 2849 2841
f 2834 2841 2833
f 2834 2842 2841
f 2826 2833 2825
f 2826 2834 2833
f 2830 2825 2829
f 2830 2826 2825
f 2838 2829 2837
f 2838 2830 2829
f 2846 2837 2845
f 2846 2838 2837
f 2854 2845 2853
f 2854 2846 2845
f 2862 2853 2861
f 2862 2861 2869
f 2862 2854 2853
f 2870 2862 2869
f 2878 2869 2877
f 2878 2870 2869
f 2886 2877 2885
f 2886 2878 2877
f 2894 2885 2893
f 2894 2886 2885
f 2902 2893 2901
f 2902 2894 2893
f 2910 2901 2909
f 2910 2902 2901
f 2918 2909 2917
f 2918 2910 2909
f 2926 2917 2925
f 2926 2918 2917
f 2934 2925 2933
f 2934 2926 2925
f 2942 2933 2941
f 2942 2934 2933
f 37 39 40
f 35 33 39
f 35 39 37
f 36 37 38
f 36 35 37
f 34 33 35
f 3573 3576 3575
f 3574 3576 3573
f 42 40 39
f 42 39 44
f 46 42 44
f 46 44 48
f 50 46 48
f 50 48 52
f 238 50 52
f 238 52 240
f 338 238 240
f 338 240 356
f 422 338 356
f 422 356 440
f 506 440 508
f 506 422 440
f 574 508 592
f 574 506 508
f 658 592 660
f 658 574 592
f 742 660 744
f 742 658 660
f 918 744 928
f 918 742 744
f 1130 928 1148
f 1130 918 928
f 1278 1148 1288
f 1278 1130 1148
f 1322 1288 1332
f 1322 1278 1288
f 1366 1332 1368
f 1366 1322 1332
f 1410 1368 1412
f 1410 1366 1368
f 1454 1412 1464
f 1454 1410 1412
f 1506 1454 1464
f 1506 1464 1516
f 1606 1506 1516
f 1606 1516 1628
f 1630 1606 1628
f 1630 1628 1632
f 1634 1630 1632
f 1634 1632 1636
f 1638 1634 1636
f 1638 1636 1640
f 1642 1638 1640
f 1642 1640 1644
f 1646 1642 1644
f 1646 1644 1648
f 1650 1646 1648
f 1650 1648 1652
f 1654 1650 1652
f 1654 1652 1656
f 1658 1656 1660
f 1658 1654 1656
f 1662 1658 1660
f 1662 1660 1664
f 1666 1664 1668
f 1666 1662 1664
f 1670 1668 1672
f 1670 1666 1668
f 1674 1672 1676
f 1674 1670 1672
f 1682 1676 1684
f 1682 1674 1676
f 1690 1684 1692
f 1690 1682 1684
f 1698 1692 1700
f 1698 1690 1692
f 1706 1700 1708
f 1706 1698 1700
f 1715 1708 1718
f 1715 1706 1708
f 1724 1718 1726
f 1724 1715 1718
f 1724 1716 1715
f 1732 1726 1734
f 1732 1724 1726
f 1740 1734 1742
f 1740 1732 1734
f 1748 1742 1750
f 1748 1740 1742
f 1756 1750 1758
f 1756 1748 1750
f 1762 1758 1766
f 1762 1756 1758
f 1770 1762 1766
f 1770 1766 1774
f 1778 1770 1774
f 1778 1774 1782
f 1786 1778 1782
f 1786 1782 1790
f 1794 1786 1790
f 1794 1790 1798
f 1800 1794 1798
f 1800 1798 1796
f 1792 1796 1788
f 1792 1800 1796
f 1784 1788 1780
f 1784 1792 1788
f 1776 1780 1772
f 1776 1784 1780
f 1768 1772 1764
f 1768 1776 1772
f 1760 1764 1754
f 1760 1768 1764
f 1752 1754 1746
f 1752 1760 1754
f 1744 1746 1738
f 1744 1752 1746
f 1736 1738 1730
f 1736 1744 1738
f 1728 1730 1722
f 1728 1736 1730
f 1720 1722 1712
f 1720 1728 1722
f 1710 1712 1704
f 1710 1720 1712
f 1702 1704 1696
f 1702 1710 1704
f 1694 1696 1688
f 1694 1702 1696
f 1686 1688 1679
f 1686 1694 1688
f 1680 1686 1679
f 2944 2943 2935
f 2936 2944 2935
f 2936 2935 2927
f 2928 2936 2927
f 2928 2927 2919
f 2920 2928 2919
f 2920 2919 2911
f 2912 2920 2911
f 2912 2911 2903
f 2904 2912 2903
f 2904 2903 2895
f 2896 2904 2895
f 2896 2895 2887
f 2888 2896 2887
f 2888 2887 2879
f 2880 2888 2879
f 2880 2879 2871
f 2872 2880 2871
f 2872 2871 2863
f 2864 2872 2863
f 2864 2863 2855
f 2856 2855 2847
f 2856 2864 2855
f 2848 2847 2839
f 2848 2856 2847
f 2840 2848 2839
f 2832 2839 2831
f 2832 2831 2827
f 2832 2840 2839
f 2828 2832 2827
f 2836 2827 2835
f 2836 2828 2827
f 2844 2835 2843
f 2844 2836 2835
f 2852 2843 2851
f 2852 2844 2843
f 2860 2852 2851
f 2860 2851 2859
f 2868 2860 2859
f 2868 2859 2867
f 2876 2868 2867
f 2876 2867 2875
f 2884 2876 2875
f 2884 2875 2883
f 2892 2884 2883
f 2892 2883 2891
f 2900 2892 2891
f 2900 2891 2899
f 2908 2900 2899
f 2908 2899 2907
f 2916 2908 2907
f 2916 2907 2915
f 2924 2916 2915
f 2924 2915 2923
f 2932 2924 2923
f 2932 2923 2931
f 2940 2932 2931
f 2940 2931 2939
f 2948 2940 2939
f 2948 2939 2947
f 2952 2948 2947
f 2952 2947 2951
f 2956 2952 2951
f 2956 2951 2955
f 2960 2956 2955
f 2960 2955 2959
f 2964 2960 2959
f 2964 2959 2963
f 2968 2964 2963
f 2968 2963 2967
f 2972 2968 2967
f 2972 2967 2971
f 2976 2972 2971
f 2976 2971 2975
f 2980 2976 2975
f 2980 2975 2979
f 2984 2979 2983
f 2984 2980 2979
f 2988 2983 2987
f 2988 2984 2983
f 2992 2987 2991
f 2992 2988 2987
f 2996 2991 2995
f 2996 2992 2991
f 3108 2995 3107
f 3108 2996 2995
f 3160 3108 3107
f 3160 3107 3159
f 3212 3159 3211
f 3212 3160 3159
f 3256 3211 3255
f 3256 3212 3211
f 3292 3255 3291
f 3292 3256 3255
f 3336 3291 3335
f 3336 3292 3291
f 3388 3335 3387
f 3388 3336 3335
f 3448 3387 3447
f 3448 3388 3387
f 3536 3447 3535
f 3536 3448 3447
f 3540 3535 3539
f 3540 3536 3535
f 3544 3539 3543
f 3544 3543 3547
f 3544 3540 3539
f 3548 3544 3547
f 3552 3547 3551
f 3552 3548 3547
f 3556 3551 3555
f 3556 3552 3551
f 3560 3555 3559
f 3560 3559 3563
f 3560 3556 3555
f 3564 3560 3563
f 3568 3563 3567
f 3568 3564 3563
f 3572 3567 3571
f 3572 3568 3567
f 3576 3571 3575
f 3576 3572 3571
f 2944 1679 2943
f 2944 1680 1679
f 3524 3529 3530
f 3524 3523 3529
f 3516 3515 3523
f 3516 3523 3524
f 3508 3507 3515
f 3508 3515 3516
f 3500 3499 3507
f 3500 3507 3508
f 3492 3491 3499
f 3492 3499 3500
f 3484 3483 3491
f 3484 3491 3492
f 3476 3475 3483
f 3476 3483 3484
f 3468 3467 3475
f 3468 3459 3467
f 3468 3475 3476
f 3460 3459 3468
f 3452 3451 3459
f 3452 3459 3460
f 3440 3451 3452
f 3440 3439 3451
f 3432 3439 3440
f 3432 3431 3439
f 3432 3423 3431
f 3424 3423 3432
f 3416 3423 3424
f 3416 3415 3423
f 3416 3407 3415
f 3408 3407 3416
f 3400 3407 3408
f 3400 3399 3407
f 3392 3399 3400
f 3392 3391 3399
f 3380 3391 3392
f 3380 3379 3391
f 3372 3379 3380
f 3372 3371 3379
f 3364 3371 3372
f 3364 3363 3371
f 3356 3363 3364
f 3356 3355 3363
f 3348 3355 3356
f 3348 3347 3355
f 3340 3339 3347
f 3340 3347 3348
f 3328 3327 3339
f 3328 3319 3327
f 3328 3339 3340
f 3320 3319 3328
f 3312 3311 3319
f 3312 3319 3320
f 3304 3303 3311
f 3304 3295 3303
f 3304 3311 3312
f 3296 3295 3304
f 3284 3283 3295
f 3284 3275 3283
f 3284 3295 3296
f 3276 3275 3284
f 3268 3267 3275
f 3268 3259 3267
f 3268 3275 3276
f 3260 3247 3259
f 3260 3259 3268
f 3248 3247 3260
f 3240 3239 3247
f 3240 3247 3248
f 3232 3231 3239
f 3232 3239 3240
f 3224 3223 3231
f 3224 3231 3232
f 3216 3223 3224
f 3216 3215 3223
f 3204 3215 3216
f 3204 3203 3215
f 3204 3195 3203
f 3196 3195 3204
f 3188 3195 3196
f 3188 3187 3195
f 3180 3187 3188
f 3180 3179 3187
f 3172 3179 3180
f 3172 3171 3179
f 3172 3163 3171
f 3164 3163 3172
f 3152 3163 3164
f 3152 3151 3163
f 3144 3151 3152
f 3144 3143 3151
f 3136 3143 3144
f 3136 3135 3143
f 3128 3135 3136
f 3128 3127 3135
f 3120 3127 3128
f 3120 3119 3127
f 3120 3111 3119
f 3112 3111 3120
f 3100 3111 3112
f 3100 3099 3111
f 3100 3091 3099
f 3092 3091 3100
f 3084 3091 3092
f 3084 3083 3091
f 3076 3083 3084
f 3076 3075 3083
f 3068 3075 3076
f 3068 3067 3075
f 3060 3067 3068
f 3060 3059 3067
f 3052 3059 3060
f 3052 3051 3059
f 3044 3051 3052
f 3044 3043 3051
f 3036 3035 3043
f 3036 3043 3044
f 3036 3027 3035
f 3028 3019 3027
f 3028 3027 3036
f 3020 3019 3028
f 3012 3011 3019
f 3012 3019 3020
f 3004 3011 3012
f 3004 3003 3011
f 2998 3003 3004
f 2998 2997 3003
f 2998 3001 2997
f 3002 3001 2998
f 3002 3009 3001
f 3010 3009 3002
f 3018 3009 3010
f 3018 3017 3009
f 3018 3025 3017
f 3026 3025 3018
f 3026 3033 3025
f 3034 3033 3026
f 3042 3033 3034
f 3042 3041 3033
f 3050 3041 3042
f 3050 3049 3041
f 3058 3049 3050
f 3058 3057 3049
f 3058 3065 3057
f 3066 3065 3058
f 3074 3081 3073
f 3074 3065 3066
f 3074 3073 3065
f 3082 3081 3074
f 3090 3089 3081
f 3090 3081 3082
f 3098 3097 3089
f 3098 3109 3097
f 3098 3089 3090
f 3110 3109 3098
f 3118 3117 3109
f 3118 3109 3110
f 3126 3125 3117
f 3126 3117 3118
f 3134 3133 3125
f 3134 3125 3126
f 3142 3141 3133
f 3142 3133 3134
f 3150 3149 3141
f 3150 3161 3149
f 3150 3141 3142
f 3162 3161 3150
f 3170 3169 3161
f 3170 3161 3162
f 3178 3177 3169
f 3178 3169 3170
f 3186 3185 3177
f 3186 3177 3178
f 3194 3193 3185
f 3194 3185 3186
f 3202 3193 3194
f 3202 3201 3193
f 3214 3201 3202
f 3214 3213 3201
f 3222 3213 3214
f 3222 3221 3213
f 3222 3229 3221
f 3230 3229 3222
f 3238 3237 3229
f 3238 3229 3230
f 3246 3245 3237
f 3246 3237 3238
f 3258 3257 3245
f 3258 3265 3257
f 3258 3245 3246
f 3266 3273 3265
f 3266 3265 3258
f 3274 3281 3273
f 3274 3273 3266
f 3282 3293 3281
f 3282 3281 3274
f 3294 3293 3282
f 3302 3301 3293
f 3302 3309 3301
f 3302 3293 3294
f 3310 3309 3302
f 3310 3317 3309
f 3318 3317 3310
f 3326 3325 3317
f 3326 3317 3318
f 3338 3337 3325
f 3338 3325 3326
f 3346 3345 3337
f 3346 3337 3338
f 3354 3353 3345
f 3354 3345 3346
f 3362 3361 3353
f 3362 3369 3361
f 3362 3353 3354
f 3370 3369 3362
f 3378 3377 3369
f 3378 3369 3370
f 3390 3389 3377
f 3390 3397 3389
f 3390 3377 3378
f 3398 3397 3390
f 3406 3405 3397
f 3406 3397 3398
f 3414 3405 3406
f 3414 3413 3405
f 3414 3421 3413
f 3422 3421 3414
f 3430 3429 3421
f 3430 3421 3422
f 3438 3429 3430
f 3438 3437 3429
f 3450 3437 3438
f 3450 3449 3437
f 3450 3457 3449
f 3458 3457 3450
f 3458 3465 3457
f 3466 3465 3458
f 3474 3465 3466
f 3474 3473 3465
f 3474 3481 3473
f 3482 3481 3474
f 3482 3489 3481
f 3490 3489 3482
f 3498 3489 3490
f 3498 3497 3489
f 3506 3497 3498
f 3506 3505 3497
f 3514 3505 3506
f 3514 3513 3505
f 3514 3521 3513
f 3522 3521 3514
f 3530 3529 3521
f 3530 3521 3522
f 1622 1625 1626
f 1622 1621 1625
f 1614 1613 1621
f 1614 1621 1622
f 1604 1603 1613
f 1604 1613 1614
f 1596 1595 1603
f 1596 1603 1604
f 1588 1587 1595
f 1588 1595 1596
f 1580 1579 1587
f 1580 1587 1588
f 1572 1571 1579
f 1572 1579 1580
f 1564 1563 1571
f 1564 1555 1563
f 1564 1571 1572
f 1556 1555 1564
f 1548 1547 1555
f 1548 1555 1556
f 1540 1547 1548
f 1540 1539 1547
f 1532 1539 1540
f 1532 1531 1539
f 1532 1523 1531
f 1524 1523 1532
f 1514 1523 1524
f 1514 1513 1523
f 1514 1503 1513
f 1504 1503 1514
f 1496 1503 1504
f 1496 1495 1503
f 1488 1495 1496
f 1488 1487 1495
f 1480 1487 1488
f 1480 1479 1487
f 1472 1479 1480
f 1472 1471 1479
f 1462 1471 1472
f 1462 1461 1471
f 1452 1461 1462
f 1452 1451 1461
f 1444 1451 1452
f 1444 1443 1451
f 1436 1435 1443
f 1436 1443 1444
f 1428 1427 1435
f 1428 1419 1427
f 1428 1435 1436
f 1420 1419 1428
f 1408 1407 1419
f 1408 1419 1420
f 1400 1399 1407
f 1400 1391 1399
f 1400 1407 1408
f 1392 1391 1400
f 1384 1383 1391
f 1384 1375 1383
f 1384 1391 1392
f 1376 1375 1384
f 1364 1363 1375
f 1364 1355 1363
f 1364 1375 1376
f 1356 1347 1355
f 1356 1355 1364
f 1348 1347 1356
f 1340 1339 1347
f 1340 1347 1348
f 1330 1329 1339
f 1330 1339 1340
f 1320 1319 1329
f 1320 1329 1330
f 1312 1319 1320
f 1312 1311 1319
f 1304 1311 1312
f 1304 1303 1311
f 1304 1295 1303
f 1296 1295 1304
f 1286 1295 1296
f 1286 1285 1295
f 1276 1285 1286
f 1276 1275 1285
f 1268 1275 1276
f 1268 1267 1275
f 1268 1259 1267
f 1260 1259 1268
f 1252 1259 1260
f 1252 1251 1259
f 1172 1251 1252
f 1172 1171 1251
f 1112 1171 1172
f 1112 1111 1171
f 1088 1111 1112
f 1088 1087 1111
f 1048 1087 1088
f 1048 1047 1087
f 1048 1023 1047
f 1024 1023 1048
f 1000 1023 1024
f 1000 999 1023
f 1000 975 999
f 976 975 1000
f 952 975 976
f 952 951 975
f 926 951 952
f 926 925 951
f 916 925 926
f 916 915 925
f 892 915 916
f 892 891 915
f 868 891 892
f 868 867 891
f 860 867 868
f 860 859 867
f 852 851 859
f 852 859 860
f 852 827 851
f 828 819 827
f 828 827 852
f 820 819 828
f 812 811 819
f 812 819 820
f 804 811 812
f 804 803 811
f 796 803 804
f 796 795 803
f 796 801 795
f 802 801 796
f 802 809 801
f 810 809 802
f 818 809 810
f 818 817 809
f 818 825 817
f 826 825 818
f 826 849 825
f 850 849 826
f 858 849 850
f 858 857 849
f 866 857 858
f 866 865 857
f 890 865 866
f 890 889 865
f 890 913 889
f 914 913 890
f 924 949 923
f 924 913 914
f 924 923 913
f 950 949 924
f 974 973 949
f 974 949 950
f 998 997 973
f 998 1021 997
f 998 973 974
f 1022 1021 998
f 1046 1045 1021
f 1046 1021 1022
f 1086 1085 1045
f 1086 1045 1046
f 1110 1109 1085
f 1110 1085 1086
f 1170 1169 1109
f 1170 1109 1110
f 1250 1249 1169
f 1250 1257 1249
f 1250 1169 1170
f 1258 1257 1250
f 1266 1265 1257
f 1266 1257 1258
f 1274 1273 1265
f 1274 1265 1266
f 1284 1283 1273
f 1284 1273 1274
f 1294 1293 1283
f 1294 1283 1284
f 1302 1293 1294
f 1302 1301 1293
f 1310 1301 1302
f 1310 1309 1301
f 1318 1309 1310
f 1318 1317 1309
f 1318 1327 1317
f 1328 1327 1318
f 1338 1337 1327
f 1338 1327 1328
f 1346 1345 1337
f 1346 1337 1338
f 1354 1353 1345
f 1354 1361 1353
f 1354 1345 1346
f 1362 1373 1361
f 1362 1361 1354
f 1374 1381 1373
f 1374 1373 1362
f 1382 1389 1381
f 1382 1381 1374
f 1390 1389 1382
f 1398 1397 1389
f 1398 1405 1397
f 1398 1389 1390
f 1406 1405 1398
f 1406 1417 1405
f 1418 1417 1406
f 1426 1425 1417
f 1426 1417 1418
f 1434 1433 1425
f 1434 1425 1426
f 1442 1441 1433
f 1442 1433 1434
f 1450 1449 1441
f 1450 1441 1442
f 1460 1459 1449
f 1460 1469 1459
f 1460 1449 1450
f 1470 1469 1460
f 1478 1477 1469
f 1478 1469 1470
f 1486 1485 1477
f 1486 1493 1485
f 1486 1477 1478
f 1494 1493 1486
f 1502 1501 1493
f 1502 1493 1494
f 1512 1501 1502
f 1512 1511 1501
f 1512 1521 1511
f 1522 1521 1512
f 1530 1529 1521
f 1530 1521 1522
f 1538 1529 1530
f 1538 1537 1529
f 1546 1537 1538
f 1546 1545 1537
f 1546 1553 1545
f 1554 1553 1546
f 1554 1561 1553
f 1562 1561 1554
f 1570 1561 1562
f 1570 1569 1561
f 1570 1577 1569
f 1578 1577 1570
f 1578 1585 1577
f 1586 1585 1578
f 1594 1585 1586
f 1594 1593 1585
f 1602 1593 1594
f 1602 1601 1593
f 1612 1601 1602
f 1612 1611 1601
f 1612 1619 1611
f 1620 1619 1612
f 1626 1625 1619
f 1626 1619 1620
f 3528 3531 3532
f 3528 3527 3531
f 3520 3519 3527
f 3520 3527 3528
f 3512 3511 3519
f 3512 3519 3520
f 3504 3503 3511
f 3504 3511 3512
f 3496 3495 3503
f 3496 3503 3504
f 3488 3487 3495
f 3488 3495 3496
f 3480 3479 3487
f 3480 3487 3488
f 3472 3471 3479
f 3472 3463 3471
f 3472 3479 3480
f 3464 3463 3472
f 3456 3455 3463
f 3456 3463 3464
f 3444 3455 3456
f 3444 3443 3455
f 3436 3443 3444
f 3436 3435 3443
f 3436 3427 3435
f 3428 3427 3436
f 3420 3427 3428
f 3420 3419 3427
f 3420 3411 3419
f 3412 3411 3420
f 3404 3411 3412
f 3404 3403 3411
f 3396 3403 3404
f 3396 3395 3403
f 3384 3395 3396
f 3384 3383 3395
f 3376 3383 3384
f 3376 3375 3383
f 3368 3375 3376
f 3368 3367 3375
f 3360 3367 3368
f 3360 3359 3367
f 3352 3359 3360
f 3352 3351 3359
f 3344 3343 3351
f 3344 3351 3352
f 3332 3331 3343
f 3332 3323 3331
f 3332 3343 3344
f 3324 3323 3332
f 3316 3315 3323
f 3316 3323 3324
f 3308 3307 3315
f 3308 3299 3307
f 3308 3315 3316
f 3300 3299 3308
f 3288 3287 3299
f 3288 3279 3287
f 3288 3299 3300
f 3280 3279 3288
f 3272 3271 3279
f 3272 3263 3271
f 3272 3279 3280
f 3264 3251 3263
f 3264 3263 3272
f 3252 3251 3264
f 3244 3243 3251
f 3244 3251 3252
f 3236 3235 3243
f 3236 3243 3244
f 3228 3227 3235
f 3228 3235 3236
f 3220 3227 3228
f 3220 3219 3227
f 3208 3219 3220
f 3208 3207 3219
f 3208 3199 3207
f 3200 3199 3208
f 3192 3199 3200
f 3192 3191 3199
f 3184 3191 3192
f 3184 3183 3191
f 3176 3183 3184
f 3176 3175 3183
f 3176 3167 3175
f 3168 3167 3176
f 3156 3167 3168
f 3156 3155 3167
f 3148 3155 3156
f 3148 3147 3155
f 3140 3147 3148
f 3140 3139 3147
f 3132 3139 3140
f 3132 3131 3139
f 3124 3131 3132
f 3124 3123 3131
f 3124 3115 3123
f 3116 3115 3124
f 3104 3115 3116
f 3104 3103 3115
f 3104 3095 3103
f 3096 3095 3104
f 3088 3095 3096
f 3088 3087 3095
f 3080 3087 3088
f 3080 3079 3087
f 3072 3079 3080
f 3072 3071 3079
f 3064 3071 3072
f 3064 3063 3071
f 3056 3063 3064
f 3056 3055 3063
f 3048 3055 3056
f 3048 3047 3055
f 3040 3039 3047
f 3040 3047 3048
f 3040 3031 3039
f 3032 3023 3031
f 3032 3031 3040
f 3024 3023 3032
f 3016 3015 3023
f 3016 3023 3024
f 3008 3015 3016
f 3008 3007 3015
f 3000 3007 3008
f 3000 2999 3007
f 3000 3005 2999
f 3006 3005 3000
f 3006 3013 3005
f 3014 3013 3006
f 3022 3013 3014
f 3022 3021 3013
f 3022 3029 3021
f 3030 3029 3022
f 3030 3037 3029
f 3038 3037 3030
f 3046 3037 3038
f 3046 3045 3037
f 3054 3045 3046
f 3054 3053 3045
f 3062 3053 3054
f 3062 3061 3053
f 3062 3069 3061
f 3070 3069 3062
f 3078 3085 3077
f 3078 3069 3070
f 3078 3077 3069
f 3086 3085 3078
f 3094 3093 3085
f 3094 3085 3086
f 3102 3101 3093
f 3102 3113 3101
f 3102 3093 3094
f 3114 3113 3102
f 3122 3121 3113
f 3122 3113 3114
f 3130 3129 3121
f 3130 3121 3122
f 3138 3137 3129
f 3138 3129 3130
f 3146 3145 3137
f 3146 3137 3138
f 3154 3153 3145
f 3154 3165 3153
f 3154 3145 3146
f 3166 3165 3154
f 3174 3173 3165
f 3174 3165 3166
f 3182 3181 3173
f 3182 3173 3174
f 3190 3189 3181
f 3190 3181 3182
f 3198 3197 3189
f 3198 3189 3190
f 3206 3197 3198
f 3206 3205 3197
f 3218 3205 3206
f 3218 3217 3205
f 3226 3217 3218
f 3226 3225 3217
f 3226 3233 3225
f 3234 3233 3226
f 3242 3241 3233
f 3242 3233 3234
f 3250 3249 3241
f 3250 3241 3242
f 3262 3261 3249
f 3262 3269 3261
f 3262 3249 3250
f 3270 3277 3269
f 3270 3269 3262
f 3278 3285 3277
f 3278 3277 3270
f 3286 3297 3285
f 3286 3285 3278
f 3298 3297 3286
f 3306 3305 3297
f 3306 3313 3305
f 3306 3297 3298
f 3314 3313 3306
f 3314 3321 3313
f 3322 3321 3314
f 3330 3329 3321
f 3330 3321 3322
f 3342 3341 3329
f 3342 3329 3330
f 3350 3349 3341
f 3350 3341 3342
f 3358 3357 3349
f 3358 3349 3350
f 3366 3365 3357
f 3366 3373 3365
f 3366 3357 3358
f 3374 3373 3366
f 3382 3381 3373
f 3382 3373 3374
f 3394 3393 3381
f 3394 3401 3393
f 3394 3381 3382
f 3402 3401 3394
f 3410 3409 3401
f 3410 3401 3402
f 3418 3409 3410
f 3418 3417 3409
f 3418 3425 3417
f 3426 3425 3418
f 3434 3433 3425
f 3434 3425 3426
f 3442 3433 3434
f 3442 3441 3433
f 3454 3441 3442
f 3454 3453 3441
f 3454 3461 3453
f 3462 3461 3454
f 3462 3469 3461
f 3470 3469 3462
f 3478 3469 3470
f 3478 3477 3469
f 3478 3485 3477
f 3486 3485 3478
f 3486 3493 3485
f 3494 3493 3486
f 3502 3493 3494
f 3502 3501 3493
f 3510 3501 3502
f 3510 3509 3501
f 3518 3509 3510
f 3518 3517 3509
f 3518 3525 3517
f 3526 3525 3518
f 3532 3531 3525
f 3532 3525 3526
f 221 241 257
f 405 373 389
f 125 141 157
f 489 423 441
f 489 441 457
f 489 457 473
f 541 509 525
f 61 77 93
f 625 593 609
f 641 593 625
f 693 661 677
f 693 641 661
f 191 175 159
f 191 159 143
f 725 693 709
f 745 693 725
f 745 641 693
f 761 641 745
f 259 243 223
f 291 191 143
f 291 275 259
f 291 223 207
f 291 207 191
f 291 143 127
f 291 127 111
f 291 111 95
f 291 259 223
f 893 829 869
f 929 777 829
f 929 829 893
f 341 323 307
f 341 307 291
f 359 341 291
f 359 95 79
f 359 79 63
f 359 63 53
f 359 53 61
f 359 93 109
f 359 109 125
f 359 61 93
f 359 291 95
f 1025 593 641
f 1025 761 777
f 1025 929 953
f 1025 953 977
f 1025 977 1001
f 1025 777 929
f 1025 641 761
f 1025 557 575
f 1025 575 593
f 407 391 375
f 407 375 359
f 1065 1025 1049
f 443 425 407
f 459 443 407
f 475 459 407
f 1149 1113 1131
f 491 359 125
f 491 475 407
f 491 221 257
f 491 407 359
f 491 125 157
f 491 157 173
f 491 173 189
f 491 189 205
f 491 205 221
f 491 257 273
f 491 273 289
f 491 289 305
f 491 305 321
f 491 321 339
f 1189 1149 1173
f 1205 1149 1189
f 1221 1149 1205
f 559 543 527
f 559 527 511
f 559 511 491
f 1237 1149 1221
f 577 491 339
f 577 373 405
f 577 559 491
f 577 423 489
f 577 339 357
f 577 357 373
f 577 405 423
f 577 509 541
f 577 489 509
f 577 541 557
f 1223 1149 1237
f 1191 1223 1207
f 627 611 595
f 627 595 577
f 1151 1191 1175
f 1151 1223 1191
f 663 643 627
f 679 627 577
f 679 663 627
f 679 577 557
f 1115 1223 1151
f 1115 1151 1133
f 1115 1149 1223
f 711 695 679
f 727 711 679
f 1051 1091 1067
f 747 727 679
f 1027 1115 1091
f 1027 1091 1051
f 979 1027 1003
f 871 831 779
f 871 779 763
f 871 763 747
f 931 979 955
f 895 1065 1089
f 895 1089 1113
f 895 871 747
f 895 1149 1115
f 895 679 557
f 895 1027 979
f 895 747 679
f 895 1115 1027
f 895 979 931
f 895 1025 1065
f 895 557 1025
f 895 1113 1149
f 1969 1985 2001
f 2145 2113 2129
f 1873 1889 1905
f 2225 2161 2177
f 2225 2177 2193
f 2225 2193 2209
f 2273 2241 2257
f 1809 1825 1841
f 2353 2321 2337
f 2369 2321 2353
f 2417 2385 2401
f 2417 2369 2385
f 1939 1923 1907
f 1939 1907 1891
f 2449 2417 2433
f 2465 2417 2449
f 2465 2369 2417
f 2481 2369 2465
f 2003 1987 1971
f 2035 1939 1891
f 2035 2019 2003
f 2035 1971 1955
f 2035 1955 1939
f 2035 1891 1875
f 2035 1875 1859
f 2035 1859 1843
f 2035 2003 1971
f 2545 2513 2529
f 2561 2497 2513
f 2561 2513 2545
f 2083 2067 2051
f 2083 2051 2035
f 2099 2083 2035
f 2099 1843 1827
f 2099 1827 1811
f 2099 1811 1801
f 2099 1801 1809
f 2099 1841 1857
f 2099 1857 1873
f 2099 1809 1841
f 2099 2035 1843
f 2625 2321 2369
f 2625 2481 2497
f 2625 2561 2577
f 2625 2577 2593
f 2625 2593 2609
f 2625 2497 2561
f 2625 2369 2481
f 2625 2289 2305
f 2625 2305 2321
f 2147 2131 2115
f 2147 2115 2099
f 2657 2625 2641
f 2179 2163 2147
f 2195 2179 2147
f 2211 2195 2147
f 2721 2689 2705
f 2227 2099 1873
f 2227 2211 2147
f 2227 1969 2001
f 2227 2147 2099
f 2227 1873 1905
f 2227 1905 1921
f 2227 1921 1937
f 2227 1937 1953
f 2227 1953 1969
f 2227 2001 2017
f 2227 2017 2033
f 2227 2033 2049
f 2227 2049 2065
f 2227 2065 2081
f 2753 2721 2737
f 2769 2721 2753
f 2785 2721 2769
f 2291 2275 2259
f 2291 2259 2243
f 2291 2243 2227
f 2801 2721 2785
f 2307 2227 2081
f 2307 2113 2145
f 2307 2291 2227
f 2307 2161 2225
f 2307 2081 2097
f 2307 2097 2113
f 2307 2145 2161
f 2307 2241 2273
f 2307 2225 2241
f 2307 2273 2289
f 2787 2721 2801
f 2755 2787 2771
f 2355 2339 2323
f 2355 2323 2307
f 2723 2755 2739
f 2723 2787 2755
f 2387 2371 2355
f 2403 2355 2307
f 2403 2387 2355
f 2403 2307 2289
f 2691 2787 2723
f 2691 2723 2707
f 2691 2721 2787
f 2435 2419 2403
f 2451 2435 2403
f 2643 2675 2659
f 2467 2451 2403
f 2627 2691 2675
f 2627 2675 2643
f 2595 2627 2611
f 2531 2515 2499
f 2531 2499 2483
f 2531 2483 2467
f 2563 2595 2579
f 2547 2657 2673
f 2547 2673 2689
f 2547 2531 2467
f 2547 2721 2691
f 2547 2403 2289
f 2547 2627 2595
f 2547 2467 2403
f 2547 2691 2627
f 2547 2595 2563
f 2547 2625 2657
f 2547 2289 2625
f 2547 2689 2721
f 225 245 261
f 409 377 393
f 129 145 161
f 493 427 445
f 493 445 461
f 493 461 477
f 545 513 529
f 65 81 97
f 629 597 613
f 645 597 629
f 697 665 681
f 697 645 665
f 195 179 163
f 195 163 147
f 729 697 713
f 749 697 729
f 749 645 697
f 765 645 749
f 263 247 227
f 295 195 147
f 295 279 263
f 295 227 211
f 295 211 195
f 295 147 131
f 295 131 115
f 295 115 99
f 295 263 227
f 897 833 873
f 933 781 833
f 933 833 897
f 345 327 311
f 345 311 295
f 363 345 295
f 363 99 83
f 363 83 67
f 363 67 55
f 363 55 65
f 363 97 113
f 363 113 129
f 363 65 97
f 363 295 99
f 1029 597 645
f 1029 765 781
f 1029 933 957
f 1029 957 981
f 1029 981 1005
f 1029 781 933
f 1029 645 765
f 1029 561 579
f 1029 579 597
f 411 395 379
f 411 379 363
f 1069 1029 1053
f 447 429 411
f 463 447 411
f 479 463 411
f 1153 1117 1135
f 495 363 129
f 495 479 411
f 495 225 261
f 495 411 363
f 495 129 161
f 495 161 177
f 495 177 193
f 495 193 209
f 495 209 225
f 495 261 277
f 495 277 293
f 495 293 309
f 495 309 325
f 495 325 343
f 1193 1153 1177
f 1209 1153 1193
f 1225 1153 1209
f 563 547 531
f 563 531 515
f 563 515 495
f 1239 1153 1225
f 581 495 343
f 581 377 409
f 581 563 495
f 581 427 493
f 581 343 361
f 581 361 377
f 581 409 427
f 581 513 545
f 581 493 513
f 581 545 561
f 1227 1153 1239
f 1195 1227 1211
f 631 615 599
f 631 599 581
f 1155 1195 1179
f 1155 1227 1195
f 667 647 631
f 683 631 581
f 683 667 631
f 683 581 561
f 1119 1227 1155
f 1119 1155 1137
f 1119 1153 1227
f 715 699 683
f 731 715 683
f 1055 1095 1071
f 751 731 683
f 1031 1119 1095
f 1031 1095 1055
f 983 1031 1007
f 875 835 783
f 875 783 767
f 875 767 751
f 935 983 959
f 899 1069 1093
f 899 1093 1117
f 899 875 751
f 899 1153 1119
f 899 683 561
f 899 1031 983
f 899 751 683
f 899 1119 1031
f 899 983 935
f 899 1029 1069
f 899 561 1029
f 899 1117 1153
f 1973 1989 2005
f 2149 2117 2133
f 1877 1893 1909
f 2229 2165 2181
f 2229 2181 2197
f 2229 2197 2213
f 2277 2245 2261
f 1813 1829 1845
f 2357 2325 2341
f 2373 2325 2357
f 2421 2389 2405
f 2421 2373 2389
f 1943 1927 1911
f 1943 1911 1895
f 2453 2421 2437
f 2469 2421 2453
f 2469 2373 2421
f 2485 2373 2469
f 2007 1991 1975
f 2039 1943 1895
f 2039 2023 2007
f 2039 1975 1959
f 2039 1959 1943
f 2039 1895 1879
f 2039 1879 1863
f 2039 1863 1847
f 2039 2007 1975
f 2549 2517 2533
f 2565 2501 2517
f 2565 2517 2549
f 2087 2071 2055
f 2087 2055 2039
f 2103 2087 2039
f 2103 1847 1831
f 2103 1831 1815
f 2103 1815 1803
f 2103 1803 1813
f 2103 1845 1861
f 2103 1861 1877
f 2103 1813 1845
f 2103 2039 1847
f 2629 2325 2373
f 2629 2485 2501
f 2629 2565 2581
f 2629 2581 2597
f 2629 2597 2613
f 2629 2501 2565
f 2629 2373 2485
f 2629 2293 2309
f 2629 2309 2325
f 2151 2135 2119
f 2151 2119 2103
f 2661 2629 2645
f 2183 2167 2151
f 2199 2183 2151
f 2215 2199 2151
f 2725 2693 2709
f 2231 2103 1877
f 2231 2215 2151
f 2231 1973 2005
f 2231 2151 2103
f 2231 1877 1909
f 2231 1909 1925
f 2231 1925 1941
f 2231 1941 1957
f 2231 1957 1973
f 2231 2005 2021
f 2231 2021 2037
f 2231 2037 2053
f 2231 2053 2069
f 2231 2069 2085
f 2757 2725 2741
f 2773 2725 2757
f 2789 2725 2773
f 2295 2279 2263
f 2295 2263 2247
f 2295 2247 2231
f 2803 2725 2789
f 2311 2231 2085
f 2311 2117 2149
f 2311 2295 2231
f 2311 2165 2229
f 2311 2085 2101
f 2311 2101 2117
f 2311 2149 2165
f 2311 2245 2277
f 2311 2229 2245
f 2311 2277 2293
f 2791 2725 2803
f 2759 2791 2775
f 2359 2343 2327
f 2359 2327 2311
f 2727 2759 2743
f 2727 2791 2759
f 2391 2375 2359
f 2407 2359 2311
f 2407 2391 2359
f 2407 2311 2293
f 2695 2791 2727
f 2695 2727 2711
f 2695 2725 2791
f 2439 2423 2407
f 2455 2439 2407
f 2647 2679 2663
f 2471 2455 2407
f 2631 2695 2679
f 2631 2679 2647
f 2599 2631 2615
f 2535 2519 2503
f 2535 2503 2487
f 2535 2487 2471
f 2567 2599 2583
f 2551 2661 2677
f 2551 2677 2693
f 2551 2535 2471
f 2551 2725 2695
f 2551 2407 2293
f 2551 2631 2599
f 2551 2471 2407
f 2551 2695 2631
f 2551 2599 2567
f 2551 2629 2661
f 2551 2293 2629
f 2551 2693 2725
f 229 249 265
f 413 381 397
f 133 149 165
f 497 431 449
f 497 449 465
f 497 465 481
f 549 517 533
f 69 85 101
f 633 601 617
f 649 601 633
f 701 669 685
f 701 649 669
f 199 183 167
f 199 167 151
f 733 701 717
f 753 701 733
f 753 649 701
f 769 649 753
f 267 251 231
f 299 199 151
f 299 283 267
f 299 231 215
f 299 215 199
f 299 151 135
f 299 135 119
f 299 119 103
f 299 267 231
f 901 837 877
f 937 785 837
f 937 837 901
f 349 331 315
f 349 315 299
f 367 349 299
f 367 103 87
f 367 87 71
f 367 71 57
f 367 57 69
f 367 101 117
f 367 117 133
f 367 69 101
f 367 299 103
f 1033 601 649
f 1033 769 785
f 1033 937 961
f 1033 961 985
f 1033 985 1009
f 1033 785 937
f 1033 649 769
f 1033 565 583
f 1033 583 601
f 415 399 383
f 415 383 367
f 1073 1033 1057
f 451 433 415
f 467 451 415
f 483 467 415
f 1157 1121 1139
f 499 367 133
f 499 483 415
f 499 229 265
f 499 415 367
f 499 133 165
f 499 165 181
f 499 181 197
f 499 197 213
f 499 213 229
f 499 265 281
f 499 281 297
f 499 297 313
f 499 313 329
f 499 329 347
f 1197 1157 1181
f 1213 1157 1197
f 1229 1157 1213
f 567 551 535
f 567 535 519
f 567 519 499
f 1241 1157 1229
f 585 499 347
f 585 381 413
f 585 567 499
f 585 431 497
f 585 347 365
f 585 365 381
f 585 413 431
f 585 517 549
f 585 497 517
f 585 549 565
f 1231 1157 1241
f 1199 1231 1215
f 635 619 603
f 635 603 585
f 1159 1199 1183
f 1159 1231 1199
f 671 651 635
f 687 635 585
f 687 671 635
f 687 585 565
f 1123 1231 1159
f 1123 1159 1141
f 1123 1157 1231
f 719 703 687
f 735 719 687
f 1059 1099 1075
f 755 735 687
f 1035 1123 1099
f 1035 1099 1059
f 987 1035 1011
f 879 839 787
f 879 787 771
f 879 771 755
f 939 987 963
f 903 1073 1097
f 903 1097 1121
f 903 879 755
f 903 1157 1123
f 903 687 565
f 903 1035 987
f 903 755 687
f 903 1123 1035
f 903 987 939
f 903 1033 1073
f 903 565 1033
f 903 1121 1157
f 1977 1993 2009
f 2153 2121 2137
f 1881 1897 1913
f 2233 2169 2185
f 2233 2185 2201
f 2233 2201 2217
f 2281 2249 2265
f 1817 1833 1849
f 2361 2329 2345
f 2377 2329 2361
f 2425 2393 2409
f 2425 2377 2393
f 1947 1931 1915
f 1947 1915 1899
f 2457 2425 2441
f 2473 2425 2457
f 2473 2377 2425
f 2489 2377 2473
f 2011 1995 1979
f 2043 1947 1899
f 2043 2027 2011
f 2043 1979 1963
f 2043 1963 1947
f 2043 1899 1883
f 2043 1883 1867
f 2043 1867 1851
f 2043 2011 1979
f 2553 2521 2537
f 2569 2505 2521
f 2569 2521 2553
f 2091 2075 2059
f 2091 2059 2043
f 2107 2091 2043
f 2107 1851 1835
f 2107 1835 1819
f 2107 1819 1805
f 2107 1805 1817
f 2107 1849 1865
f 2107 1865 1881
f 2107 1817 1849
f 2107 2043 1851
f 2633 2329 2377
f 2633 2489 2505
f 2633 2569 2585
f 2633 2585 2601
f 2633 2601 2617
f 2633 2505 2569
f 2633 2377 2489
f 2633 2297 2313
f 2633 2313 2329
f 2155 2139 2123
f 2155 2123 2107
f 2665 2633 2649
f 2187 2171 2155
f 2203 2187 2155
f 2219 2203 2155
f 2729 2697 2713
f 2235 2107 1881
f 2235 2219 2155
f 2235 1977 2009
f 2235 2155 2107
f 2235 1881 1913
f 2235 1913 1929
f 2235 1929 1945
f 2235 1945 1961
f 2235 1961 1977
f 2235 2009 2025
f 2235 2025 2041
f 2235 2041 2057
f 2235 2057 2073
f 2235 2073 2089
f 2761 2729 2745
f 2777 2729 2761
f 2793 2729 2777
f 2299 2283 2267
f 2299 2267 2251
f 2299 2251 2235
f 2805 2729 2793
f 2315 2235 2089
f 2315 2121 2153
f 2315 2299 2235
f 2315 2169 2233
f 2315 2089 2105
f 2315 2105 2121
f 2315 2153 2169
f 2315 2249 2281
f 2315 2233 2249
f 2315 2281 2297
f 2795 2729 2805
f 2763 2795 2779
f 2363 2347 2331
f 2363 2331 2315
f 2731 2763 2747
f 2731 2795 2763
f 2395 2379 2363
f 2411 2363 2315
f 2411 2395 2363
f 2411 2315 2297
f 2699 2795 2731
f 2699 2731 2715
f 2699 2729 2795
f 2443 2427 2411
f 2459 2443 2411
f 2651 2683 2667
f 2475 2459 2411
f 2635 2699 2683
f 2635 2683 2651
f 2603 2635 2619
f 2539 2523 2507
f 2539 2507 2491
f 2539 2491 2475
f 2571 2603 2587
f 2555 2665 2681
f 2555 2681 2697
f 2555 2539 2475
f 2555 2729 2699
f 2555 2411 2297
f 2555 2635 2603
f 2555 2475 2411
f 2555 2699 2635
f 2555 2603 2571
f 2555 2633 2665
f 2555 2297 2633
f 2555 2697 2729
f 233 253 269
f 417 385 401
f 137 153 169
f 501 435 453
f 501 453 469
f 501 469 485
f 553 521 537
f 73 89 105
f 637 605 621
f 653 605 637
f 705 673 689
f 705 653 673
f 203 187 171
f 203 171 155
f 737 705 721
f 757 705 737
f 757 653 705
f 773 653 757
f 271 255 235
f 303 203 155
f 303 287 271
f 303 235 219
f 303 219 203
f 303 155 139
f 303 139 123
f 303 123 107
f 303 271 235
f 905 841 881
f 941 789 841
f 941 841 905
f 353 335 319
f 353 319 303
f 371 353 303
f 371 107 91
f 371 91 75
f 371 75 59
f 371 59 73
f 371 105 121
f 371 121 137
f 371 73 105
f 371 303 107
f 1037 605 653
f 1037 773 789
f 1037 941 965
f 1037 965 989
f 1037 989 1013
f 1037 789 941
f 1037 653 773
f 1037 569 587
f 1037 587 605
f 419 403 387
f 419 387 371
f 1077 1037 1061
f 455 437 419
f 471 455 419
f 487 471 419
f 1161 1125 1143
f 503 371 137
f 503 487 419
f 503 233 269
f 503 419 371
f 503 137 169
f 503 169 185
f 503 185 201
f 503 201 217
f 503 217 233
f 503 269 285
f 503 285 301
f 503 301 317
f 503 317 333
f 503 333 351
f 1201 1161 1185
f 1217 1161 1201
f 1233 1161 1217
f 571 555 539
f 571 539 523
f 571 523 503
f 1243 1161 1233
f 589 503 351
f 589 385 417
f 589 571 503
f 589 435 501
f 589 351 369
f 589 369 385
f 589 417 435
f 589 521 553
f 589 501 521
f 589 553 569
f 1235 1161 1243
f 1203 1235 1219
f 639 623 607
f 639 607 589
f 1163 1203 1187
f 1163 1235 1203
f 675 655 639
f 691 639 589
f 691 675 639
f 691 589 569
f 1127 1235 1163
f 1127 1163 1145
f 1127 1161 1235
f 723 707 691
f 739 723 691
f 1063 1103 1079
f 759 739 691
f 1039 1127 1103
f 1039 1103 1063
f 991 1039 1015
f 883 843 791
f 883 791 775
f 883 775 759
f 943 991 967
f 907 1077 1101
f 907 1101 1125
f 907 883 759
f 907 1161 1127
f 907 691 569
f 907 1039 991
f 907 759 691
f 907 1127 1039
f 907 991 943
f 907 1037 1077
f 907 569 1037
f 907 1125 1161
f 1981 1997 2013
f 2157 2125 2141
f 1885 1901 1917
f 2237 2173 2189
f 2237 2189 2205
f 2237 2205 2221
f 2285 2253 2269
f 1821 1837 1853
f 2365 2333 2349
f 2381 2333 2365
f 2429 2397 2413
f 2429 2381 2397
f 1951 1935 1919
f 1951 1919 1903
f 2461 2429 2445
f 2477 2429 2461
f 2477 2381 2429
f 2493 2381 2477
f 2015 1999 1983
f 2047 1951 1903
f 2047 2031 2015
f 2047 1983 1967
f 2047 1967 1951
f 2047 1903 1887
f 2047 1887 1871
f 2047 1871 1855
f 2047 2015 1983
f 2557 2525 2541
f 2573 2509 2525
f 2573 2525 2557
f 2095 2079 2063
f 2095 2063 2047
f 2111 2095 2047
f 2111 1855 1839
f 2111 1839 1823
f 2111 1823 1807
f 2111 1807 1821
f 2111 1853 1869
f 2111 1869 1885
f 2111 1821 1853
f 2111 2047 1855
f 2637 2333 2381
f 2637 2493 2509
f 2637 2573 2589
f 2637 2589 2605
f 2637 2605 2621
f 2637 2509 2573
f 2637 2381 2493
f 2637 2301 2317
f 2637 2317 2333
f 2159 2143 2127
f 2159 2127 2111
f 2669 2637 2653
f 2191 2175 2159
f 2207 2191 2159
f 2223 2207 2159
f 2733 2701 2717
f 2239 2111 1885
f 2239 2223 2159
f 2239 1981 2013
f 2239 2159 2111
f 2239 1885 1917
f 2239 1917 1933
f 2239 1933 1949
f 2239 1949 1965
f 2239 1965 1981
f 2239 2013 2029
f 2239 2029 2045
f 2239 2045 2061
f 2239 2061 2077
f 2239 2077 2093
f 2765 2733 2749
f 2781 2733 2765
f 2797 2733 2781
f 2303 2287 2271
f 2303 2271 2255
f 2303 2255 2239
f 2807 2733 2797
f 2319 2239 2093
f 2319 2125 2157
f 2319 2303 2239
f 2319 2173 2237
f 2319 2093 2109
f 2319 2109 2125
f 2319 2157 2173
f 2319 2253 2285
f 2319 2237 2253
f 2319 2285 2301
f 2799 2733 2807
f 2767 2799 2783
f 2367 2351 2335
f 2367 2335 2319
f 2735 2767 2751
f 2735 2799 2767
f 2399 2383 2367
f 2415 2367 2319
f 2415 2399 2367
f 2415 2319 2301
f 2703 2799 2735
f 2703 2735 2719
f 2703 2733 2799
f 2447 2431 2415
f 2463 2447 2415
f 2655 2687 2671
f 2479 2463 2415
f 2639 2703 2687
f 2639 2687 2655
f 2607 2639 2623
f 2543 2527 2511
f 2543 2511 2495
f 2543 2495 2479
f 2575 2607 2591
f 2559 2669 2685
f 2559 2685 2701
f 2559 2543 2479
f 2559 2733 2703
f 2559 2415 2301
f 2559 2639 2607
f 2559 2479 2415
f 2559 2703 2639
f 2559 2607 2575
f 2559 2637 2669
f 2559 2301 2637
f 2559 2701 2733
f 946 994 970
f 1270 1262 1254
f 846 862 854
f 1314 1290 1280
f 1314 1298 1290
f 1314 1306 1298
f 1342 1334 1324
f 798 814 806
f 1386 1378 1370
f 1394 1386 1370
f 1422 1414 1402
f 1422 1402 1394
f 912 864 888
f 912 856 864
f 1438 1430 1422
f 1446 1438 1422
f 1446 1422 1394
f 1456 1446 1394
f 996 948 972
f 1044 856 912
f 1044 996 1020
f 1044 922 948
f 1044 912 922
f 1044 848 856
f 1044 824 848
f 1044 816 824
f 1044 948 996
f 1490 1482 1474
f 1498 1474 1466
f 1498 1490 1474
f 1168 1084 1108
f 1168 1044 1084
f 1248 1044 1168
f 1248 808 816
f 1248 800 808
f 1248 794 800
f 1248 798 794
f 1248 822 814
f 1248 846 822
f 1248 814 798
f 1248 816 1044
f 1534 1394 1370
f 1534 1466 1456
f 1534 1508 1498
f 1534 1518 1508
f 1534 1526 1518
f 1534 1498 1466
f 1534 1456 1394
f 1534 1358 1350
f 1534 1370 1358
f 1272 1256 1264
f 1272 1248 1256
f 1550 1542 1534
f 1292 1272 1282
f 1300 1272 1292
f 1308 1272 1300
f 1582 1574 1566
f 1316 846 1248
f 1316 1272 1308
f 1316 994 946
f 1316 1248 1272
f 1316 862 846
f 1316 886 862
f 1316 910 886
f 1316 920 910
f 1316 946 920
f 1316 1018 994
f 1316 1042 1018
f 1316 1082 1042
f 1316 1106 1082
f 1316 1166 1106
f 1598 1590 1582
f 1608 1598 1582
f 1616 1608 1582
f 1352 1336 1344
f 1352 1326 1336
f 1352 1316 1326
f 1624 1616 1582
f 1360 1166 1316
f 1360 1270 1254
f 1360 1316 1352
f 1360 1314 1280
f 1360 1246 1166
f 1360 1254 1246
f 1360 1280 1270
f 1360 1342 1324
f 1360 1324 1314
f 1360 1350 1342
f 1618 1624 1582
f 1600 1610 1618
f 1388 1372 1380
f 1388 1360 1372
f 1584 1592 1600
f 1584 1600 1618
f 1404 1388 1396
f 1416 1360 1388
f 1416 1388 1404
f 1416 1350 1360
f 1568 1584 1618
f 1568 1576 1584
f 1568 1618 1582
f 1432 1416 1424
f 1440 1416 1432
f 1544 1552 1560
f 1448 1416 1440
f 1536 1560 1568
f 1536 1544 1560
f 1520 1528 1536
f 1484 1468 1476
f 1484 1458 1468
f 1484 1448 1458
f 1500 1510 1520
f 1492 1558 1550
f 1492 1566 1558
f 1492 1448 1484
f 1492 1568 1582
f 1492 1350 1416
f 1492 1520 1536
f 1492 1416 1448
f 1492 1536 1568
f 1492 1500 1520
f 1492 1550 1534
f 1492 1534 1350
f 1492 1582 1566
f 2818 1678 1685
f 2818 1685 1693
f 2818 1693 1701
f 2818 1701 1709
f 2818 1709 1719
f 2818 1719 1727
f 2818 1727 1735
f 2818 1735 1743
f 2818 1743 1751
f 2818 1751 1759
f 2818 1759 1767
f 2818 1767 1775
f 2818 1775 1783
f 2818 1783 1791
f 2818 1791 1799
f 2818 1799 1793
f 2818 1793 1785
f 2818 1785 1777
f 2818 1777 1769
f 2818 1769 1761
f 2818 1761 1755
f 2818 1755 1747
f 2818 1747 1739
f 2818 1739 1731
f 2818 1731 1723
f 2818 1723 1714
f 2822 36 38
f 2822 2820 36
f 2942 1678 2818
f 2934 2942 2818
f 2926 2934 2818
f 2918 2926 2818
f 2910 2918 2818
f 2902 2910 2818
f 2894 2902 2818
f 2886 2894 2818
f 2878 2886 2818
f 2870 2878 2818
f 2862 2870 2818
f 2854 2862 2818
f 2846 2854 2818
f 2838 2846 2818
f 2830 2838 2818
f 2826 2830 2818
f 2834 2826 2818
f 2842 2834 2818
f 2850 2842 2818
f 2858 2850 2818
f 2866 2858 2818
f 2874 2866 2818
f 2882 2874 2818
f 2890 2882 2818
f 2898 2818 2820
f 2898 2890 2818
f 2906 2898 2820
f 2914 2906 2820
f 2922 2914 2820
f 2930 2922 2820
f 2938 2930 2820
f 2946 2938 2820
f 2950 2946 2820
f 2954 2950 2820
f 2958 2954 2820
f 2962 2958 2820
f 2966 2962 2820
f 2970 2966 2820
f 2824 1716 1724
f 2824 1724 1732
f 2824 1732 1740
f 2824 1740 1748
f 2824 1748 1756
f 2824 1756 1762
f 2824 1762 1770
f 2824 1770 1778
f 2824 1778 1786
f 2824 1786 1794
f 2824 1794 1800
f 2824 1800 1792
f 2824 1792 1784
f 2824 1784 1776
f 2824 1776 1768
f 2824 1768 1760
f 2824 1760 1752
f 2824 1752 1744
f 2824 1744 1736
f 2824 1736 1728
f 2824 1728 1720
f 2824 1720 1710
f 2824 1710 1702
f 2824 1702 1694
f 2824 1694 1686
f 2824 1686 1680
f 2952 2822 2948
f 2956 2822 2952
f 2940 2948 2822
f 2960 2822 2956
f 2932 2940 2822
f 2964 2822 2960
f 2924 2932 2822
f 2968 2822 2964
f 2916 2924 2822
f 2972 2820 2822
f 2972 2970 2820
f 2972 2822 2968
f 2908 2916 2822
f 2976 2970 2972
f 2976 2974 2970
f 2900 2822 2824
f 2900 2908 2822
f 2980 2974 2976
f 2980 2978 2974
f 2892 2900 2824
f 2984 2978 2980
f 2984 2986 2982
f 2984 2982 2978
f 2884 2892 2824
f 2988 2986 2984
f 2876 2884 2824
f 2992 2986 2988
f 2992 2990 2986
f 2868 2876 2824
f 2996 2990 2992
f 2996 2994 2990
f 2860 2868 2824
f 3108 2994 2996
f 3108 3106 2994
f 2852 2860 2824
f 3160 3158 3106
f 3160 3106 3108
f 2844 2852 2824
f 3212 3210 3158
f 3212 3158 3160
f 2836 2844 2824
f 3256 3290 3254
f 3256 3254 3210
f 3256 3210 3212
f 2828 2836 2824
f 3292 3290 3256
f 2832 2828 2824
f 3336 3290 3292
f 3336 3334 3290
f 2840 2832 2824
f 3388 3386 3334
f 3388 3334 3336
f 2848 2840 2824
f 3448 3446 3386
f 3448 3386 3388
f 2856 2848 2824
f 3536 3446 3448
f 3536 3534 3446
f 2864 2856 2824
f 3540 3534 3536
f 3540 3542 3538
f 3540 3538 3534
f 2872 2864 2824
f 3544 3542 3540
f 3544 3546 3542
f 2880 2872 2824
f 3548 3546 3544
f 2888 2880 2824
f 3552 3546 3548
f 3552 3554 3550
f 3552 3550 3546
f 2896 2888 2824
f 3556 3554 3552
f 2904 2896 2824
f 3560 3554 3556
f 3560 3562 3558
f 3560 3558 3554
f 2912 2904 2824
f 3564 3562 3560
f 3564 3566 3562
f 2920 2912 2824
f 3568 3566 3564
f 2928 2920 2824
f 3572 3566 3568
f 3572 3570 3566
f 2936 2928 2824
f 3576 3570 3572
f 3576 3574 3570
f 2944 2936 2824
f 2944 2824 1680
f 2818 1713 2817
f 2818 1714 1713
f 35 1661 1657
f 35 1657 1653
f 35 1653 1649
f 35 1649 1645
f 35 1645 1641
f 35 1641 1637
f 35 1637 1633
f 35 1633 1629
f 35 1629 1605
f 35 1605 1505
f 35 1505 1453
f 35 1453 1409
f 35 1409 1365
f 35 1365 1321
f 35 1321 1277
f 35 1277 1129
f 35 1129 917
f 35 917 741
f 35 741 657
f 35 657 573
f 35 573 505
f 35 505 421
f 35 421 337
f 35 337 237
f 35 237 49
f 35 49 45
f 35 45 41
f 35 41 34
f 2817 1713 1705
f 2817 1705 1697
f 2817 1697 1689
f 2819 2817 1689
f 2819 1689 1681
f 2819 1681 1673
f 2819 1673 1669
f 2819 1669 1665
f 2819 1665 1661
f 2819 1661 35
f 2819 35 36
f 2820 2819 36
f 2821 38 37
f 2822 38 2821
f 42 37 40
f 46 37 42
f 50 37 46
f 238 37 50
f 338 37 238
f 422 37 338
f 506 37 422
f 574 37 506
f 658 37 574
f 742 37 658
f 918 37 742
f 1130 37 918
f 1278 37 1130
f 1322 37 1278
f 1366 37 1322
f 1410 37 1366
f 1454 37 1410
f 1506 37 1454
f 1606 37 1506
f 1630 37 1606
f 1634 37 1630
f 1638 37 1634
f 1642 37 1638
f 1646 37 1642
f 1650 37 1646
f 1654 37 1650
f 1658 37 1654
f 1662 37 1658
f 2821 1662 1666
f 2821 1666 1670
f 2821 1670 1674
f 2821 1674 1682
f 2821 1682 1690
f 2821 37 1662
f 2823 2821 1690
f 2823 1690 1698
f 2823 1698 1706
f 2823 1706 1715
f 2824 2823 1715
f 2824 1715 1716
f 3082 3098 3090
f 3178 3170 3162
f 3034 3050 3042
f 3222 3194 3186
f 3222 3202 3194
f 3222 3214 3202
f 3246 3238 3230
f 3002 3018 3010
f 3294 3282 3274
f 3302 3294 3274
f 3326 3318 3310
f 3326 3310 3302
f 3068 3052 3060
f 3068 3044 3052
f 3346 3338 3326
f 3354 3346 3326
f 3354 3326 3302
f 3362 3354 3302
f 3100 3084 3092
f 3120 3044 3068
f 3120 3100 3112
f 3120 3076 3084
f 3120 3068 3076
f 3120 3036 3044
f 3120 3028 3036
f 3120 3020 3028
f 3120 3084 3100
f 3398 3390 3378
f 3406 3378 3370
f 3406 3398 3378
f 3144 3128 3136
f 3144 3120 3128
f 3152 3120 3144
f 3152 3012 3020
f 3152 3004 3012
f 3152 2998 3004
f 3152 3002 2998
f 3152 3026 3018
f 3152 3034 3026
f 3152 3018 3002
f 3152 3020 3120
f 3438 3302 3274
f 3438 3370 3362
f 3438 3414 3406
f 3438 3422 3414
f 3438 3430 3422
f 3438 3406 3370
f 3438 3362 3302
f 3438 3266 3258
f 3438 3274 3266
f 3180 3164 3172
f 3180 3152 3164
f 3458 3450 3438
f 3196 3180 3188
f 3204 3180 3196
f 3216 3180 3204
f 3490 3482 3474
f 3224 3034 3152
f 3224 3180 3216
f 3224 3098 3082
f 3224 3152 3180
f 3224 3050 3034
f 3224 3058 3050
f 3224 3066 3058
f 3224 3074 3066
f 3224 3082 3074
f 3224 3110 3098
f 3224 3118 3110
f 3224 3126 3118
f 3224 3134 3126
f 3224 3142 3134
f 3506 3498 3490
f 3514 3506 3490
f 3522 3514 3490
f 3260 3240 3248
f 3260 3232 3240
f 3260 3224 3232
f 3530 3522 3490
f 3268 3142 3224
f 3268 3178 3162
f 3268 3224 3260
f 3268 3222 3186
f 3268 3150 3142
f 3268 3162 3150
f 3268 3186 3178
f 3268 3246 3230
f 3268 3230 3222
f 3268 3258 3246
f 3524 3530 3490
f 3508 3516 3524
f 3296 3276 3284
f 3296 3268 3276
f 3492 3500 3508
f 3492 3508 3524
f 3312 3296 3304
f 3320 3268 3296
f 3320 3296 3312
f 3320 3258 3268
f 3476 3492 3524
f 3476 3484 3492
f 3476 3524 3490
f 3340 3320 3328
f 3348 3320 3340
f 3452 3460 3468
f 3356 3320 3348
f 3440 3468 3476
f 3440 3452 3468
f 3424 3432 3440
f 3392 3372 3380
f 3392 3364 3372
f 3392 3356 3364
f 3408 3416 3424
f 3400 3466 3458
f 3400 3474 3466
f 3400 3356 3392
f 3400 3476 3490
f 3400 3258 3320
f 3400 3424 3440
f 3400 3320 3356
f 3400 3440 3476
f 3400 3408 3424
f 3400 3458 3438
f 3400 3438 3258
f 3400 3490 3474
f 950 998 974
f 1274 1266 1258
f 850 866 858
f 1318 1294 1284
f 1318 1302 1294
f 1318 1310 1302
f 1346 1338 1328
f 802 818 810
f 1390 1382 1374
f 1398 1390 1374
f 1426 1418 1406
f 1426 1406 1398
f 916 868 892
f 916 860 868
f 1442 1434 1426
f 1450 1442 1426
f 1450 1426 1398
f 1460 1450 1398
f 1000 952 976
f 1048 860 916
f 1048 1000 1024
f 1048 926 952
f 1048 916 926
f 1048 852 860
f 1048 828 852
f 1048 820 828
f 1048 952 1000
f 1494 1486 1478
f 1502 1478 1470
f 1502 1494 1478
f 1172 1088 1112
f 1172 1048 1088
f 1252 1048 1172
f 1252 812 820
f 1252 804 812
f 1252 796 804
f 1252 802 796
f 1252 826 818
f 1252 850 826
f 1252 818 802
f 1252 820 1048
f 1538 1398 1374
f 1538 1470 1460
f 1538 1512 1502
f 1538 1522 1512
f 1538 1530 1522
f 1538 1502 1470
f 1538 1460 1398
f 1538 1362 1354
f 1538 1374 1362
f 1276 1260 1268
f 1276 1252 1260
f 1554 1546 1538
f 1296 1276 1286
f 1304 1276 1296
f 1312 1276 1304
f 1586 1578 1570
f 1320 850 1252
f 1320 1276 1312
f 1320 998 950
f 1320 1252 1276
f 1320 866 850
f 1320 890 866
f 1320 914 890
f 1320 924 914
f 1320 950 924
f 1320 1022 998
f 1320 1046 1022
f 1320 1086 1046
f 1320 1110 1086
f 1320 1170 1110
f 1602 1594 1586
f 1612 1602 1586
f 1620 1612 1586
f 1356 1340 1348
f 1356 1330 1340
f 1356 1320 1330
f 1626 1620 1586
f 1364 1170 1320
f 1364 1274 1258
f 1364 1320 1356
f 1364 1318 1284
f 1364 1250 1170
f 1364 1258 1250
f 1364 1284 1274
f 1364 1346 1328
f 1364 1328 1318
f 1364 1354 1346
f 1622 1626 1586
f 1604 1614 1622
f 1392 1376 1384
f 1392 1364 1376
f 1588 1596 1604
f 1588 1604 1622
f 1408 1392 1400
f 1420 1364 1392
f 1420 1392 1408
f 1420 1354 1364
f 1572 1588 1622
f 1572 1580 1588
f 1572 1622 1586
f 1436 1420 1428
f 1444 1420 1436
f 1548 1556 1564
f 1452 1420 1444
f 1540 1564 1572
f 1540 1548 1564
f 1524 1532 1540
f 1488 1472 1480
f 1488 1462 1472
f 1488 1452 1462
f 1504 1514 1524
f 1496 1562 1554
f 1496 1570 1562
f 1496 1452 1488
f 1496 1572 1586
f 1496 1354 1420
f 1496 1524 1540
f 1496 1420 1452
f 1496 1540 1572
f 1496 1504 1524
f 1496 1554 1538
f 1496 1538 1354
f 1496 1586 1570
f 3086 3102 3094
f 3182 3174 3166
f 3038 3054 3046
f 3226 3198 3190
f 3226 3206 3198
f 3226 3218 3206
f 3250 3242 3234
f 3006 3022 3014
f 3298 3286 3278
f 3306 3298 3278
f 3330 3322 3314
f 3330 3314 3306
f 3072 3056 3064
f 3072 3048 3056
f 3350 3342 3330
f 3358 3350 3330
f 3358 3330 3306
f 3366 3358 3306
f 3104 3088 3096
f 3124 3048 3072
f 3124 3104 3116
f 3124 3080 3088
f 3124 3072 3080
f 3124 3040 3048
f 3124 3032 3040
f 3124 3024 3032
f 3124 3088 3104
f 3402 3394 3382
f 3410 3382 3374
f 3410 3402 3382
f 3148 3132 3140
f 3148 3124 3132
f 3156 3124 3148
f 3156 3016 3024
f 3156 3008 3016
f 3156 3000 3008
f 3156 3006 3000
f 3156 3030 3022
f 3156 3038 3030
f 3156 3022 3006
f 3156 3024 3124
f 3442 3306 3278
f 3442 3374 3366
f 3442 3418 3410
f 3442 3426 3418
f 3442 3434 3426
f 3442 3410 3374
f 3442 3366 3306
f 3442 3270 3262
f 3442 3278 3270
f 3184 3168 3176
f 3184 3156 3168
f 3462 3454 3442
f 3200 3184 3192
f 3208 3184 3200
f 3220 3184 3208
f 3494 3486 3478
f 3228 3038 3156
f 3228 3184 3220
f 3228 3102 3086
f 3228 3156 3184
f 3228 3054 3038
f 3228 3062 3054
f 3228 3070 3062
f 3228 3078 3070
f 3228 3086 3078
f 3228 3114 3102
f 3228 3122 3114
f 3228 3130 3122
f 3228 3138 3130
f 3228 3146 3138
f 3510 3502 3494
f 3518 3510 3494
f 3526 3518 3494
f 3264 3244 3252
f 3264 3236 3244
f 3264 3228 3236
f 3532 3526 3494
f 3272 3146 3228
f 3272 3182 3166
f 3272 3228 3264
f 3272 3226 3190
f 3272 3154 3146
f 3272 3166 3154
f 3272 3190 3182
f 3272 3250 3234
f 3272 3234 3226
f 3272 3262 3250
f 3528 3532 3494
f 3512 3520 3528
f 3300 3280 3288
f 3300 3272 3280
f 3496 3504 3512
f 3496 3512 3528
f 3316 3300 3308
f 3324 3272 3300
f 3324 3300 3316
f 3324 3262 3272
f 3480 3496 3528
f 3480 3488 3496
f 3480 3528 3494
f 3344 3324 3332
f 3352 3324 3344
f 3456 3464 3472
f 3360 3324 3352
f 3444 3472 3480
f 3444 3456 3472
f 3428 3436 3444
f 3396 3376 3384
f 3396 3368 3376
f 3396 3360 3368
f 3412 3420 3428
f 3404 3470 3462
f 3404 3478 3470
f 3404 3360 3396
f 3404 3480 3494
f 3404 3262 3324
f 3404 3428 3444
f 3404 3324 3360
f 3404 3444 3480
f 3404 3412 3428
f 3404 3462 3442
f 3404 3442 3262
f 3404 3494 3478
f 2817 2819 2820
f 2818 2817 2820
f 2821 2823 2824
f 2822 2821 2824
