# Converted from child_lid.stl; source units are millimetres.
o custom_object_cad
v -57.75 -47.75 -2
v -57.75 -47.75 2
v -57.75 47.75 -2
v -57.75 47.75 2
v -55.099998 -42 -2
v -55.099998 -42 -0.21
v -55.099998 42 -2
v -55.099998 42 -0.21
v -55.096146 -42.154522 -2
v -55.096146 -42.154522 -0.21
v -55.096146 -41.845478 -2
v -55.096146 -41.845478 -0.21
v -55.096146 41.845478 -2
v -55.096146 41.845478 -0.21
v -55.096146 42.154522 -2
v -55.096146 42.154522 -0.21
v -55.084595 -42.308659 -2
v -55.084595 -42.308659 -0.21
v -55.084595 -41.691341 -2
v -55.084595 -41.691341 -0.21
v -55.084595 41.691341 -2
v -55.084595 41.691341 -0.21
v -55.084595 42.308659 -2
v -55.084595 42.308659 -0.21
v -55.065376 -42.462032 -2
v -55.065376 -42.462032 -0.21
v -55.065376 -41.537968 -2
v -55.065376 -41.537968 -0.21
v -55.065376 41.537968 -2
v -55.065376 41.537968 -0.21
v -55.065376 42.462032 -2
v -55.065376 42.462032 -0.21
v -55.038536 -42.614254 -2
v -55.038536 -42.614254 -0.21
v -55.038536 -41.385746 -2
v -55.038536 -41.385746 -0.21
v -55.038536 41.385746 -2
v -55.038536 41.385746 -0.21
v -55.038536 42.614254 -2
v -55.038536 42.614254 -0.21
v -55.004139 -42.76495 -2
v -55.004139 -42.76495 -0.21
v -55.004139 -41.23505 -2
v -55.004139 -41.23505 -0.21
v -55.004139 41.23505 -2
v -55.004139 41.23505 -0.21
v -55.004139 42.76495 -2
v -55.004139 42.76495 -0.21
v -54.962276 -42.913742 -2
v -54.962276 -42.913742 -0.21
v -54.962276 -41.086258 -2
v -54.962276 -41.086258 -0.21
v -54.962276 41.086258 -2
v -54.962276 41.086258 -0.21
v -54.962276 42.913742 -2
v -54.962276 42.913742 -0.21
v -54.913048 -43.060261 -2
v -54.913048 -43.060261 -0.21
v -54.913048 -40.939739 -2
v -54.913048 -40.939739 -0.21
v -54.913048 40.939739 -2
v -54.913048 40.939739 -0.21
v -54.913048 43.060261 -2
v -54.913048 43.060261 -0.21
v -54.856575 -43.204147 -2
v -54.856575 -43.204147 -0.21
v -54.856575 -40.795853 -2
v -54.856575 -40.795853 -0.21
v -54.856575 40.795853 -2
v -54.856575 40.795853 -0.21
v -54.856575 43.204147 -2
v -54.856575 43.204147 -0.21
v -54.793003 -43.345039 -2
v -54.793003 -43.345039 -0.21
v -54.793003 -40.654961 -2
v -54.793003 -40.654961 -0.21
v -54.793003 40.654961 -2
v -54.793003 40.654961 -0.21
v -54.793003 43.345039 -2
v -54.793003 43.345039 -0.21
v -54.722488 -43.482586 -2
v -54.722488 -43.482586 -0.21
v -54.722488 -40.517414 -2
v -54.722488 -40.517414 -0.21
v -54.722488 40.517414 -2
v -54.722488 40.517414 -0.21
v -54.722488 43.482586 -2
v -54.722488 43.482586 -0.21
v -54.645203 -43.616447 -2
v -54.645203 -43.616447 -0.21
v -54.645203 -40.383553 -2
v -54.645203 -40.383553 -0.21
v -54.645203 40.383553 -2
v -54.645203 40.383553 -0.21
v -54.645203 43.616447 -2
v -54.645203 43.616447 -0.21
v -54.56134 -43.746292 -2
v -54.56134 -43.746292 -0.21
v -54.56134 -40.253708 -2
v -54.56134 -40.253708 -0.21
v -54.56134 40.253708 -2
v -54.56134 40.253708 -0.21
v -54.56134 43.746292 -2
v -54.56134 43.746292 -0.21
v -54.471111 -43.871792 -2
v -54.471111 -43.871792 -0.21
v -54.471111 -40.128208 -2
v -54.471111 -40.128208 -0.21
v -54.471111 40.128208 -2
v -54.471111 40.128208 -0.21
v -54.471111 43.871792 -2
v -54.471111 43.871792 -0.21
v -54.374737 -43.992641 -2
v -54.374737 -43.992641 -0.21
v -54.374737 -40.007359 -2
v -54.374737 -40.007359 -0.21
v -54.374737 40.007359 -2
v -54.374737 40.007359 -0.21
v -54.374737 43.992641 -2
v -54.374737 43.992641 -0.21
v -54.272461 -44.108536 -2
v -54.272461 -44.108536 -0.21
v -54.272461 -39.891464 -2
v -54.272461 -39.891464 -0.21
v -54.272461 39.891464 -2
v -54.272461 39.891464 -0.21
v -54.272461 44.108536 -2
v -54.272461 44.108536 -0.21
v -54.164536 -44.219189 -2
v -54.164536 -44.219189 -0.21
v -54.164536 -39.780811 -2
v -54.164536 -39.780811 -0.21
v -54.164536 39.780811 -2
v -54.164536 39.780811 -0.21
v -54.164536 44.219189 -2
v -54.164536 44.219189 -0.21
v -54.051228 -44.324322 -2
v -54.051228 -44.324322 -0.21
v -54.051228 -39.675678 -2
v -54.051228 -39.675678 -0.21
v -54.051228 39.675678 -2
v -54.051228 39.675678 -0.21
v -54.051228 44.324322 -2
v -54.051228 44.324322 -0.21
v -53.932819 -44.423679 -2
v -53.932819 -44.423679 -0.21
v -53.932819 -39.576321 -2
v -53.932819 -39.576321 -0.21
v -53.932819 39.576321 -2
v -53.932819 39.576321 -0.21
v -53.932819 44.423679 -2
v -53.932819 44.423679 -0.21
v -53.809605 -44.517006 -2
v -53.809605 -44.517006 -0.21
v -53.809605 -39.482994 -2
v -53.809605 -39.482994 -0.21
v -53.809605 39.482994 -2
v -53.809605 39.482994 -0.21
v -53.809605 44.517006 -2
v -53.809605 44.517006 -0.21
v -53.700001 -42 -0.21
v -53.700001 -42 2
v -53.700001 42 -0.21
v -53.700001 42 2
v -53.697887 -42.08474 -0.21
v -53.697887 -42.08474 2
v -53.697887 -41.91526 -0.21
v -53.697887 -41.91526 2
v -53.697887 41.91526 -0.21
v -53.697887 41.91526 2
v -53.697887 42.08474 -0.21
v -53.697887 42.08474 2
v -53.691551 -42.169266 -0.21
v -53.691551 -42.169266 2
v -53.691551 -41.830734 -0.21
v -53.691551 -41.830734 2
v -53.691551 41.830734 -0.21
v -53.691551 41.830734 2
v -53.691551 42.169266 -0.21
v -53.691551 42.169266 2
v -53.681892 -44.60408 -2
v -53.681892 -44.60408 -0.21
v -53.681892 -39.39592 -2
v -53.681892 -39.39592 -0.21
v -53.681892 39.39592 -2
v -53.681892 39.39592 -0.21
v -53.681892 44.60408 -2
v -53.681892 44.60408 -0.21
v -53.681011 -42.253372 -0.21
v -53.681011 -42.253372 2
v -53.681011 -41.746628 -0.21
v -53.681011 -41.746628 2
v -53.681011 41.746628 -0.21
v -53.681011 41.746628 2
v -53.681011 42.253372 -0.21
v -53.681011 42.253372 2
v -53.666294 -42.336849 -0.21
v -53.666294 -42.336849 2
v -53.666294 -41.663151 -0.21
v -53.666294 -41.663151 2
v -53.666294 41.663151 -0.21
v -53.666294 41.663151 2
v -53.666294 42.336849 -0.21
v -53.666294 42.336849 2
v -53.64743 -42.419487 -0.21
v -53.64743 -42.419487 2
v -53.64743 -41.580513 -0.21
v -53.64743 -41.580513 2
v -53.64743 41.580513 -0.21
v -53.64743 41.580513 2
v -53.64743 42.419487 -0.21
v -53.64743 42.419487 2
v -53.624474 -42.501083 -0.21
v -53.624474 -42.501083 2
v -53.624474 -41.498917 -0.21
v -53.624474 -41.498917 2
v -53.624474 41.498917 -0.21
v -53.624474 41.498917 2
v -53.624474 42.501083 -0.21
v -53.624474 42.501083 2
v -53.597477 -42.581432 -0.21
v -53.597477 -42.581432 2
v -53.597477 -41.418568 -0.21
v -53.597477 -41.418568 2
v -53.597477 41.418568 -0.21
v -53.597477 41.418568 2
v -53.597477 42.581432 -0.21
v -53.597477 42.581432 2
v -53.566509 -42.660339 -0.21
v -53.566509 -42.660339 2
v -53.566509 -41.339661 -0.21
v -53.566509 -41.339661 2
v -53.566509 41.339661 -0.21
v -53.566509 41.339661 2
v -53.566509 42.660339 -0.21
v -53.566509 42.660339 2
v -53.549999 -44.684677 -2
v -53.549999 -44.684677 -0.21
v -53.549999 -39.315323 -2
v -53.549999 -39.315323 -0.21
v -53.549999 39.315323 -2
v -53.549999 39.315323 -0.21
v -53.549999 44.684677 -2
v -53.549999 44.684677 -0.21
v -53.531647 -42.737602 -0.21
v -53.531647 -42.737602 2
v -53.531647 -41.262398 -0.21
v -53.531647 -41.262398 2
v -53.531647 41.262398 -0.21
v -53.531647 41.262398 2
v -53.531647 42.737602 -0.21
v -53.531647 42.737602 2
v -53.492977 -42.81303 -0.21
v -53.492977 -42.81303 2
v -53.492977 -41.18697 -0.21
v -53.492977 -41.18697 2
v -53.492977 41.18697 -0.21
v -53.492977 41.18697 2
v -53.492977 42.81303 -0.21
v -53.492977 42.81303 2
v -53.450596 -42.88644 -0.21
v -53.450596 -42.88644 2
v -53.450596 -41.11356 -0.21
v -53.450596 -41.11356 2
v -53.450596 41.11356 -0.21
v -53.450596 41.11356 2
v -53.450596 42.88644 -0.21
v -53.450596 42.88644 2
v -53.414253 -44.758602 -2
v -53.414253 -44.758602 -0.21
v -53.414253 -39.241398 -2
v -53.414253 -39.241398 -0.21
v -53.414253 39.241398 -2
v -53.414253 39.241398 -0.21
v -53.414253 44.758602 -2
v -53.414253 44.758602 -0.21
v -53.404606 -42.957645 -0.21
v -53.404606 -42.957645 2
v -53.404606 -41.042355 -0.21
v -53.404606 -41.042355 2
v -53.404606 41.042355 -0.21
v -53.404606 41.042355 2
v -53.404606 42.957645 -0.21
v -53.404606 42.957645 2
v -53.355125 -43.026466 -0.21
v -53.355125 -43.026466 2
v -53.355125 -40.973534 -0.21
v -53.355125 -40.973534 2
v -53.355125 40.973534 -0.21
v -53.355125 40.973534 2
v -53.355125 43.026466 -0.21
v -53.355125 43.026466 2
v -53.302277 -43.092739 -0.21
v -53.302277 -43.092739 2
v -53.302277 -40.907261 -0.21
v -53.302277 -40.907261 2
v -53.302277 40.907261 -0.21
v -53.302277 40.907261 2
v -53.302277 43.092739 -0.21
v -53.302277 43.092739 2
v -53.27499 -44.825668 -2
v -53.27499 -44.825668 -0.21
v -53.27499 -39.174332 -2
v -53.27499 -39.174332 -0.21
v -53.27499 39.174332 -2
v -53.27499 39.174332 -0.21
v -53.27499 44.825668 -2
v -53.27499 44.825668 -0.21
v -53.246189 -43.156292 -0.21
v -53.246189 -43.156292 2
v -53.246189 -40.843708 -0.21
v -53.246189 -40.843708 2
v -53.246189 40.843708 -0.21
v -53.246189 40.843708 2
v -53.246189 43.156292 -0.21
v -53.246189 43.156292 2
v -53.187004 -43.216972 -0.21
v -53.187004 -43.216972 2
v -53.187004 -40.783028 -0.21
v -53.187004 -40.783028 2
v -53.187004 40.783028 -0.21
v -53.187004 40.783028 2
v -53.187004 43.216972 -0.21
v -53.187004 43.216972 2
v -53.132557 -44.885708 -2
v -53.132557 -44.885708 -0.21
v -53.132557 -39.114292 -2
v -53.132557 -39.114292 -0.21
v -53.132557 39.114292 -2
v -53.132557 39.114292 -0.21
v -53.132557 44.885708 -2
v -53.132557 44.885708 -0.21
v -53.124866 -43.274628 -0.21
v -53.124866 -43.274628 2
v -53.124866 -40.725372 -0.21
v -53.124866 -40.725372 2
v -53.124866 40.725372 -0.21
v -53.124866 40.725372 2
v -53.124866 43.274628 -0.21
v -53.124866 43.274628 2
v -53.059933 -43.329113 -0.21
v -53.059933 -43.329113 2
v -53.059933 -40.670887 -0.21
v -53.059933 -40.670887 2
v -53.059933 40.670887 -0.21
v -53.059933 40.670887 2
v -53.059933 43.329113 -0.21
v -53.059933 43.329113 2
v -52.992363 -43.380295 -0.21
v -52.992363 -43.380295 2
v -52.992363 -40.619705 -0.21
v -52.992363 -40.619705 2
v -52.992363 40.619705 -0.21
v -52.992363 40.619705 2
v -52.992363 43.380295 -0.21
v -52.992363 43.380295 2
v -52.987309 -44.938576 -2
v -52.987309 -44.938576 -0.21
v -52.987309 -39.061424 -2
v -52.987309 -39.061424 -0.21
v -52.987309 39.061424 -2
v -52.987309 39.061424 -0.21
v -52.987309 44.938576 -2
v -52.987309 44.938576 -0.21
v -52.922329 -43.428043 -0.21
v -52.922329 -43.428043 2
v -52.922329 -40.571957 -0.21
v -52.922329 -40.571957 2
v -52.922329 40.571957 -0.21
v -52.922329 40.571957 2
v -52.922329 43.428043 -0.21
v -52.922329 43.428043 2
v -52.849998 -43.472244 -0.21
v -52.849998 -43.472244 2
v -52.849998 -40.527756 -0.21
v -52.849998 -40.527756 2
v -52.849998 40.527756 -0.21
v -52.849998 40.527756 2
v -52.849998 43.472244 -0.21
v -52.849998 43.472244 2
v -52.839607 -44.984135 -2
v -52.839607 -44.984135 -0.21
v -52.839607 -39.015865 -2
v -52.839607 -39.015865 -0.21
v -52.839607 39.015865 -2
v -52.839607 39.015865 -0.21
v -52.839607 44.984135 -2
v -52.839607 44.984135 -0.21
v -52.775558 -43.512783 -0.21
v -52.775558 -43.512783 2
v -52.775558 -40.487217 -0.21
v -52.775558 -40.487217 2
v -52.775558 40.487217 -0.21
v -52.775558 40.487217 2
v -52.775558 43.512783 -0.21
v -52.775558 43.512783 2
v -52.699188 -43.549561 -0.21
v -52.699188 -43.549561 2
v -52.699188 -40.450439 -0.21
v -52.699188 -40.450439 2
v -52.699188 40.450439 -0.21
v -52.699188 40.450439 2
v -52.699188 43.549561 -0.21
v -52.699188 43.549561 2
v -52.689816 -45.022278 -2
v -52.689816 -45.022278 -0.21
v -52.689816 -38.977722 -2
v -52.689816 -38.977722 -0.21
v -52.689816 38.977722 -2
v -52.689816 38.977722 -0.21
v -52.689816 45.022278 -2
v -52.689816 45.022278 -0.21
v -52.621078 -43.582485 -0.21
v -52.621078 -43.582485 2
v -52.621078 -40.417515 -0.21
v -52.621078 -40.417515 2
v -52.621078 40.417515 -0.21
v -52.621078 40.417515 2
v -52.621078 43.582485 -0.21
v -52.621078 43.582485 2
v -52.541428 -43.611477 -0.21
v -52.541428 -43.611477 2
v -52.541428 -40.388523 -0.21
v -52.541428 -40.388523 2
v -52.541428 40.388523 -0.21
v -52.541428 40.388523 2
v -52.541428 43.611477 -0.21
v -52.541428 43.611477 2
v -52.538311 -45.052902 -2
v -52.538311 -45.052902 -0.21
v -52.538311 -38.947098 -2
v -52.538311 -38.947098 -0.21
v -52.538311 38.947098 -2
v -52.538311 38.947098 -0.21
v -52.538311 45.052902 -2
v -52.538311 45.052902 -0.21
v -52.46043 -43.636459 -0.21
v -52.46043 -43.636459 2
v -52.46043 -40.363541 -0.21
v -52.46043 -40.363541 2
v -52.46043 40.363541 -0.21
v -52.46043 40.363541 2
v -52.46043 43.636459 -0.21
v -52.46043 43.636459 2
v -52.385464 -45.075943 -2
v -52.385464 -45.075943 -0.21
v -52.385464 -38.924057 -2
v -52.385464 -38.924057 -0.21
v -52.385464 38.924057 -2
v -52.385464 38.924057 -0.21
v -52.385464 45.075943 -2
v -52.385464 45.075943 -0.21
v -52.378284 -43.657379 -0.21
v -52.378284 -43.657379 2
v -52.378284 -40.342621 -0.21
v -52.378284 -40.342621 2
v -52.378284 40.342621 -0.21
v -52.378284 40.342621 2
v -52.378284 43.657379 -0.21
v -52.378284 43.657379 2
v -52.2952 -43.674171 -0.21
v -52.2952 -43.674171 2
v -52.2952 -40.325829 -0.21
v -52.2952 -40.325829 2
v -52.2952 40.325829 -0.21
v -52.2952 40.325829 2
v -52.2952 43.674171 -0.21
v -52.2952 43.674171 2
v -52.231663 -45.091331 -2
v -52.231663 -45.091331 -0.21
v -52.231663 -38.908669 -2
v -52.231663 -38.908669 -0.21
v -52.231663 38.908669 -2
v -52.231663 38.908669 -0.21
v -52.231663 45.091331 -2
v -52.231663 45.091331 -0.21
v -52.211384 -43.686806 -0.21
v -52.211384 -43.686806 2
v -52.211384 -40.313194 -0.21
v -52.211384 -40.313194 2
v -52.211384 40.313194 -0.21
v -52.211384 40.313194 2
v -52.211384 43.686806 -0.21
v -52.211384 43.686806 2
v -52.127041 -43.695248 -0.21
v -52.127041 -43.695248 2
v -52.127041 -40.304752 -0.21
v -52.127041 -40.304752 2
v -52.127041 40.304752 -0.21
v -52.127041 40.304752 2
v -52.127041 43.695248 -0.21
v -52.127041 43.695248 2
v -52.077286 -45.099037 -2
v -52.077286 -45.099037 -0.21
v -52.077286 -38.900963 -2
v -52.077286 -38.900963 -0.21
v -52.077286 38.900963 -2
v -52.077286 38.900963 -0.21
v -52.077286 45.099037 -2
v -52.077286 45.099037 -0.21
v -52.042381 -43.699471 -0.21
v -52.042381 -43.699471 2
v -52.042381 -40.300529 -0.21
v -52.042381 -40.300529 2
v -52.042381 40.300529 -0.21
v -52.042381 40.300529 2
v -52.042381 43.699471 -0.21
v -52.042381 43.699471 2
v -51.957619 -43.699471 -0.21
v -51.957619 -43.699471 2
v -51.957619 -40.300529 -0.21
v -51.957619 -40.300529 2
v -51.957619 40.300529 -0.21
v -51.957619 40.300529 2
v -51.957619 43.699471 -0.21
v -51.957619 43.699471 2
v -51.922714 -45.099037 -2
v -51.922714 -45.099037 -0.21
v -51.922714 -38.900963 -2
v -51.922714 -38.900963 -0.21
v -51.922714 38.900963 -2
v -51.922714 38.900963 -0.21
v -51.922714 45.099037 -2
v -51.922714 45.099037 -0.21
v -51.872959 -43.695248 -0.21
v -51.872959 -43.695248 2
v -51.872959 -40.304752 -0.21
v -51.872959 -40.304752 2
v -51.872959 40.304752 -0.21
v -51.872959 40.304752 2
v -51.872959 43.695248 -0.21
v -51.872959 43.695248 2
v -51.788616 -43.686806 -0.21
v -51.788616 -43.686806 2
v -51.788616 -40.313194 -0.21
v -51.788616 -40.313194 2
v -51.788616 40.313194 -0.21
v -51.788616 40.313194 2
v -51.788616 43.686806 -0.21
v -51.788616 43.686806 2
v -51.768337 -45.091331 -2
v -51.768337 -45.091331 -0.21
v -51.768337 -38.908669 -2
v -51.768337 -38.908669 -0.21
v -51.768337 38.908669 -2
v -51.768337 38.908669 -0.21
v -51.768337 45.091331 -2
v -51.768337 45.091331 -0.21
v -51.7048 -43.674171 -0.21
v -51.7048 -43.674171 2
v -51.7048 -40.325829 -0.21
v -51.7048 -40.325829 2
v -51.7048 40.325829 -0.21
v -51.7048 40.325829 2
v -51.7048 43.674171 -0.21
v -51.7048 43.674171 2
v -51.621716 -43.657379 -0.21
v -51.621716 -43.657379 2
v -51.621716 -40.342621 -0.21
v -51.621716 -40.342621 2
v -51.621716 40.342621 -0.21
v -51.621716 40.342621 2
v -51.621716 43.657379 -0.21
v -51.621716 43.657379 2
v -51.614536 -45.075943 -2
v -51.614536 -45.075943 -0.21
v -51.614536 -38.924057 -2
v -51.614536 -38.924057 -0.21
v -51.614536 38.924057 -2
v -51.614536 38.924057 -0.21
v -51.614536 45.075943 -2
v -51.614536 45.075943 -0.21
v -51.53957 -43.636459 -0.21
v -51.53957 -43.636459 2
v -51.53957 -40.363541 -0.21
v -51.53957 -40.363541 2
v -51.53957 40.363541 -0.21
v -51.53957 40.363541 2
v -51.53957 43.636459 -0.21
v -51.53957 43.636459 2
v -51.461689 -45.052902 -2
v -51.461689 -45.052902 -0.21
v -51.461689 -38.947098 -2
v -51.461689 -38.947098 -0.21
v -51.461689 38.947098 -2
v -51.461689 38.947098 -0.21
v -51.461689 45.052902 -2
v -51.461689 45.052902 -0.21
v -51.458572 -43.611477 -0.21
v -51.458572 -43.611477 2
v -51.458572 -40.388523 -0.21
v -51.458572 -40.388523 2
v -51.458572 40.388523 -0.21
v -51.458572 40.388523 2
v -51.458572 43.611477 -0.21
v -51.458572 43.611477 2
v -51.378922 -43.582485 -0.21
v -51.378922 -43.582485 2
v -51.378922 -40.417515 -0.21
v -51.378922 -40.417515 2
v -51.378922 40.417515 -0.21
v -51.378922 40.417515 2
v -51.378922 43.582485 -0.21
v -51.378922 43.582485 2
v -51.310184 -45.022278 -2
v -51.310184 -45.022278 -0.21
v -51.310184 -38.977722 -2
v -51.310184 -38.977722 -0.21
v -51.310184 38.977722 -2
v -51.310184 38.977722 -0.21
v -51.310184 45.022278 -2
v -51.310184 45.022278 -0.21
v -51.300812 -43.549561 -0.21
v -51.300812 -43.549561 2
v -51.300812 -40.450439 -0.21
v -51.300812 -40.450439 2
v -51.300812 40.450439 -0.21
v -51.300812 40.450439 2
v -51.300812 43.549561 -0.21
v -51.300812 43.549561 2
v -51.224442 -43.512783 -0.21
v -51.224442 -43.512783 2
v -51.224442 -40.487217 -0.21
v -51.224442 -40.487217 2
v -51.224442 40.487217 -0.21
v -51.224442 40.487217 2
v -51.224442 43.512783 -0.21
v -51.224442 43.512783 2
v -51.160393 -44.984135 -2
v -51.160393 -44.984135 -0.21
v -51.160393 -39.015865 -2
v -51.160393 -39.015865 -0.21
v -51.160393 39.015865 -2
v -51.160393 39.015865 -0.21
v -51.160393 44.984135 -2
v -51.160393 44.984135 -0.21
v -51.150002 -43.472244 -0.21
v -51.150002 -43.472244 2
v -51.150002 -40.527756 -0.21
v -51.150002 -40.527756 2
v -51.150002 40.527756 -0.21
v -51.150002 40.527756 2
v -51.150002 43.472244 -0.21
v -51.150002 43.472244 2
v -51.077671 -43.428043 -0.21
v -51.077671 -43.428043 2
v -51.077671 -40.571957 -0.21
v -51.077671 -40.571957 2
v -51.077671 40.571957 -0.21
v -51.077671 40.571957 2
v -51.077671 43.428043 -0.21
v -51.077671 43.428043 2
v -51.012691 -44.938576 -2
v -51.012691 -44.938576 -0.21
v -51.012691 -39.061424 -2
v -51.012691 -39.061424 -0.21
v -51.012691 39.061424 -2
v -51.012691 39.061424 -0.21
v -51.012691 44.938576 -2
v -51.012691 44.938576 -0.21
v -51.007637 -43.380295 -0.21
v -51.007637 -43.380295 2
v -51.007637 -40.619705 -0.21
v -51.007637 -40.619705 2
v -51.007637 40.619705 -0.21
v -51.007637 40.619705 2
v -51.007637 43.380295 -0.21
v -51.007637 43.380295 2
v -50.940067 -43.329113 -0.21
v -50.940067 -43.329113 2
v -50.940067 -40.670887 -0.21
v -50.940067 -40.670887 2
v -50.940067 40.670887 -0.21
v -50.940067 40.670887 2
v -50.940067 43.329113 -0.21
v -50.940067 43.329113 2
v -50.875134 -43.274628 -0.21
v -50.875134 -43.274628 2
v -50.875134 -40.725372 -0.21
v -50.875134 -40.725372 2
v -50.875134 40.725372 -0.21
v -50.875134 40.725372 2
v -50.875134 43.274628 -0.21
v -50.875134 43.274628 2
v -50.867443 -44.885708 -2
v -50.867443 -44.885708 -0.21
v -50.867443 -39.114292 -2
v -50.867443 -39.114292 -0.21
v -50.867443 39.114292 -2
v -50.867443 39.114292 -0.21
v -50.867443 44.885708 -2
v -50.867443 44.885708 -0.21
v -50.812996 -43.216972 -0.21
v -50.812996 -43.216972 2
v -50.812996 -40.783028 -0.21
v -50.812996 -40.783028 2
v -50.812996 40.783028 -0.21
v -50.812996 40.783028 2
v -50.812996 43.216972 -0.21
v -50.812996 43.216972 2
v -50.753811 -43.156292 -0.21
v -50.753811 -43.156292 2
v -50.753811 -40.843708 -0.21
v -50.753811 -40.843708 2
v -50.753811 40.843708 -0.21
v -50.753811 40.843708 2
v -50.753811 43.156292 -0.21
v -50.753811 43.156292 2
v -50.72501 -44.825668 -2
v -50.72501 -44.825668 -0.21
v -50.72501 -39.174332 -2
v -50.72501 -39.174332 -0.21
v -50.72501 39.174332 -2
v -50.72501 39.174332 -0.21
v -50.72501 44.825668 -2
v -50.72501 44.825668 -0.21
v -50.697723 -43.092739 -0.21
v -50.697723 -43.092739 2
v -50.697723 -40.907261 -0.21
v -50.697723 -40.907261 2
v -50.697723 40.907261 -0.21
v -50.697723 40.907261 2
v -50.697723 43.092739 -0.21
v -50.697723 43.092739 2
v -50.644875 -43.026466 -0.21
v -50.644875 -43.026466 2
v -50.644875 -40.973534 -0.21
v -50.644875 -40.973534 2
v -50.644875 40.973534 -0.21
v -50.644875 40.973534 2
v -50.644875 43.026466 -0.21
v -50.644875 43.026466 2
v -50.595394 -42.957645 -0.21
v -50.595394 -42.957645 2
v -50.595394 -41.042355 -0.21
v -50.595394 -41.042355 2
v -50.595394 41.042355 -0.21
v -50.595394 41.042355 2
v -50.595394 42.957645 -0.21
v -50.595394 42.957645 2
v -50.585747 -44.758602 -2
v -50.585747 -44.758602 -0.21
v -50.585747 -39.241398 -2
v -50.585747 -39.241398 -0.21
v -50.585747 39.241398 -2
v -50.585747 39.241398 -0.21
v -50.585747 44.758602 -2
v -50.585747 44.758602 -0.21
v -50.549404 -42.88644 -0.21
v -50.549404 -42.88644 2
v -50.549404 -41.11356 -0.21
v -50.549404 -41.11356 2
v -50.549404 41.11356 -0.21
v -50.549404 41.11356 2
v -50.549404 42.88644 -0.21
v -50.549404 42.88644 2
v -50.507023 -42.81303 -0.21
v -50.507023 -42.81303 2
v -50.507023 -41.18697 -0.21
v -50.507023 -41.18697 2
v -50.507023 41.18697 -0.21
v -50.507023 41.18697 2
v -50.507023 42.81303 -0.21
v -50.507023 42.81303 2
v -50.468353 -42.737602 -0.21
v -50.468353 -42.737602 2
v -50.468353 -41.262398 -0.21
v -50.468353 -41.262398 2
v -50.468353 41.262398 -0.21
v -50.468353 41.262398 2
v -50.468353 42.737602 -0.21
v -50.468353 42.737602 2
v -50.450001 -44.684677 -2
v -50.450001 -44.684677 -0.21
v -50.450001 -39.315323 -2
v -50.450001 -39.315323 -0.21
v -50.450001 39.315323 -2
v -50.450001 39.315323 -0.21
v -50.450001 44.684677 -2
v -50.450001 44.684677 -0.21
v -50.433491 -42.660339 -0.21
v -50.433491 -42.660339 2
v -50.433491 -41.339661 -0.21
v -50.433491 -41.339661 2
v -50.433491 41.339661 -0.21
v -50.433491 41.339661 2
v -50.433491 42.660339 -0.21
v -50.433491 42.660339 2
v -50.402523 -42.581432 -0.21
v -50.402523 -42.581432 2
v -50.402523 -41.418568 -0.21
v -50.402523 -41.418568 2
v -50.402523 41.418568 -0.21
v -50.402523 41.418568 2
v -50.402523 42.581432 -0.21
v -50.402523 42.581432 2
v -50.375526 -42.501083 -0.21
v -50.375526 -42.501083 2
v -50.375526 -41.498917 -0.21
v -50.375526 -41.498917 2
v -50.375526 41.498917 -0.21
v -50.375526 41.498917 2
v -50.375526 42.501083 -0.21
v -50.375526 42.501083 2
v -50.35257 -42.419487 -0.21
v -50.35257 -42.419487 2
v -50.35257 -41.580513 -0.21
v -50.35257 -41.580513 2
v -50.35257 41.580513 -0.21
v -50.35257 41.580513 2
v -50.35257 42.419487 -0.21
v -50.35257 42.419487 2
v -50.333706 -42.336849 -0.21
v -50.333706 -42.336849 2
v -50.333706 -41.663151 -0.21
v -50.333706 -41.663151 2
v -50.333706 41.663151 -0.21
v -50.333706 41.663151 2
v -50.333706 42.336849 -0.21
v -50.333706 42.336849 2
v -50.318989 -42.253372 -0.21
v -50.318989 -42.253372 2
v -50.318989 -41.746628 -0.21
v -50.318989 -41.746628 2
v -50.318989 41.746628 -0.21
v -50.318989 41.746628 2
v -50.318989 42.253372 -0.21
v -50.318989 42.253372 2
v -50.318108 -44.60408 -2
v -50.318108 -44.60408 -0.21
v -50.318108 -39.39592 -2
v -50.318108 -39.39592 -0.21
v -50.318108 39.39592 -2
v -50.318108 39.39592 -0.21
v -50.318108 44.60408 -2
v -50.318108 44.60408 -0.21
v -50.308449 -42.169266 -0.21
v -50.308449 -42.169266 2
v -50.308449 -41.830734 -0.21
v -50.308449 -41.830734 2
v -50.308449 41.830734 -0.21
v -50.308449 41.830734 2
v -50.308449 42.169266 -0.21
v -50.308449 42.169266 2
v -50.302113 -42.08474 -0.21
v -50.302113 -42.08474 2
v -50.302113 -41.91526 -0.21
v -50.302113 -41.91526 2
v -50.302113 41.91526 -0.21
v -50.302113 41.91526 2
v -50.302113 42.08474 -0.21
v -50.302113 42.08474 2
v -50.299999 -42 -0.21
v -50.299999 -42 2
v -50.299999 42 -0.21
v -50.299999 42 2
v -50.190395 -44.517006 -2
v -50.190395 -44.517006 -0.21
v -50.190395 -39.482994 -2
v -50.190395 -39.482994 -0.21
v -50.190395 39.482994 -2
v -50.190395 39.482994 -0.21
v -50.190395 44.517006 -2
v -50.190395 44.517006 -0.21
v -50.067181 -44.423679 -2
v -50.067181 -44.423679 -0.21
v -50.067181 -39.576321 -2
v -50.067181 -39.576321 -0.21
v -50.067181 39.576321 -2
v -50.067181 39.576321 -0.21
v -50.067181 44.423679 -2
v -50.067181 44.423679 -0.21
v -49.948772 -44.324322 -2
v -49.948772 -44.324322 -0.21
v -49.948772 -39.675678 -2
v -49.948772 -39.675678 -0.21
v -49.948772 39.675678 -2
v -49.948772 39.675678 -0.21
v -49.948772 44.324322 -2
v -49.948772 44.324322 -0.21
v -49.835464 -44.219189 -2
v -49.835464 -44.219189 -0.21
v -49.835464 -39.780811 -2
v -49.835464 -39.780811 -0.21
v -49.835464 39.780811 -2
v -49.835464 39.780811 -0.21
v -49.835464 44.219189 -2
v -49.835464 44.219189 -0.21
v -49.727539 -44.108536 -2
v -49.727539 -44.108536 -0.21
v -49.727539 -39.891464 -2
v -49.727539 -39.891464 -0.21
v -49.727539 39.891464 -2
v -49.727539 39.891464 -0.21
v -49.727539 44.108536 -2
v -49.727539 44.108536 -0.21
v -49.625263 -43.992641 -2
v -49.625263 -43.992641 -0.21
v -49.625263 -40.007359 -2
v -49.625263 -40.007359 -0.21
v -49.625263 40.007359 -2
v -49.625263 40.007359 -0.21
v -49.625263 43.992641 -2
v -49.625263 43.992641 -0.21
v -49.528889 -43.871792 -2
v -49.528889 -43.871792 -0.21
v -49.528889 -40.128208 -2
v -49.528889 -40.128208 -0.21
v -49.528889 40.128208 -2
v -49.528889 40.128208 -0.21
v -49.528889 43.871792 -2
v -49.528889 43.871792 -0.21
v -49.43866 -43.746292 -2
v -49.43866 -43.746292 -0.21
v -49.43866 -40.253708 -2
v -49.43866 -40.253708 -0.21
v -49.43866 40.253708 -2
v -49.43866 40.253708 -0.21
v -49.43866 43.746292 -2
v -49.43866 43.746292 -0.21
v -49.354797 -43.616447 -2
v -49.354797 -43.616447 -0.21
v -49.354797 -40.383553 -2
v -49.354797 -40.383553 -0.21
v -49.354797 40.383553 -2
v -49.354797 40.383553 -0.21
v -49.354797 43.616447 -2
v -49.354797 43.616447 -0.21
v -49.277512 -43.482586 -2
v -49.277512 -43.482586 -0.21
v -49.277512 -40.517414 -2
v -49.277512 -40.517414 -0.21
v -49.277512 40.517414 -2
v -49.277512 40.517414 -0.21
v -49.277512 43.482586 -2
v -49.277512 43.482586 -0.21
v -49.206997 -43.345039 -2
v -49.206997 -43.345039 -0.21
v -49.206997 -40.654961 -2
v -49.206997 -40.654961 -0.21
v -49.206997 40.654961 -2
v -49.206997 40.654961 -0.21
v -49.206997 43.345039 -2
v -49.206997 43.345039 -0.21
v -49.143425 -43.204147 -2
v -49.143425 -43.204147 -0.21
v -49.143425 -40.795853 -2
v -49.143425 -40.795853 -0.21
v -49.143425 40.795853 -2
v -49.143425 40.795853 -0.21
v -49.143425 43.204147 -2
v -49.143425 43.204147 -0.21
v -49.086952 -43.060261 -2
v -49.086952 -43.060261 -0.21
v -49.086952 -40.939739 -2
v -49.086952 -40.939739 -0.21
v -49.086952 40.939739 -2
v -49.086952 40.939739 -0.21
v -49.086952 43.060261 -2
v -49.086952 43.060261 -0.21
v -49.037724 -42.913742 -2
v -49.037724 -42.913742 -0.21
v -49.037724 -41.086258 -2
v -49.037724 -41.086258 -0.21
v -49.037724 41.086258 -2
v -49.037724 41.086258 -0.21
v -49.037724 42.913742 -2
v -49.037724 42.913742 -0.21
v -48.995861 -42.76495 -2
v -48.995861 -42.76495 -0.21
v -48.995861 -41.23505 -2
v -48.995861 -41.23505 -0.21
v -48.995861 41.23505 -2
v -48.995861 41.23505 -0.21
v -48.995861 42.76495 -2
v -48.995861 42.76495 -0.21
v -48.961464 -42.614254 -2
v -48.961464 -42.614254 -0.21
v -48.961464 -41.385746 -2
v -48.961464 -41.385746 -0.21
v -48.961464 41.385746 -2
v -48.961464 41.385746 -0.21
v -48.961464 42.614254 -2
v -48.961464 42.614254 -0.21
v -48.934624 -42.462032 -2
v -48.934624 -42.462032 -0.21
v -48.934624 -41.537968 -2
v -48.934624 -41.537968 -0.21
v -48.934624 41.537968 -2
v -48.934624 41.537968 -0.21
v -48.934624 42.462032 -2
v -48.934624 42.462032 -0.21
v -48.915405 -42.308659 -2
v -48.915405 -42.308659 -0.21
v -48.915405 -41.691341 -2
v -48.915405 -41.691341 -0.21
v -48.915405 41.691341 -2
v -48.915405 41.691341 -0.21
v -48.915405 42.308659 -2
v -48.915405 42.308659 -0.21
v -48.903854 -42.154522 -2
v -48.903854 -42.154522 -0.21
v -48.903854 -41.845478 -2
v -48.903854 -41.845478 -0.21
v -48.903854 41.845478 -2
v -48.903854 41.845478 -0.21
v -48.903854 42.154522 -2
v -48.903854 42.154522 -0.21
v -48.900002 -42 -2
v -48.900002 -42 -0.21
v -48.900002 42 -2
v -48.900002 42 -0.21
v 48.900002 -42 -2
v 48.900002 -42 -0.21
v 48.900002 42 -2
v 48.900002 42 -0.21
v 48.903854 -42.154522 -2
v 48.903854 -42.154522 -0.21
v 48.903854 -41.845478 -2
v 48.903854 -41.845478 -0.21
v 48.903854 41.845478 -2
v 48.903854 41.845478 -0.21
v 48.903854 42.154522 -2
v 48.903854 42.154522 -0.21
v 48.915405 -42.308659 -2
v 48.915405 -42.308659 -0.21
v 48.915405 -41.691341 -2
v 48.915405 -41.691341 -0.21
v 48.915405 41.691341 -2
v 48.915405 41.691341 -0.21
v 48.915405 42.308659 -2
v 48.915405 42.308659 -0.21
v 48.934624 -42.462032 -2
v 48.934624 -42.462032 -0.21
v 48.934624 -41.537968 -2
v 48.934624 -41.537968 -0.21
v 48.934624 41.537968 -2
v 48.934624 41.537968 -0.21
v 48.934624 42.462032 -2
v 48.934624 42.462032 -0.21
v 48.961464 -42.614254 -2
v 48.961464 -42.614254 -0.21
v 48.961464 -41.385746 -2
v 48.961464 -41.385746 -0.21
v 48.961464 41.385746 -2
v 48.961464 41.385746 -0.21
v 48.961464 42.614254 -2
v 48.961464 42.614254 -0.21
v 48.995861 -42.76495 -2
v 48.995861 -42.76495 -0.21
v 48.995861 -41.23505 -2
v 48.995861 -41.23505 -0.21
v 48.995861 41.23505 -2
v 48.995861 41.23505 -0.21
v 48.995861 42.76495 -2
v 48.995861 42.76495 -0.21
v 49.037724 -42.913742 -2
v 49.037724 -42.913742 -0.21
v 49.037724 -41.086258 -2
v 49.037724 -41.086258 -0.21
v 49.037724 41.086258 -2
v 49.037724 41.086258 -0.21
v 49.037724 42.913742 -2
v 49.037724 42.913742 -0.21
v 49.086952 -43.060261 -2
v 49.086952 -43.060261 -0.21
v 49.086952 -40.939739 -2
v 49.086952 -40.939739 -0.21
v 49.086952 40.939739 -2
v 49.086952 40.939739 -0.21
v 49.086952 43.060261 -2
v 49.086952 43.060261 -0.21
v 49.143425 -43.204147 -2
v 49.143425 -43.204147 -0.21
v 49.143425 -40.795853 -2
v 49.143425 -40.795853 -0.21
v 49.143425 40.795853 -2
v 49.143425 40.795853 -0.21
v 49.143425 43.204147 -2
v 49.143425 43.204147 -0.21
v 49.206997 -43.345039 -2
v 49.206997 -43.345039 -0.21
v 49.206997 -40.654961 -2
v 49.206997 -40.654961 -0.21
v 49.206997 40.654961 -2
v 49.206997 40.654961 -0.21
v 49.206997 43.345039 -2
v 49.206997 43.345039 -0.21
v 49.277512 -43.482586 -2
v 49.277512 -43.482586 -0.21
v 49.277512 -40.517414 -2
v 49.277512 -40.517414 -0.21
v 49.277512 40.517414 -2
v 49.277512 40.517414 -0.21
v 49.277512 43.482586 -2
v 49.277512 43.482586 -0.21
v 49.354797 -43.616447 -2
v 49.354797 -43.616447 -0.21
v 49.354797 -40.383553 -2
v 49.354797 -40.383553 -0.21
v 49.354797 40.383553 -2
v 49.354797 40.383553 -0.21
v 49.354797 43.616447 -2
v 49.354797 43.616447 -0.21
v 49.43866 -43.746292 -2
v 49.43866 -43.746292 -0.21
v 49.43866 -40.253708 -2
v 49.43866 -40.253708 -0.21
v 49.43866 40.253708 -2
v 49.43866 40.253708 -0.21
v 49.43866 43.746292 -2
v 49.43866 43.746292 -0.21
v 49.528889 -43.871792 -2
v 49.528889 -43.871792 -0.21
v 49.528889 -40.128208 -2
v 49.528889 -40.128208 -0.21
v 49.528889 40.128208 -2
v 49.528889 40.128208 -0.21
v 49.528889 43.871792 -2
v 49.528889 43.871792 -0.21
v 49.625263 -43.992641 -2
v 49.625263 -43.992641 -0.21
v 49.625263 -40.007359 -2
v 49.625263 -40.007359 -0.21
v 49.625263 40.007359 -2
v 49.625263 40.007359 -0.21
v 49.625263 43.992641 -2
v 49.625263 43.992641 -0.21
v 49.727539 -44.108536 -2
v 49.727539 -44.108536 -0.21
v 49.727539 -39.891464 -2
v 49.727539 -39.891464 -0.21
v 49.727539 39.891464 -2
v 49.727539 39.891464 -0.21
v 49.727539 44.108536 -2
v 49.727539 44.108536 -0.21
v 49.835464 -44.219189 -2
v 49.835464 -44.219189 -0.21
v 49.835464 -39.780811 -2
v 49.835464 -39.780811 -0.21
v 49.835464 39.780811 -2
v 49.835464 39.780811 -0.21
v 49.835464 44.219189 -2
v 49.835464 44.219189 -0.21
v 49.948772 -44.324322 -2
v 49.948772 -44.324322 -0.21
v 49.948772 -39.675678 -2
v 49.948772 -39.675678 -0.21
v 49.948772 39.675678 -2
v 49.948772 39.675678 -0.21
v 49.948772 44.324322 -2
v 49.948772 44.324322 -0.21
v 50.067181 -44.423679 -2
v 50.067181 -44.423679 -0.21
v 50.067181 -39.576321 -2
v 50.067181 -39.576321 -0.21
v 50.067181 39.576321 -2
v 50.067181 39.576321 -0.21
v 50.067181 44.423679 -2
v 50.067181 44.423679 -0.21
v 50.190395 -44.517006 -2
v 50.190395 -44.517006 -0.21
v 50.190395 -39.482994 -2
v 50.190395 -39.482994 -0.21
v 50.190395 39.482994 -2
v 50.190395 39.482994 -0.21
v 50.190395 44.517006 -2
v 50.190395 44.517006 -0.21
v 50.299999 -42 -0.21
v 50.299999 -42 2
v 50.299999 42 -0.21
v 50.299999 42 2
v 50.302113 -42.08474 -0.21
v 50.302113 -42.08474 2
v 50.302113 -41.91526 -0.21
v 50.302113 -41.91526 2
v 50.302113 41.91526 -0.21
v 50.302113 41.91526 2
v 50.302113 42.08474 -0.21
v 50.302113 42.08474 2
v 50.308449 -42.169266 -0.21
v 50.308449 -42.169266 2
v 50.308449 -41.830734 -0.21
v 50.308449 -41.830734 2
v 50.308449 41.830734 -0.21
v 50.308449 41.830734 2
v 50.308449 42.169266 -0.21
v 50.308449 42.169266 2
v 50.318108 -44.60408 -2
v 50.318108 -44.60408 -0.21
v 50.318108 -39.39592 -2
v 50.318108 -39.39592 -0.21
v 50.318108 39.39592 -2
v 50.318108 39.39592 -0.21
v 50.318108 44.60408 -2
v 50.318108 44.60408 -0.21
v 50.318989 -42.253372 -0.21
v 50.318989 -42.253372 2
v 50.318989 -41.746628 -0.21
v 50.318989 -41.746628 2
v 50.318989 41.746628 -0.21
v 50.318989 41.746628 2
v 50.318989 42.253372 -0.21
v 50.318989 42.253372 2
v 50.333706 -42.336849 -0.21
v 50.333706 -42.336849 2
v 50.333706 -41.663151 -0.21
v 50.333706 -41.663151 2
v 50.333706 41.663151 -0.21
v 50.333706 41.663151 2
v 50.333706 42.336849 -0.21
v 50.333706 42.336849 2
v 50.35257 -42.419487 -0.21
v 50.35257 -42.419487 2
v 50.35257 -41.580513 -0.21
v 50.35257 -41.580513 2
v 50.35257 41.580513 -0.21
v 50.35257 41.580513 2
v 50.35257 42.419487 -0.21
v 50.35257 42.419487 2
v 50.375526 -42.501083 -0.21
v 50.375526 -42.501083 2
v 50.375526 -41.498917 -0.21
v 50.375526 -41.498917 2
v 50.375526 41.498917 -0.21
v 50.375526 41.498917 2
v 50.375526 42.501083 -0.21
v 50.375526 42.501083 2
v 50.402523 -42.581432 -0.21
v 50.402523 -42.581432 2
v 50.402523 -41.418568 -0.21
v 50.402523 -41.418568 2
v 50.402523 41.418568 -0.21
v 50.402523 41.418568 2
v 50.402523 42.581432 -0.21
v 50.402523 42.581432 2
v 50.433491 -42.660339 -0.21
v 50.433491 -42.660339 2
v 50.433491 -41.339661 -0.21
v 50.433491 -41.339661 2
v 50.433491 41.339661 -0.21
v 50.433491 41.339661 2
v 50.433491 42.660339 -0.21
v 50.433491 42.660339 2
v 50.450001 -44.684677 -2
v 50.450001 -44.684677 -0.21
v 50.450001 -39.315323 -2
v 50.450001 -39.315323 -0.21
v 50.450001 39.315323 -2
v 50.450001 39.315323 -0.21
v 50.450001 44.684677 -2
v 50.450001 44.684677 -0.21
v 50.468353 -42.737602 -0.21
v 50.468353 -42.737602 2
v 50.468353 -41.262398 -0.21
v 50.468353 -41.262398 2
v 50.468353 41.262398 -0.21
v 50.468353 41.262398 2
v 50.468353 42.737602 -0.21
v 50.468353 42.737602 2
v 50.507023 -42.81303 -0.21
v 50.507023 -42.81303 2
v 50.507023 -41.18697 -0.21
v 50.507023 -41.18697 2
v 50.507023 41.18697 -0.21
v 50.507023 41.18697 2
v 50.507023 42.81303 -0.21
v 50.507023 42.81303 2
v 50.549404 -42.88644 -0.21
v 50.549404 -42.88644 2
v 50.549404 -41.11356 -0.21
v 50.549404 -41.11356 2
v 50.549404 41.11356 -0.21
v 50.549404 41.11356 2
v 50.549404 42.88644 -0.21
v 50.549404 42.88644 2
v 50.585747 -44.758602 -2
v 50.585747 -44.758602 -0.21
v 50.585747 -39.241398 -2
v 50.585747 -39.241398 -0.21
v 50.585747 39.241398 -2
v 50.585747 39.241398 -0.21
v 50.585747 44.758602 -2
v 50.585747 44.758602 -0.21
v 50.595394 -42.957645 -0.21
v 50.595394 -42.957645 2
v 50.595394 -41.042355 -0.21
v 50.595394 -41.042355 2
v 50.595394 41.042355 -0.21
v 50.595394 41.042355 2
v 50.595394 42.957645 -0.21
v 50.595394 42.957645 2
v 50.644875 -43.026466 -0.21
v 50.644875 -43.026466 2
v 50.644875 -40.973534 -0.21
v 50.644875 -40.973534 2
v 50.644875 40.973534 -0.21
v 50.644875 40.973534 2
v 50.644875 43.026466 -0.21
v 50.644875 43.026466 2
v 50.697723 -43.092739 -0.21
v 50.697723 -43.092739 2
v 50.697723 -40.907261 -0.21
v 50.697723 -40.907261 2
v 50.697723 40.907261 -0.21
v 50.697723 40.907261 2
v 50.697723 43.092739 -0.21
v 50.697723 43.092739 2
v 50.72501 -44.825668 -2
v 50.72501 -44.825668 -0.21
v 50.72501 -39.174332 -2
v 50.72501 -39.174332 -0.21
v 50.72501 39.174332 -2
v 50.72501 39.174332 -0.21
v 50.72501 44.825668 -2
v 50.72501 44.825668 -0.21
v 50.753811 -43.156292 -0.21
v 50.753811 -43.156292 2
v 50.753811 -40.843708 -0.21
v 50.753811 -40.843708 2
v 50.753811 40.843708 -0.21
v 50.753811 40.843708 2
v 50.753811 43.156292 -0.21
v 50.753811 43.156292 2
v 50.812996 -43.216972 -0.21
v 50.812996 -43.216972 2
v 50.812996 -40.783028 -0.21
v 50.812996 -40.783028 2
v 50.812996 40.783028 -0.21
v 50.812996 40.783028 2
v 50.812996 43.216972 -0.21
v 50.812996 43.216972 2
v 50.867443 -44.885708 -2
v 50.867443 -44.885708 -0.21
v 50.867443 -39.114292 -2
v 50.867443 -39.114292 -0.21
v 50.867443 39.114292 -2
v 50.867443 39.114292 -0.21
v 50.867443 44.885708 -2
v 50.867443 44.885708 -0.21
v 50.875134 -43.274628 -0.21
v 50.875134 -43.274628 2
v 50.875134 -40.725372 -0.21
v 50.875134 -40.725372 2
v 50.875134 40.725372 -0.21
v 50.875134 40.725372 2
v 50.875134 43.274628 -0.21
v 50.875134 43.274628 2
v 50.940067 -43.329113 -0.21
v 50.940067 -43.329113 2
v 50.940067 -40.670887 -0.21
v 50.940067 -40.670887 2
v 50.940067 40.670887 -0.21
v 50.940067 40.670887 2
v 50.940067 43.329113 -0.21
v 50.940067 43.329113 2
v 51.007637 -43.380295 -0.21
v 51.007637 -43.380295 2
v 51.007637 -40.619705 -0.21
v 51.007637 -40.619705 2
v 51.007637 40.619705 -0.21
v 51.007637 40.619705 2
v 51.007637 43.380295 -0.21
v 51.007637 43.380295 2
v 51.012691 -44.938576 -2
v 51.012691 -44.938576 -0.21
v 51.012691 -39.061424 -2
v 51.012691 -39.061424 -0.21
v 51.012691 39.061424 -2
v 51.012691 39.061424 -0.21
v 51.012691 44.938576 -2
v 51.012691 44.938576 -0.21
v 51.077671 -43.428043 -0.21
v 51.077671 -43.428043 2
v 51.077671 -40.571957 -0.21
v 51.077671 -40.571957 2
v 51.077671 40.571957 -0.21
v 51.077671 40.571957 2
v 51.077671 43.428043 -0.21
v 51.077671 43.428043 2
v 51.150002 -43.472244 -0.21
v 51.150002 -43.472244 2
v 51.150002 -40.527756 -0.21
v 51.150002 -40.527756 2
v 51.150002 40.527756 -0.21
v 51.150002 40.527756 2
v 51.150002 43.472244 -0.21
v 51.150002 43.472244 2
v 51.160393 -44.984135 -2
v 51.160393 -44.984135 -0.21
v 51.160393 -39.015865 -2
v 51.160393 -39.015865 -0.21
v 51.160393 39.015865 -2
v 51.160393 39.015865 -0.21
v 51.160393 44.984135 -2
v 51.160393 44.984135 -0.21
v 51.224442 -43.512783 -0.21
v 51.224442 -43.512783 2
v 51.224442 -40.487217 -0.21
v 51.224442 -40.487217 2
v 51.224442 40.487217 -0.21
v 51.224442 40.487217 2
v 51.224442 43.512783 -0.21
v 51.224442 43.512783 2
v 51.300812 -43.549561 -0.21
v 51.300812 -43.549561 2
v 51.300812 -40.450439 -0.21
v 51.300812 -40.450439 2
v 51.300812 40.450439 -0.21
v 51.300812 40.450439 2
v 51.300812 43.549561 -0.21
v 51.300812 43.549561 2
v 51.310184 -45.022278 -2
v 51.310184 -45.022278 -0.21
v 51.310184 -38.977722 -2
v 51.310184 -38.977722 -0.21
v 51.310184 38.977722 -2
v 51.310184 38.977722 -0.21
v 51.310184 45.022278 -2
v 51.310184 45.022278 -0.21
v 51.378922 -43.582485 -0.21
v 51.378922 -43.582485 2
v 51.378922 -40.417515 -0.21
v 51.378922 -40.417515 2
v 51.378922 40.417515 -0.21
v 51.378922 40.417515 2
v 51.378922 43.582485 -0.21
v 51.378922 43.582485 2
v 51.458572 -43.611477 -0.21
v 51.458572 -43.611477 2
v 51.458572 -40.388523 -0.21
v 51.458572 -40.388523 2
v 51.458572 40.388523 -0.21
v 51.458572 40.388523 2
v 51.458572 43.611477 -0.21
v 51.458572 43.611477 2
v 51.461689 -45.052902 -2
v 51.461689 -45.052902 -0.21
v 51.461689 -38.947098 -2
v 51.461689 -38.947098 -0.21
v 51.461689 38.947098 -2
v 51.461689 38.947098 -0.21
v 51.461689 45.052902 -2
v 51.461689 45.052902 -0.21
v 51.53957 -43.636459 -0.21
v 51.53957 -43.636459 2
v 51.53957 -40.363541 -0.21
v 51.53957 -40.363541 2
v 51.53957 40.363541 -0.21
v 51.53957 40.363541 2
v 51.53957 43.636459 -0.21
v 51.53957 43.636459 2
v 51.614536 -45.075943 -2
v 51.614536 -45.075943 -0.21
v 51.614536 -38.924057 -2
v 51.614536 -38.924057 -0.21
v 51.614536 38.924057 -2
v 51.614536 38.924057 -0.21
v 51.614536 45.075943 -2
v 51.614536 45.075943 -0.21
v 51.621716 -43.657379 -0.21
v 51.621716 -43.657379 2
v 51.621716 -40.342621 -0.21
v 51.621716 -40.342621 2
v 51.621716 40.342621 -0.21
v 51.621716 40.342621 2
v 51.621716 43.657379 -0.21
v 51.621716 43.657379 2
v 51.7048 -43.674171 -0.21
v 51.7048 -43.674171 2
v 51.7048 -40.325829 -0.21
v 51.7048 -40.325829 2
v 51.7048 40.325829 -0.21
v 51.7048 40.325829 2
v 51.7048 43.674171 -0.21
v 51.7048 43.674171 2
v 51.768337 -45.091331 -2
v 51.768337 -45.091331 -0.21
v 51.768337 -38.908669 -2
v 51.768337 -38.908669 -0.21
v 51.768337 38.908669 -2
v 51.768337 38.908669 -0.21
v 51.768337 45.091331 -2
v 51.768337 45.091331 -0.21
v 51.788616 -43.686806 -0.21
v 51.788616 -43.686806 2
v 51.788616 -40.313194 -0.21
v 51.788616 -40.313194 2
v 51.788616 40.313194 -0.21
v 51.788616 40.313194 2
v 51.788616 43.686806 -0.21
v 51.788616 43.686806 2
v 51.872959 -43.695248 -0.21
v 51.872959 -43.695248 2
v 51.872959 -40.304752 -0.21
v 51.872959 -40.304752 2
v 51.872959 40.304752 -0.21
v 51.872959 40.304752 2
v 51.872959 43.695248 -0.21
v 51.872959 43.695248 2
v 51.922714 -45.099037 -2
v 51.922714 -45.099037 -0.21
v 51.922714 -38.900963 -2
v 51.922714 -38.900963 -0.21
v 51.922714 38.900963 -2
v 51.922714 38.900963 -0.21
v 51.922714 45.099037 -2
v 51.922714 45.099037 -0.21
v 51.957619 -43.699471 -0.21
v 51.957619 -43.699471 2
v 51.957619 -40.300529 -0.21
v 51.957619 -40.300529 2
v 51.957619 40.300529 -0.21
v 51.957619 40.300529 2
v 51.957619 43.699471 -0.21
v 51.957619 43.699471 2
v 52.042381 -43.699471 -0.21
v 52.042381 -43.699471 2
v 52.042381 -40.300529 -0.21
v 52.042381 -40.300529 2
v 52.042381 40.300529 -0.21
v 52.042381 40.300529 2
v 52.042381 43.699471 -0.21
v 52.042381 43.699471 2
v 52.077286 -45.099037 -2
v 52.077286 -45.099037 -0.21
v 52.077286 -38.900963 -2
v 52.077286 -38.900963 -0.21
v 52.077286 38.900963 -2
v 52.077286 38.900963 -0.21
v 52.077286 45.099037 -2
v 52.077286 45.099037 -0.21
v 52.127041 -43.695248 -0.21
v 52.127041 -43.695248 2
v 52.127041 -40.304752 -0.21
v 52.127041 -40.304752 2
v 52.127041 40.304752 -0.21
v 52.127041 40.304752 2
v 52.127041 43.695248 -0.21
v 52.127041 43.695248 2
v 52.211384 -43.686806 -0.21
v 52.211384 -43.686806 2
v 52.211384 -40.313194 -0.21
v 52.211384 -40.313194 2
v 52.211384 40.313194 -0.21
v 52.211384 40.313194 2
v 52.211384 43.686806 -0.21
v 52.211384 43.686806 2
v 52.231663 -45.091331 -2
v 52.231663 -45.091331 -0.21
v 52.231663 -38.908669 -2
v 52.231663 -38.908669 -0.21
v 52.231663 38.908669 -2
v 52.231663 38.908669 -0.21
v 52.231663 45.091331 -2
v 52.231663 45.091331 -0.21
v 52.2952 -43.674171 -0.21
v 52.2952 -43.674171 2
v 52.2952 -40.325829 -0.21
v 52.2952 -40.325829 2
v 52.2952 40.325829 -0.21
v 52.2952 40.325829 2
v 52.2952 43.674171 -0.21
v 52.2952 43.674171 2
v 52.378284 -43.657379 -0.21
v 52.378284 -43.657379 2
v 52.378284 -40.342621 -0.21
v 52.378284 -40.342621 2
v 52.378284 40.342621 -0.21
v 52.378284 40.342621 2
v 52.378284 43.657379 -0.21
v 52.378284 43.657379 2
v 52.385464 -45.075943 -2
v 52.385464 -45.075943 -0.21
v 52.385464 -38.924057 -2
v 52.385464 -38.924057 -0.21
v 52.385464 38.924057 -2
v 52.385464 38.924057 -0.21
v 52.385464 45.075943 -2
v 52.385464 45.075943 -0.21
v 52.46043 -43.636459 -0.21
v 52.46043 -43.636459 2
v 52.46043 -40.363541 -0.21
v 52.46043 -40.363541 2
v 52.46043 40.363541 -0.21
v 52.46043 40.363541 2
v 52.46043 43.636459 -0.21
v 52.46043 43.636459 2
v 52.538311 -45.052902 -2
v 52.538311 -45.052902 -0.21
v 52.538311 -38.947098 -2
v 52.538311 -38.947098 -0.21
v 52.538311 38.947098 -2
v 52.538311 38.947098 -0.21
v 52.538311 45.052902 -2
v 52.538311 45.052902 -0.21
v 52.541428 -43.611477 -0.21
v 52.541428 -43.611477 2
v 52.541428 -40.388523 -0.21
v 52.541428 -40.388523 2
v 52.541428 40.388523 -0.21
v 52.541428 40.388523 2
v 52.541428 43.611477 -0.21
v 52.541428 43.611477 2
v 52.621078 -43.582485 -0.21
v 52.621078 -43.582485 2
v 52.621078 -40.417515 -0.21
v 52.621078 -40.417515 2
v 52.621078 40.417515 -0.21
v 52.621078 40.417515 2
v 52.621078 43.582485 -0.21
v 52.621078 43.582485 2
v 52.689816 -45.022278 -2
v 52.689816 -45.022278 -0.21
v 52.689816 -38.977722 -2
v 52.689816 -38.977722 -0.21
v 52.689816 38.977722 -2
v 52.689816 38.977722 -0.21
v 52.689816 45.022278 -2
v 52.689816 45.022278 -0.21
v 52.699188 -43.549561 -0.21
v 52.699188 -43.549561 2
v 52.699188 -40.450439 -0.21
v 52.699188 -40.450439 2
v 52.699188 40.450439 -0.21
v 52.699188 40.450439 2
v 52.699188 43.549561 -0.21
v 52.699188 43.549561 2
v 52.775558 -43.512783 -0.21
v 52.775558 -43.512783 2
v 52.775558 -40.487217 -0.21
v 52.775558 -40.487217 2
v 52.775558 40.487217 -0.21
v 52.775558 40.487217 2
v 52.775558 43.512783 -0.21
v 52.775558 43.512783 2
v 52.839607 -44.984135 -2
v 52.839607 -44.984135 -0.21
v 52.839607 -39.015865 -2
v 52.839607 -39.015865 -0.21
v 52.839607 39.015865 -2
v 52.839607 39.015865 -0.21
v 52.839607 44.984135 -2
v 52.839607 44.984135 -0.21
v 52.849998 -43.472244 -0.21
v 52.849998 -43.472244 2
v 52.849998 -40.527756 -0.21
v 52.849998 -40.527756 2
v 52.849998 40.527756 -0.21
v 52.849998 40.527756 2
v 52.849998 43.472244 -0.21
v 52.849998 43.472244 2
v 52.922329 -43.428043 -0.21
v 52.922329 -43.428043 2
v 52.922329 -40.571957 -0.21
v 52.922329 -40.571957 2
v 52.922329 40.571957 -0.21
v 52.922329 40.571957 2
v 52.922329 43.428043 -0.21
v 52.922329 43.428043 2
v 52.987309 -44.938576 -2
v 52.987309 -44.938576 -0.21
v 52.987309 -39.061424 -2
v 52.987309 -39.061424 -0.21
v 52.987309 39.061424 -2
v 52.987309 39.061424 -0.21
v 52.987309 44.938576 -2
v 52.987309 44.938576 -0.21
v 52.992363 -43.380295 -0.21
v 52.992363 -43.380295 2
v 52.992363 -40.619705 -0.21
v 52.992363 -40.619705 2
v 52.992363 40.619705 -0.21
v 52.992363 40.619705 2
v 52.992363 43.380295 -0.21
v 52.992363 43.380295 2
v 53.059933 -43.329113 -0.21
v 53.059933 -43.329113 2
v 53.059933 -40.670887 -0.21
v 53.059933 -40.670887 2
v 53.059933 40.670887 -0.21
v 53.059933 40.670887 2
v 53.059933 43.329113 -0.21
v 53.059933 43.329113 2
v 53.124866 -43.274628 -0.21
v 53.124866 -43.274628 2
v 53.124866 -40.725372 -0.21
v 53.124866 -40.725372 2
v 53.124866 40.725372 -0.21
v 53.124866 40.725372 2
v 53.124866 43.274628 -0.21
v 53.124866 43.274628 2
v 53.132557 -44.885708 -2
v 53.132557 -44.885708 -0.21
v 53.132557 -39.114292 -2
v 53.132557 -39.114292 -0.21
v 53.132557 39.114292 -2
v 53.132557 39.114292 -0.21
v 53.132557 44.885708 -2
v 53.132557 44.885708 -0.21
v 53.187004 -43.216972 -0.21
v 53.187004 -43.216972 2
v 53.187004 -40.783028 -0.21
v 53.187004 -40.783028 2
v 53.187004 40.783028 -0.21
v 53.187004 40.783028 2
v 53.187004 43.216972 -0.21
v 53.187004 43.216972 2
v 53.246189 -43.156292 -0.21
v 53.246189 -43.156292 2
v 53.246189 -40.843708 -0.21
v 53.246189 -40.843708 2
v 53.246189 40.843708 -0.21
v 53.246189 40.843708 2
v 53.246189 43.156292 -0.21
v 53.246189 43.156292 2
v 53.27499 -44.825668 -2
v 53.27499 -44.825668 -0.21
v 53.27499 -39.174332 -2
v 53.27499 -39.174332 -0.21
v 53.27499 39.174332 -2
v 53.27499 39.174332 -0.21
v 53.27499 44.825668 -2
v 53.27499 44.825668 -0.21
v 53.302277 -43.092739 -0.21
v 53.302277 -43.092739 2
v 53.302277 -40.907261 -0.21
v 53.302277 -40.907261 2
v 53.302277 40.907261 -0.21
v 53.302277 40.907261 2
v 53.302277 43.092739 -0.21
v 53.302277 43.092739 2
v 53.355125 -43.026466 -0.21
v 53.355125 -43.026466 2
v 53.355125 -40.973534 -0.21
v 53.355125 -40.973534 2
v 53.355125 40.973534 -0.21
v 53.355125 40.973534 2
v 53.355125 43.026466 -0.21
v 53.355125 43.026466 2
v 53.404606 -42.957645 -0.21
v 53.404606 -42.957645 2
v 53.404606 -41.042355 -0.21
v 53.404606 -41.042355 2
v 53.404606 41.042355 -0.21
v 53.404606 41.042355 2
v 53.404606 42.957645 -0.21
v 53.404606 42.957645 2
v 53.414253 -44.758602 -2
v 53.414253 -44.758602 -0.21
v 53.414253 -39.241398 -2
v 53.414253 -39.241398 -0.21
v 53.414253 39.241398 -2
v 53.414253 39.241398 -0.21
v 53.414253 44.758602 -2
v 53.414253 44.758602 -0.21
v 53.450596 -42.88644 -0.21
v 53.450596 -42.88644 2
v 53.450596 -41.11356 -0.21
v 53.450596 -41.11356 2
v 53.450596 41.11356 -0.21
v 53.450596 41.11356 2
v 53.450596 42.88644 -0.21
v 53.450596 42.88644 2
v 53.492977 -42.81303 -0.21
v 53.492977 -42.81303 2
v 53.492977 -41.18697 -0.21
v 53.492977 -41.18697 2
v 53.492977 41.18697 -0.21
v 53.492977 41.18697 2
v 53.492977 42.81303 -0.21
v 53.492977 42.81303 2
v 53.531647 -42.737602 -0.21
v 53.531647 -42.737602 2
v 53.531647 -41.262398 -0.21
v 53.531647 -41.262398 2
v 53.531647 41.262398 -0.21
v 53.531647 41.262398 2
v 53.531647 42.737602 -0.21
v 53.531647 42.737602 2
v 53.549999 -44.684677 -2
v 53.549999 -44.684677 -0.21
v 53.549999 -39.315323 -2
v 53.549999 -39.315323 -0.21
v 53.549999 39.315323 -2
v 53.549999 39.315323 -0.21
v 53.549999 44.684677 -2
v 53.549999 44.684677 -0.21
v 53.566509 -42.660339 -0.21
v 53.566509 -42.660339 2
v 53.566509 -41.339661 -0.21
v 53.566509 -41.339661 2
v 53.566509 41.339661 -0.21
v 53.566509 41.339661 2
v 53.566509 42.660339 -0.21
v 53.566509 42.660339 2
v 53.597477 -42.581432 -0.21
v 53.597477 -42.581432 2
v 53.597477 -41.418568 -0.21
v 53.597477 -41.418568 2
v 53.597477 41.418568 -0.21
v 53.597477 41.418568 2
v 53.597477 42.581432 -0.21
v 53.597477 42.581432 2
v 53.624474 -42.501083 -0.21
v 53.624474 -42.501083 2
v 53.624474 -41.498917 -0.21
v 53.624474 -41.498917 2
v 53.624474 41.498917 -0.21
v 53.624474 41.498917 2
v 53.624474 42.501083 -0.21
v 53.624474 42.501083 2
v 53.64743 -42.419487 -0.21
v 53.64743 -42.419487 2
v 53.64743 -41.580513 -0.21
v 53.64743 -41.580513 2
v 53.64743 41.580513 -0.21
v 53.64743 41.580513 2
v 53.64743 42.419487 -0.21
v 53.64743 42.419487 2
v 53.666294 -42.336849 -0.21
v 53.666294 -42.336849 2
v 53.666294 -41.663151 -0.21
v 53.666294 -41.663151 2
v 53.666294 41.663151 -0.21
v 53.666294 41.663151 2
v 53.666294 42.336849 -0.21
v 53.666294 42.336849 2
v 53.681011 -42.253372 -0.21
v 53.681011 -42.253372 2
v 53.681011 -41.746628 -0.21
v 53.681011 -41.746628 2
v 53.681011 41.746628 -0.21
v 53.681011 41.746628 2
v 53.681011 42.253372 -0.21
v 53.681011 42.253372 2
v 53.681892 -44.60408 -2
v 53.681892 -44.60408 -0.21
v 53.681892 -39.39592 -2
v 53.681892 -39.39592 -0.21
v 53.681892 39.39592 -2
v 53.681892 39.39592 -0.21
v 53.681892 44.60408 -2
v 53.681892 44.60408 -0.21
v 53.691551 -42.169266 -0.21
v 53.691551 -42.169266 2
v 53.691551 -41.830734 -0.21
v 53.691551 -41.830734 2
v 53.691551 41.830734 -0.21
v 53.691551 41.830734 2
v 53.691551 42.169266 -0.21
v 53.691551 42.169266 2
v 53.697887 -42.08474 -0.21
v 53.697887 -42.08474 2
v 53.697887 -41.91526 -0.21
v 53.697887 -41.91526 2
v 53.697887 41.91526 -0.21
v 53.697887 41.91526 2
v 53.697887 42.08474 -0.21
v 53.697887 42.08474 2
v 53.700001 -42 -0.21
v 53.700001 -42 2
v 53.700001 42 -0.21
v 53.700001 42 2
v 53.809605 -44.517006 -2
v 53.809605 -44.517006 -0.21
v 53.809605 -39.482994 -2
v 53.809605 -39.482994 -0.21
v 53.809605 39.482994 -2
v 53.809605 39.482994 -0.21
v 53.809605 44.517006 -2
v 53.809605 44.517006 -0.21
v 53.932819 -44.423679 -2
v 53.932819 -44.423679 -0.21
v 53.932819 -39.576321 -2
v 53.932819 -39.576321 -0.21
v 53.932819 39.576321 -2
v 53.932819 39.576321 -0.21
v 53.932819 44.423679 -2
v 53.932819 44.423679 -0.21
v 54.051228 -44.324322 -2
v 54.051228 -44.324322 -0.21
v 54.051228 -39.675678 -2
v 54.051228 -39.675678 -0.21
v 54.051228 39.675678 -2
v 54.051228 39.675678 -0.21
v 54.051228 44.324322 -2
v 54.051228 44.324322 -0.21
v 54.164536 -44.219189 -2
v 54.164536 -44.219189 -0.21
v 54.164536 -39.780811 -2
v 54.164536 -39.780811 -0.21
v 54.164536 39.780811 -2
v 54.164536 39.780811 -0.21
v 54.164536 44.219189 -2
v 54.164536 44.219189 -0.21
v 54.272461 -44.108536 -2
v 54.272461 -44.108536 -0.21
v 54.272461 -39.891464 -2
v 54.272461 -39.891464 -0.21
v 54.272461 39.891464 -2
v 54.272461 39.891464 -0.21
v 54.272461 44.108536 -2
v 54.272461 44.108536 -0.21
v 54.374737 -43.992641 -2
v 54.374737 -43.992641 -0.21
v 54.374737 -40.007359 -2
v 54.374737 -40.007359 -0.21
v 54.374737 40.007359 -2
v 54.374737 40.007359 -0.21
v 54.374737 43.992641 -2
v 54.374737 43.992641 -0.21
v 54.471111 -43.871792 -2
v 54.471111 -43.871792 -0.21
v 54.471111 -40.128208 -2
v 54.471111 -40.128208 -0.21
v 54.471111 40.128208 -2
v 54.471111 40.128208 -0.21
v 54.471111 43.871792 -2
v 54.471111 43.871792 -0.21
v 54.56134 -43.746292 -2
v 54.56134 -43.746292 -0.21
v 54.56134 -40.253708 -2
v 54.56134 -40.253708 -0.21
v 54.56134 40.253708 -2
v 54.56134 40.253708 -0.21
v 54.56134 43.746292 -2
v 54.56134 43.746292 -0.21
v 54.645203 -43.616447 -2
v 54.645203 -43.616447 -0.21
v 54.645203 -40.383553 -2
v 54.645203 -40.383553 -0.21
v 54.645203 40.383553 -2
v 54.645203 40.383553 -0.21
v 54.645203 43.616447 -2
v 54.645203 43.616447 -0.21
v 54.722488 -43.482586 -2
v 54.722488 -43.482586 -0.21
v 54.722488 -40.517414 -2
v 54.722488 -40.517414 -0.21
v 54.722488 40.517414 -2
v 54.722488 40.517414 -0.21
v 54.722488 43.482586 -2
v 54.722488 43.482586 -0.21
v 54.793003 -43.345039 -2
v 54.793003 -43.345039 -0.21
v 54.793003 -40.654961 -2
v 54.793003 -40.654961 -0.21
v 54.793003 40.654961 -2
v 54.793003 40.654961 -0.21
v 54.793003 43.345039 -2
v 54.793003 43.345039 -0.21
v 54.856575 -43.204147 -2
v 54.856575 -43.204147 -0.21
v 54.856575 -40.795853 -2
v 54.856575 -40.795853 -0.21
v 54.856575 40.795853 -2
v 54.856575 40.795853 -0.21
v 54.856575 43.204147 -2
v 54.856575 43.204147 -0.21
v 54.913048 -43.060261 -2
v 54.913048 -43.060261 -0.21
v 54.913048 -40.939739 -2
v 54.913048 -40.939739 -0.21
v 54.913048 40.939739 -2
v 54.913048 40.939739 -0.21
v 54.913048 43.060261 -2
v 54.913048 43.060261 -0.21
v 54.962276 -42.913742 -2
v 54.962276 -42.913742 -0.21
v 54.962276 -41.086258 -2
v 54.962276 -41.086258 -0.21
v 54.962276 41.086258 -2
v 54.962276 41.086258 -0.21
v 54.962276 42.913742 -2
v 54.962276 42.913742 -0.21
v 55.004139 -42.76495 -2
v 55.004139 -42.76495 -0.21
v 55.004139 -41.23505 -2
v 55.004139 -41.23505 -0.21
v 55.004139 41.23505 -2
v 55.004139 41.23505 -0.21
v 55.004139 42.76495 -2
v 55.004139 42.76495 -0.21
v 55.038536 -42.614254 -2
v 55.038536 -42.614254 -0.21
v 55.038536 -41.385746 -2
v 55.038536 -41.385746 -0.21
v 55.038536 41.385746 -2
v 55.038536 41.385746 -0.21
v 55.038536 42.614254 -2
v 55.038536 42.614254 -0.21
v 55.065376 -42.462032 -2
v 55.065376 -42.462032 -0.21
v 55.065376 -41.537968 -2
v 55.065376 -41.537968 -0.21
v 55.065376 41.537968 -2
v 55.065376 41.537968 -0.21
v 55.065376 42.462032 -2
v 55.065376 42.462032 -0.21
v 55.084595 -42.308659 -2
v 55.084595 -42.308659 -0.21
v 55.084595 -41.691341 -2
v 55.084595 -41.691341 -0.21
v 55.084595 41.691341 -2
v 55.084595 41.691341 -0.21
v 55.084595 42.308659 -2
v 55.084595 42.308659 -0.21
v 55.096146 -42.154522 -2
v 55.096146 -42.154522 -0.21
v 55.096146 -41.845478 -2
v 55.096146 -41.845478 -0.21
v 55.096146 41.845478 -2
v 55.096146 41.845478 -0.21
v 55.096146 42.154522 -2
v 55.096146 42.154522 -0.21
v 55.099998 -42 -2
v 55.099998 -42 -0.21
v 55.099998 42 -2
v 55.099998 42 -0.21
v 57.75 -47.75 -2
v 57.75 -47.75 2
v 57.75 47.75 -2
v 57.75 47.75 2
f 2 3 1
f 2 4 3
f 2022 1 2021
f 2022 2 1
f 310 2 318
f 334 318 2
f 294 2 310
f 342 334 2
f 286 2 294
f 350 342 2
f 278 2 286
f 366 350 2
f 262 2 278
f 374 366 2
f 254 2 262
f 390 374 2
f 246 2 254
f 398 390 2
f 230 2 246
f 414 398 2
f 222 2 230
f 422 414 2
f 214 2 222
f 438 422 2
f 206 2 214
f 454 438 2
f 198 2 206
f 462 454 2
f 190 2 198
f 478 462 2
f 174 2 190
f 486 478 2
f 166 2 174
f 502 486 2
f 162 2 166
f 510 502 2
f 168 2 162
f 526 510 2
f 176 2 168
f 534 526 2
f 192 2 176
f 550 534 2
f 200 2 192
f 558 550 2
f 208 2 200
f 574 558 2
f 216 2 208
f 590 574 2
f 224 2 216
f 598 590 2
f 232 2 224
f 614 598 2
f 248 2 232
f 622 614 2
f 256 2 248
f 638 622 2
f 264 2 256
f 314 320 322
f 314 312 320
f 338 322 320
f 338 320 336
f 298 296 312
f 298 312 314
f 346 336 344
f 346 338 336
f 290 288 296
f 290 296 298
f 354 352 368
f 354 344 352
f 354 346 344
f 282 280 288
f 282 288 290
f 370 354 368
f 266 264 280
f 266 280 282
f 378 376 392
f 378 368 376
f 378 370 368
f 394 378 392
f 402 392 400
f 402 394 392
f 418 400 416
f 418 402 400
f 426 416 424
f 426 418 416
f 442 424 440
f 442 426 424
f 458 442 440
f 458 440 456
f 466 458 456
f 466 456 464
f 482 466 464
f 482 464 480
f 490 482 480
f 490 480 488
f 506 490 488
f 506 488 504
f 514 506 504
f 514 504 512
f 530 514 512
f 530 512 528
f 538 530 528
f 538 536 552
f 538 528 536
f 554 538 552
f 562 554 552
f 562 552 560
f 578 576 592
f 578 560 576
f 578 562 560
f 594 578 592
f 602 600 616
f 602 592 600
f 602 594 592
f 618 616 624
f 618 602 616
f 626 618 624
f 642 624 640
f 642 626 624
f 650 640 648
f 650 642 640
f 666 650 648
f 666 648 664
f 674 664 672
f 674 666 664
f 682 672 680
f 682 674 672
f 698 682 680
f 698 680 696
f 4 300 316
f 4 292 300
f 4 284 292
f 4 268 284
f 4 260 268
f 4 252 260
f 4 236 252
f 4 228 236
f 4 220 228
f 4 212 220
f 4 204 212
f 4 196 204
f 4 180 196
f 4 172 180
f 4 2 264
f 4 164 172
f 4 170 164
f 4 178 170
f 4 194 178
f 4 202 194
f 4 210 202
f 4 218 210
f 4 226 218
f 4 234 226
f 4 250 234
f 4 258 250
f 4 266 258
f 4 264 266
f 324 4 316
f 706 696 704
f 706 698 696
f 340 4 324
f 722 704 720
f 722 706 704
f 348 4 340
f 356 4 348
f 372 4 356
f 380 4 372
f 396 4 380
f 404 4 396
f 420 4 404
f 428 4 420
f 444 4 428
f 460 4 444
f 468 4 460
f 484 4 468
f 492 4 484
f 508 4 492
f 516 4 508
f 532 4 516
f 540 4 532
f 556 4 540
f 564 4 556
f 580 4 564
f 596 4 580
f 604 4 596
f 620 4 604
f 628 4 620
f 644 4 628
f 1318 702 694
f 1318 694 1326
f 1342 694 678
f 1342 1326 694
f 1302 702 1318
f 1302 718 702
f 1350 670 662
f 1350 678 670
f 1350 1342 678
f 1294 718 1302
f 1294 726 718
f 1358 1350 662
f 1286 734 726
f 1286 726 1294
f 1374 662 646
f 1374 1358 662
f 1270 750 734
f 1270 734 1286
f 1382 646 638
f 1382 1374 646
f 1262 758 750
f 1262 766 758
f 1262 750 1270
f 1254 766 1262
f 1238 766 1254
f 1238 782 766
f 1230 790 782
f 1230 782 1238
f 1222 798 790
f 1222 790 1230
f 1214 806 798
f 1214 798 1222
f 1206 814 806
f 1206 806 1214
f 1198 822 814
f 1198 814 1206
f 1182 838 822
f 1182 822 1198
f 1174 838 1182
f 1174 846 838
f 1170 846 1174
f 1170 854 846
f 1176 848 854
f 1176 854 1170
f 1184 840 848
f 1184 848 1176
f 1200 824 840
f 1200 840 1184
f 1208 816 824
f 1208 824 1200
f 1216 808 816
f 1216 816 1208
f 1224 800 808
f 1224 808 1216
f 1232 792 800
f 1232 800 1224
f 1240 792 1232
f 1240 784 792
f 1240 768 784
f 1256 768 1240
f 1264 760 768
f 1264 752 760
f 1264 768 1256
f 1272 752 1264
f 1288 752 1272
f 1288 736 752
f 1296 736 1288
f 1296 728 736
f 1304 728 1296
f 1304 720 728
f 1304 722 720
f 2022 1398 1382
f 2022 1406 1398
f 2022 638 2
f 2022 1422 1406
f 2022 1430 1422
f 2022 1446 1430
f 2022 1462 1446
f 2022 1470 1462
f 2022 1486 1470
f 2022 1494 1486
f 2022 1510 1494
f 2022 1518 1510
f 2022 1534 1518
f 2022 1542 1534
f 2022 1558 1542
f 2022 1566 1558
f 2022 1582 1566
f 2022 1598 1582
f 2022 1606 1598
f 2022 1382 638
f 2022 1622 1606
f 2022 1630 1622
f 2022 1646 1630
f 2022 1654 1646
f 2022 1670 1654
f 2022 1678 1670
f 2022 1686 1678
f 2022 1702 1686
f 1710 1702 2022
f 1726 1710 2022
f 1734 1726 2022
f 1742 1734 2022
f 1758 1742 2022
f 1766 1758 2022
f 1774 1766 2022
f 1790 1774 2022
f 1798 1790 2022
f 1806 1798 2022
f 1814 1806 2022
f 1822 1814 2022
f 1830 1822 2022
f 1846 1830 2022
f 1854 1846 2022
f 1862 1854 2022
f 1856 1862 2022
f 1848 1856 2022
f 1832 1848 2022
f 1824 1832 2022
f 1816 1824 2022
f 1808 1816 2022
f 1800 1808 2022
f 1792 1800 2022
f 1776 1792 2022
f 1768 1776 2022
f 1760 1768 2022
f 1322 1328 1330
f 1322 1320 1328
f 1322 1304 1320
f 1346 1330 1328
f 1346 1344 1352
f 1346 1328 1344
f 1306 722 1304
f 1306 1304 1322
f 1354 1346 1352
f 1354 1352 1360
f 1298 722 1306
f 1298 730 722
f 1362 1354 1360
f 1290 738 730
f 1290 730 1298
f 1378 1360 1376
f 1378 1362 1360
f 1274 738 1290
f 1274 754 738
f 1386 1384 1400
f 1386 1376 1384
f 1386 1378 1376
f 1266 762 754
f 1266 754 1274
f 1402 1386 1400
f 1258 762 1266
f 1258 770 762
f 1410 1400 1408
f 1410 1402 1400
f 1242 786 770
f 1242 770 1258
f 1426 1408 1424
f 1426 1410 1408
f 1234 786 1242
f 1234 794 786
f 1434 1424 1432
f 1434 1426 1424
f 1226 802 794
f 1226 810 802
f 1226 794 1234
f 1450 1448 1464
f 1450 1432 1448
f 1450 1434 1432
f 1218 810 1226
f 1466 1450 1464
f 1210 818 810
f 1210 810 1218
f 1474 1466 1464
f 1474 1464 1472
f 1202 818 1210
f 1202 826 818
f 1490 1474 1472
f 1490 1488 1496
f 1490 1472 1488
f 1186 826 1202
f 1186 842 826
f 1498 1490 1496
f 1498 1496 1512
f 1178 842 1186
f 1178 850 842
f 1514 1498 1512
f 1514 1512 1520
f 1172 850 1178
f 1172 856 850
f 1522 1514 1520
f 1522 1520 1536
f 1180 852 856
f 1180 856 1172
f 1538 1522 1536
f 1188 852 1180
f 1188 844 852
f 1546 1538 1536
f 1546 1544 1560
f 1546 1536 1544
f 1204 828 844
f 1204 820 828
f 1204 844 1188
f 1562 1546 1560
f 1562 1560 1568
f 1212 820 1204
f 1570 1562 1568
f 1220 820 1212
f 1220 812 820
f 1586 1570 1568
f 1586 1568 1584
f 1228 812 1220
f 1228 804 812
f 1602 1586 1584
f 1602 1600 1608
f 1602 1584 1600
f 1236 804 1228
f 1236 796 804
f 1610 1602 1608
f 1610 1608 1624
f 1244 788 796
f 1244 796 1236
f 1626 1610 1624
f 1260 788 1244
f 1260 772 788
f 1634 1624 1632
f 1634 1626 1624
f 1268 764 772
f 1268 772 1260
f 1650 1634 1632
f 1650 1648 1656
f 1650 1632 1648
f 1276 764 1268
f 1276 756 764
f 1658 1650 1656
f 1292 740 756
f 1292 756 1276
f 1674 1656 1672
f 1674 1658 1656
f 1300 732 740
f 1300 724 732
f 1300 740 1292
f 1682 1674 1672
f 1682 1680 1688
f 1682 1672 1680
f 1308 724 1300
f 1690 1682 1688
f 1690 1688 1704
f 1324 708 724
f 1324 724 1308
f 1706 1704 1712
f 1706 1690 1704
f 1714 1706 1712
f 1730 1712 1728
f 1730 1714 1712
f 1738 1728 1736
f 1738 1730 1728
f 1746 1736 1744
f 1746 1738 1736
f 1762 1744 1760
f 1762 1746 1744
f 2024 1834 1826
f 2024 1636 1652
f 2024 1850 1834
f 2024 1628 1636
f 2024 1858 1850
f 2024 1612 1628
f 2024 1864 1858
f 2024 1604 1612
f 2024 1588 1604
f 2024 1572 1588
f 2024 1564 1572
f 2024 1548 1564
f 2024 1540 1548
f 2024 1524 1540
f 2024 1516 1524
f 2024 1500 1516
f 2024 1492 1500
f 2024 1476 1492
f 2024 1468 1476
f 2024 1452 1468
f 2024 1436 1452
f 2024 1428 1436
f 2024 1412 1428
f 2024 1404 1412
f 2024 1388 1404
f 2024 1760 2022
f 2024 1860 1864
f 2024 1852 1860
f 2024 1836 1852
f 2024 1828 1836
f 2024 1820 1828
f 2024 1812 1820
f 2024 1804 1812
f 2024 1796 1804
f 2024 1780 1796
f 2024 1772 1780
f 2024 1764 1772
f 2024 1748 1764
f 2024 1740 1748
f 2024 1732 1740
f 2024 1770 1762
f 2024 1716 1732
f 2024 1778 1770
f 2024 1708 1716
f 2024 1794 1778
f 2024 1692 1708
f 2024 1802 1794
f 2024 1684 1692
f 2024 1810 1802
f 2024 1676 1684
f 2024 1818 1810
f 2024 1660 1676
f 2024 1762 1760
f 2024 1826 1818
f 2024 1652 1660
f 2024 4 644
f 2024 644 652
f 2024 652 668
f 2024 668 676
f 2024 676 684
f 2024 684 700
f 2024 700 708
f 2024 708 1388
f 1388 708 1380
f 1380 708 1364
f 1364 708 1356
f 1356 708 1348
f 1348 708 1332
f 1332 708 1324
f 2024 2023 3
f 2024 3 4
f 121 129 1
f 137 1 129
f 113 121 1
f 145 1 137
f 105 113 1
f 153 1 145
f 97 105 1
f 181 1 153
f 89 97 1
f 237 1 181
f 81 89 1
f 269 1 237
f 73 81 1
f 301 1 269
f 65 73 1
f 325 1 301
f 57 65 1
f 357 1 325
f 49 57 1
f 381 1 357
f 41 49 1
f 405 1 381
f 33 41 1
f 429 1 405
f 25 33 1
f 445 1 429
f 17 25 1
f 469 1 445
f 9 17 1
f 493 1 469
f 5 9 1
f 517 1 493
f 11 5 1
f 541 1 517
f 19 11 1
f 565 1 541
f 27 19 1
f 581 1 565
f 35 27 1
f 605 1 581
f 43 35 1
f 629 1 605
f 51 43 1
f 653 1 629
f 59 51 1
f 685 1 653
f 125 133 131
f 125 131 123
f 141 131 133
f 141 147 139
f 141 139 131
f 117 123 115
f 117 125 123
f 149 147 141
f 109 115 107
f 109 117 115
f 157 155 147
f 157 147 149
f 101 107 99
f 101 109 107
f 185 239 183
f 185 183 155
f 185 155 157
f 93 99 91
f 93 101 99
f 241 239 185
f 85 91 83
f 85 93 91
f 273 303 271
f 273 271 239
f 273 239 241
f 77 85 83
f 77 83 75
f 305 303 273
f 69 75 67
f 69 67 59
f 69 77 75
f 329 327 303
f 329 303 305
f 61 69 59
f 361 383 359
f 361 359 327
f 361 327 329
f 385 383 361
f 409 383 385
f 409 431 407
f 409 407 383
f 433 431 409
f 449 431 433
f 449 447 431
f 473 447 449
f 473 471 447
f 497 495 471
f 497 471 473
f 521 495 497
f 521 543 519
f 521 519 495
f 545 543 521
f 569 567 543
f 569 543 545
f 585 567 569
f 585 583 567
f 609 631 607
f 609 607 583
f 609 583 585
f 633 655 631
f 633 631 609
f 657 655 633
f 689 655 657
f 689 687 655
f 713 711 687
f 713 687 689
f 745 775 743
f 745 743 711
f 745 711 713
f 777 775 745
f 833 859 831
f 833 831 775
f 833 775 777
f 861 859 833
f 869 875 867
f 869 867 859
f 869 859 861
f 877 883 875
f 877 875 869
f 885 883 877
f 3 127 119
f 3 119 111
f 3 111 103
f 3 103 95
f 3 95 87
f 3 87 79
f 3 79 71
f 3 71 63
f 3 63 55
f 3 55 47
f 3 47 39
f 3 39 31
f 3 31 23
f 3 23 15
f 3 15 7
f 3 7 13
f 3 13 21
f 3 21 29
f 3 29 37
f 3 37 45
f 3 45 53
f 3 53 61
f 3 59 1
f 3 61 59
f 135 127 3
f 893 891 883
f 893 883 885
f 143 135 3
f 901 899 891
f 901 891 893
f 151 143 3
f 159 151 3
f 187 159 3
f 243 187 3
f 275 243 3
f 307 275 3
f 331 307 3
f 363 331 3
f 387 363 3
f 411 387 3
f 435 411 3
f 451 435 3
f 475 451 3
f 499 475 3
f 523 499 3
f 547 523 3
f 571 547 3
f 587 571 3
f 611 587 3
f 635 611 3
f 659 635 3
f 1137 881 889
f 1129 1137 889
f 1145 881 1137
f 1145 873 881
f 1121 1129 889
f 1121 889 897
f 1153 865 873
f 1153 873 1145
f 1113 897 905
f 1113 1121 897
f 1161 857 865
f 1161 865 1153
f 1105 905 913
f 1105 1113 905
f 1189 773 829
f 1189 829 857
f 1189 857 1161
f 1097 913 921
f 1097 1105 913
f 1245 741 773
f 1245 773 1189
f 1089 921 929
f 1089 1097 921
f 1277 709 741
f 1277 741 1245
f 1081 929 937
f 1081 937 945
f 1081 1089 929
f 1309 709 1277
f 1073 1081 945
f 1333 685 709
f 1333 709 1309
f 1065 945 953
f 1065 953 961
f 1065 1073 945
f 1057 1065 961
f 1049 961 969
f 1049 1057 961
f 1041 969 977
f 1041 1049 969
f 1033 977 985
f 1033 1041 977
f 1025 985 993
f 1025 1033 985
f 1017 1025 993
f 1017 993 1001
f 1013 1001 1009
f 1013 1017 1001
f 1019 1009 1003
f 1019 1003 995
f 1019 1013 1009
f 1027 1019 995
f 1035 995 987
f 1035 1027 995
f 1043 987 979
f 1043 1035 987
f 1051 979 971
f 1051 1043 979
f 1059 971 963
f 1059 963 955
f 1059 1051 971
f 1067 1059 955
f 1075 1067 955
f 1075 955 947
f 1075 947 939
f 1083 1075 939
f 1091 939 931
f 1091 931 923
f 1091 1083 939
f 1099 1091 923
f 1107 923 915
f 1107 915 907
f 1107 1099 923
f 1115 1107 907
f 1123 907 899
f 1123 1115 907
f 2021 1333 1365
f 2021 1365 1389
f 2021 1389 1413
f 2021 1413 1437
f 2021 1437 1453
f 2021 1453 1477
f 2021 1477 1501
f 2021 1501 1525
f 2021 1525 1549
f 2021 1549 1573
f 2021 1573 1589
f 2021 1589 1613
f 2021 1613 1637
f 2021 1637 1661
f 2021 1661 1693
f 2021 1693 1717
f 2021 1717 1749
f 2021 1749 1781
f 2021 1781 1837
f 2021 1837 1865
f 2021 1865 1873
f 2021 1873 1881
f 2021 1881 1889
f 2021 685 1333
f 2021 1 685
f 1897 2021 1889
f 1905 2021 1897
f 1913 2021 1905
f 1921 2021 1913
f 1929 2021 1921
f 1937 2021 1929
f 1945 2021 1937
f 1953 2021 1945
f 1961 2021 1953
f 1969 2021 1961
f 1977 2021 1969
f 1985 2021 1977
f 1993 2021 1985
f 2001 2021 1993
f 2009 2021 2001
f 2017 2021 2009
f 2011 2021 2017
f 2003 2021 2011
f 1995 2021 2003
f 1987 2021 1995
f 1979 2021 1987
f 1971 2021 1979
f 1963 2021 1971
f 1133 1141 1139
f 1133 1139 1131
f 1149 1139 1141
f 1149 1147 1139
f 1125 1133 1131
f 1125 901 909
f 1125 899 901
f 1125 1131 1123
f 1125 1123 899
f 1157 1147 1149
f 1157 1163 1155
f 1157 1155 1147
f 1117 1125 909
f 1165 1163 1157
f 1109 1117 909
f 1109 909 917
f 1193 1191 1163
f 1193 1163 1165
f 1101 917 925
f 1101 1109 917
f 1249 1247 1191
f 1249 1191 1193
f 1093 925 933
f 1093 1101 925
f 1281 1279 1247
f 1281 1247 1249
f 1085 933 941
f 1085 1093 933
f 1313 1311 1279
f 1313 1279 1281
f 1077 941 949
f 1077 1085 941
f 1337 1335 1311
f 1337 1311 1313
f 1069 949 957
f 1069 1077 949
f 1369 1391 1367
f 1369 1367 1335
f 1369 1335 1337
f 1061 957 965
f 1061 1069 957
f 1393 1391 1369
f 1053 1061 965
f 1053 965 973
f 1417 1391 1393
f 1417 1439 1415
f 1417 1415 1391
f 1045 1053 973
f 1045 973 981
f 1045 981 989
f 1441 1439 1417
f 1037 1045 989
f 1457 1439 1441
f 1457 1455 1439
f 1029 989 997
f 1029 1037 989
f 1481 1455 1457
f 1481 1503 1479
f 1481 1479 1455
f 1021 997 1005
f 1021 1029 997
f 1505 1503 1481
f 1505 1527 1503
f 1015 1021 1005
f 1015 1005 1011
f 1529 1527 1505
f 1529 1551 1527
f 1023 1015 1011
f 1023 1011 1007
f 1023 1007 999
f 1553 1551 1529
f 1031 1023 999
f 1577 1551 1553
f 1577 1591 1575
f 1577 1575 1551
f 1039 1031 999
f 1039 999 991
f 1593 1591 1577
f 1047 991 983
f 1047 1039 991
f 1617 1591 1593
f 1617 1639 1615
f 1617 1615 1591
f 1055 1047 983
f 1055 983 975
f 1641 1639 1617
f 1641 1663 1639
f 1063 1055 975
f 1063 975 967
f 1665 1663 1641
f 1071 967 959
f 1071 1063 967
f 1697 1663 1665
f 1697 1695 1663
f 1079 959 951
f 1079 1071 959
f 1721 1719 1695
f 1721 1695 1697
f 1087 1079 951
f 1087 951 943
f 1753 1783 1751
f 1753 1751 1719
f 1753 1719 1721
f 1095 943 935
f 1095 1087 943
f 1785 1783 1753
f 1103 1095 935
f 1103 935 927
f 1841 1867 1839
f 1841 1839 1783
f 1841 1783 1785
f 1111 927 919
f 1111 1103 927
f 1869 1867 1841
f 1119 1111 919
f 1119 919 911
f 1119 911 903
f 1877 1875 1867
f 1877 1867 1869
f 1127 1119 903
f 1885 1883 1875
f 1885 1875 1877
f 1135 903 895
f 1135 895 887
f 1135 1127 903
f 1893 1899 1891
f 1893 1891 1883
f 1893 1883 1885
f 1143 1135 887
f 1901 1899 1893
f 1909 1907 1899
f 1909 1899 1901
f 1917 1907 1909
f 1917 1923 1915
f 1917 1915 1907
f 1925 1931 1923
f 1925 1923 1917
f 1933 1931 1925
f 1941 1931 1933
f 1941 1947 1939
f 1941 1939 1931
f 1949 1947 1941
f 1957 1947 1949
f 1957 1955 1947
f 1965 1955 1957
f 1965 1963 1955
f 2023 1989 1997
f 2023 1787 1755
f 2023 1997 2005
f 2023 1755 1723
f 2023 2005 2013
f 2023 1723 1699
f 2023 2013 2019
f 2023 1699 1667
f 2023 1667 1643
f 2023 1643 1619
f 2023 1619 1595
f 2023 1595 1579
f 2023 1579 1555
f 2023 1555 1531
f 2023 1531 1507
f 2023 1507 1483
f 2023 1483 1459
f 2023 1459 1443
f 2023 1443 1419
f 2023 1419 1395
f 2023 1395 1371
f 2023 1963 1965
f 2023 2021 1963
f 2023 2019 2015
f 2023 2015 2007
f 2023 2007 1999
f 2023 1999 1991
f 2023 1991 1983
f 2023 1983 1975
f 2023 1975 1967
f 2023 1967 1959
f 2023 1959 1951
f 2023 1951 1943
f 2023 1943 1935
f 2023 1935 1927
f 2023 1927 1919
f 2023 1919 1911
f 2023 1911 1903
f 2023 1903 1895
f 2023 1895 1887
f 2023 1887 1879
f 2023 1965 1973
f 2023 1879 1871
f 2023 1973 1981
f 2023 1871 1843
f 2023 1981 1989
f 2023 1843 1787
f 2023 659 3
f 2023 691 659
f 2023 715 691
f 2023 747 715
f 2023 779 747
f 2023 835 779
f 2023 863 835
f 2023 871 863
f 2023 879 871
f 2023 887 879
f 2023 1371 887
f 1371 1339 887
f 1339 1315 887
f 1315 1283 887
f 1283 1251 887
f 1251 1195 887
f 1195 1167 887
f 1167 1159 887
f 1159 1151 887
f 1151 1143 887
f 2022 2021 2023
f 2022 2023 2024
f 848 853 854
f 848 847 853
f 840 839 847
f 840 847 848
f 824 823 839
f 824 815 823
f 824 839 840
f 816 815 824
f 808 807 815
f 808 815 816
f 800 799 807
f 800 807 808
f 792 791 799
f 792 799 800
f 784 783 791
f 784 791 792
f 768 767 783
f 768 783 784
f 760 759 767
f 760 767 768
f 752 759 760
f 752 751 759
f 752 735 751
f 736 735 752
f 728 735 736
f 728 727 735
f 728 719 727
f 720 719 728
f 704 719 720
f 704 703 719
f 704 695 703
f 696 695 704
f 696 679 695
f 680 679 696
f 672 679 680
f 672 671 679
f 664 671 672
f 664 663 671
f 648 663 664
f 648 647 663
f 640 647 648
f 640 639 647
f 624 639 640
f 624 623 639
f 616 615 623
f 616 623 624
f 616 599 615
f 600 599 616
f 592 599 600
f 592 591 599
f 576 575 591
f 576 559 575
f 576 591 592
f 560 559 576
f 552 551 559
f 552 559 560
f 536 535 551
f 536 527 535
f 536 551 552
f 528 527 536
f 512 511 527
f 512 527 528
f 504 503 511
f 504 511 512
f 488 487 503
f 488 479 487
f 488 503 504
f 480 479 488
f 464 463 479
f 464 479 480
f 456 455 463
f 456 463 464
f 440 455 456
f 440 439 455
f 424 439 440
f 424 423 439
f 416 423 424
f 416 415 423
f 400 415 416
f 400 399 415
f 392 399 400
f 392 391 399
f 392 375 391
f 376 375 392
f 368 375 376
f 368 367 375
f 352 367 368
f 352 351 367
f 344 351 352
f 344 343 351
f 336 343 344
f 336 335 343
f 320 335 336
f 320 319 335
f 312 319 320
f 312 311 319
f 312 295 311
f 296 295 312
f 288 295 296
f 288 287 295
f 288 279 287
f 280 279 288
f 264 279 280
f 264 263 279
f 256 263 264
f 256 255 263
f 248 255 256
f 248 247 255
f 248 231 247
f 232 231 248
f 224 231 232
f 224 223 231
f 224 215 223
f 216 207 215
f 216 215 224
f 208 207 216
f 200 199 207
f 200 191 199
f 200 207 208
f 192 191 200
f 176 175 191
f 176 167 175
f 176 191 192
f 168 167 176
f 162 167 168
f 162 161 167
f 166 161 162
f 166 165 161
f 174 165 166
f 174 173 165
f 190 173 174
f 190 189 173
f 198 189 190
f 198 197 189
f 198 205 197
f 206 205 198
f 206 213 205
f 214 213 206
f 222 213 214
f 222 221 213
f 222 229 221
f 230 229 222
f 246 229 230
f 246 245 229
f 246 253 245
f 254 253 246
f 262 261 253
f 262 253 254
f 278 277 261
f 278 261 262
f 286 285 277
f 286 277 278
f 294 293 285
f 294 309 293
f 294 285 286
f 310 309 294
f 318 317 309
f 318 309 310
f 334 333 317
f 334 317 318
f 342 341 333
f 342 349 341
f 342 333 334
f 350 349 342
f 366 365 349
f 366 349 350
f 374 373 365
f 374 389 373
f 374 365 366
f 390 389 374
f 398 397 389
f 398 413 397
f 398 389 390
f 414 413 398
f 414 421 413
f 422 421 414
f 438 421 422
f 438 437 421
f 454 437 438
f 454 453 437
f 462 453 454
f 462 461 453
f 462 477 461
f 478 477 462
f 486 485 477
f 486 477 478
f 502 501 485
f 502 509 501
f 502 485 486
f 510 525 509
f 510 509 502
f 526 525 510
f 534 533 525
f 534 549 533
f 534 525 526
f 550 549 534
f 558 557 549
f 558 573 557
f 558 549 550
f 574 573 558
f 590 589 573
f 590 597 589
f 590 573 574
f 598 597 590
f 614 613 597
f 614 597 598
f 622 621 613
f 622 613 614
f 638 637 621
f 638 621 622
f 646 645 637
f 646 661 645
f 646 637 638
f 662 661 646
f 670 669 661
f 670 661 662
f 678 677 669
f 678 693 677
f 678 669 670
f 694 701 693
f 694 693 678
f 702 701 694
f 718 701 702
f 718 717 701
f 718 725 717
f 726 725 718
f 726 733 725
f 734 733 726
f 750 733 734
f 750 749 733
f 758 749 750
f 758 757 749
f 758 765 757
f 766 765 758
f 782 765 766
f 782 781 765
f 790 781 782
f 790 789 781
f 798 789 790
f 798 797 789
f 798 805 797
f 806 805 798
f 814 805 806
f 814 813 805
f 814 821 813
f 822 821 814
f 822 837 821
f 838 837 822
f 846 845 837
f 846 837 838
f 854 853 845
f 854 845 846
f 1856 1861 1862
f 1856 1855 1861
f 1848 1847 1855
f 1848 1855 1856
f 1832 1831 1847
f 1832 1823 1831
f 1832 1847 1848
f 1824 1823 1832
f 1816 1815 1823
f 1816 1823 1824
f 1808 1807 1815
f 1808 1815 1816
f 1800 1799 1807
f 1800 1807 1808
f 1792 1791 1799
f 1792 1799 1800
f 1776 1775 1791
f 1776 1791 1792
f 1768 1767 1775
f 1768 1775 1776
f 1760 1767 1768
f 1760 1759 1767
f 1760 1743 1759
f 1744 1743 1760
f 1736 1743 1744
f 1736 1735 1743
f 1736 1727 1735
f 1728 1727 1736
f 1712 1727 1728
f 1712 1711 1727
f 1712 1703 1711
f 1704 1703 1712
f 1704 1687 1703
f 1688 1687 1704
f 1680 1687 1688
f 1680 1679 1687
f 1672 1679 1680
f 1672 1671 1679
f 1656 1671 1672
f 1656 1655 1671
f 1648 1655 1656
f 1648 1647 1655
f 1632 1647 1648
f 1632 1631 1647
f 1624 1623 1631
f 1624 1631 1632
f 1624 1607 1623
f 1608 1607 1624
f 1600 1607 1608
f 1600 1599 1607
f 1584 1583 1599
f 1584 1567 1583
f 1584 1599 1600
f 1568 1567 1584
f 1560 1559 1567
f 1560 1567 1568
f 1544 1543 1559
f 1544 1535 1543
f 1544 1559 1560
f 1536 1535 1544
f 1520 1519 1535
f 1520 1535 1536
f 1512 1511 1519
f 1512 1519 1520
f 1496 1495 1511
f 1496 1487 1495
f 1496 1511 1512
f 1488 1487 1496
f 1472 1471 1487
f 1472 1487 1488
f 1464 1463 1471
f 1464 1471 1472
f 1448 1463 1464
f 1448 1447 1463
f 1432 1447 1448
f 1432 1431 1447
f 1424 1431 1432
f 1424 1423 1431
f 1408 1423 1424
f 1408 1407 1423
f 1400 1407 1408
f 1400 1399 1407
f 1400 1383 1399
f 1384 1383 1400
f 1376 1383 1384
f 1376 1375 1383
f 1360 1375 1376
f 1360 1359 1375
f 1352 1359 1360
f 1352 1351 1359
f 1344 1351 1352
f 1344 1343 1351
f 1328 1343 1344
f 1328 1327 1343
f 1320 1327 1328
f 1320 1319 1327
f 1320 1303 1319
f 1304 1303 1320
f 1296 1303 1304
f 1296 1295 1303
f 1296 1287 1295
f 1288 1287 1296
f 1272 1287 1288
f 1272 1271 1287
f 1264 1271 1272
f 1264 1263 1271
f 1256 1263 1264
f 1256 1255 1263
f 1256 1239 1255
f 1240 1239 1256
f 1232 1239 1240
f 1232 1231 1239
f 1232 1223 1231
f 1224 1215 1223
f 1224 1223 1232
f 1216 1215 1224
f 1208 1207 1215
f 1208 1199 1207
f 1208 1215 1216
f 1200 1199 1208
f 1184 1183 1199
f 1184 1175 1183
f 1184 1199 1200
f 1176 1175 1184
f 1170 1175 1176
f 1170 1169 1175
f 1174 1169 1170
f 1174 1173 1169
f 1182 1173 1174
f 1182 1181 1173
f 1198 1181 1182
f 1198 1197 1181
f 1206 1197 1198
f 1206 1205 1197
f 1206 1213 1205
f 1214 1213 1206
f 1214 1221 1213
f 1222 1221 1214
f 1230 1221 1222
f 1230 1229 1221
f 1230 1237 1229
f 1238 1237 1230
f 1254 1237 1238
f 1254 1253 1237
f 1254 1261 1253
f 1262 1261 1254
f 1270 1269 1261
f 1270 1261 1262
f 1286 1285 1269
f 1286 1269 1270
f 1294 1293 1285
f 1294 1285 1286
f 1302 1301 1293
f 1302 1317 1301
f 1302 1293 1294
f 1318 1317 1302
f 1326 1325 1317
f 1326 1317 1318
f 1342 1341 1325
f 1342 1325 1326
f 1350 1349 1341
f 1350 1357 1349
f 1350 1341 1342
f 1358 1357 1350
f 1374 1373 1357
f 1374 1357 1358
f 1382 1381 1373
f 1382 1397 1381
f 1382 1373 1374
f 1398 1397 1382
f 1406 1405 1397
f 1406 1421 1405
f 1406 1397 1398
f 1422 1421 1406
f 1422 1429 1421
f 1430 1429 1422
f 1446 1429 1430
f 1446 1445 1429
f 1462 1445 1446
f 1462 1461 1445
f 1470 1461 1462
f 1470 1469 1461
f 1470 1485 1469
f 1486 1485 1470
f 1494 1493 1485
f 1494 1485 1486
f 1510 1509 1493
f 1510 1517 1509
f 1510 1493 1494
f 1518 1533 1517
f 1518 1517 1510
f 1534 1533 1518
f 1542 1541 1533
f 1542 1557 1541
f 1542 1533 1534
f 1558 1557 1542
f 1566 1565 1557
f 1566 1581 1565
f 1566 1557 1558
f 1582 1581 1566
f 1598 1597 1581
f 1598 1605 1597
f 1598 1581 1582
f 1606 1605 1598
f 1622 1621 1605
f 1622 1605 1606
f 1630 1629 1621
f 1630 1621 1622
f 1646 1645 1629
f 1646 1629 1630
f 1654 1653 1645
f 1654 1669 1653
f 1654 1645 1646
f 1670 1669 1654
f 1678 1677 1669
f 1678 1669 1670
f 1686 1685 1677
f 1686 1701 1685
f 1686 1677 1678
f 1702 1709 1701
f 1702 1701 1686
f 1710 1709 1702
f 1726 1709 1710
f 1726 1725 1709
f 1726 1733 1725
f 1734 1733 1726
f 1734 1741 1733
f 1742 1741 1734
f 1758 1741 1742
f 1758 1757 1741
f 1766 1757 1758
f 1766 1765 1757
f 1766 1773 1765
f 1774 1773 1766
f 1790 1773 1774
f 1790 1789 1773
f 1798 1789 1790
f 1798 1797 1789
f 1806 1797 1798
f 1806 1805 1797
f 1806 1813 1805
f 1814 1813 1806
f 1822 1813 1814
f 1822 1821 1813
f 1822 1829 1821
f 1830 1829 1822
f 1830 1845 1829
f 1846 1845 1830
f 1854 1853 1845
f 1854 1845 1846
f 1862 1861 1853
f 1862 1853 1854
f 852 855 856
f 852 851 855
f 844 843 851
f 844 851 852
f 828 827 843
f 828 819 827
f 828 843 844
f 820 819 828
f 812 811 819
f 812 819 820
f 804 803 811
f 804 811 812
f 796 795 803
f 796 803 804
f 788 787 795
f 788 795 796
f 772 771 787
f 772 787 788
f 764 763 771
f 764 771 772
f 756 763 764
f 756 755 763
f 756 739 755
f 740 739 756
f 732 739 740
f 732 731 739
f 732 723 731
f 724 723 732
f 708 723 724
f 708 707 723
f 708 699 707
f 700 699 708
f 700 683 699
f 684 683 700
f 676 683 684
f 676 675 683
f 668 675 676
f 668 667 675
f 652 667 668
f 652 651 667
f 644 651 652
f 644 643 651
f 628 643 644
f 628 627 643
f 620 619 627
f 620 627 628
f 620 603 619
f 604 603 620
f 596 603 604
f 596 595 603
f 580 579 595
f 580 563 579
f 580 595 596
f 564 563 580
f 556 555 563
f 556 563 564
f 540 539 555
f 540 531 539
f 540 555 556
f 532 531 540
f 516 515 531
f 516 531 532
f 508 507 515
f 508 515 516
f 492 491 507
f 492 483 491
f 492 507 508
f 484 483 492
f 468 467 483
f 468 483 484
f 460 459 467
f 460 467 468
f 444 459 460
f 444 443 459
f 428 443 444
f 428 427 443
f 420 427 428
f 420 419 427
f 404 419 420
f 404 403 419
f 396 403 404
f 396 395 403
f 396 379 395
f 380 379 396
f 372 379 380
f 372 371 379
f 356 371 372
f 356 355 371
f 348 355 356
f 348 347 355
f 340 347 348
f 340 339 347
f 324 339 340
f 324 323 339
f 316 323 324
f 316 315 323
f 316 299 315
f 300 299 316
f 292 299 300
f 292 291 299
f 292 283 291
f 284 283 292
f 268 283 284
f 268 267 283
f 260 267 268
f 260 259 267
f 252 259 260
f 252 251 259
f 252 235 251
f 236 235 252
f 228 235 236
f 228 227 235
f 228 219 227
f 220 211 219
f 220 219 228
f 212 211 220
f 204 203 211
f 204 195 203
f 204 211 212
f 196 195 204
f 180 179 195
f 180 171 179
f 180 195 196
f 172 171 180
f 164 171 172
f 164 163 171
f 170 163 164
f 170 169 163
f 178 169 170
f 178 177 169
f 194 177 178
f 194 193 177
f 202 193 194
f 202 201 193
f 202 209 201
f 210 209 202
f 210 217 209
f 218 217 210
f 226 217 218
f 226 225 217
f 226 233 225
f 234 233 226
f 250 233 234
f 250 249 233
f 250 257 249
f 258 257 250
f 266 265 257
f 266 257 258
f 282 281 265
f 282 265 266
f 290 289 281
f 290 281 282
f 298 297 289
f 298 313 297
f 298 289 290
f 314 313 298
f 322 321 313
f 322 313 314
f 338 337 321
f 338 321 322
f 346 345 337
f 346 353 345
f 346 337 338
f 354 353 346
f 370 369 353
f 370 353 354
f 378 377 369
f 378 393 377
f 378 369 370
f 394 393 378
f 402 401 393
f 402 417 401
f 402 393 394
f 418 417 402
f 418 425 417
f 426 425 418
f 442 425 426
f 442 441 425
f 458 441 442
f 458 457 441
f 466 457 458
f 466 465 457
f 466 481 465
f 482 481 466
f 490 489 481
f 490 481 482
f 506 505 489
f 506 513 505
f 506 489 490
f 514 529 513
f 514 513 506
f 530 529 514
f 538 537 529
f 538 553 537
f 538 529 530
f 554 553 538
f 562 561 553
f 562 577 561
f 562 553 554
f 578 577 562
f 594 593 577
f 594 601 593
f 594 577 578
f 602 601 594
f 618 617 601
f 618 601 602
f 626 625 617
f 626 617 618
f 642 641 625
f 642 625 626
f 650 649 641
f 650 665 649
f 650 641 642
f 666 665 650
f 674 673 665
f 674 665 666
f 682 681 673
f 682 697 681
f 682 673 674
f 698 705 697
f 698 697 682
f 706 705 698
f 722 705 706
f 722 721 705
f 722 729 721
f 730 729 722
f 730 737 729
f 738 737 730
f 754 737 738
f 754 753 737
f 762 753 754
f 762 761 753
f 762 769 761
f 770 769 762
f 786 769 770
f 786 785 769
f 794 785 786
f 794 793 785
f 802 793 794
f 802 801 793
f 802 809 801
f 810 809 802
f 818 809 810
f 818 817 809
f 818 825 817
f 826 825 818
f 826 841 825
f 842 841 826
f 850 849 841
f 850 841 842
f 856 855 849
f 856 849 850
f 1860 1863 1864
f 1860 1859 1863
f 1852 1851 1859
f 1852 1859 1860
f 1836 1835 1851
f 1836 1827 1835
f 1836 1851 1852
f 1828 1827 1836
f 1820 1819 1827
f 1820 1827 1828
f 1812 1811 1819
f 1812 1819 1820
f 1804 1803 1811
f 1804 1811 1812
f 1796 1795 1803
f 1796 1803 1804
f 1780 1779 1795
f 1780 1795 1796
f 1772 1771 1779
f 1772 1779 1780
f 1764 1771 1772
f 1764 1763 1771
f 1764 1747 1763
f 1748 1747 1764
f 1740 1747 1748
f 1740 1739 1747
f 1740 1731 1739
f 1732 1731 1740
f 1716 1731 1732
f 1716 1715 1731
f 1716 1707 1715
f 1708 1707 1716
f 1708 1691 1707
f 1692 1691 1708
f 1684 1691 1692
f 1684 1683 1691
f 1676 1683 1684
f 1676 1675 1683
f 1660 1675 1676
f 1660 1659 1675
f 1652 1659 1660
f 1652 1651 1659
f 1636 1651 1652
f 1636 1635 1651
f 1628 1627 1635
f 1628 1635 1636
f 1628 1611 1627
f 1612 1611 1628
f 1604 1611 1612
f 1604 1603 1611
f 1588 1587 1603
f 1588 1571 1587
f 1588 1603 1604
f 1572 1571 1588
f 1564 1563 1571
f 1564 1571 1572
f 1548 1547 1563
f 1548 1539 1547
f 1548 1563 1564
f 1540 1539 1548
f 1524 1523 1539
f 1524 1539 1540
f 1516 1515 1523
f 1516 1523 1524
f 1500 1499 1515
f 1500 1491 1499
f 1500 1515 1516
f 1492 1491 1500
f 1476 1475 1491
f 1476 1491 1492
f 1468 1467 1475
f 1468 1475 1476
f 1452 1467 1468
f 1452 1451 1467
f 1436 1451 1452
f 1436 1435 1451
f 1428 1435 1436
f 1428 1427 1435
f 1412 1427 1428
f 1412 1411 1427
f 1404 1411 1412
f 1404 1403 1411
f 1404 1387 1403
f 1388 1387 1404
f 1380 1387 1388
f 1380 1379 1387
f 1364 1379 1380
f 1364 1363 1379
f 1356 1363 1364
f 1356 1355 1363
f 1348 1355 1356
f 1348 1347 1355
f 1332 1347 1348
f 1332 1331 1347
f 1324 1331 1332
f 1324 1323 1331
f 1324 1307 1323
f 1308 1307 1324
f 1300 1307 1308
f 1300 1299 1307
f 1300 1291 1299
f 1292 1291 1300
f 1276 1291 1292
f 1276 1275 1291
f 1268 1275 1276
f 1268 1267 1275
f 1260 1267 1268
f 1260 1259 1267
f 1260 1243 1259
f 1244 1243 1260
f 1236 1243 1244
f 1236 1235 1243
f 1236 1227 1235
f 1228 1219 1227
f 1228 1227 1236
f 1220 1219 1228
f 1212 1211 1219
f 1212 1203 1211
f 1212 1219 1220
f 1204 1203 1212
f 1188 1187 1203
f 1188 1179 1187
f 1188 1203 1204
f 1180 1179 1188
f 1172 1179 1180
f 1172 1171 1179
f 1178 1171 1172
f 1178 1177 1171
f 1186 1177 1178
f 1186 1185 1177
f 1202 1185 1186
f 1202 1201 1185
f 1210 1201 1202
f 1210 1209 1201
f 1210 1217 1209
f 1218 1217 1210
f 1218 1225 1217
f 1226 1225 1218
f 1234 1225 1226
f 1234 1233 1225
f 1234 1241 1233
f 1242 1241 1234
f 1258 1241 1242
f 1258 1257 1241
f 1258 1265 1257
f 1266 1265 1258
f 1274 1273 1265
f 1274 1265 1266
f 1290 1289 1273
f 1290 1273 1274
f 1298 1297 1289
f 1298 1289 1290
f 1306 1305 1297
f 1306 1321 1305
f 1306 1297 1298
f 1322 1321 1306
f 1330 1329 1321
f 1330 1321 1322
f 1346 1345 1329
f 1346 1329 1330
f 1354 1353 1345
f 1354 1361 1353
f 1354 1345 1346
f 1362 1361 1354
f 1378 1377 1361
f 1378 1361 1362
f 1386 1385 1377
f 1386 1401 1385
f 1386 1377 1378
f 1402 1401 1386
f 1410 1409 1401
f 1410 1425 1409
f 1410 1401 1402
f 1426 1425 1410
f 1426 1433 1425
f 1434 1433 1426
f 1450 1433 1434
f 1450 1449 1433
f 1466 1449 1450
f 1466 1465 1449
f 1474 1465 1466
f 1474 1473 1465
f 1474 1489 1473
f 1490 1489 1474
f 1498 1497 1489
f 1498 1489 1490
f 1514 1513 1497
f 1514 1521 1513
f 1514 1497 1498
f 1522 1537 1521
f 1522 1521 1514
f 1538 1537 1522
f 1546 1545 1537
f 1546 1561 1545
f 1546 1537 1538
f 1562 1561 1546
f 1570 1569 1561
f 1570 1585 1569
f 1570 1561 1562
f 1586 1585 1570
f 1602 1601 1585
f 1602 1609 1601
f 1602 1585 1586
f 1610 1609 1602
f 1626 1625 1609
f 1626 1609 1610
f 1634 1633 1625
f 1634 1625 1626
f 1650 1649 1633
f 1650 1633 1634
f 1658 1657 1649
f 1658 1673 1657
f 1658 1649 1650
f 1674 1673 1658
f 1682 1681 1673
f 1682 1673 1674
f 1690 1689 1681
f 1690 1705 1689
f 1690 1681 1682
f 1706 1713 1705
f 1706 1705 1690
f 1714 1713 1706
f 1730 1713 1714
f 1730 1729 1713
f 1730 1737 1729
f 1738 1737 1730
f 1738 1745 1737
f 1746 1745 1738
f 1762 1745 1746
f 1762 1761 1745
f 1770 1761 1762
f 1770 1769 1761
f 1770 1777 1769
f 1778 1777 1770
f 1794 1777 1778
f 1794 1793 1777
f 1802 1793 1794
f 1802 1801 1793
f 1810 1801 1802
f 1810 1809 1801
f 1810 1817 1809
f 1818 1817 1810
f 1826 1817 1818
f 1826 1825 1817
f 1826 1833 1825
f 1834 1833 1826
f 1834 1849 1833
f 1850 1849 1834
f 1858 1857 1849
f 1858 1849 1850
f 1864 1863 1857
f 1864 1857 1858
f 1004 1009 1010
f 1004 1003 1009
f 996 995 1003
f 996 1003 1004
f 988 987 995
f 988 995 996
f 980 979 987
f 980 987 988
f 972 971 979
f 972 979 980
f 964 963 971
f 964 971 972
f 956 955 963
f 956 963 964
f 948 947 955
f 948 955 956
f 940 939 947
f 940 931 939
f 940 947 948
f 932 931 940
f 924 931 932
f 924 923 931
f 916 923 924
f 916 915 923
f 908 915 916
f 908 907 915
f 900 907 908
f 900 899 907
f 892 899 900
f 892 891 899
f 884 891 892
f 884 883 891
f 876 883 884
f 876 875 883
f 868 875 876
f 868 867 875
f 868 859 867
f 860 859 868
f 832 859 860
f 832 831 859
f 832 775 831
f 776 775 832
f 744 775 776
f 744 743 775
f 744 711 743
f 712 711 744
f 688 687 711
f 688 655 687
f 688 711 712
f 656 631 655
f 656 655 688
f 632 631 656
f 608 607 631
f 608 631 632
f 584 583 607
f 584 607 608
f 568 567 583
f 568 583 584
f 544 543 567
f 544 567 568
f 520 519 543
f 520 543 544
f 496 495 519
f 496 519 520
f 472 471 495
f 472 495 496
f 448 447 471
f 448 471 472
f 432 431 447
f 432 447 448
f 408 407 431
f 408 431 432
f 384 407 408
f 384 383 407
f 384 359 383
f 360 359 384
f 328 359 360
f 328 327 359
f 304 327 328
f 304 303 327
f 272 303 304
f 272 271 303
f 240 271 272
f 240 239 271
f 184 239 240
f 184 183 239
f 156 183 184
f 156 155 183
f 148 155 156
f 148 147 155
f 140 147 148
f 140 139 147
f 132 139 140
f 132 131 139
f 124 131 132
f 124 123 131
f 124 115 123
f 116 115 124
f 108 115 116
f 108 107 115
f 108 99 107
f 100 99 108
f 100 91 99
f 92 91 100
f 84 91 92
f 84 83 91
f 76 83 84
f 76 75 83
f 68 75 76
f 68 67 75
f 60 67 68
f 60 59 67
f 52 59 60
f 52 51 59
f 44 43 51
f 44 51 52
f 36 35 43
f 36 43 44
f 28 27 35
f 28 35 36
f 20 19 27
f 20 27 28
f 12 19 20
f 12 11 19
f 6 11 12
f 6 5 11
f 10 5 6
f 10 9 5
f 18 9 10
f 18 17 9
f 26 17 18
f 26 25 17
f 34 25 26
f 34 33 25
f 42 33 34
f 42 41 33
f 42 49 41
f 50 49 42
f 58 49 50
f 58 57 49
f 66 57 58
f 66 65 57
f 74 65 66
f 74 73 65
f 82 73 74
f 82 81 73
f 90 89 81
f 90 81 82
f 98 97 89
f 98 89 90
f 106 105 97
f 106 97 98
f 114 113 105
f 114 105 106
f 122 121 113
f 122 113 114
f 130 129 121
f 130 121 122
f 138 137 129
f 138 129 130
f 146 145 137
f 146 137 138
f 154 153 145
f 154 145 146
f 182 181 153
f 182 153 154
f 238 237 181
f 238 181 182
f 270 269 237
f 270 237 238
f 302 301 269
f 302 269 270
f 326 325 301
f 326 301 302
f 358 325 326
f 358 357 325
f 382 357 358
f 382 381 357
f 406 381 382
f 406 405 381
f 430 405 406
f 430 429 405
f 446 445 429
f 446 429 430
f 470 469 445
f 470 445 446
f 494 493 469
f 494 469 470
f 518 517 493
f 518 493 494
f 542 541 517
f 542 517 518
f 566 565 541
f 566 541 542
f 582 581 565
f 582 565 566
f 606 605 581
f 606 581 582
f 630 629 605
f 630 605 606
f 654 653 629
f 654 685 653
f 654 629 630
f 686 685 654
f 710 709 685
f 710 685 686
f 742 741 709
f 742 709 710
f 774 773 741
f 774 741 742
f 830 829 773
f 830 773 774
f 858 857 829
f 858 829 830
f 866 865 857
f 866 857 858
f 874 873 865
f 874 881 873
f 874 865 866
f 882 881 874
f 890 889 881
f 890 881 882
f 898 889 890
f 898 897 889
f 906 897 898
f 906 905 897
f 914 905 906
f 914 913 905
f 922 913 914
f 922 921 913
f 930 921 922
f 930 929 921
f 938 929 930
f 938 937 929
f 946 937 938
f 946 945 937
f 954 945 946
f 954 953 945
f 954 961 953
f 962 961 954
f 970 961 962
f 970 969 961
f 978 969 970
f 978 977 969
f 986 977 978
f 986 985 977
f 994 993 985
f 994 985 986
f 1002 1001 993
f 1002 1009 1001
f 1002 993 994
f 1010 1009 1002
f 2012 2017 2018
f 2012 2011 2017
f 2004 2003 2011
f 2004 2011 2012
f 1996 1995 2003
f 1996 2003 2004
f 1988 1987 1995
f 1988 1995 1996
f 1980 1979 1987
f 1980 1987 1988
f 1972 1971 1979
f 1972 1979 1980
f 1964 1963 1971
f 1964 1971 1972
f 1956 1955 1963
f 1956 1963 1964
f 1948 1947 1955
f 1948 1939 1947
f 1948 1955 1956
f 1940 1939 1948
f 1932 1939 1940
f 1932 1931 1939
f 1924 1931 1932
f 1924 1923 1931
f 1916 1923 1924
f 1916 1915 1923
f 1908 1915 1916
f 1908 1907 1915
f 1900 1907 1908
f 1900 1899 1907
f 1892 1899 1900
f 1892 1891 1899
f 1884 1891 1892
f 1884 1883 1891
f 1876 1883 1884
f 1876 1875 1883
f 1876 1867 1875
f 1868 1867 1876
f 1840 1867 1868
f 1840 1839 1867
f 1840 1783 1839
f 1784 1783 1840
f 1752 1783 1784
f 1752 1751 1783
f 1752 1719 1751
f 1720 1719 1752
f 1696 1695 1719
f 1696 1663 1695
f 1696 1719 1720
f 1664 1639 1663
f 1664 1663 1696
f 1640 1639 1664
f 1616 1615 1639
f 1616 1639 1640
f 1592 1591 1615
f 1592 1615 1616
f 1576 1575 1591
f 1576 1591 1592
f 1552 1551 1575
f 1552 1575 1576
f 1528 1527 1551
f 1528 1551 1552
f 1504 1503 1527
f 1504 1527 1528
f 1480 1479 1503
f 1480 1503 1504
f 1456 1455 1479
f 1456 1479 1480
f 1440 1439 1455
f 1440 1455 1456
f 1416 1415 1439
f 1416 1439 1440
f 1392 1415 1416
f 1392 1391 1415
f 1392 1367 1391
f 1368 1367 1392
f 1336 1367 1368
f 1336 1335 1367
f 1312 1335 1336
f 1312 1311 1335
f 1280 1311 1312
f 1280 1279 1311
f 1248 1279 1280
f 1248 1247 1279
f 1192 1247 1248
f 1192 1191 1247
f 1164 1191 1192
f 1164 1163 1191
f 1156 1163 1164
f 1156 1155 1163
f 1148 1155 1156
f 1148 1147 1155
f 1140 1147 1148
f 1140 1139 1147
f 1132 1139 1140
f 1132 1131 1139
f 1132 1123 1131
f 1124 1123 1132
f 1116 1123 1124
f 1116 1115 1123
f 1116 1107 1115
f 1108 1107 1116
f 1108 1099 1107
f 1100 1099 1108
f 1092 1099 1100
f 1092 1091 1099
f 1084 1091 1092
f 1084 1083 1091
f 1076 1083 1084
f 1076 1075 1083
f 1068 1075 1076
f 1068 1067 1075
f 1060 1067 1068
f 1060 1059 1067
f 1052 1051 1059
f 1052 1059 1060
f 1044 1043 1051
f 1044 1051 1052
f 1036 1035 1043
f 1036 1043 1044
f 1028 1027 1035
f 1028 1035 1036
f 1020 1027 1028
f 1020 1019 1027
f 1014 1019 1020
f 1014 1013 1019
f 1018 1013 1014
f 1018 1017 1013
f 1026 1017 1018
f 1026 1025 1017
f 1034 1025 1026
f 1034 1033 1025
f 1042 1033 1034
f 1042 1041 1033
f 1050 1041 1042
f 1050 1049 1041
f 1050 1057 1049
f 1058 1057 1050
f 1066 1057 1058
f 1066 1065 1057
f 1074 1065 1066
f 1074 1073 1065
f 1082 1073 1074
f 1082 1081 1073
f 1090 1081 1082
f 1090 1089 1081
f 1098 1097 1089
f 1098 1089 1090
f 1106 1105 1097
f 1106 1097 1098
f 1114 1113 1105
f 1114 1105 1106
f 1122 1121 1113
f 1122 1113 1114
f 1130 1129 1121
f 1130 1121 1122
f 1138 1137 1129
f 1138 1129 1130
f 1146 1145 1137
f 1146 1137 1138
f 1154 1153 1145
f 1154 1145 1146
f 1162 1161 1153
f 1162 1153 1154
f 1190 1189 1161
f 1190 1161 1162
f 1246 1245 1189
f 1246 1189 1190
f 1278 1277 1245
f 1278 1245 1246
f 1310 1309 1277
f 1310 1277 1278
f 1334 1333 1309
f 1334 1309 1310
f 1366 1333 1334
f 1366 1365 1333
f 1390 1365 1366
f 1390 1389 1365
f 1414 1389 1390
f 1414 1413 1389
f 1438 1413 1414
f 1438 1437 1413
f 1454 1453 1437
f 1454 1437 1438
f 1478 1477 1453
f 1478 1453 1454
f 1502 1501 1477
f 1502 1477 1478
f 1526 1525 1501
f 1526 1501 1502
f 1550 1549 1525
f 1550 1525 1526
f 1574 1573 1549
f 1574 1549 1550
f 1590 1589 1573
f 1590 1573 1574
f 1614 1613 1589
f 1614 1589 1590
f 1638 1637 1613
f 1638 1613 1614
f 1662 1661 1637
f 1662 1693 1661
f 1662 1637 1638
f 1694 1693 1662
f 1718 1717 1693
f 1718 1693 1694
f 1750 1749 1717
f 1750 1717 1718
f 1782 1781 1749
f 1782 1749 1750
f 1838 1837 1781
f 1838 1781 1782
f 1866 1865 1837
f 1866 1837 1838
f 1874 1873 1865
f 1874 1865 1866
f 1882 1881 1873
f 1882 1889 1881
f 1882 1873 1874
f 1890 1889 1882
f 1898 1897 1889
f 1898 1889 1890
f 1906 1897 1898
f 1906 1905 1897
f 1914 1905 1906
f 1914 1913 1905
f 1922 1913 1914
f 1922 1921 1913
f 1930 1921 1922
f 1930 1929 1921
f 1938 1929 1930
f 1938 1937 1929
f 1946 1937 1938
f 1946 1945 1937
f 1954 1945 1946
f 1954 1953 1945
f 1962 1953 1954
f 1962 1961 1953
f 1962 1969 1961
f 1970 1969 1962
f 1978 1969 1970
f 1978 1977 1969
f 1986 1977 1978
f 1986 1985 1977
f 1994 1985 1986
f 1994 1993 1985
f 2002 2001 1993
f 2002 1993 1994
f 2010 2009 2001
f 2010 2017 2009
f 2010 2001 2002
f 2018 2017 2010
f 1008 1011 1012
f 1008 1007 1011
f 1000 999 1007
f 1000 1007 1008
f 992 991 999
f 992 999 1000
f 984 983 991
f 984 991 992
f 976 975 983
f 976 983 984
f 968 967 975
f 968 975 976
f 960 959 967
f 960 967 968
f 952 951 959
f 952 959 960
f 944 943 951
f 944 935 943
f 944 951 952
f 936 935 944
f 928 935 936
f 928 927 935
f 920 927 928
f 920 919 927
f 912 919 920
f 912 911 919
f 904 911 912
f 904 903 911
f 896 903 904
f 896 895 903
f 888 895 896
f 888 887 895
f 880 887 888
f 880 879 887
f 872 879 880
f 872 871 879
f 872 863 871
f 864 863 872
f 836 863 864
f 836 835 863
f 836 779 835
f 780 779 836
f 748 779 780
f 748 747 779
f 748 715 747
f 716 715 748
f 692 691 715
f 692 659 691
f 692 715 716
f 660 635 659
f 660 659 692
f 636 635 660
f 612 611 635
f 612 635 636
f 588 587 611
f 588 611 612
f 572 571 587
f 572 587 588
f 548 547 571
f 548 571 572
f 524 523 547
f 524 547 548
f 500 499 523
f 500 523 524
f 476 475 499
f 476 499 500
f 452 451 475
f 452 475 476
f 436 435 451
f 436 451 452
f 412 411 435
f 412 435 436
f 388 411 412
f 388 387 411
f 388 363 387
f 364 363 388
f 332 363 364
f 332 331 363
f 308 331 332
f 308 307 331
f 276 307 308
f 276 275 307
f 244 275 276
f 244 243 275
f 188 243 244
f 188 187 243
f 160 187 188
f 160 159 187
f 152 159 160
f 152 151 159
f 144 151 152
f 144 143 151
f 136 143 144
f 136 135 143
f 128 135 136
f 128 127 135
f 128 119 127
f 120 119 128
f 112 119 120
f 112 111 119
f 112 103 111
f 104 103 112
f 104 95 103
f 96 95 104
f 88 95 96
f 88 87 95
f 80 87 88
f 80 79 87
f 72 79 80
f 72 71 79
f 64 71 72
f 64 63 71
f 56 63 64
f 56 55 63
f 48 47 55
f 48 55 56
f 40 39 47
f 40 47 48
f 32 31 39
f 32 39 40
f 24 23 31
f 24 31 32
f 16 23 24
f 16 15 23
f 8 15 16
f 8 7 15
f 14 7 8
f 14 13 7
f 22 13 14
f 22 21 13
f 30 21 22
f 30 29 21
f 38 29 30
f 38 37 29
f 46 37 38
f 46 45 37
f 46 53 45
f 54 53 46
f 62 53 54
f 62 61 53
f 70 61 62
f 70 69 61
f 78 69 70
f 78 77 69
f 86 77 78
f 86 85 77
f 94 93 85
f 94 85 86
f 102 101 93
f 102 93 94
f 110 109 101
f 110 101 102
f 118 117 109
f 118 109 110
f 126 125 117
f 126 117 118
f 134 133 125
f 134 125 126
f 142 141 133
f 142 133 134
f 150 149 141
f 150 141 142
f 158 157 149
f 158 149 150
f 186 185 157
f 186 157 158
f 242 241 185
f 242 185 186
f 274 273 241
f 274 241 242
f 306 305 273
f 306 273 274
f 330 329 305
f 330 305 306
f 362 329 330
f 362 361 329
f 386 361 362
f 386 385 361
f 410 385 386
f 410 409 385
f 434 409 410
f 434 433 409
f 450 449 433
f 450 433 434
f 474 473 449
f 474 449 450
f 498 497 473
f 498 473 474
f 522 521 497
f 522 497 498
f 546 545 521
f 546 521 522
f 570 569 545
f 570 545 546
f 586 585 569
f 586 569 570
f 610 609 585
f 610 585 586
f 634 633 609
f 634 609 610
f 658 657 633
f 658 689 657
f 658 633 634
f 690 689 658
f 714 713 689
f 714 689 690
f 746 745 713
f 746 713 714
f 778 777 745
f 778 745 746
f 834 833 777
f 834 777 778
f 862 861 833
f 862 833 834
f 870 869 861
f 870 861 862
f 878 877 869
f 878 885 877
f 878 869 870
f 886 885 878
f 894 893 885
f 894 885 886
f 902 893 894
f 902 901 893
f 910 901 902
f 910 909 901
f 918 909 910
f 918 917 909
f 926 917 918
f 926 925 917
f 934 925 926
f 934 933 925
f 942 933 934
f 942 941 933
f 950 941 942
f 950 949 941
f 958 949 950
f 958 957 949
f 958 965 957
f 966 965 958
f 974 965 966
f 974 973 965
f 982 973 974
f 982 981 973
f 990 981 982
f 990 989 981
f 998 997 989
f 998 989 990
f 1006 1005 997
f 1006 1011 1005
f 1006 997 998
f 1012 1011 1006
f 2016 2019 2020
f 2016 2015 2019
f 2008 2007 2015
f 2008 2015 2016
f 2000 1999 2007
f 2000 2007 2008
f 1992 1991 1999
f 1992 1999 2000
f 1984 1983 1991
f 1984 1991 1992
f 1976 1975 1983
f 1976 1983 1984
f 1968 1967 1975
f 1968 1975 1976
f 1960 1959 1967
f 1960 1967 1968
f 1952 1951 1959
f 1952 1943 1951
f 1952 1959 1960
f 1944 1943 1952
f 1936 1943 1944
f 1936 1935 1943
f 1928 1935 1936
f 1928 1927 1935
f 1920 1927 1928
f 1920 1919 1927
f 1912 1919 1920
f 1912 1911 1919
f 1904 1911 1912
f 1904 1903 1911
f 1896 1903 1904
f 1896 1895 1903
f 1888 1895 1896
f 1888 1887 1895
f 1880 1887 1888
f 1880 1879 1887
f 1880 1871 1879
f 1872 1871 1880
f 1844 1871 1872
f 1844 1843 1871
f 1844 1787 1843
f 1788 1787 1844
f 1756 1787 1788
f 1756 1755 1787
f 1756 1723 1755
f 1724 1723 1756
f 1700 1699 1723
f 1700 1667 1699
f 1700 1723 1724
f 1668 1643 1667
f 1668 1667 1700
f 1644 1643 1668
f 1620 1619 1643
f 1620 1643 1644
f 1596 1595 1619
f 1596 1619 1620
f 1580 1579 1595
f 1580 1595 1596
f 1556 1555 1579
f 1556 1579 1580
f 1532 1531 1555
f 1532 1555 1556
f 1508 1507 1531
f 1508 1531 1532
f 1484 1483 1507
f 1484 1507 1508
f 1460 1459 1483
f 1460 1483 1484
f 1444 1443 1459
f 1444 1459 1460
f 1420 1419 1443
f 1420 1443 1444
f 1396 1419 1420
f 1396 1395 1419
f 1396 1371 1395
f 1372 1371 1396
f 1340 1371 1372
f 1340 1339 1371
f 1316 1339 1340
f 1316 1315 1339
f 1284 1315 1316
f 1284 1283 1315
f 1252 1283 1284
f 1252 1251 1283
f 1196 1251 1252
f 1196 1195 1251
f 1168 1195 1196
f 1168 1167 1195
f 1160 1167 1168
f 1160 1159 1167
f 1152 1159 1160
f 1152 1151 1159
f 1144 1151 1152
f 1144 1143 1151
f 1136 1143 1144
f 1136 1135 1143
f 1136 1127 1135
f 1128 1127 1136
f 1120 1127 1128
f 1120 1119 1127
f 1120 1111 1119
f 1112 1111 1120
f 1112 1103 1111
f 1104 1103 1112
f 1096 1103 1104
f 1096 1095 1103
f 1088 1095 1096
f 1088 1087 1095
f 1080 1087 1088
f 1080 1079 1087
f 1072 1079 1080
f 1072 1071 1079
f 1064 1071 1072
f 1064 1063 1071
f 1056 1055 1063
f 1056 1063 1064
f 1048 1047 1055
f 1048 1055 1056
f 1040 1039 1047
f 1040 1047 1048
f 1032 1031 1039
f 1032 1039 1040
f 1024 1031 1032
f 1024 1023 1031
f 1016 1023 1024
f 1016 1015 1023
f 1022 1015 1016
f 1022 1021 1015
f 1030 1021 1022
f 1030 1029 1021
f 1038 1029 1030
f 1038 1037 1029
f 1046 1037 1038
f 1046 1045 1037
f 1054 1045 1046
f 1054 1053 1045
f 1054 1061 1053
f 1062 1061 1054
f 1070 1061 1062
f 1070 1069 1061
f 1078 1069 1070
f 1078 1077 1069
f 1086 1077 1078
f 1086 1085 1077
f 1094 1085 1086
f 1094 1093 1085
f 1102 1101 1093
f 1102 1093 1094
f 1110 1109 1101
f 1110 1101 1102
f 1118 1117 1109
f 1118 1109 1110
f 1126 1125 1117
f 1126 1117 1118
f 1134 1133 1125
f 1134 1125 1126
f 1142 1141 1133
f 1142 1133 1134
f 1150 1149 1141
f 1150 1141 1142
f 1158 1157 1149
f 1158 1149 1150
f 1166 1165 1157
f 1166 1157 1158
f 1194 1193 1165
f 1194 1165 1166
f 1250 1249 1193
f 1250 1193 1194
f 1282 1281 1249
f 1282 1249 1250
f 1314 1313 1281
f 1314 1281 1282
f 1338 1337 1313
f 1338 1313 1314
f 1370 1337 1338
f 1370 1369 1337
f 1394 1369 1370
f 1394 1393 1369
f 1418 1393 1394
f 1418 1417 1393
f 1442 1417 1418
f 1442 1441 1417
f 1458 1457 1441
f 1458 1441 1442
f 1482 1481 1457
f 1482 1457 1458
f 1506 1505 1481
f 1506 1481 1482
f 1530 1529 1505
f 1530 1505 1506
f 1554 1553 1529
f 1554 1529 1530
f 1578 1577 1553
f 1578 1553 1554
f 1594 1593 1577
f 1594 1577 1578
f 1618 1617 1593
f 1618 1593 1594
f 1642 1641 1617
f 1642 1617 1618
f 1666 1665 1641
f 1666 1697 1665
f 1666 1641 1642
f 1698 1697 1666
f 1722 1721 1697
f 1722 1697 1698
f 1754 1753 1721
f 1754 1721 1722
f 1786 1785 1753
f 1786 1753 1754
f 1842 1841 1785
f 1842 1785 1786
f 1870 1869 1841
f 1870 1841 1842
f 1878 1877 1869
f 1878 1869 1870
f 1886 1885 1877
f 1886 1893 1885
f 1886 1877 1878
f 1894 1893 1886
f 1902 1901 1893
f 1902 1893 1894
f 1910 1901 1902
f 1910 1909 1901
f 1918 1909 1910
f 1918 1917 1909
f 1926 1917 1918
f 1926 1925 1917
f 1934 1925 1926
f 1934 1933 1925
f 1942 1933 1934
f 1942 1941 1933
f 1950 1941 1942
f 1950 1949 1941
f 1958 1949 1950
f 1958 1957 1949
f 1966 1957 1958
f 1966 1965 1957
f 1966 1973 1965
f 1974 1973 1966
f 1982 1973 1974
f 1982 1981 1973
f 1990 1981 1982
f 1990 1989 1981
f 1998 1989 1990
f 1998 1997 1989
f 2006 2005 1997
f 2006 1997 1998
f 2014 2013 2005
f 2014 2019 2013
f 2014 2005 2006
f 2020 2019 2014
f 309 317 130
f 309 130 122
f 333 130 317
f 333 138 130
f 293 309 122
f 293 122 114
f 341 138 333
f 341 146 138
f 285 293 114
f 285 114 106
f 349 154 146
f 349 146 341
f 277 285 106
f 277 106 98
f 365 154 349
f 365 182 154
f 261 277 98
f 261 98 90
f 373 182 365
f 373 238 182
f 253 261 90
f 253 90 82
f 389 238 373
f 389 270 238
f 245 253 82
f 245 82 74
f 397 302 270
f 397 270 389
f 229 245 74
f 229 74 66
f 413 302 397
f 413 326 302
f 221 229 66
f 221 66 58
f 421 326 413
f 421 358 326
f 213 58 50
f 213 221 58
f 437 358 421
f 437 382 358
f 205 213 50
f 205 50 42
f 453 382 437
f 453 406 382
f 197 34 26
f 197 42 34
f 197 205 42
f 461 406 453
f 461 430 406
f 189 197 26
f 477 430 461
f 477 446 430
f 173 26 18
f 173 189 26
f 485 446 477
f 485 470 446
f 165 173 18
f 165 18 10
f 501 470 485
f 501 494 470
f 161 165 10
f 161 10 6
f 509 494 501
f 509 518 494
f 167 6 12
f 167 161 6
f 525 518 509
f 525 542 518
f 175 167 12
f 175 12 20
f 533 542 525
f 533 566 542
f 191 175 20
f 191 20 28
f 549 566 533
f 549 582 566
f 199 191 28
f 199 28 36
f 557 582 549
f 557 606 582
f 207 199 36
f 207 36 44
f 573 606 557
f 573 630 606
f 215 207 44
f 215 44 52
f 589 654 630
f 589 686 654
f 589 630 573
f 223 215 52
f 223 52 60
f 597 686 589
f 231 223 60
f 231 60 68
f 613 710 686
f 613 686 597
f 247 68 76
f 247 231 68
f 621 742 710
f 621 774 742
f 621 710 613
f 255 247 76
f 255 76 84
f 637 774 621
f 263 84 92
f 263 255 84
f 645 830 774
f 645 774 637
f 279 92 100
f 279 263 92
f 661 858 830
f 661 830 645
f 287 108 116
f 287 100 108
f 287 279 100
f 669 866 858
f 669 858 661
f 295 287 116
f 124 295 116
f 677 874 866
f 677 866 669
f 311 295 124
f 693 882 874
f 693 874 677
f 132 311 124
f 132 319 311
f 701 882 693
f 890 882 701
f 140 319 132
f 140 335 319
f 898 890 701
f 898 701 717
f 148 335 140
f 148 343 335
f 906 717 725
f 906 898 717
f 156 343 148
f 156 367 351
f 156 351 343
f 914 906 725
f 914 725 733
f 184 367 156
f 184 375 367
f 922 914 733
f 922 733 749
f 922 749 757
f 240 375 184
f 240 391 375
f 930 922 757
f 272 391 240
f 938 757 765
f 938 930 757
f 304 399 391
f 304 391 272
f 946 765 781
f 946 938 765
f 328 415 399
f 328 399 304
f 954 781 789
f 954 946 781
f 360 415 328
f 360 439 423
f 360 423 415
f 962 789 797
f 962 954 789
f 384 439 360
f 384 455 439
f 970 797 805
f 970 962 797
f 408 455 384
f 408 463 455
f 978 970 805
f 978 805 813
f 978 813 821
f 432 463 408
f 986 978 821
f 448 463 432
f 448 479 463
f 994 821 837
f 994 837 845
f 994 986 821
f 472 503 487
f 472 487 479
f 472 479 448
f 1002 994 845
f 496 511 503
f 496 503 472
f 1010 845 853
f 1010 1002 845
f 520 511 496
f 1004 853 847
f 1004 1010 853
f 544 527 511
f 544 511 520
f 996 847 839
f 996 1004 847
f 568 535 527
f 568 527 544
f 988 839 823
f 988 823 815
f 988 996 839
f 584 551 535
f 584 535 568
f 980 988 815
f 608 551 584
f 608 575 559
f 608 559 551
f 972 815 807
f 972 980 815
f 632 575 608
f 964 972 807
f 964 807 799
f 964 799 791
f 656 575 632
f 656 591 575
f 956 964 791
f 688 591 656
f 688 599 591
f 948 956 791
f 948 791 783
f 712 599 688
f 712 615 599
f 940 948 783
f 940 783 767
f 744 615 712
f 744 639 623
f 744 623 615
f 932 940 767
f 932 767 759
f 932 759 751
f 776 639 744
f 776 647 639
f 924 932 751
f 832 647 776
f 916 924 751
f 916 751 735
f 860 647 832
f 860 663 647
f 908 735 727
f 908 727 719
f 908 916 735
f 868 663 860
f 868 671 663
f 900 908 719
f 876 679 671
f 876 671 868
f 892 719 703
f 892 900 719
f 884 703 695
f 884 695 679
f 884 679 876
f 884 892 703
f 1317 1325 1138
f 1317 1138 1130
f 1341 1138 1325
f 1341 1146 1138
f 1301 1317 1130
f 1301 1130 1122
f 1349 1146 1341
f 1349 1154 1146
f 1293 1301 1122
f 1293 1122 1114
f 1357 1162 1154
f 1357 1154 1349
f 1285 1293 1114
f 1285 1114 1106
f 1373 1162 1357
f 1373 1190 1162
f 1269 1285 1106
f 1269 1106 1098
f 1381 1190 1373
f 1381 1246 1190
f 1261 1269 1098
f 1261 1098 1090
f 1397 1246 1381
f 1397 1278 1246
f 1253 1261 1090
f 1253 1090 1082
f 1405 1310 1278
f 1405 1278 1397
f 1237 1253 1082
f 1237 1082 1074
f 1421 1310 1405
f 1421 1334 1310
f 1229 1237 1074
f 1229 1074 1066
f 1429 1334 1421
f 1429 1366 1334
f 1221 1066 1058
f 1221 1229 1066
f 1445 1366 1429
f 1445 1390 1366
f 1213 1221 1058
f 1213 1058 1050
f 1461 1390 1445
f 1461 1414 1390
f 1205 1042 1034
f 1205 1050 1042
f 1205 1213 1050
f 1469 1414 1461
f 1469 1438 1414
f 1197 1205 1034
f 1485 1438 1469
f 1485 1454 1438
f 1181 1034 1026
f 1181 1197 1034
f 1493 1454 1485
f 1493 1478 1454
f 1173 1181 1026
f 1173 1026 1018
f 1509 1478 1493
f 1509 1502 1478
f 1169 1173 1018
f 1169 1018 1014
f 1517 1502 1509
f 1517 1526 1502
f 1175 1014 1020
f 1175 1169 1014
f 1533 1526 1517
f 1533 1550 1526
f 1183 1175 1020
f 1183 1020 1028
f 1541 1550 1533
f 1541 1574 1550
f 1199 1183 1028
f 1199 1028 1036
f 1557 1574 1541
f 1557 1590 1574
f 1207 1199 1036
f 1207 1036 1044
f 1565 1590 1557
f 1565 1614 1590
f 1215 1207 1044
f 1215 1044 1052
f 1581 1614 1565
f 1581 1638 1614
f 1223 1215 1052
f 1223 1052 1060
f 1597 1662 1638
f 1597 1694 1662
f 1597 1638 1581
f 1231 1223 1060
f 1231 1060 1068
f 1605 1694 1597
f 1239 1231 1068
f 1239 1068 1076
f 1621 1718 1694
f 1621 1694 1605
f 1255 1076 1084
f 1255 1239 1076
f 1629 1750 1718
f 1629 1782 1750
f 1629 1718 1621
f 1263 1255 1084
f 1263 1084 1092
f 1645 1782 1629
f 1271 1092 1100
f 1271 1263 1092
f 1653 1838 1782
f 1653 1782 1645
f 1287 1100 1108
f 1287 1271 1100
f 1669 1866 1838
f 1669 1838 1653
f 1295 1116 1124
f 1295 1108 1116
f 1295 1287 1108
f 1677 1874 1866
f 1677 1866 1669
f 1303 1295 1124
f 1132 1303 1124
f 1685 1882 1874
f 1685 1874 1677
f 1319 1303 1132
f 1701 1890 1882
f 1701 1882 1685
f 1140 1319 1132
f 1140 1327 1319
f 1709 1890 1701
f 1898 1890 1709
f 1148 1327 1140
f 1148 1343 1327
f 1906 1898 1709
f 1906 1709 1725
f 1156 1343 1148
f 1156 1351 1343
f 1914 1725 1733
f 1914 1906 1725
f 1164 1351 1156
f 1164 1375 1359
f 1164 1359 1351
f 1922 1914 1733
f 1922 1733 1741
f 1192 1375 1164
f 1192 1383 1375
f 1930 1922 1741
f 1930 1741 1757
f 1930 1757 1765
f 1248 1383 1192
f 1248 1399 1383
f 1938 1930 1765
f 1280 1399 1248
f 1946 1765 1773
f 1946 1938 1765
f 1312 1407 1399
f 1312 1399 1280
f 1954 1773 1789
f 1954 1946 1773
f 1336 1423 1407
f 1336 1407 1312
f 1962 1789 1797
f 1962 1954 1789
f 1368 1423 1336
f 1368 1447 1431
f 1368 1431 1423
f 1970 1797 1805
f 1970 1962 1797
f 1392 1447 1368
f 1392 1463 1447
f 1978 1805 1813
f 1978 1970 1805
f 1416 1463 1392
f 1416 1471 1463
f 1986 1978 1813
f 1986 1813 1821
f 1986 1821 1829
f 1440 1471 1416
f 1994 1986 1829
f 1456 1471 1440
f 1456 1487 1471
f 2002 1829 1845
f 2002 1845 1853
f 2002 1994 1829
f 1480 1511 1495
f 1480 1495 1487
f 1480 1487 1456
f 2010 2002 1853
f 1504 1519 1511
f 1504 1511 1480
f 2018 1853 1861
f 2018 2010 1853
f 1528 1519 1504
f 2012 1861 1855
f 2012 2018 1861
f 1552 1535 1519
f 1552 1519 1528
f 2004 1855 1847
f 2004 2012 1855
f 1576 1543 1535
f 1576 1535 1552
f 1996 1847 1831
f 1996 1831 1823
f 1996 2004 1847
f 1592 1559 1543
f 1592 1543 1576
f 1988 1996 1823
f 1616 1559 1592
f 1616 1583 1567
f 1616 1567 1559
f 1980 1823 1815
f 1980 1988 1823
f 1640 1583 1616
f 1972 1980 1815
f 1972 1815 1807
f 1972 1807 1799
f 1664 1583 1640
f 1664 1599 1583
f 1964 1972 1799
f 1696 1599 1664
f 1696 1607 1599
f 1956 1964 1799
f 1956 1799 1791
f 1720 1607 1696
f 1720 1623 1607
f 1948 1956 1791
f 1948 1791 1775
f 1752 1623 1720
f 1752 1647 1631
f 1752 1631 1623
f 1940 1948 1775
f 1940 1775 1767
f 1940 1767 1759
f 1784 1647 1752
f 1784 1655 1647
f 1932 1940 1759
f 1840 1655 1784
f 1924 1932 1759
f 1924 1759 1743
f 1868 1655 1840
f 1868 1671 1655
f 1916 1743 1735
f 1916 1735 1727
f 1916 1924 1743
f 1876 1671 1868
f 1876 1679 1671
f 1908 1916 1727
f 1884 1687 1679
f 1884 1679 1876
f 1900 1727 1711
f 1900 1908 1727
f 1892 1711 1703
f 1892 1703 1687
f 1892 1687 1884
f 1892 1900 1711
f 313 321 134
f 313 134 126
f 337 134 321
f 337 142 134
f 297 313 126
f 297 126 118
f 345 142 337
f 345 150 142
f 289 297 118
f 289 118 110
f 353 158 150
f 353 150 345
f 281 289 110
f 281 110 102
f 369 158 353
f 369 186 158
f 265 281 102
f 265 102 94
f 377 186 369
f 377 242 186
f 257 265 94
f 257 94 86
f 393 242 377
f 393 274 242
f 249 257 86
f 249 86 78
f 401 306 274
f 401 274 393
f 233 249 78
f 233 78 70
f 417 306 401
f 417 330 306
f 225 233 70
f 225 70 62
f 425 330 417
f 425 362 330
f 217 62 54
f 217 225 62
f 441 362 425
f 441 386 362
f 209 217 54
f 209 54 46
f 457 386 441
f 457 410 386
f 201 38 30
f 201 46 38
f 201 209 46
f 465 410 457
f 465 434 410
f 193 201 30
f 481 434 465
f 481 450 434
f 177 30 22
f 177 193 30
f 489 450 481
f 489 474 450
f 169 177 22
f 169 22 14
f 505 474 489
f 505 498 474
f 163 169 14
f 163 14 8
f 513 498 505
f 513 522 498
f 171 8 16
f 171 163 8
f 529 522 513
f 529 546 522
f 179 171 16
f 179 16 24
f 537 546 529
f 537 570 546
f 195 179 24
f 195 24 32
f 553 570 537
f 553 586 570
f 203 195 32
f 203 32 40
f 561 586 553
f 561 610 586
f 211 203 40
f 211 40 48
f 577 610 561
f 577 634 610
f 219 211 48
f 219 48 56
f 593 658 634
f 593 690 658
f 593 634 577
f 227 219 56
f 227 56 64
f 601 690 593
f 235 227 64
f 235 64 72
f 617 714 690
f 617 690 601
f 251 72 80
f 251 235 72
f 625 746 714
f 625 778 746
f 625 714 617
f 259 251 80
f 259 80 88
f 641 778 625
f 267 88 96
f 267 259 88
f 649 834 778
f 649 778 641
f 283 96 104
f 283 267 96
f 665 862 834
f 665 834 649
f 291 112 120
f 291 104 112
f 291 283 104
f 673 870 862
f 673 862 665
f 299 291 120
f 128 299 120
f 681 878 870
f 681 870 673
f 315 299 128
f 697 886 878
f 697 878 681
f 136 315 128
f 136 323 315
f 705 886 697
f 894 886 705
f 144 323 136
f 144 339 323
f 902 894 705
f 902 705 721
f 152 339 144
f 152 347 339
f 910 721 729
f 910 902 721
f 160 347 152
f 160 371 355
f 160 355 347
f 918 910 729
f 918 729 737
f 188 371 160
f 188 379 371
f 926 918 737
f 926 737 753
f 926 753 761
f 244 379 188
f 244 395 379
f 934 926 761
f 276 395 244
f 942 761 769
f 942 934 761
f 308 403 395
f 308 395 276
f 950 769 785
f 950 942 769
f 332 419 403
f 332 403 308
f 958 785 793
f 958 950 785
f 364 419 332
f 364 443 427
f 364 427 419
f 966 793 801
f 966 958 793
f 388 443 364
f 388 459 443
f 974 801 809
f 974 966 801
f 412 459 388
f 412 467 459
f 982 974 809
f 982 809 817
f 982 817 825
f 436 467 412
f 990 982 825
f 452 467 436
f 452 483 467
f 998 825 841
f 998 841 849
f 998 990 825
f 476 507 491
f 476 491 483
f 476 483 452
f 1006 998 849
f 500 515 507
f 500 507 476
f 1012 849 855
f 1012 1006 849
f 524 515 500
f 1008 855 851
f 1008 1012 855
f 548 531 515
f 548 515 524
f 1000 851 843
f 1000 1008 851
f 572 539 531
f 572 531 548
f 992 843 827
f 992 827 819
f 992 1000 843
f 588 555 539
f 588 539 572
f 984 992 819
f 612 555 588
f 612 579 563
f 612 563 555
f 976 819 811
f 976 984 819
f 636 579 612
f 968 976 811
f 968 811 803
f 968 803 795
f 660 579 636
f 660 595 579
f 960 968 795
f 692 595 660
f 692 603 595
f 952 960 795
f 952 795 787
f 716 603 692
f 716 619 603
f 944 952 787
f 944 787 771
f 748 619 716
f 748 643 627
f 748 627 619
f 936 944 771
f 936 771 763
f 936 763 755
f 780 643 748
f 780 651 643
f 928 936 755
f 836 651 780
f 920 928 755
f 920 755 739
f 864 651 836
f 864 667 651
f 912 739 731
f 912 731 723
f 912 920 739
f 872 667 864
f 872 675 667
f 904 912 723
f 880 683 675
f 880 675 872
f 896 723 707
f 896 904 723
f 888 707 699
f 888 699 683
f 888 683 880
f 888 896 707
f 1321 1329 1142
f 1321 1142 1134
f 1345 1142 1329
f 1345 1150 1142
f 1305 1321 1134
f 1305 1134 1126
f 1353 1150 1345
f 1353 1158 1150
f 1297 1305 1126
f 1297 1126 1118
f 1361 1166 1158
f 1361 1158 1353
f 1289 1297 1118
f 1289 1118 1110
f 1377 1166 1361
f 1377 1194 1166
f 1273 1289 1110
f 1273 1110 1102
f 1385 1194 1377
f 1385 1250 1194
f 1265 1273 1102
f 1265 1102 1094
f 1401 1250 1385
f 1401 1282 1250
f 1257 1265 1094
f 1257 1094 1086
f 1409 1314 1282
f 1409 1282 1401
f 1241 1257 1086
f 1241 1086 1078
f 1425 1314 1409
f 1425 1338 1314
f 1233 1241 1078
f 1233 1078 1070
f 1433 1338 1425
f 1433 1370 1338
f 1225 1070 1062
f 1225 1233 1070
f 1449 1370 1433
f 1449 1394 1370
f 1217 1225 1062
f 1217 1062 1054
f 1465 1394 1449
f 1465 1418 1394
f 1209 1046 1038
f 1209 1054 1046
f 1209 1217 1054
f 1473 1418 1465
f 1473 1442 1418
f 1201 1209 1038
f 1489 1442 1473
f 1489 1458 1442
f 1185 1038 1030
f 1185 1201 1038
f 1497 1458 1489
f 1497 1482 1458
f 1177 1185 1030
f 1177 1030 1022
f 1513 1482 1497
f 1513 1506 1482
f 1171 1177 1022
f 1171 1022 1016
f 1521 1506 1513
f 1521 1530 1506
f 1179 1016 1024
f 1179 1171 1016
f 1537 1530 1521
f 1537 1554 1530
f 1187 1179 1024
f 1187 1024 1032
f 1545 1554 1537
f 1545 1578 1554
f 1203 1187 1032
f 1203 1032 1040
f 1561 1578 1545
f 1561 1594 1578
f 1211 1203 1040
f 1211 1040 1048
f 1569 1594 1561
f 1569 1618 1594
f 1219 1211 1048
f 1219 1048 1056
f 1585 1618 1569
f 1585 1642 1618
f 1227 1219 1056
f 1227 1056 1064
f 1601 1666 1642
f 1601 1698 1666
f 1601 1642 1585
f 1235 1227 1064
f 1235 1064 1072
f 1609 1698 1601
f 1243 1235 1072
f 1243 1072 1080
f 1625 1722 1698
f 1625 1698 1609
f 1259 1080 1088
f 1259 1243 1080
f 1633 1754 1722
f 1633 1786 1754
f 1633 1722 1625
f 1267 1259 1088
f 1267 1088 1096
f 1649 1786 1633
f 1275 1096 1104
f 1275 1267 1096
f 1657 1842 1786
f 1657 1786 1649
f 1291 1104 1112
f 1291 1275 1104
f 1673 1870 1842
f 1673 1842 1657
f 1299 1120 1128
f 1299 1112 1120
f 1299 1291 1112
f 1681 1878 1870
f 1681 1870 1673
f 1307 1299 1128
f 1136 1307 1128
f 1689 1886 1878
f 1689 1878 1681
f 1323 1307 1136
f 1705 1894 1886
f 1705 1886 1689
f 1144 1323 1136
f 1144 1331 1323
f 1713 1894 1705
f 1902 1894 1713
f 1152 1331 1144
f 1152 1347 1331
f 1910 1902 1713
f 1910 1713 1729
f 1160 1347 1152
f 1160 1355 1347
f 1918 1729 1737
f 1918 1910 1729
f 1168 1355 1160
f 1168 1379 1363
f 1168 1363 1355
f 1926 1918 1737
f 1926 1737 1745
f 1196 1379 1168
f 1196 1387 1379
f 1934 1926 1745
f 1934 1745 1761
f 1934 1761 1769
f 1252 1387 1196
f 1252 1403 1387
f 1942 1934 1769
f 1284 1403 1252
f 1950 1769 1777
f 1950 1942 1769
f 1316 1411 1403
f 1316 1403 1284
f 1958 1777 1793
f 1958 1950 1777
f 1340 1427 1411
f 1340 1411 1316
f 1966 1793 1801
f 1966 1958 1793
f 1372 1427 1340
f 1372 1451 1435
f 1372 1435 1427
f 1974 1801 1809
f 1974 1966 1801
f 1396 1451 1372
f 1396 1467 1451
f 1982 1809 1817
f 1982 1974 1809
f 1420 1467 1396
f 1420 1475 1467
f 1990 1982 1817
f 1990 1817 1825
f 1990 1825 1833
f 1444 1475 1420
f 1998 1990 1833
f 1460 1475 1444
f 1460 1491 1475
f 2006 1833 1849
f 2006 1849 1857
f 2006 1998 1833
f 1484 1515 1499
f 1484 1499 1491
f 1484 1491 1460
f 2014 2006 1857
f 1508 1523 1515
f 1508 1515 1484
f 2020 1857 1863
f 2020 2014 1857
f 1532 1523 1508
f 2016 1863 1859
f 2016 2020 1863
f 1556 1539 1523
f 1556 1523 1532
f 2008 1859 1851
f 2008 2016 1859
f 1580 1547 1539
f 1580 1539 1556
f 2000 1851 1835
f 2000 1835 1827
f 2000 2008 1851
f 1596 1563 1547
f 1596 1547 1580
f 1992 2000 1827
f 1620 1563 1596
f 1620 1587 1571
f 1620 1571 1563
f 1984 1827 1819
f 1984 1992 1827
f 1644 1587 1620
f 1976 1984 1819
f 1976 1819 1811
f 1976 1811 1803
f 1668 1587 1644
f 1668 1603 1587
f 1968 1976 1803
f 1700 1603 1668
f 1700 1611 1603
f 1960 1968 1803
f 1960 1803 1795
f 1724 1611 1700
f 1724 1627 1611
f 1952 1960 1795
f 1952 1795 1779
f 1756 1627 1724
f 1756 1651 1635
f 1756 1635 1627
f 1944 1952 1779
f 1944 1779 1771
f 1944 1771 1763
f 1788 1651 1756
f 1788 1659 1651
f 1936 1944 1763
f 1844 1659 1788
f 1928 1936 1763
f 1928 1763 1747
f 1872 1659 1844
f 1872 1675 1659
f 1920 1747 1739
f 1920 1739 1731
f 1920 1928 1747
f 1880 1675 1872
f 1880 1683 1675
f 1912 1920 1731
f 1888 1691 1683
f 1888 1683 1880
f 1904 1731 1715
f 1904 1912 1731
f 1896 1715 1707
f 1896 1707 1691
f 1896 1691 1888
f 1896 1904 1715
