# Converted from parent_body.stl; source units are millimetres.
o custom_object_cad
v -75 -50 -40
v -75 -50 40
v -75 50 -40
v -75 50 40
v -73 -48 -40
v -73 -48 -36
v -73 48 -40
v -73 48 -36
v -71 -37.527863 -36
v -71 -37.527863 36
v -71 37.527863 -36
v -71 37.527863 36
v -70.772995 -37.334759 -36
v -70.772995 -37.334759 36
v -70.772995 37.334759 -36
v -70.772995 37.334759 36
v -70.53669 -37.15316 -36
v -70.53669 -37.15316 36
v -70.53669 37.15316 -36
v -70.53669 37.15316 36
v -70.291649 -36.983524 -36
v -70.291649 -36.983524 36
v -70.291649 36.983524 -36
v -70.291649 36.983524 36
v -70.03849 -36.826263 -36
v -70.03849 -36.826263 36
v -70.03849 36.826263 -36
v -70.03849 36.826263 36
v -69.77784 -36.681767 -36
v -69.77784 -36.681767 36
v -69.77784 36.681767 -36
v -69.77784 36.681767 36
v -69.51033 -36.550392 -36
v -69.51033 -36.550392 36
v -69.51033 36.550392 -36
v -69.51033 36.550392 36
v -69.236626 -36.432461 -36
v -69.236626 -36.432461 36
v -69.236626 36.432461 -36
v -69.236626 36.432461 36
v -68.957405 -36.328266 -36
v -68.957405 -36.328266 36
v -68.957405 36.328266 -36
v -68.957405 36.328266 36
v -68.673363 -36.238068 -36
v -68.673363 -36.238068 36
v -68.673363 36.238068 -36
v -68.673363 36.238068 36
v -68.385178 -36.162083 -36
v -68.385178 -36.162083 36
v -68.385178 36.162083 -36
v -68.385178 36.162083 36
v -68.25 -42 -36
v -68.25 -42 -20.01
v -68.25 42 -36
v -68.25 42 -20.01
v -68.248444 -42.062305 -36
v -68.248444 -42.062305 -20.01
v -68.248444 -41.937695 -36
v -68.248444 -41.937695 -20.01
v -68.248444 41.937695 -36
v -68.248444 41.937695 -20.01
v -68.248444 42.062305 -36
v -68.248444 42.062305 -20.01
v -68.24379 -42.124458 -36
v -68.24379 -42.124458 -20.01
v -68.24379 -41.875542 -36
v -68.24379 -41.875542 -20.01
v -68.24379 41.875542 -36
v -68.24379 41.875542 -20.01
v -68.24379 42.124458 -36
v -68.24379 42.124458 -20.01
v -68.236038 -42.186302 -36
v -68.236038 -42.186302 -20.01
v -68.236038 -41.813698 -36
v -68.236038 -41.813698 -20.01
v -68.236038 41.813698 -36
v -68.236038 41.813698 -20.01
v -68.236038 42.186302 -36
v -68.236038 42.186302 -20.01
v -68.225212 -42.247684 -36
v -68.225212 -42.247684 -20.01
v -68.225212 -41.752316 -36
v -68.225212 -41.752316 -20.01
v -68.225212 41.752316 -36
v -68.225212 41.752316 -20.01
v -68.225212 42.247684 -36
v -68.225212 42.247684 -20.01
v -68.211349 -42.308445 -36
v -68.211349 -42.308445 -20.01
v -68.211349 -41.691555 -36
v -68.211349 -41.691555 -20.01
v -68.211349 41.691555 -36
v -68.211349 41.691555 -20.01
v -68.211349 42.308445 -36
v -68.211349 42.308445 -20.01
v -68.194466 -42.368443 -36
v -68.194466 -42.368443 -20.01
v -68.194466 -41.631557 -36
v -68.194466 -41.631557 -20.01
v -68.194466 41.631557 -36
v -68.194466 41.631557 -20.01
v -68.194466 42.368443 -36
v -68.194466 42.368443 -20.01
v -68.174614 -42.427525 -36
v -68.174614 -42.427525 -20.01
v -68.174614 -41.572475 -36
v -68.174614 -41.572475 -20.01
v -68.174614 41.572475 -36
v -68.174614 41.572475 -20.01
v -68.174614 42.427525 -36
v -68.174614 42.427525 -20.01
v -68.151848 -42.485542 -36
v -68.151848 -42.485542 -20.01
v -68.151848 -41.514458 -36
v -68.151848 -41.514458 -20.01
v -68.151848 41.514458 -36
v -68.151848 41.514458 -20.01
v -68.151848 42.485542 -36
v -68.151848 42.485542 -20.01
v -68.126213 -42.542355 -36
v -68.126213 -42.542355 -20.01
v -68.126213 -41.457645 -36
v -68.126213 -41.457645 -20.01
v -68.126213 41.457645 -36
v -68.126213 41.457645 -20.01
v -68.126213 42.542355 -36
v -68.126213 42.542355 -20.01
v -68.097778 -42.597816 -36
v -68.097778 -42.597816 -20.01
v -68.097778 -41.402184 -36
v -68.097778 -41.402184 -20.01
v -68.097778 41.402184 -36
v -68.097778 41.402184 -20.01
v -68.097778 42.597816 -36
v -68.097778 42.597816 -20.01
v -68.093582 -36.100502 -36
v -68.093582 -36.100502 36
v -68.093582 36.100502 -36
v -68.093582 36.100502 36
v -68.066612 -42.651794 -36
v -68.066612 -42.651794 -20.01
v -68.066612 -41.348206 -36
v -68.066612 -41.348206 -20.01
v -68.066612 41.348206 -36
v -68.066612 41.348206 -20.01
v -68.066612 42.651794 -36
v -68.066612 42.651794 -20.01
v -68.032799 -42.704151 -36
v -68.032799 -42.704151 -20.01
v -68.032799 -41.295849 -36
v -68.032799 -41.295849 -20.01
v -68.032799 41.295849 -36
v -68.032799 41.295849 -20.01
v -68.032799 42.704151 -36
v -68.032799 42.704151 -20.01
v -67.996414 -42.754757 -36
v -67.996414 -42.754757 -20.01
v -67.996414 -41.245243 -36
v -67.996414 -41.245243 -20.01
v -67.996414 41.245243 -36
v -67.996414 41.245243 -20.01
v -67.996414 42.754757 -36
v -67.996414 42.754757 -20.01
v -67.957558 -42.803486 -36
v -67.957558 -42.803486 -20.01
v -67.957558 -41.196514 -36
v -67.957558 -41.196514 -20.01
v -67.957558 41.196514 -36
v -67.957558 41.196514 -20.01
v -67.957558 42.803486 -36
v -67.957558 42.803486 -20.01
v -67.916313 -42.850216 -36
v -67.916313 -42.850216 -20.01
v -67.916313 -41.149784 -36
v -67.916313 -41.149784 -20.01
v -67.916313 41.149784 -36
v -67.916313 41.149784 -20.01
v -67.916313 42.850216 -36
v -67.916313 42.850216 -20.01
v -67.872795 -42.894833 -36
v -67.872795 -42.894833 -20.01
v -67.872795 -41.105167 -36
v -67.872795 -41.105167 -20.01
v -67.872795 41.105167 -36
v -67.872795 41.105167 -20.01
v -67.872795 42.894833 -36
v -67.872795 42.894833 -20.01
v -67.82711 -42.937225 -36
v -67.82711 -42.937225 -20.01
v -67.82711 -41.062775 -36
v -67.82711 -41.062775 -20.01
v -67.82711 41.062775 -36
v -67.82711 41.062775 -20.01
v -67.82711 42.937225 -36
v -67.82711 42.937225 -20.01
v -67.799294 -36.053478 -36
v -67.799294 -36.053478 36
v -67.799294 36.053478 -36
v -67.799294 36.053478 36
v -67.779366 -42.977291 -36
v -67.779366 -42.977291 -20.01
v -67.779366 -41.022709 -36
v -67.779366 -41.022709 -20.01
v -67.779366 41.022709 -36
v -67.779366 41.022709 -20.01
v -67.779366 42.977291 -36
v -67.779366 42.977291 -20.01
v -67.729683 -43.014923 -36
v -67.729683 -43.014923 -20.01
v -67.729683 -40.985077 -36
v -67.729683 -40.985077 -20.01
v -67.729683 40.985077 -36
v -67.729683 40.985077 -20.01
v -67.729683 43.014923 -36
v -67.729683 43.014923 -20.01
v -67.678185 -43.050034 -36
v -67.678185 -43.050034 -20.01
v -67.678185 -40.949966 -36
v -67.678185 -40.949966 -20.01
v -67.678185 40.949966 -36
v -67.678185 40.949966 -20.01
v -67.678185 43.050034 -36
v -67.678185 43.050034 -20.01
v -67.625 -43.082531 -36
v -67.625 -43.082531 -20.01
v -67.625 -40.917469 -36
v -67.625 -40.917469 -20.01
v -67.625 40.917469 -36
v -67.625 40.917469 -20.01
v -67.625 43.082531 -36
v -67.625 43.082531 -20.01
v -67.570267 -43.112339 -36
v -67.570267 -43.112339 -20.01
v -67.570267 -40.887661 -36
v -67.570267 -40.887661 -20.01
v -67.570267 40.887661 -36
v -67.570267 40.887661 -20.01
v -67.570267 43.112339 -36
v -67.570267 43.112339 -20.01
v -67.514107 -43.139381 -36
v -67.514107 -43.139381 -20.01
v -67.514107 -40.860619 -36
v -67.514107 -40.860619 -20.01
v -67.514107 40.860619 -36
v -67.514107 40.860619 -20.01
v -67.514107 43.139381 -36
v -67.514107 43.139381 -20.01
v -67.503029 -36.021122 -36
v -67.503029 -36.021122 36
v -67.503029 36.021122 -36
v -67.503029 36.021122 36
v -67.456673 -43.163593 -36
v -67.456673 -43.163593 -20.01
v -67.456673 -40.836407 -36
v -67.456673 -40.836407 -20.01
v -67.456673 40.836407 -36
v -67.456673 40.836407 -20.01
v -67.456673 43.163593 -36
v -67.456673 43.163593 -20.01
v -67.398109 -43.18491 -36
v -67.398109 -43.18491 -20.01
v -67.398109 -40.81509 -36
v -67.398109 -40.81509 -20.01
v -67.398109 40.81509 -36
v -67.398109 40.81509 -20.01
v -67.398109 43.18491 -36
v -67.398109 43.18491 -20.01
v -67.338554 -43.203281 -36
v -67.338554 -43.203281 -20.01
v -67.338554 -40.796719 -36
v -67.338554 -40.796719 -20.01
v -67.338554 40.796719 -36
v -67.338554 40.796719 -20.01
v -67.338554 43.203281 -36
v -67.338554 43.203281 -20.01
v -67.278152 -43.218658 -36
v -67.278152 -43.218658 -20.01
v -67.278152 -40.781342 -36
v -67.278152 -40.781342 -20.01
v -67.278152 40.781342 -36
v -67.278152 40.781342 -20.01
v -67.278152 43.218658 -36
v -67.278152 43.218658 -20.01
v -67.217064 -43.23101 -36
v -67.217064 -43.23101 -20.01
v -67.217064 -40.76899 -36
v -67.217064 -40.76899 -20.01
v -67.217064 40.76899 -36
v -67.217064 40.76899 -20.01
v -67.217064 43.23101 -36
v -67.217064 43.23101 -20.01
v -67.205521 -36.003521 -36
v -67.205521 -36.003521 36
v -67.205521 36.003521 -36
v -67.205521 36.003521 36
v -67.155426 -43.240299 -36
v -67.155426 -43.240299 -20.01
v -67.155426 -40.759701 -36
v -67.155426 -40.759701 -20.01
v -67.155426 40.759701 -36
v -67.155426 40.759701 -20.01
v -67.155426 43.240299 -36
v -67.155426 43.240299 -20.01
v -67.093414 -43.246506 -36
v -67.093414 -43.246506 -20.01
v -67.093414 -40.753494 -36
v -67.093414 -40.753494 -20.01
v -67.093414 40.753494 -36
v -67.093414 40.753494 -20.01
v -67.093414 43.246506 -36
v -67.093414 43.246506 -20.01
v -67.031166 -43.249611 -36
v -67.031166 -43.249611 -20.01
v -67.031166 -40.750389 -36
v -67.031166 -40.750389 -20.01
v -67.031166 40.750389 -36
v -67.031166 40.750389 -20.01
v -67.031166 43.249611 -36
v -67.031166 43.249611 -20.01
v -66.968834 -43.249611 -36
v -66.968834 -43.249611 -20.01
v -66.968834 -40.750389 -36
v -66.968834 -40.750389 -20.01
v -66.968834 40.750389 -36
v -66.968834 40.750389 -20.01
v -66.968834 43.249611 -36
v -66.968834 43.249611 -20.01
v -66.907509 -36.000713 -36
v -66.907509 -36.000713 36
v -66.907509 36.000713 -36
v -66.907509 36.000713 36
v -66.906586 -43.246506 -36
v -66.906586 -43.246506 -20.01
v -66.906586 -40.753494 -36
v -66.906586 -40.753494 -20.01
v -66.906586 40.753494 -36
v -66.906586 40.753494 -20.01
v -66.906586 43.246506 -36
v -66.906586 43.246506 -20.01
v -66.844574 -43.240299 -36
v -66.844574 -43.240299 -20.01
v -66.844574 -40.759701 -36
v -66.844574 -40.759701 -20.01
v -66.844574 40.759701 -36
v -66.844574 40.759701 -20.01
v -66.844574 43.240299 -36
v -66.844574 43.240299 -20.01
v -66.782936 -43.23101 -36
v -66.782936 -43.23101 -20.01
v -66.782936 -40.76899 -36
v -66.782936 -40.76899 -20.01
v -66.782936 40.76899 -36
v -66.782936 40.76899 -20.01
v -66.782936 43.23101 -36
v -66.782936 43.23101 -20.01
v -66.721848 -43.218658 -36
v -66.721848 -43.218658 -20.01
v -66.721848 -40.781342 -36
v -66.721848 -40.781342 -20.01
v -66.721848 40.781342 -36
v -66.721848 40.781342 -20.01
v -66.721848 43.218658 -36
v -66.721848 43.218658 -20.01
v -66.661446 -43.203281 -36
v -66.661446 -43.203281 -20.01
v -66.661446 -40.796719 -36
v -66.661446 -40.796719 -20.01
v -66.661446 40.796719 -36
v -66.661446 40.796719 -20.01
v -66.661446 43.203281 -36
v -66.661446 43.203281 -20.01
v -66.609718 -36.012707 -36
v -66.609718 -36.012707 36
v -66.609718 36.012707 -36
v -66.609718 36.012707 36
v -66.601891 -43.18491 -36
v -66.601891 -43.18491 -20.01
v -66.601891 -40.81509 -36
v -66.601891 -40.81509 -20.01
v -66.601891 40.81509 -36
v -66.601891 40.81509 -20.01
v -66.601891 43.18491 -36
v -66.601891 43.18491 -20.01
v -66.543327 -43.163593 -36
v -66.543327 -43.163593 -20.01
v -66.543327 -40.836407 -36
v -66.543327 -40.836407 -20.01
v -66.543327 40.836407 -36
v -66.543327 40.836407 -20.01
v -66.543327 43.163593 -36
v -66.543327 43.163593 -20.01
v -66.485893 -43.139381 -36
v -66.485893 -43.139381 -20.01
v -66.485893 -40.860619 -36
v -66.485893 -40.860619 -20.01
v -66.485893 40.860619 -36
v -66.485893 40.860619 -20.01
v -66.485893 43.139381 -36
v -66.485893 43.139381 -20.01
v -66.429733 -43.112339 -36
v -66.429733 -43.112339 -20.01
v -66.429733 -40.887661 -36
v -66.429733 -40.887661 -20.01
v -66.429733 40.887661 -36
v -66.429733 40.887661 -20.01
v -66.429733 43.112339 -36
v -66.429733 43.112339 -20.01
v -66.375 -43.082531 -36
v -66.375 -43.082531 -20.01
v -66.375 -40.917469 -36
v -66.375 -40.917469 -20.01
v -66.375 40.917469 -36
v -66.375 40.917469 -20.01
v -66.375 43.082531 -36
v -66.375 43.082531 -20.01
v -66.321815 -43.050034 -36
v -66.321815 -43.050034 -20.01
v -66.321815 -40.949966 -36
v -66.321815 -40.949966 -20.01
v -66.321815 40.949966 -36
v -66.321815 40.949966 -20.01
v -66.321815 43.050034 -36
v -66.321815 43.050034 -20.01
v -66.312897 -36.039471 -36
v -66.312897 -36.039471 36
v -66.312897 36.039471 -36
v -66.312897 36.039471 36
v -66.270317 -43.014923 -36
v -66.270317 -43.014923 -20.01
v -66.270317 -40.985077 -36
v -66.270317 -40.985077 -20.01
v -66.270317 40.985077 -36
v -66.270317 40.985077 -20.01
v -66.270317 43.014923 -36
v -66.270317 43.014923 -20.01
v -66.220634 -42.977291 -36
v -66.220634 -42.977291 -20.01
v -66.220634 -41.022709 -36
v -66.220634 -41.022709 -20.01
v -66.220634 41.022709 -36
v -66.220634 41.022709 -20.01
v -66.220634 42.977291 -36
v -66.220634 42.977291 -20.01
v -66.17289 -42.937225 -36
v -66.17289 -42.937225 -20.01
v -66.17289 -41.062775 -36
v -66.17289 -41.062775 -20.01
v -66.17289 41.062775 -36
v -66.17289 41.062775 -20.01
v -66.17289 42.937225 -36
v -66.17289 42.937225 -20.01
v -66.127205 -42.894833 -36
v -66.127205 -42.894833 -20.01
v -66.127205 -41.105167 -36
v -66.127205 -41.105167 -20.01
v -66.127205 41.105167 -36
v -66.127205 41.105167 -20.01
v -66.127205 42.894833 -36
v -66.127205 42.894833 -20.01
v -66.083687 -42.850216 -36
v -66.083687 -42.850216 -20.01
v -66.083687 -41.149784 -36
v -66.083687 -41.149784 -20.01
v -66.083687 41.149784 -36
v -66.083687 41.149784 -20.01
v -66.083687 42.850216 -36
v -66.083687 42.850216 -20.01
v -66.042442 -42.803486 -36
v -66.042442 -42.803486 -20.01
v -66.042442 -41.196514 -36
v -66.042442 -41.196514 -20.01
v -66.042442 41.196514 -36
v -66.042442 41.196514 -20.01
v -66.042442 42.803486 -36
v -66.042442 42.803486 -20.01
v -66.017769 -36.080944 -36
v -66.017769 -36.080944 36
v -66.017769 36.080944 -36
v -66.017769 36.080944 36
v -66.003586 -42.754757 -36
v -66.003586 -42.754757 -20.01
v -66.003586 -41.245243 -36
v -66.003586 -41.245243 -20.01
v -66.003586 41.245243 -36
v -66.003586 41.245243 -20.01
v -66.003586 42.754757 -36
v -66.003586 42.754757 -20.01
v -65.967201 -42.704151 -36
v -65.967201 -42.704151 -20.01
v -65.967201 -41.295849 -36
v -65.967201 -41.295849 -20.01
v -65.967201 41.295849 -36
v -65.967201 41.295849 -20.01
v -65.967201 42.704151 -36
v -65.967201 42.704151 -20.01
v -65.933388 -42.651794 -36
v -65.933388 -42.651794 -20.01
v -65.933388 -41.348206 -36
v -65.933388 -41.348206 -20.01
v -65.933388 41.348206 -36
v -65.933388 41.348206 -20.01
v -65.933388 42.651794 -36
v -65.933388 42.651794 -20.01
v -65.902222 -42.597816 -36
v -65.902222 -42.597816 -20.01
v -65.902222 -41.402184 -36
v -65.902222 -41.402184 -20.01
v -65.902222 41.402184 -36
v -65.902222 41.402184 -20.01
v -65.902222 42.597816 -36
v -65.902222 42.597816 -20.01
v -65.873787 -42.542355 -36
v -65.873787 -42.542355 -20.01
v -65.873787 -41.457645 -36
v -65.873787 -41.457645 -20.01
v -65.873787 41.457645 -36
v -65.873787 41.457645 -20.01
v -65.873787 42.542355 -36
v -65.873787 42.542355 -20.01
v -65.848152 -42.485542 -36
v -65.848152 -42.485542 -20.01
v -65.848152 -41.514458 -36
v -65.848152 -41.514458 -20.01
v -65.848152 41.514458 -36
v -65.848152 41.514458 -20.01
v -65.848152 42.485542 -36
v -65.848152 42.485542 -20.01
v -65.825386 -42.427525 -36
v -65.825386 -42.427525 -20.01
v -65.825386 -41.572475 -36
v -65.825386 -41.572475 -20.01
v -65.825386 41.572475 -36
v -65.825386 41.572475 -20.01
v -65.825386 42.427525 -36
v -65.825386 42.427525 -20.01
v -65.805534 -42.368443 -36
v -65.805534 -42.368443 -20.01
v -65.805534 -41.631557 -36
v -65.805534 -41.631557 -20.01
v -65.805534 41.631557 -36
v -65.805534 41.631557 -20.01
v -65.805534 42.368443 -36
v -65.805534 42.368443 -20.01
v -65.788651 -42.308445 -36
v -65.788651 -42.308445 -20.01
v -65.788651 -41.691555 -36
v -65.788651 -41.691555 -20.01
v -65.788651 41.691555 -36
v -65.788651 41.691555 -20.01
v -65.788651 42.308445 -36
v -65.788651 42.308445 -20.01
v -65.774788 -42.247684 -36
v -65.774788 -42.247684 -20.01
v -65.774788 -41.752316 -36
v -65.774788 -41.752316 -20.01
v -65.774788 41.752316 -36
v -65.774788 41.752316 -20.01
v -65.774788 42.247684 -36
v -65.774788 42.247684 -20.01
v -65.763962 -42.186302 -36
v -65.763962 -42.186302 -20.01
v -65.763962 -41.813698 -36
v -65.763962 -41.813698 -20.01
v -65.763962 41.813698 -36
v -65.763962 41.813698 -20.01
v -65.763962 42.186302 -36
v -65.763962 42.186302 -20.01
v -65.75621 -42.124458 -36
v -65.75621 -42.124458 -20.01
v -65.75621 -41.875542 -36
v -65.75621 -41.875542 -20.01
v -65.75621 41.875542 -36
v -65.75621 41.875542 -20.01
v -65.75621 42.124458 -36
v -65.75621 42.124458 -20.01
v -65.751556 -42.062305 -36
v -65.751556 -42.062305 -20.01
v -65.751556 -41.937695 -36
v -65.751556 -41.937695 -20.01
v -65.751556 41.937695 -36
v -65.751556 41.937695 -20.01
v -65.751556 42.062305 -36
v -65.751556 42.062305 -20.01
v -65.75 -42 -36
v -65.75 -42 -20.01
v -65.75 42 -36
v -65.75 42 -20.01
v -65.725067 -36.13702 -36
v -65.725067 -36.13702 36
v -65.725067 36.13702 -36
v -65.725067 36.13702 36
v -65.435509 -36.207558 -36
v -65.435509 -36.207558 36
v -65.435509 36.207558 -36
v -65.435509 36.207558 36
v -65.149811 -36.292393 -36
v -65.149811 -36.292393 36
v -65.149811 36.292393 -36
v -65.149811 36.292393 36
v -64.868675 -36.391304 -36
v -64.868675 -36.391304 36
v -64.868675 36.391304 -36
v -64.868675 36.391304 36
v -64.592804 -36.504055 -36
v -64.592804 -36.504055 36
v -64.592804 36.504055 -36
v -64.592804 36.504055 36
v -64.322868 -36.630367 -36
v -64.322868 -36.630367 36
v -64.322868 36.630367 -36
v -64.322868 36.630367 36
v -64.059532 -36.769928 -36
v -64.059532 -36.769928 36
v -64.059532 36.769928 -36
v -64.059532 36.769928 36
v -63.803459 -36.92239 -36
v -63.803459 -36.92239 36
v -63.803459 36.92239 -36
v -63.803459 36.92239 36
v -63.555267 -37.087379 -36
v -63.555267 -37.087379 36
v -63.555267 37.087379 -36
v -63.555267 37.087379 36
v -63.315578 -37.264492 -36
v -63.315578 -37.264492 36
v -63.315578 37.264492 -36
v -63.315578 37.264492 36
v -63.084976 -37.453285 -36
v -63.084976 -37.453285 36
v -63.084976 37.453285 -36
v -63.084976 37.453285 36
v -62.864037 -37.653301 -36
v -62.864037 -37.653301 36
v -62.864037 37.653301 -36
v -62.864037 37.653301 36
v -62.653301 -37.864037 -36
v -62.653301 -37.864037 36
v -62.653301 37.864037 -36
v -62.653301 37.864037 36
v -62.527863 -46 -36
v -62.527863 -46 36
v -62.527863 46 -36
v -62.527863 46 36
v -62.453285 -38.084976 -36
v -62.453285 -38.084976 36
v -62.453285 38.084976 -36
v -62.453285 38.084976 36
v -62.334759 -45.772999 -36
v -62.334759 -45.772999 36
v -62.334759 45.772999 -36
v -62.334759 45.772999 36
v -62.264492 -38.315578 -36
v -62.264492 -38.315578 36
v -62.264492 38.315578 -36
v -62.264492 38.315578 36
v -62.15316 -45.536686 -36
v -62.15316 -45.536686 36
v -62.15316 45.536686 -36
v -62.15316 45.536686 36
v -62.087379 -38.555267 -36
v -62.087379 -38.555267 36
v -62.087379 38.555267 -36
v -62.087379 38.555267 36
v -61.983524 -45.291649 -36
v -61.983524 -45.291649 36
v -61.983524 45.291649 -36
v -61.983524 45.291649 36
v -61.92239 -38.803459 -36
v -61.92239 -38.803459 36
v -61.92239 38.803459 -36
v -61.92239 38.803459 36
v -61.826263 -45.038494 -36
v -61.826263 -45.038494 36
v -61.826263 45.038494 -36
v -61.826263 45.038494 36
v -61.769928 -39.059536 -36
v -61.769928 -39.059536 36
v -61.769928 39.059536 -36
v -61.769928 39.059536 36
v -61.681767 -44.77784 -36
v -61.681767 -44.77784 36
v -61.681767 44.77784 -36
v -61.681767 44.77784 36
v -61.630367 -39.322865 -36
v -61.630367 -39.322865 36
v -61.630367 39.322865 -36
v -61.630367 39.322865 36
v -61.550392 -44.51033 -36
v -61.550392 -44.51033 36
v -61.550392 44.51033 -36
v -61.550392 44.51033 36
v -61.504055 -39.5928 -36
v -61.504055 -39.5928 36
v -61.504055 39.5928 -36
v -61.504055 39.5928 36
v -61.432461 -44.236629 -36
v -61.432461 -44.236629 36
v -61.432461 44.236629 -36
v -61.432461 44.236629 36
v -61.391304 -39.868675 -36
v -61.391304 -39.868675 36
v -61.391304 39.868675 -36
v -61.391304 39.868675 36
v -61.328266 -43.957409 -36
v -61.328266 -43.957409 36
v -61.328266 43.957409 -36
v -61.328266 43.957409 36
v -61.292393 -40.149811 -36
v -61.292393 -40.149811 36
v -61.292393 40.149811 -36
v -61.292393 40.149811 36
v -61.238068 -43.673359 -36
v -61.238068 -43.673359 36
v -61.238068 43.673359 -36
v -61.238068 43.673359 36
v -61.207558 -40.435509 -36
v -61.207558 -40.435509 36
v -61.207558 40.435509 -36
v -61.207558 40.435509 36
v -61.162083 -43.385181 -36
v -61.162083 -43.385181 36
v -61.162083 43.385181 -36
v -61.162083 43.385181 36
v -61.13702 -40.725067 -36
v -61.13702 -40.725067 36
v -61.13702 40.725067 -36
v -61.13702 40.725067 36
v -61.100502 -43.093586 -36
v -61.100502 -43.093586 36
v -61.100502 43.093586 -36
v -61.100502 43.093586 36
v -61.080944 -41.017773 -36
v -61.080944 -41.017773 36
v -61.080944 41.017773 -36
v -61.080944 41.017773 36
v -61.053478 -42.799294 -36
v -61.053478 -42.799294 36
v -61.053478 42.799294 -36
v -61.053478 42.799294 36
v -61.039471 -41.312897 -36
v -61.039471 -41.312897 36
v -61.039471 41.312897 -36
v -61.039471 41.312897 36
v -61.021122 -42.503025 -36
v -61.021122 -42.503025 36
v -61.021122 42.503025 -36
v -61.021122 42.503025 36
v -61.012707 -41.609722 -36
v -61.012707 -41.609722 36
v -61.012707 41.609722 -36
v -61.012707 41.609722 36
v -61.003521 -42.205521 -36
v -61.003521 -42.205521 36
v -61.003521 42.205521 -36
v -61.003521 42.205521 36
v -61.000713 -41.907505 -36
v -61.000713 -41.907505 36
v -61.000713 41.907505 -36
v -61.000713 41.907505 36
v 29 -39 28
v 29 -39 36
v 29 -11 28
v 29 -11 36
v 29 11 28
v 29 11 36
v 29 39 28
v 29 39 36
v 32 -36 38.799999
v 32 -36 40
v 32 -14 38.799999
v 32 -14 40
v 32 14 38.799999
v 32 14 40
v 32 36 38.799999
v 32 36 40
v 35.75 -31 30
v 35.75 -31 38.799999
v 35.75 -19 30
v 35.75 -19 38.799999
v 35.75 19 30
v 35.75 19 38.799999
v 35.75 31 30
v 35.75 31 38.799999
v 35.751553 -31.062307 30
v 35.751553 -31.062307 38.799999
v 35.751553 -30.937693 30
v 35.751553 -30.937693 38.799999
v 35.751553 -19.062307 30
v 35.751553 -19.062307 38.799999
v 35.751553 -18.937693 30
v 35.751553 -18.937693 38.799999
v 35.751553 18.937693 30
v 35.751553 18.937693 38.799999
v 35.751553 19.062307 30
v 35.751553 19.062307 38.799999
v 35.751553 30.937693 30
v 35.751553 30.937693 38.799999
v 35.751553 31.062307 30
v 35.751553 31.062307 38.799999
v 35.75621 -31.12446 30
v 35.75621 -31.12446 38.799999
v 35.75621 -30.87554 30
v 35.75621 -30.87554 38.799999
v 35.75621 -19.12446 30
v 35.75621 -19.12446 38.799999
v 35.75621 -18.87554 30
v 35.75621 -18.87554 38.799999
v 35.75621 18.87554 30
v 35.75621 18.87554 38.799999
v 35.75621 19.12446 30
v 35.75621 19.12446 38.799999
v 35.75621 30.87554 30
v 35.75621 30.87554 38.799999
v 35.75621 31.12446 30
v 35.75621 31.12446 38.799999
v 35.763962 -31.186302 30
v 35.763962 -31.186302 38.799999
v 35.763962 -30.813698 30
v 35.763962 -30.813698 38.799999
v 35.763962 -19.186302 30
v 35.763962 -19.186302 38.799999
v 35.763962 -18.813698 30
v 35.763962 -18.813698 38.799999
v 35.763962 18.813698 30
v 35.763962 18.813698 38.799999
v 35.763962 19.186302 30
v 35.763962 19.186302 38.799999
v 35.763962 30.813698 30
v 35.763962 30.813698 38.799999
v 35.763962 31.186302 30
v 35.763962 31.186302 38.799999
v 35.774784 -31.247683 30
v 35.774784 -31.247683 38.799999
v 35.774784 -30.752317 30
v 35.774784 -30.752317 38.799999
v 35.774784 -19.247683 30
v 35.774784 -19.247683 38.799999
v 35.774784 -18.752317 30
v 35.774784 -18.752317 38.799999
v 35.774784 18.752317 30
v 35.774784 18.752317 38.799999
v 35.774784 19.247683 30
v 35.774784 19.247683 38.799999
v 35.774784 30.752317 30
v 35.774784 30.752317 38.799999
v 35.774784 31.247683 30
v 35.774784 31.247683 38.799999
v 35.788654 -31.308447 30
v 35.788654 -31.308447 38.799999
v 35.788654 -30.691553 30
v 35.788654 -30.691553 38.799999
v 35.788654 -19.308447 30
v 35.788654 -19.308447 38.799999
v 35.788654 -18.691553 30
v 35.788654 -18.691553 38.799999
v 35.788654 18.691553 30
v 35.788654 18.691553 38.799999
v 35.788654 19.308447 30
v 35.788654 19.308447 38.799999
v 35.788654 30.691553 30
v 35.788654 30.691553 38.799999
v 35.788654 31.308447 30
v 35.788654 31.308447 38.799999
v 35.805534 -31.368444 30
v 35.805534 -31.368444 38.799999
v 35.805534 -30.631556 30
v 35.805534 -30.631556 38.799999
v 35.805534 -19.368444 30
v 35.805534 -19.368444 38.799999
v 35.805534 -18.631556 30
v 35.805534 -18.631556 38.799999
v 35.805534 18.631556 30
v 35.805534 18.631556 38.799999
v 35.805534 19.368444 30
v 35.805534 19.368444 38.799999
v 35.805534 30.631556 30
v 35.805534 30.631556 38.799999
v 35.805534 31.368444 30
v 35.805534 31.368444 38.799999
v 35.825386 -31.427525 30
v 35.825386 -31.427525 38.799999
v 35.825386 -30.572475 30
v 35.825386 -30.572475 38.799999
v 35.825386 -19.427525 30
v 35.825386 -19.427525 38.799999
v 35.825386 -18.572475 30
v 35.825386 -18.572475 38.799999
v 35.825386 18.572475 30
v 35.825386 18.572475 38.799999
v 35.825386 19.427525 30
v 35.825386 19.427525 38.799999
v 35.825386 30.572475 30
v 35.825386 30.572475 38.799999
v 35.825386 31.427525 30
v 35.825386 31.427525 38.799999
v 35.848156 -31.485544 30
v 35.848156 -31.485544 38.799999
v 35.848156 -30.514456 30
v 35.848156 -30.514456 38.799999
v 35.848156 -19.485544 30
v 35.848156 -19.485544 38.799999
v 35.848156 -18.514456 30
v 35.848156 -18.514456 38.799999
v 35.848156 18.514456 30
v 35.848156 18.514456 38.799999
v 35.848156 19.485544 30
v 35.848156 19.485544 38.799999
v 35.848156 30.514456 30
v 35.848156 30.514456 38.799999
v 35.848156 31.485544 30
v 35.848156 31.485544 38.799999
v 35.873791 -31.542355 30
v 35.873791 -31.542355 38.799999
v 35.873791 -30.457645 30
v 35.873791 -30.457645 38.799999
v 35.873791 -19.542355 30
v 35.873791 -19.542355 38.799999
v 35.873791 -18.457645 30
v 35.873791 -18.457645 38.799999
v 35.873791 18.457645 30
v 35.873791 18.457645 38.799999
v 35.873791 19.542355 30
v 35.873791 19.542355 38.799999
v 35.873791 30.457645 30
v 35.873791 30.457645 38.799999
v 35.873791 31.542355 30
v 35.873791 31.542355 38.799999
v 35.902222 -31.597818 30
v 35.902222 -31.597818 38.799999
v 35.902222 -30.402182 30
v 35.902222 -30.402182 38.799999
v 35.902222 -19.597818 30
v 35.902222 -19.597818 38.799999
v 35.902222 -18.402182 30
v 35.902222 -18.402182 38.799999
v 35.902222 18.402182 30
v 35.902222 18.402182 38.799999
v 35.902222 19.597818 30
v 35.902222 19.597818 38.799999
v 35.902222 30.402182 30
v 35.902222 30.402182 38.799999
v 35.902222 31.597818 30
v 35.902222 31.597818 38.799999
v 35.933388 -31.651794 30
v 35.933388 -31.651794 38.799999
v 35.933388 -30.348206 30
v 35.933388 -30.348206 38.799999
v 35.933388 -19.651794 30
v 35.933388 -19.651794 38.799999
v 35.933388 -18.348206 30
v 35.933388 -18.348206 38.799999
v 35.933388 18.348206 30
v 35.933388 18.348206 38.799999
v 35.933388 19.651794 30
v 35.933388 19.651794 38.799999
v 35.933388 30.348206 30
v 35.933388 30.348206 38.799999
v 35.933388 31.651794 30
v 35.933388 31.651794 38.799999
v 35.967201 -31.704149 30
v 35.967201 -31.704149 38.799999
v 35.967201 -30.295851 30
v 35.967201 -30.295851 38.799999
v 35.967201 -19.704149 30
v 35.967201 -19.704149 38.799999
v 35.967201 -18.295851 30
v 35.967201 -18.295851 38.799999
v 35.967201 18.295851 30
v 35.967201 18.295851 38.799999
v 35.967201 19.704149 30
v 35.967201 19.704149 38.799999
v 35.967201 30.295851 30
v 35.967201 30.295851 38.799999
v 35.967201 31.704149 30
v 35.967201 31.704149 38.799999
v 36.003586 -31.754755 30
v 36.003586 -31.754755 38.799999
v 36.003586 -30.245245 30
v 36.003586 -30.245245 38.799999
v 36.003586 -19.754755 30
v 36.003586 -19.754755 38.799999
v 36.003586 -18.245245 30
v 36.003586 -18.245245 38.799999
v 36.003586 18.245245 30
v 36.003586 18.245245 38.799999
v 36.003586 19.754755 30
v 36.003586 19.754755 38.799999
v 36.003586 30.245245 30
v 36.003586 30.245245 38.799999
v 36.003586 31.754755 30
v 36.003586 31.754755 38.799999
v 36.042446 -31.803484 30
v 36.042446 -31.803484 38.799999
v 36.042446 -30.196516 30
v 36.042446 -30.196516 38.799999
v 36.042446 -19.803484 30
v 36.042446 -19.803484 38.799999
v 36.042446 -18.196516 30
v 36.042446 -18.196516 38.799999
v 36.042446 18.196516 30
v 36.042446 18.196516 38.799999
v 36.042446 19.803484 30
v 36.042446 19.803484 38.799999
v 36.042446 30.196516 30
v 36.042446 30.196516 38.799999
v 36.042446 31.803484 30
v 36.042446 31.803484 38.799999
v 36.083687 -31.850216 30
v 36.083687 -31.850216 38.799999
v 36.083687 -30.149784 30
v 36.083687 -30.149784 38.799999
v 36.083687 -19.850216 30
v 36.083687 -19.850216 38.799999
v 36.083687 -18.149784 30
v 36.083687 -18.149784 38.799999
v 36.083687 18.149784 30
v 36.083687 18.149784 38.799999
v 36.083687 19.850216 30
v 36.083687 19.850216 38.799999
v 36.083687 30.149784 30
v 36.083687 30.149784 38.799999
v 36.083687 31.850216 30
v 36.083687 31.850216 38.799999
v 36.127205 -31.894833 30
v 36.127205 -31.894833 38.799999
v 36.127205 -30.105167 30
v 36.127205 -30.105167 38.799999
v 36.127205 -19.894833 30
v 36.127205 -19.894833 38.799999
v 36.127205 -18.105167 30
v 36.127205 -18.105167 38.799999
v 36.127205 18.105167 30
v 36.127205 18.105167 38.799999
v 36.127205 19.894833 30
v 36.127205 19.894833 38.799999
v 36.127205 30.105167 30
v 36.127205 30.105167 38.799999
v 36.127205 31.894833 30
v 36.127205 31.894833 38.799999
v 36.172894 -31.937227 30
v 36.172894 -31.937227 38.799999
v 36.172894 -30.062773 30
v 36.172894 -30.062773 38.799999
v 36.172894 -19.937227 30
v 36.172894 -19.937227 38.799999
v 36.172894 -18.062773 30
v 36.172894 -18.062773 38.799999
v 36.172894 18.062773 30
v 36.172894 18.062773 38.799999
v 36.172894 19.937227 30
v 36.172894 19.937227 38.799999
v 36.172894 30.062773 30
v 36.172894 30.062773 38.799999
v 36.172894 31.937227 30
v 36.172894 31.937227 38.799999
v 36.220638 -31.977289 30
v 36.220638 -31.977289 38.799999
v 36.220638 -30.022711 30
v 36.220638 -30.022711 38.799999
v 36.220638 -19.977289 30
v 36.220638 -19.977289 38.799999
v 36.220638 -18.022711 30
v 36.220638 -18.022711 38.799999
v 36.220638 18.022711 30
v 36.220638 18.022711 38.799999
v 36.220638 19.977289 30
v 36.220638 19.977289 38.799999
v 36.220638 30.022711 30
v 36.220638 30.022711 38.799999
v 36.220638 31.977289 30
v 36.220638 31.977289 38.799999
v 36.270321 -32.014923 30
v 36.270321 -32.014923 38.799999
v 36.270321 -29.985077 30
v 36.270321 -29.985077 38.799999
v 36.270321 -20.014923 30
v 36.270321 -20.014923 38.799999
v 36.270321 -17.985077 30
v 36.270321 -17.985077 38.799999
v 36.270321 17.985077 30
v 36.270321 17.985077 38.799999
v 36.270321 20.014923 30
v 36.270321 20.014923 38.799999
v 36.270321 29.985077 30
v 36.270321 29.985077 38.799999
v 36.270321 32.014923 30
v 36.270321 32.014923 38.799999
v 36.321815 -32.050034 30
v 36.321815 -32.050034 38.799999
v 36.321815 -29.949968 30
v 36.321815 -29.949968 38.799999
v 36.321815 -20.050032 30
v 36.321815 -20.050032 38.799999
v 36.321815 -17.949968 30
v 36.321815 -17.949968 38.799999
v 36.321815 17.949968 30
v 36.321815 17.949968 38.799999
v 36.321815 20.050032 30
v 36.321815 20.050032 38.799999
v 36.321815 29.949968 30
v 36.321815 29.949968 38.799999
v 36.321815 32.050034 30
v 36.321815 32.050034 38.799999
v 36.375 -32.082531 30
v 36.375 -32.082531 38.799999
v 36.375 -29.917469 30
v 36.375 -29.917469 38.799999
v 36.375 -20.082531 30
v 36.375 -20.082531 38.799999
v 36.375 -17.917469 30
v 36.375 -17.917469 38.799999
v 36.375 17.917469 30
v 36.375 17.917469 38.799999
v 36.375 20.082531 30
v 36.375 20.082531 38.799999
v 36.375 29.917469 30
v 36.375 29.917469 38.799999
v 36.375 32.082531 30
v 36.375 32.082531 38.799999
v 36.429737 -32.112339 30
v 36.429737 -32.112339 38.799999
v 36.429737 -29.887661 30
v 36.429737 -29.887661 38.799999
v 36.429737 -20.112339 30
v 36.429737 -20.112339 38.799999
v 36.429737 -17.887661 30
v 36.429737 -17.887661 38.799999
v 36.429737 17.887661 30
v 36.429737 17.887661 38.799999
v 36.429737 20.112339 30
v 36.429737 20.112339 38.799999
v 36.429737 29.887661 30
v 36.429737 29.887661 38.799999
v 36.429737 32.112339 30
v 36.429737 32.112339 38.799999
v 36.485889 -32.139381 30
v 36.485889 -32.139381 38.799999
v 36.485889 -29.860619 30
v 36.485889 -29.860619 38.799999
v 36.485889 -20.139381 30
v 36.485889 -20.139381 38.799999
v 36.485889 -17.860619 30
v 36.485889 -17.860619 38.799999
v 36.485889 17.860619 30
v 36.485889 17.860619 38.799999
v 36.485889 20.139381 30
v 36.485889 20.139381 38.799999
v 36.485889 29.860619 30
v 36.485889 29.860619 38.799999
v 36.485889 32.139381 30
v 36.485889 32.139381 38.799999
v 36.543324 -32.163593 30
v 36.543324 -32.163593 38.799999
v 36.543324 -29.836409 30
v 36.543324 -29.836409 38.799999
v 36.543324 -20.163591 30
v 36.543324 -20.163591 38.799999
v 36.543324 -17.836409 30
v 36.543324 -17.836409 38.799999
v 36.543324 17.836409 30
v 36.543324 17.836409 38.799999
v 36.543324 20.163591 30
v 36.543324 20.163591 38.799999
v 36.543324 29.836409 30
v 36.543324 29.836409 38.799999
v 36.543324 32.163593 30
v 36.543324 32.163593 38.799999
v 36.601891 -32.18491 30
v 36.601891 -32.18491 38.799999
v 36.601891 -29.81509 30
v 36.601891 -29.81509 38.799999
v 36.601891 -20.18491 30
v 36.601891 -20.18491 38.799999
v 36.601891 -17.81509 30
v 36.601891 -17.81509 38.799999
v 36.601891 17.81509 30
v 36.601891 17.81509 38.799999
v 36.601891 20.18491 30
v 36.601891 20.18491 38.799999
v 36.601891 29.81509 30
v 36.601891 29.81509 38.799999
v 36.601891 32.18491 30
v 36.601891 32.18491 38.799999
v 36.661449 -32.203281 30
v 36.661449 -32.203281 38.799999
v 36.661449 -29.796721 30
v 36.661449 -29.796721 38.799999
v 36.661449 -20.203279 30
v 36.661449 -20.203279 38.799999
v 36.661449 -17.796721 30
v 36.661449 -17.796721 38.799999
v 36.661449 17.796721 30
v 36.661449 17.796721 38.799999
v 36.661449 20.203279 30
v 36.661449 20.203279 38.799999
v 36.661449 29.796721 30
v 36.661449 29.796721 38.799999
v 36.661449 32.203281 30
v 36.661449 32.203281 38.799999
v 36.721848 -32.218658 30
v 36.721848 -32.218658 38.799999
v 36.721848 -29.78134 30
v 36.721848 -29.78134 38.799999
v 36.721848 -20.21866 30
v 36.721848 -20.21866 38.799999
v 36.721848 -17.78134 30
v 36.721848 -17.78134 38.799999
v 36.721848 17.78134 30
v 36.721848 17.78134 38.799999
v 36.721848 20.21866 30
v 36.721848 20.21866 38.799999
v 36.721848 29.78134 30
v 36.721848 29.78134 38.799999
v 36.721848 32.218658 30
v 36.721848 32.218658 38.799999
v 36.78294 -32.23101 30
v 36.78294 -32.23101 38.799999
v 36.78294 -29.76899 30
v 36.78294 -29.76899 38.799999
v 36.78294 -20.23101 30
v 36.78294 -20.23101 38.799999
v 36.78294 -17.76899 30
v 36.78294 -17.76899 38.799999
v 36.78294 17.76899 30
v 36.78294 17.76899 38.799999
v 36.78294 20.23101 30
v 36.78294 20.23101 38.799999
v 36.78294 29.76899 30
v 36.78294 29.76899 38.799999
v 36.78294 32.23101 30
v 36.78294 32.23101 38.799999
v 36.84457 -32.240299 30
v 36.84457 -32.240299 38.799999
v 36.84457 -29.759701 30
v 36.84457 -29.759701 38.799999
v 36.84457 -20.240299 30
v 36.84457 -20.240299 38.799999
v 36.84457 -17.759701 30
v 36.84457 -17.759701 38.799999
v 36.84457 17.759701 30
v 36.84457 17.759701 38.799999
v 36.84457 20.240299 30
v 36.84457 20.240299 38.799999
v 36.84457 29.759701 30
v 36.84457 29.759701 38.799999
v 36.84457 32.240299 30
v 36.84457 32.240299 38.799999
v 36.906586 -32.246506 30
v 36.906586 -32.246506 38.799999
v 36.906586 -29.753496 30
v 36.906586 -29.753496 38.799999
v 36.906586 -20.246504 30
v 36.906586 -20.246504 38.799999
v 36.906586 -17.753496 30
v 36.906586 -17.753496 38.799999
v 36.906586 17.753496 30
v 36.906586 17.753496 38.799999
v 36.906586 20.246504 30
v 36.906586 20.246504 38.799999
v 36.906586 29.753496 30
v 36.906586 29.753496 38.799999
v 36.906586 32.246506 30
v 36.906586 32.246506 38.799999
v 36.968838 -32.249611 30
v 36.968838 -32.249611 38.799999
v 36.968838 -29.750389 30
v 36.968838 -29.750389 38.799999
v 36.968838 -20.249611 30
v 36.968838 -20.249611 38.799999
v 36.968838 -17.750389 30
v 36.968838 -17.750389 38.799999
v 36.968838 17.750389 30
v 36.968838 17.750389 38.799999
v 36.968838 20.249611 30
v 36.968838 20.249611 38.799999
v 36.968838 29.750389 30
v 36.968838 29.750389 38.799999
v 36.968838 32.249611 30
v 36.968838 32.249611 38.799999
v 37.031162 -32.249611 30
v 37.031162 -32.249611 38.799999
v 37.031162 -29.750389 30
v 37.031162 -29.750389 38.799999
v 37.031162 -20.249611 30
v 37.031162 -20.249611 38.799999
v 37.031162 -17.750389 30
v 37.031162 -17.750389 38.799999
v 37.031162 17.750389 30
v 37.031162 17.750389 38.799999
v 37.031162 20.249611 30
v 37.031162 20.249611 38.799999
v 37.031162 29.750389 30
v 37.031162 29.750389 38.799999
v 37.031162 32.249611 30
v 37.031162 32.249611 38.799999
v 37.093414 -32.246506 30
v 37.093414 -32.246506 38.799999
v 37.093414 -29.753496 30
v 37.093414 -29.753496 38.799999
v 37.093414 -20.246504 30
v 37.093414 -20.246504 38.799999
v 37.093414 -17.753496 30
v 37.093414 -17.753496 38.799999
v 37.093414 17.753496 30
v 37.093414 17.753496 38.799999
v 37.093414 20.246504 30
v 37.093414 20.246504 38.799999
v 37.093414 29.753496 30
v 37.093414 29.753496 38.799999
v 37.093414 32.246506 30
v 37.093414 32.246506 38.799999
v 37.15543 -32.240299 30
v 37.15543 -32.240299 38.799999
v 37.15543 -29.759701 30
v 37.15543 -29.759701 38.799999
v 37.15543 -20.240299 30
v 37.15543 -20.240299 38.799999
v 37.15543 -17.759701 30
v 37.15543 -17.759701 38.799999
v 37.15543 17.759701 30
v 37.15543 17.759701 38.799999
v 37.15543 20.240299 30
v 37.15543 20.240299 38.799999
v 37.15543 29.759701 30
v 37.15543 29.759701 38.799999
v 37.15543 32.240299 30
v 37.15543 32.240299 38.799999
v 37.21706 -32.23101 30
v 37.21706 -32.23101 38.799999
v 37.21706 -29.76899 30
v 37.21706 -29.76899 38.799999
v 37.21706 -20.23101 30
v 37.21706 -20.23101 38.799999
v 37.21706 -17.76899 30
v 37.21706 -17.76899 38.799999
v 37.21706 17.76899 30
v 37.21706 17.76899 38.799999
v 37.21706 20.23101 30
v 37.21706 20.23101 38.799999
v 37.21706 29.76899 30
v 37.21706 29.76899 38.799999
v 37.21706 32.23101 30
v 37.21706 32.23101 38.799999
v 37.278152 -32.218658 30
v 37.278152 -32.218658 38.799999
v 37.278152 -29.78134 30
v 37.278152 -29.78134 38.799999
v 37.278152 -20.21866 30
v 37.278152 -20.21866 38.799999
v 37.278152 -17.78134 30
v 37.278152 -17.78134 38.799999
v 37.278152 17.78134 30
v 37.278152 17.78134 38.799999
v 37.278152 20.21866 30
v 37.278152 20.21866 38.799999
v 37.278152 29.78134 30
v 37.278152 29.78134 38.799999
v 37.278152 32.218658 30
v 37.278152 32.218658 38.799999
v 37.338551 -32.203281 30
v 37.338551 -32.203281 38.799999
v 37.338551 -29.796721 30
v 37.338551 -29.796721 38.799999
v 37.338551 -20.203279 30
v 37.338551 -20.203279 38.799999
v 37.338551 -17.796721 30
v 37.338551 -17.796721 38.799999
v 37.338551 17.796721 30
v 37.338551 17.796721 38.799999
v 37.338551 20.203279 30
v 37.338551 20.203279 38.799999
v 37.338551 29.796721 30
v 37.338551 29.796721 38.799999
v 37.338551 32.203281 30
v 37.338551 32.203281 38.799999
v 37.398109 -32.18491 30
v 37.398109 -32.18491 38.799999
v 37.398109 -29.81509 30
v 37.398109 -29.81509 38.799999
v 37.398109 -20.18491 30
v 37.398109 -20.18491 38.799999
v 37.398109 -17.81509 30
v 37.398109 -17.81509 38.799999
v 37.398109 17.81509 30
v 37.398109 17.81509 38.799999
v 37.398109 20.18491 30
v 37.398109 20.18491 38.799999
v 37.398109 29.81509 30
v 37.398109 29.81509 38.799999
v 37.398109 32.18491 30
v 37.398109 32.18491 38.799999
v 37.456676 -32.163593 30
v 37.456676 -32.163593 38.799999
v 37.456676 -29.836409 30
v 37.456676 -29.836409 38.799999
v 37.456676 -20.163591 30
v 37.456676 -20.163591 38.799999
v 37.456676 -17.836409 30
v 37.456676 -17.836409 38.799999
v 37.456676 17.836409 30
v 37.456676 17.836409 38.799999
v 37.456676 20.163591 30
v 37.456676 20.163591 38.799999
v 37.456676 29.836409 30
v 37.456676 29.836409 38.799999
v 37.456676 32.163593 30
v 37.456676 32.163593 38.799999
v 37.514111 -32.139381 30
v 37.514111 -32.139381 38.799999
v 37.514111 -29.860619 30
v 37.514111 -29.860619 38.799999
v 37.514111 -20.139381 30
v 37.514111 -20.139381 38.799999
v 37.514111 -17.860619 30
v 37.514111 -17.860619 38.799999
v 37.514111 17.860619 30
v 37.514111 17.860619 38.799999
v 37.514111 20.139381 30
v 37.514111 20.139381 38.799999
v 37.514111 29.860619 30
v 37.514111 29.860619 38.799999
v 37.514111 32.139381 30
v 37.514111 32.139381 38.799999
v 37.570263 -32.112339 30
v 37.570263 -32.112339 38.799999
v 37.570263 -29.887661 30
v 37.570263 -29.887661 38.799999
v 37.570263 -20.112339 30
v 37.570263 -20.112339 38.799999
v 37.570263 -17.887661 30
v 37.570263 -17.887661 38.799999
v 37.570263 17.887661 30
v 37.570263 17.887661 38.799999
v 37.570263 20.112339 30
v 37.570263 20.112339 38.799999
v 37.570263 29.887661 30
v 37.570263 29.887661 38.799999
v 37.570263 32.112339 30
v 37.570263 32.112339 38.799999
v 37.625 -32.082531 30
v 37.625 -32.082531 38.799999
v 37.625 -29.917469 30
v 37.625 -29.917469 38.799999
v 37.625 -20.082531 30
v 37.625 -20.082531 38.799999
v 37.625 -17.917469 30
v 37.625 -17.917469 38.799999
v 37.625 17.917469 30
v 37.625 17.917469 38.799999
v 37.625 20.082531 30
v 37.625 20.082531 38.799999
v 37.625 29.917469 30
v 37.625 29.917469 38.799999
v 37.625 32.082531 30
v 37.625 32.082531 38.799999
v 37.678185 -32.050034 30
v 37.678185 -32.050034 38.799999
v 37.678185 -29.949968 30
v 37.678185 -29.949968 38.799999
v 37.678185 -20.050032 30
v 37.678185 -20.050032 38.799999
v 37.678185 -17.949968 30
v 37.678185 -17.949968 38.799999
v 37.678185 17.949968 30
v 37.678185 17.949968 38.799999
v 37.678185 20.050032 30
v 37.678185 20.050032 38.799999
v 37.678185 29.949968 30
v 37.678185 29.949968 38.799999
v 37.678185 32.050034 30
v 37.678185 32.050034 38.799999
v 37.729679 -32.014923 30
v 37.729679 -32.014923 38.799999
v 37.729679 -29.985077 30
v 37.729679 -29.985077 38.799999
v 37.729679 -20.014923 30
v 37.729679 -20.014923 38.799999
v 37.729679 -17.985077 30
v 37.729679 -17.985077 38.799999
v 37.729679 17.985077 30
v 37.729679 17.985077 38.799999
v 37.729679 20.014923 30
v 37.729679 20.014923 38.799999
v 37.729679 29.985077 30
v 37.729679 29.985077 38.799999
v 37.729679 32.014923 30
v 37.729679 32.014923 38.799999
v 37.779362 -31.977289 30
v 37.779362 -31.977289 38.799999
v 37.779362 -30.022711 30
v 37.779362 -30.022711 38.799999
v 37.779362 -19.977289 30
v 37.779362 -19.977289 38.799999
v 37.779362 -18.022711 30
v 37.779362 -18.022711 38.799999
v 37.779362 18.022711 30
v 37.779362 18.022711 38.799999
v 37.779362 19.977289 30
v 37.779362 19.977289 38.799999
v 37.779362 30.022711 30
v 37.779362 30.022711 38.799999
v 37.779362 31.977289 30
v 37.779362 31.977289 38.799999
v 37.827106 -31.937227 30
v 37.827106 -31.937227 38.799999
v 37.827106 -30.062773 30
v 37.827106 -30.062773 38.799999
v 37.827106 -19.937227 30
v 37.827106 -19.937227 38.799999
v 37.827106 -18.062773 30
v 37.827106 -18.062773 38.799999
v 37.827106 18.062773 30
v 37.827106 18.062773 38.799999
v 37.827106 19.937227 30
v 37.827106 19.937227 38.799999
v 37.827106 30.062773 30
v 37.827106 30.062773 38.799999
v 37.827106 31.937227 30
v 37.827106 31.937227 38.799999
v 37.872795 -31.894833 30
v 37.872795 -31.894833 38.799999
v 37.872795 -30.105167 30
v 37.872795 -30.105167 38.799999
v 37.872795 -19.894833 30
v 37.872795 -19.894833 38.799999
v 37.872795 -18.105167 30
v 37.872795 -18.105167 38.799999
v 37.872795 18.105167 30
v 37.872795 18.105167 38.799999
v 37.872795 19.894833 30
v 37.872795 19.894833 38.799999
v 37.872795 30.105167 30
v 37.872795 30.105167 38.799999
v 37.872795 31.894833 30
v 37.872795 31.894833 38.799999
v 37.916313 -31.850216 30
v 37.916313 -31.850216 38.799999
v 37.916313 -30.149784 30
v 37.916313 -30.149784 38.799999
v 37.916313 -19.850216 30
v 37.916313 -19.850216 38.799999
v 37.916313 -18.149784 30
v 37.916313 -18.149784 38.799999
v 37.916313 18.149784 30
v 37.916313 18.149784 38.799999
v 37.916313 19.850216 30
v 37.916313 19.850216 38.799999
v 37.916313 30.149784 30
v 37.916313 30.149784 38.799999
v 37.916313 31.850216 30
v 37.916313 31.850216 38.799999
v 37.957554 -31.803484 30
v 37.957554 -31.803484 38.799999
v 37.957554 -30.196516 30
v 37.957554 -30.196516 38.799999
v 37.957554 -19.803484 30
v 37.957554 -19.803484 38.799999
v 37.957554 -18.196516 30
v 37.957554 -18.196516 38.799999
v 37.957554 18.196516 30
v 37.957554 18.196516 38.799999
v 37.957554 19.803484 30
v 37.957554 19.803484 38.799999
v 37.957554 30.196516 30
v 37.957554 30.196516 38.799999
v 37.957554 31.803484 30
v 37.957554 31.803484 38.799999
v 37.996414 -31.754755 30
v 37.996414 -31.754755 38.799999
v 37.996414 -30.245245 30
v 37.996414 -30.245245 38.799999
v 37.996414 -19.754755 30
v 37.996414 -19.754755 38.799999
v 37.996414 -18.245245 30
v 37.996414 -18.245245 38.799999
v 37.996414 18.245245 30
v 37.996414 18.245245 38.799999
v 37.996414 19.754755 30
v 37.996414 19.754755 38.799999
v 37.996414 30.245245 30
v 37.996414 30.245245 38.799999
v 37.996414 31.754755 30
v 37.996414 31.754755 38.799999
v 38.032799 -31.704149 30
v 38.032799 -31.704149 38.799999
v 38.032799 -30.295851 30
v 38.032799 -30.295851 38.799999
v 38.032799 -19.704149 30
v 38.032799 -19.704149 38.799999
v 38.032799 -18.295851 30
v 38.032799 -18.295851 38.799999
v 38.032799 18.295851 30
v 38.032799 18.295851 38.799999
v 38.032799 19.704149 30
v 38.032799 19.704149 38.799999
v 38.032799 30.295851 30
v 38.032799 30.295851 38.799999
v 38.032799 31.704149 30
v 38.032799 31.704149 38.799999
v 38.066612 -31.651794 30
v 38.066612 -31.651794 38.799999
v 38.066612 -30.348206 30
v 38.066612 -30.348206 38.799999
v 38.066612 -19.651794 30
v 38.066612 -19.651794 38.799999
v 38.066612 -18.348206 30
v 38.066612 -18.348206 38.799999
v 38.066612 18.348206 30
v 38.066612 18.348206 38.799999
v 38.066612 19.651794 30
v 38.066612 19.651794 38.799999
v 38.066612 30.348206 30
v 38.066612 30.348206 38.799999
v 38.066612 31.651794 30
v 38.066612 31.651794 38.799999
v 38.097778 -31.597818 30
v 38.097778 -31.597818 38.799999
v 38.097778 -30.402182 30
v 38.097778 -30.402182 38.799999
v 38.097778 -19.597818 30
v 38.097778 -19.597818 38.799999
v 38.097778 -18.402182 30
v 38.097778 -18.402182 38.799999
v 38.097778 18.402182 30
v 38.097778 18.402182 38.799999
v 38.097778 19.597818 30
v 38.097778 19.597818 38.799999
v 38.097778 30.402182 30
v 38.097778 30.402182 38.799999
v 38.097778 31.597818 30
v 38.097778 31.597818 38.799999
v 38.126209 -31.542355 30
v 38.126209 -31.542355 38.799999
v 38.126209 -30.457645 30
v 38.126209 -30.457645 38.799999
v 38.126209 -19.542355 30
v 38.126209 -19.542355 38.799999
v 38.126209 -18.457645 30
v 38.126209 -18.457645 38.799999
v 38.126209 18.457645 30
v 38.126209 18.457645 38.799999
v 38.126209 19.542355 30
v 38.126209 19.542355 38.799999
v 38.126209 30.457645 30
v 38.126209 30.457645 38.799999
v 38.126209 31.542355 30
v 38.126209 31.542355 38.799999
v 38.151844 -31.485544 30
v 38.151844 -31.485544 38.799999
v 38.151844 -30.514456 30
v 38.151844 -30.514456 38.799999
v 38.151844 -19.485544 30
v 38.151844 -19.485544 38.799999
v 38.151844 -18.514456 30
v 38.151844 -18.514456 38.799999
v 38.151844 18.514456 30
v 38.151844 18.514456 38.799999
v 38.151844 19.485544 30
v 38.151844 19.485544 38.799999
v 38.151844 30.514456 30
v 38.151844 30.514456 38.799999
v 38.151844 31.485544 30
v 38.151844 31.485544 38.799999
v 38.174614 -31.427525 30
v 38.174614 -31.427525 38.799999
v 38.174614 -30.572475 30
v 38.174614 -30.572475 38.799999
v 38.174614 -19.427525 30
v 38.174614 -19.427525 38.799999
v 38.174614 -18.572475 30
v 38.174614 -18.572475 38.799999
v 38.174614 18.572475 30
v 38.174614 18.572475 38.799999
v 38.174614 19.427525 30
v 38.174614 19.427525 38.799999
v 38.174614 30.572475 30
v 38.174614 30.572475 38.799999
v 38.174614 31.427525 30
v 38.174614 31.427525 38.799999
v 38.194466 -31.368444 30
v 38.194466 -31.368444 38.799999
v 38.194466 -30.631556 30
v 38.194466 -30.631556 38.799999
v 38.194466 -19.368444 30
v 38.194466 -19.368444 38.799999
v 38.194466 -18.631556 30
v 38.194466 -18.631556 38.799999
v 38.194466 18.631556 30
v 38.194466 18.631556 38.799999
v 38.194466 19.368444 30
v 38.194466 19.368444 38.799999
v 38.194466 30.631556 30
v 38.194466 30.631556 38.799999
v 38.194466 31.368444 30
v 38.194466 31.368444 38.799999
v 38.211346 -31.308447 30
v 38.211346 -31.308447 38.799999
v 38.211346 -30.691553 30
v 38.211346 -30.691553 38.799999
v 38.211346 -19.308447 30
v 38.211346 -19.308447 38.799999
v 38.211346 -18.691553 30
v 38.211346 -18.691553 38.799999
v 38.211346 18.691553 30
v 38.211346 18.691553 38.799999
v 38.211346 19.308447 30
v 38.211346 19.308447 38.799999
v 38.211346 30.691553 30
v 38.211346 30.691553 38.799999
v 38.211346 31.308447 30
v 38.211346 31.308447 38.799999
v 38.225216 -31.247683 30
v 38.225216 -31.247683 38.799999
v 38.225216 -30.752317 30
v 38.225216 -30.752317 38.799999
v 38.225216 -19.247683 30
v 38.225216 -19.247683 38.799999
v 38.225216 -18.752317 30
v 38.225216 -18.752317 38.799999
v 38.225216 18.752317 30
v 38.225216 18.752317 38.799999
v 38.225216 19.247683 30
v 38.225216 19.247683 38.799999
v 38.225216 30.752317 30
v 38.225216 30.752317 38.799999
v 38.225216 31.247683 30
v 38.225216 31.247683 38.799999
v 38.236038 -31.186302 30
v 38.236038 -31.186302 38.799999
v 38.236038 -30.813698 30
v 38.236038 -30.813698 38.799999
v 38.236038 -19.186302 30
v 38.236038 -19.186302 38.799999
v 38.236038 -18.813698 30
v 38.236038 -18.813698 38.799999
v 38.236038 18.813698 30
v 38.236038 18.813698 38.799999
v 38.236038 19.186302 30
v 38.236038 19.186302 38.799999
v 38.236038 30.813698 30
v 38.236038 30.813698 38.799999
v 38.236038 31.186302 30
v 38.236038 31.186302 38.799999
v 38.24379 -31.12446 30
v 38.24379 -31.12446 38.799999
v 38.24379 -30.87554 30
v 38.24379 -30.87554 38.799999
v 38.24379 -19.12446 30
v 38.24379 -19.12446 38.799999
v 38.24379 -18.87554 30
v 38.24379 -18.87554 38.799999
v 38.24379 18.87554 30
v 38.24379 18.87554 38.799999
v 38.24379 19.12446 30
v 38.24379 19.12446 38.799999
v 38.24379 30.87554 30
v 38.24379 30.87554 38.799999
v 38.24379 31.12446 30
v 38.24379 31.12446 38.799999
v 38.248447 -31.062307 30
v 38.248447 -31.062307 38.799999
v 38.248447 -30.937693 30
v 38.248447 -30.937693 38.799999
v 38.248447 -19.062307 30
v 38.248447 -19.062307 38.799999
v 38.248447 -18.937693 30
v 38.248447 -18.937693 38.799999
v 38.248447 18.937693 30
v 38.248447 18.937693 38.799999
v 38.248447 19.062307 30
v 38.248447 19.062307 38.799999
v 38.248447 30.937693 30
v 38.248447 30.937693 38.799999
v 38.248447 31.062307 30
v 38.248447 31.062307 38.799999
v 38.25 -31 30
v 38.25 -31 38.799999
v 38.25 -19 30
v 38.25 -19 38.799999
v 38.25 19 30
v 38.25 19 38.799999
v 38.25 31 30
v 38.25 31 38.799999
v 61.000134 -42.039928 36
v 61.000134 42.039928 36
v 61.000713 -41.907505 -36
v 61.000713 41.907505 -36
v 61.003521 -42.205521 -36
v 61.003521 42.205521 -36
v 61.00518 -41.750771 36
v 61.00518 41.750771 36
v 61.009026 -42.328991 36
v 61.009026 42.328991 36
v 61.012707 -41.609722 -36
v 61.012707 41.609722 -36
v 61.021122 -42.503025 -36
v 61.021122 42.503025 -36
v 61.024151 -41.462193 36
v 61.024151 41.462193 36
v 61.031837 -42.617294 36
v 61.031837 42.617294 36
v 61.039471 -41.312897 -36
v 61.039471 41.312897 -36
v 61.053478 -42.799294 -36
v 61.053478 42.799294 -36
v 61.057007 -41.174866 36
v 61.057007 41.174866 36
v 61.068516 -42.90416 36
v 61.068516 42.90416 36
v 61.080944 -41.017773 -36
v 61.080944 41.017773 -36
v 61.100502 -43.093586 -36
v 61.100502 43.093586 -36
v 61.103672 -40.889454 36
v 61.103672 40.889454 36
v 61.118973 -43.188923 36
v 61.118973 43.188923 36
v 61.13702 -40.725067 -36
v 61.13702 40.725067 -36
v 61.162083 -43.385181 -36
v 61.162083 43.385181 -36
v 61.164036 -40.606621 36
v 61.164036 40.606621 36
v 61.183094 -43.470928 36
v 61.183094 43.470928 36
v 61.207558 -40.435509 -36
v 61.207558 40.435509 -36
v 61.237957 -40.327026 36
v 61.237957 40.327026 36
v 61.238068 -43.673359 -36
v 61.238068 43.673359 -36
v 61.260731 -43.749512 36
v 61.260731 43.749512 36
v 61.292393 -40.149811 -36
v 61.292393 40.149811 -36
v 61.325264 -40.051319 36
v 61.325264 40.051319 36
v 61.328266 -43.957409 -36
v 61.328266 43.957409 -36
v 61.3517 -44.024033 36
v 61.3517 44.024033 36
v 61.391304 -39.868675 -36
v 61.391304 39.868675 -36
v 61.425755 -39.78014 36
v 61.425755 39.78014 36
v 61.432461 -44.236629 -36
v 61.432461 44.236629 -36
v 61.455791 -44.293854 36
v 61.455791 44.293854 36
v 61.504055 -39.5928 -36
v 61.504055 39.5928 -36
v 61.539196 -39.514114 36
v 61.539196 39.514114 36
v 61.550392 -44.51033 -36
v 61.550392 44.51033 -36
v 61.572765 -44.558342 36
v 61.572765 44.558342 36
v 61.630367 -39.322865 -36
v 61.630367 39.322865 -36
v 61.665325 -39.253868 36
v 61.665325 39.253868 36
v 61.681767 -44.77784 -36
v 61.681767 44.77784 -36
v 61.702347 -44.816887 36
v 61.702347 44.816887 36
v 61.769928 -39.059536 -36
v 61.769928 39.059536 -36
v 61.803848 -39 28
v 61.803848 -39 36
v 61.803848 39 28
v 61.803848 39 36
v 61.826263 -45.038494 -36
v 61.826263 45.038494 -36
v 61.844234 -45.06889 36
v 61.844234 45.06889 36
v 61.92239 -38.803459 -36
v 61.92239 38.803459 -36
v 61.958195 -38.74728 28
v 61.958195 38.74728 28
v 61.983524 -45.291649 -36
v 61.983524 45.291649 -36
v 61.9981 -45.313763 36
v 61.9981 45.313763 36
v 62.087379 -38.555267 -36
v 62.087379 38.555267 -36
v 62.124821 -38.502483 28
v 62.124821 38.502483 28
v 62.15316 -45.536686 -36
v 62.15316 45.536686 -36
v 62.163589 -45.550934 36
v 62.163589 45.550934 36
v 62.264492 -38.315578 -36
v 62.264492 38.315578 -36
v 62.303322 -38.266209 28
v 62.303322 38.266209 28
v 62.334759 -45.772999 -36
v 62.334759 45.772999 -36
v 62.340313 -45.779858 36
v 62.340313 45.779858 36
v 62.453285 -38.084976 -36
v 62.453285 38.084976 -36
v 62.493263 -38.039024 28
v 62.493263 38.039024 28
v 62.527863 -46 -36
v 62.527863 -46 36
v 62.527863 46 -36
v 62.527863 46 36
v 62.653301 -37.864037 -36
v 62.653301 37.864037 -36
v 62.694183 -37.821491 28
v 62.694183 37.821491 28
v 62.864037 -37.653301 -36
v 62.864037 37.653301 -36
v 62.90559 -37.614136 28
v 62.90559 37.614136 28
v 63.084976 -37.453285 -36
v 63.084976 37.453285 -36
v 63.126968 -37.417465 28
v 63.126968 37.417465 28
v 63.315578 -37.264492 -36
v 63.315578 37.264492 -36
v 63.357784 -37.231953 28
v 63.357784 37.231953 28
v 63.555267 -37.087379 -36
v 63.555267 37.087379 -36
v 63.597469 -37.058056 28
v 63.597469 37.058056 28
v 63.803459 -36.92239 -36
v 63.803459 36.92239 -36
v 63.845444 -36.896198 28
v 63.845444 36.896198 28
v 64.059532 -36.769928 -36
v 64.059532 36.769928 -36
v 64.101105 -36.746773 28
v 64.101105 36.746773 28
v 64.322868 -36.630367 -36
v 64.322868 36.630367 -36
v 64.363823 -36.610142 28
v 64.363823 36.610142 28
v 64.592804 -36.504055 -36
v 64.592804 36.504055 -36
v 64.632965 -36.486641 28
v 64.632965 36.486641 28
v 64.868675 -36.391304 -36
v 64.868675 36.391304 -36
v 64.907867 -36.376568 28
v 64.907867 36.376568 28
v 65.149811 -36.292393 -36
v 65.149811 36.292393 -36
v 65.187874 -36.280193 28
v 65.187874 36.280193 28
v 65.435509 -36.207558 -36
v 65.435509 36.207558 -36
v 65.47229 -36.19775 28
v 65.47229 36.19775 28
v 65.725067 -36.13702 -36
v 65.725067 36.13702 -36
v 65.75 -42 -36
v 65.75 -42 -20.01
v 65.75 42 -36
v 65.75 42 -20.01
v 65.751556 -42.062305 -36
v 65.751556 -42.062305 -20.01
v 65.751556 -41.937695 -36
v 65.751556 -41.937695 -20.01
v 65.751556 41.937695 -36
v 65.751556 41.937695 -20.01
v 65.751556 42.062305 -36
v 65.751556 42.062305 -20.01
v 65.75621 -42.124458 -36
v 65.75621 -42.124458 -20.01
v 65.75621 -41.875542 -36
v 65.75621 -41.875542 -20.01
v 65.75621 41.875542 -36
v 65.75621 41.875542 -20.01
v 65.75621 42.124458 -36
v 65.75621 42.124458 -20.01
v 65.760429 -36.12944 28
v 65.760429 36.12944 28
v 65.763962 -42.186302 -36
v 65.763962 -42.186302 -20.01
v 65.763962 -41.813698 -36
v 65.763962 -41.813698 -20.01
v 65.763962 41.813698 -36
v 65.763962 41.813698 -20.01
v 65.763962 42.186302 -36
v 65.763962 42.186302 -20.01
v 65.774788 -42.247684 -36
v 65.774788 -42.247684 -20.01
v 65.774788 -41.752316 -36
v 65.774788 -41.752316 -20.01
v 65.774788 41.752316 -36
v 65.774788 41.752316 -20.01
v 65.774788 42.247684 -36
v 65.774788 42.247684 -20.01
v 65.788651 -42.308445 -36
v 65.788651 -42.308445 -20.01
v 65.788651 -41.691555 -36
v 65.788651 -41.691555 -20.01
v 65.788651 41.691555 -36
v 65.788651 41.691555 -20.01
v 65.788651 42.308445 -36
v 65.788651 42.308445 -20.01
v 65.805534 -42.368443 -36
v 65.805534 -42.368443 -20.01
v 65.805534 -41.631557 -36
v 65.805534 -41.631557 -20.01
v 65.805534 41.631557 -36
v 65.805534 41.631557 -20.01
v 65.805534 42.368443 -36
v 65.805534 42.368443 -20.01
v 65.825386 -42.427525 -36
v 65.825386 -42.427525 -20.01
v 65.825386 -41.572475 -36
v 65.825386 -41.572475 -20.01
v 65.825386 41.572475 -36
v 65.825386 41.572475 -20.01
v 65.825386 42.427525 -36
v 65.825386 42.427525 -20.01
v 65.848152 -42.485542 -36
v 65.848152 -42.485542 -20.01
v 65.848152 -41.514458 -36
v 65.848152 -41.514458 -20.01
v 65.848152 41.514458 -36
v 65.848152 41.514458 -20.01
v 65.848152 42.485542 -36
v 65.848152 42.485542 -20.01
v 65.873787 -42.542355 -36
v 65.873787 -42.542355 -20.01
v 65.873787 -41.457645 -36
v 65.873787 -41.457645 -20.01
v 65.873787 41.457645 -36
v 65.873787 41.457645 -20.01
v 65.873787 42.542355 -36
v 65.873787 42.542355 -20.01
v 65.902222 -42.597816 -36
v 65.902222 -42.597816 -20.01
v 65.902222 -41.402184 -36
v 65.902222 -41.402184 -20.01
v 65.902222 41.402184 -36
v 65.902222 41.402184 -20.01
v 65.902222 42.597816 -36
v 65.902222 42.597816 -20.01
v 65.933388 -42.651794 -36
v 65.933388 -42.651794 -20.01
v 65.933388 -41.348206 -36
v 65.933388 -41.348206 -20.01
v 65.933388 41.348206 -36
v 65.933388 41.348206 -20.01
v 65.933388 42.651794 -36
v 65.933388 42.651794 -20.01
v 65.967201 -42.704151 -36
v 65.967201 -42.704151 -20.01
v 65.967201 -41.295849 -36
v 65.967201 -41.295849 -20.01
v 65.967201 41.295849 -36
v 65.967201 41.295849 -20.01
v 65.967201 42.704151 -36
v 65.967201 42.704151 -20.01
v 66.003586 -42.754757 -36
v 66.003586 -42.754757 -20.01
v 66.003586 -41.245243 -36
v 66.003586 -41.245243 -20.01
v 66.003586 41.245243 -36
v 66.003586 41.245243 -20.01
v 66.003586 42.754757 -36
v 66.003586 42.754757 -20.01
v 66.017769 -36.080944 -36
v 66.017769 36.080944 -36
v 66.042442 -42.803486 -36
v 66.042442 -42.803486 -20.01
v 66.042442 -41.196514 -36
v 66.042442 -41.196514 -20.01
v 66.042442 41.196514 -36
v 66.042442 41.196514 -20.01
v 66.042442 42.803486 -36
v 66.042442 42.803486 -20.01
v 66.051582 -36.075432 28
v 66.051582 36.075432 28
v 66.083687 -42.850216 -36
v 66.083687 -42.850216 -20.01
v 66.083687 -41.149784 -36
v 66.083687 -41.149784 -20.01
v 66.083687 41.149784 -36
v 66.083687 41.149784 -20.01
v 66.083687 42.850216 -36
v 66.083687 42.850216 -20.01
v 66.127205 -42.894833 -36
v 66.127205 -42.894833 -20.01
v 66.127205 -41.105167 -36
v 66.127205 -41.105167 -20.01
v 66.127205 41.105167 -36
v 66.127205 41.105167 -20.01
v 66.127205 42.894833 -36
v 66.127205 42.894833 -20.01
v 66.17289 -42.937225 -36
v 66.17289 -42.937225 -20.01
v 66.17289 -41.062775 -36
v 66.17289 -41.062775 -20.01
v 66.17289 41.062775 -36
v 66.17289 41.062775 -20.01
v 66.17289 42.937225 -36
v 66.17289 42.937225 -20.01
v 66.220634 -42.977291 -36
v 66.220634 -42.977291 -20.01
v 66.220634 -41.022709 -36
v 66.220634 -41.022709 -20.01
v 66.220634 41.022709 -36
v 66.220634 41.022709 -20.01
v 66.220634 42.977291 -36
v 66.220634 42.977291 -20.01
v 66.270317 -43.014923 -36
v 66.270317 -43.014923 -20.01
v 66.270317 -40.985077 -36
v 66.270317 -40.985077 -20.01
v 66.270317 40.985077 -36
v 66.270317 40.985077 -20.01
v 66.270317 43.014923 -36
v 66.270317 43.014923 -20.01
v 66.312897 -36.039471 -36
v 66.312897 36.039471 -36
v 66.321815 -43.050034 -36
v 66.321815 -43.050034 -20.01
v 66.321815 -40.949966 -36
v 66.321815 -40.949966 -20.01
v 66.321815 40.949966 -36
v 66.321815 40.949966 -20.01
v 66.321815 43.050034 -36
v 66.321815 43.050034 -20.01
v 66.345055 -36.035854 28
v 66.345055 36.035854 28
v 66.375 -43.082531 -36
v 66.375 -43.082531 -20.01
v 66.375 -40.917469 -36
v 66.375 -40.917469 -20.01
v 66.375 40.917469 -36
v 66.375 40.917469 -20.01
v 66.375 43.082531 -36
v 66.375 43.082531 -20.01
v 66.429733 -43.112339 -36
v 66.429733 -43.112339 -20.01
v 66.429733 -40.887661 -36
v 66.429733 -40.887661 -20.01
v 66.429733 40.887661 -36
v 66.429733 40.887661 -20.01
v 66.429733 43.112339 -36
v 66.429733 43.112339 -20.01
v 66.485893 -43.139381 -36
v 66.485893 -43.139381 -20.01
v 66.485893 -40.860619 -36
v 66.485893 -40.860619 -20.01
v 66.485893 40.860619 -36
v 66.485893 40.860619 -20.01
v 66.485893 43.139381 -36
v 66.485893 43.139381 -20.01
v 66.543327 -43.163593 -36
v 66.543327 -43.163593 -20.01
v 66.543327 -40.836407 -36
v 66.543327 -40.836407 -20.01
v 66.543327 40.836407 -36
v 66.543327 40.836407 -20.01
v 66.543327 43.163593 -36
v 66.543327 43.163593 -20.01
v 66.601891 -43.18491 -36
v 66.601891 -43.18491 -20.01
v 66.601891 -40.81509 -36
v 66.601891 -40.81509 -20.01
v 66.601891 40.81509 -36
v 66.601891 40.81509 -20.01
v 66.601891 43.18491 -36
v 66.601891 43.18491 -20.01
v 66.609718 -36.012707 -36
v 66.609718 36.012707 -36
v 66.640114 -36.010803 28
v 66.640114 36.010803 28
v 66.661446 -43.203281 -36
v 66.661446 -43.203281 -20.01
v 66.661446 -40.796719 -36
v 66.661446 -40.796719 -20.01
v 66.661446 40.796719 -36
v 66.661446 40.796719 -20.01
v 66.661446 43.203281 -36
v 66.661446 43.203281 -20.01
v 66.721848 -43.218658 -36
v 66.721848 -43.218658 -20.01
v 66.721848 -40.781342 -36
v 66.721848 -40.781342 -20.01
v 66.721848 40.781342 -36
v 66.721848 40.781342 -20.01
v 66.721848 43.218658 -36
v 66.721848 43.218658 -20.01
v 66.782936 -43.23101 -36
v 66.782936 -43.23101 -20.01
v 66.782936 -40.76899 -36
v 66.782936 -40.76899 -20.01
v 66.782936 40.76899 -36
v 66.782936 40.76899 -20.01
v 66.782936 43.23101 -36
v 66.782936 43.23101 -20.01
v 66.844574 -43.240299 -36
v 66.844574 -43.240299 -20.01
v 66.844574 -40.759701 -36
v 66.844574 -40.759701 -20.01
v 66.844574 40.759701 -36
v 66.844574 40.759701 -20.01
v 66.844574 43.240299 -36
v 66.844574 43.240299 -20.01
v 66.906586 -43.246506 -36
v 66.906586 -43.246506 -20.01
v 66.906586 -40.753494 -36
v 66.906586 -40.753494 -20.01
v 66.906586 40.753494 -36
v 66.906586 40.753494 -20.01
v 66.906586 43.246506 -36
v 66.906586 43.246506 -20.01
v 66.907509 -36.000713 -36
v 66.907509 36.000713 -36
v 66.93605 -36.00034 28
v 66.93605 36.00034 28
v 66.968834 -43.249611 -36
v 66.968834 -43.249611 -20.01
v 66.968834 -40.750389 -36
v 66.968834 -40.750389 -20.01
v 66.968834 40.750389 -36
v 66.968834 40.750389 -20.01
v 66.968834 43.249611 -36
v 66.968834 43.249611 -20.01
v 67.031166 -43.249611 -36
v 67.031166 -43.249611 -20.01
v 67.031166 -40.750389 -36
v 67.031166 -40.750389 -20.01
v 67.031166 40.750389 -36
v 67.031166 40.750389 -20.01
v 67.031166 43.249611 -36
v 67.031166 43.249611 -20.01
v 67.093414 -43.246506 -36
v 67.093414 -43.246506 -20.01
v 67.093414 -40.753494 -36
v 67.093414 -40.753494 -20.01
v 67.093414 40.753494 -36
v 67.093414 40.753494 -20.01
v 67.093414 43.246506 -36
v 67.093414 43.246506 -20.01
v 67.155426 -43.240299 -36
v 67.155426 -43.240299 -20.01
v 67.155426 -40.759701 -36
v 67.155426 -40.759701 -20.01
v 67.155426 40.759701 -36
v 67.155426 40.759701 -20.01
v 67.155426 43.240299 -36
v 67.155426 43.240299 -20.01
v 67.205521 -36.003521 -36
v 67.205521 36.003521 -36
v 67.217064 -43.23101 -36
v 67.217064 -43.23101 -20.01
v 67.217064 -40.76899 -36
v 67.217064 -40.76899 -20.01
v 67.217064 40.76899 -36
v 67.217064 40.76899 -20.01
v 67.217064 43.23101 -36
v 67.217064 43.23101 -20.01
v 67.232147 -36.004494 28
v 67.232147 36.004494 28
v 67.278152 -43.218658 -36
v 67.278152 -43.218658 -20.01
v 67.278152 -40.781342 -36
v 67.278152 -40.781342 -20.01
v 67.278152 40.781342 -36
v 67.278152 40.781342 -20.01
v 67.278152 43.218658 -36
v 67.278152 43.218658 -20.01
v 67.338554 -43.203281 -36
v 67.338554 -43.203281 -20.01
v 67.338554 -40.796719 -36
v 67.338554 -40.796719 -20.01
v 67.338554 40.796719 -36
v 67.338554 40.796719 -20.01
v 67.338554 43.203281 -36
v 67.338554 43.203281 -20.01
v 67.398109 -43.18491 -36
v 67.398109 -43.18491 -20.01
v 67.398109 -40.81509 -36
v 67.398109 -40.81509 -20.01
v 67.398109 40.81509 -36
v 67.398109 40.81509 -20.01
v 67.398109 43.18491 -36
v 67.398109 43.18491 -20.01
v 67.456673 -43.163593 -36
v 67.456673 -43.163593 -20.01
v 67.456673 -40.836407 -36
v 67.456673 -40.836407 -20.01
v 67.456673 40.836407 -36
v 67.456673 40.836407 -20.01
v 67.456673 43.163593 -36
v 67.456673 43.163593 -20.01
v 67.503029 -36.021122 -36
v 67.503029 36.021122 -36
v 67.514107 -43.139381 -36
v 67.514107 -43.139381 -20.01
v 67.514107 -40.860619 -36
v 67.514107 -40.860619 -20.01
v 67.514107 40.860619 -36
v 67.514107 40.860619 -20.01
v 67.514107 43.139381 -36
v 67.514107 43.139381 -20.01
v 67.527679 -36.023251 28
v 67.527679 36.023251 28
v 67.570267 -43.112339 -36
v 67.570267 -43.112339 -20.01
v 67.570267 -40.887661 -36
v 67.570267 -40.887661 -20.01
v 67.570267 40.887661 -36
v 67.570267 40.887661 -20.01
v 67.570267 43.112339 -36
v 67.570267 43.112339 -20.01
v 67.625 -43.082531 -36
v 67.625 -43.082531 -20.01
v 67.625 -40.917469 -36
v 67.625 -40.917469 -20.01
v 67.625 40.917469 -36
v 67.625 40.917469 -20.01
v 67.625 43.082531 -36
v 67.625 43.082531 -20.01
v 67.678185 -43.050034 -36
v 67.678185 -43.050034 -20.01
v 67.678185 -40.949966 -36
v 67.678185 -40.949966 -20.01
v 67.678185 40.949966 -36
v 67.678185 40.949966 -20.01
v 67.678185 43.050034 -36
v 67.678185 43.050034 -20.01
v 67.729683 -43.014923 -36
v 67.729683 -43.014923 -20.01
v 67.729683 -40.985077 -36
v 67.729683 -40.985077 -20.01
v 67.729683 40.985077 -36
v 67.729683 40.985077 -20.01
v 67.729683 43.014923 -36
v 67.729683 43.014923 -20.01
v 67.75 -31 30
v 67.75 -31 38.799999
v 67.75 -19 30
v 67.75 -19 38.799999
v 67.75 19 30
v 67.75 19 38.799999
v 67.75 31 30
v 67.75 31 38.799999
v 67.751556 -31.062307 30
v 67.751556 -31.062307 38.799999
v 67.751556 -30.937693 30
v 67.751556 -30.937693 38.799999
v 67.751556 -19.062307 30
v 67.751556 -19.062307 38.799999
v 67.751556 -18.937693 30
v 67.751556 -18.937693 38.799999
v 67.751556 18.937693 30
v 67.751556 18.937693 38.799999
v 67.751556 19.062307 30
v 67.751556 19.062307 38.799999
v 67.751556 30.937693 30
v 67.751556 30.937693 38.799999
v 67.751556 31.062307 30
v 67.751556 31.062307 38.799999
v 67.75621 -31.12446 30
v 67.75621 -31.12446 38.799999
v 67.75621 -30.87554 30
v 67.75621 -30.87554 38.799999
v 67.75621 -19.12446 30
v 67.75621 -19.12446 38.799999
v 67.75621 -18.87554 30
v 67.75621 -18.87554 38.799999
v 67.75621 18.87554 30
v 67.75621 18.87554 38.799999
v 67.75621 19.12446 30
v 67.75621 19.12446 38.799999
v 67.75621 30.87554 30
v 67.75621 30.87554 38.799999
v 67.75621 31.12446 30
v 67.75621 31.12446 38.799999
v 67.763962 -31.186302 30
v 67.763962 -31.186302 38.799999
v 67.763962 -30.813698 30
v 67.763962 -30.813698 38.799999
v 67.763962 -19.186302 30
v 67.763962 -19.186302 38.799999
v 67.763962 -18.813698 30
v 67.763962 -18.813698 38.799999
v 67.763962 18.813698 30
v 67.763962 18.813698 38.799999
v 67.763962 19.186302 30
v 67.763962 19.186302 38.799999
v 67.763962 30.813698 30
v 67.763962 30.813698 38.799999
v 67.763962 31.186302 30
v 67.763962 31.186302 38.799999
v 67.774788 -31.247683 30
v 67.774788 -31.247683 38.799999
v 67.774788 -30.752317 30
v 67.774788 -30.752317 38.799999
v 67.774788 -19.247683 30
v 67.774788 -19.247683 38.799999
v 67.774788 -18.752317 30
v 67.774788 -18.752317 38.799999
v 67.774788 18.752317 30
v 67.774788 18.752317 38.799999
v 67.774788 19.247683 30
v 67.774788 19.247683 38.799999
v 67.774788 30.752317 30
v 67.774788 30.752317 38.799999
v 67.774788 31.247683 30
v 67.774788 31.247683 38.799999
v 67.779366 -42.977291 -36
v 67.779366 -42.977291 -20.01
v 67.779366 -41.022709 -36
v 67.779366 -41.022709 -20.01
v 67.779366 41.022709 -36
v 67.779366 41.022709 -20.01
v 67.779366 42.977291 -36
v 67.779366 42.977291 -20.01
v 67.788651 -31.308447 30
v 67.788651 -31.308447 38.799999
v 67.788651 -30.691553 30
v 67.788651 -30.691553 38.799999
v 67.788651 -19.308447 30
v 67.788651 -19.308447 38.799999
v 67.788651 -18.691553 30
v 67.788651 -18.691553 38.799999
v 67.788651 18.691553 30
v 67.788651 18.691553 38.799999
v 67.788651 19.308447 30
v 67.788651 19.308447 38.799999
v 67.788651 30.691553 30
v 67.788651 30.691553 38.799999
v 67.788651 31.308447 30
v 67.788651 31.308447 38.799999
v 67.799294 -36.053478 -36
v 67.799294 36.053478 -36
v 67.805534 -31.368444 30
v 67.805534 -31.368444 38.799999
v 67.805534 -30.631556 30
v 67.805534 -30.631556 38.799999
v 67.805534 -19.368444 30
v 67.805534 -19.368444 38.799999
v 67.805534 -18.631556 30
v 67.805534 -18.631556 38.799999
v 67.805534 18.631556 30
v 67.805534 18.631556 38.799999
v 67.805534 19.368444 30
v 67.805534 19.368444 38.799999
v 67.805534 30.631556 30
v 67.805534 30.631556 38.799999
v 67.805534 31.368444 30
v 67.805534 31.368444 38.799999
v 67.821922 -36.056564 28
v 67.821922 36.056564 28
v 67.825386 -31.427525 30
v 67.825386 -31.427525 38.799999
v 67.825386 -30.572475 30
v 67.825386 -30.572475 38.799999
v 67.825386 -19.427525 30
v 67.825386 -19.427525 38.799999
v 67.825386 -18.572475 30
v 67.825386 -18.572475 38.799999
v 67.825386 18.572475 30
v 67.825386 18.572475 38.799999
v 67.825386 19.427525 30
v 67.825386 19.427525 38.799999
v 67.825386 30.572475 30
v 67.825386 30.572475 38.799999
v 67.825386 31.427525 30
v 67.825386 31.427525 38.799999
v 67.82711 -42.937225 -36
v 67.82711 -42.937225 -20.01
v 67.82711 -41.062775 -36
v 67.82711 -41.062775 -20.01
v 67.82711 41.062775 -36
v 67.82711 41.062775 -20.01
v 67.82711 42.937225 -36
v 67.82711 42.937225 -20.01
v 67.848152 -31.485544 30
v 67.848152 -31.485544 38.799999
v 67.848152 -30.514456 30
v 67.848152 -30.514456 38.799999
v 67.848152 -19.485544 30
v 67.848152 -19.485544 38.799999
v 67.848152 -18.514456 30
v 67.848152 -18.514456 38.799999
v 67.848152 18.514456 30
v 67.848152 18.514456 38.799999
v 67.848152 19.485544 30
v 67.848152 19.485544 38.799999
v 67.848152 30.514456 30
v 67.848152 30.514456 38.799999
v 67.848152 31.485544 30
v 67.848152 31.485544 38.799999
v 67.872795 -42.894833 -36
v 67.872795 -42.894833 -20.01
v 67.872795 -41.105167 -36
v 67.872795 -41.105167 -20.01
v 67.872795 41.105167 -36
v 67.872795 41.105167 -20.01
v 67.872795 42.894833 -36
v 67.872795 42.894833 -20.01
v 67.873787 -31.542355 30
v 67.873787 -31.542355 38.799999
v 67.873787 -30.457645 30
v 67.873787 -30.457645 38.799999
v 67.873787 -19.542355 30
v 67.873787 -19.542355 38.799999
v 67.873787 -18.457645 30
v 67.873787 -18.457645 38.799999
v 67.873787 18.457645 30
v 67.873787 18.457645 38.799999
v 67.873787 19.542355 30
v 67.873787 19.542355 38.799999
v 67.873787 30.457645 30
v 67.873787 30.457645 38.799999
v 67.873787 31.542355 30
v 67.873787 31.542355 38.799999
v 67.902222 -31.597818 30
v 67.902222 -31.597818 38.799999
v 67.902222 -30.402182 30
v 67.902222 -30.402182 38.799999
v 67.902222 -19.597818 30
v 67.902222 -19.597818 38.799999
v 67.902222 -18.402182 30
v 67.902222 -18.402182 38.799999
v 67.902222 18.402182 30
v 67.902222 18.402182 38.799999
v 67.902222 19.597818 30
v 67.902222 19.597818 38.799999
v 67.902222 30.402182 30
v 67.902222 30.402182 38.799999
v 67.902222 31.597818 30
v 67.902222 31.597818 38.799999
v 67.916313 -42.850216 -36
v 67.916313 -42.850216 -20.01
v 67.916313 -41.149784 -36
v 67.916313 -41.149784 -20.01
v 67.916313 41.149784 -36
v 67.916313 41.149784 -20.01
v 67.916313 42.850216 -36
v 67.916313 42.850216 -20.01
v 67.933388 -31.651794 30
v 67.933388 -31.651794 38.799999
v 67.933388 -30.348206 30
v 67.933388 -30.348206 38.799999
v 67.933388 -19.651794 30
v 67.933388 -19.651794 38.799999
v 67.933388 -18.348206 30
v 67.933388 -18.348206 38.799999
v 67.933388 18.348206 30
v 67.933388 18.348206 38.799999
v 67.933388 19.651794 30
v 67.933388 19.651794 38.799999
v 67.933388 30.348206 30
v 67.933388 30.348206 38.799999
v 67.933388 31.651794 30
v 67.933388 31.651794 38.799999
v 67.957558 -42.803486 -36
v 67.957558 -42.803486 -20.01
v 67.957558 -41.196514 -36
v 67.957558 -41.196514 -20.01
v 67.957558 41.196514 -36
v 67.957558 41.196514 -20.01
v 67.957558 42.803486 -36
v 67.957558 42.803486 -20.01
v 67.967201 -31.704149 30
v 67.967201 -31.704149 38.799999
v 67.967201 -30.295851 30
v 67.967201 -30.295851 38.799999
v 67.967201 -19.704149 30
v 67.967201 -19.704149 38.799999
v 67.967201 -18.295851 30
v 67.967201 -18.295851 38.799999
v 67.967201 18.295851 30
v 67.967201 18.295851 38.799999
v 67.967201 19.704149 30
v 67.967201 19.704149 38.799999
v 67.967201 30.295851 30
v 67.967201 30.295851 38.799999
v 67.967201 31.704149 30
v 67.967201 31.704149 38.799999
v 67.996414 -42.754757 -36
v 67.996414 -42.754757 -20.01
v 67.996414 -41.245243 -36
v 67.996414 -41.245243 -20.01
v 67.996414 41.245243 -36
v 67.996414 41.245243 -20.01
v 67.996414 42.754757 -36
v 67.996414 42.754757 -20.01
v 68.003586 -31.754755 30
v 68.003586 -31.754755 38.799999
v 68.003586 -30.245245 30
v 68.003586 -30.245245 38.799999
v 68.003586 -19.754755 30
v 68.003586 -19.754755 38.799999
v 68.003586 -18.245245 30
v 68.003586 -18.245245 38.799999
v 68.003586 18.245245 30
v 68.003586 18.245245 38.799999
v 68.003586 19.754755 30
v 68.003586 19.754755 38.799999
v 68.003586 30.245245 30
v 68.003586 30.245245 38.799999
v 68.003586 31.754755 30
v 68.003586 31.754755 38.799999
v 68.032799 -42.704151 -36
v 68.032799 -42.704151 -20.01
v 68.032799 -41.295849 -36
v 68.032799 -41.295849 -20.01
v 68.032799 41.295849 -36
v 68.032799 41.295849 -20.01
v 68.032799 42.704151 -36
v 68.032799 42.704151 -20.01
v 68.042442 -31.803484 30
v 68.042442 -31.803484 38.799999
v 68.042442 -30.196516 30
v 68.042442 -30.196516 38.799999
v 68.042442 -19.803484 30
v 68.042442 -19.803484 38.799999
v 68.042442 -18.196516 30
v 68.042442 -18.196516 38.799999
v 68.042442 18.196516 30
v 68.042442 18.196516 38.799999
v 68.042442 19.803484 30
v 68.042442 19.803484 38.799999
v 68.042442 30.196516 30
v 68.042442 30.196516 38.799999
v 68.042442 31.803484 30
v 68.042442 31.803484 38.799999
v 68.066612 -42.651794 -36
v 68.066612 -42.651794 -20.01
v 68.066612 -41.348206 -36
v 68.066612 -41.348206 -20.01
v 68.066612 41.348206 -36
v 68.066612 41.348206 -20.01
v 68.066612 42.651794 -36
v 68.066612 42.651794 -20.01
v 68.083687 -31.850216 30
v 68.083687 -31.850216 38.799999
v 68.083687 -30.149784 30
v 68.083687 -30.149784 38.799999
v 68.083687 -19.850216 30
v 68.083687 -19.850216 38.799999
v 68.083687 -18.149784 30
v 68.083687 -18.149784 38.799999
v 68.083687 18.149784 30
v 68.083687 18.149784 38.799999
v 68.083687 19.850216 30
v 68.083687 19.850216 38.799999
v 68.083687 30.149784 30
v 68.083687 30.149784 38.799999
v 68.083687 31.850216 30
v 68.083687 31.850216 38.799999
v 68.093582 -36.100502 -36
v 68.093582 36.100502 -36
v 68.097778 -42.597816 -36
v 68.097778 -42.597816 -20.01
v 68.097778 -41.402184 -36
v 68.097778 -41.402184 -20.01
v 68.097778 41.402184 -36
v 68.097778 41.402184 -20.01
v 68.097778 42.597816 -36
v 68.097778 42.597816 -20.01
v 68.114166 -36.104355 28
v 68.114166 36.104355 28
v 68.126213 -42.542355 -36
v 68.126213 -42.542355 -20.01
v 68.126213 -41.457645 -36
v 68.126213 -41.457645 -20.01
v 68.126213 41.457645 -36
v 68.126213 41.457645 -20.01
v 68.126213 42.542355 -36
v 68.126213 42.542355 -20.01
v 68.127205 -31.894833 30
v 68.127205 -31.894833 38.799999
v 68.127205 -30.105167 30
v 68.127205 -30.105167 38.799999
v 68.127205 -19.894833 30
v 68.127205 -19.894833 38.799999
v 68.127205 -18.105167 30
v 68.127205 -18.105167 38.799999
v 68.127205 18.105167 30
v 68.127205 18.105167 38.799999
v 68.127205 19.894833 30
v 68.127205 19.894833 38.799999
v 68.127205 30.105167 30
v 68.127205 30.105167 38.799999
v 68.127205 31.894833 30
v 68.127205 31.894833 38.799999
v 68.151848 -42.485542 -36
v 68.151848 -42.485542 -20.01
v 68.151848 -41.514458 -36
v 68.151848 -41.514458 -20.01
v 68.151848 41.514458 -36
v 68.151848 41.514458 -20.01
v 68.151848 42.485542 -36
v 68.151848 42.485542 -20.01
v 68.17289 -31.937227 30
v 68.17289 -31.937227 38.799999
v 68.17289 -30.062773 30
v 68.17289 -30.062773 38.799999
v 68.17289 -19.937227 30
v 68.17289 -19.937227 38.799999
v 68.17289 -18.062773 30
v 68.17289 -18.062773 38.799999
v 68.17289 18.062773 30
v 68.17289 18.062773 38.799999
v 68.17289 19.937227 30
v 68.17289 19.937227 38.799999
v 68.17289 30.062773 30
v 68.17289 30.062773 38.799999
v 68.17289 31.937227 30
v 68.17289 31.937227 38.799999
v 68.174614 -42.427525 -36
v 68.174614 -42.427525 -20.01
v 68.174614 -41.572475 -36
v 68.174614 -41.572475 -20.01
v 68.174614 41.572475 -36
v 68.174614 41.572475 -20.01
v 68.174614 42.427525 -36
v 68.174614 42.427525 -20.01
v 68.194466 -42.368443 -36
v 68.194466 -42.368443 -20.01
v 68.194466 -41.631557 -36
v 68.194466 -41.631557 -20.01
v 68.194466 41.631557 -36
v 68.194466 41.631557 -20.01
v 68.194466 42.368443 -36
v 68.194466 42.368443 -20.01
v 68.211349 -42.308445 -36
v 68.211349 -42.308445 -20.01
v 68.211349 -41.691555 -36
v 68.211349 -41.691555 -20.01
v 68.211349 41.691555 -36
v 68.211349 41.691555 -20.01
v 68.211349 42.308445 -36
v 68.211349 42.308445 -20.01
v 68.220634 -31.977289 30
v 68.220634 -31.977289 38.799999
v 68.220634 -30.022711 30
v 68.220634 -30.022711 38.799999
v 68.220634 -19.977289 30
v 68.220634 -19.977289 38.799999
v 68.220634 -18.022711 30
v 68.220634 -18.022711 38.799999
v 68.220634 18.022711 30
v 68.220634 18.022711 38.799999
v 68.220634 19.977289 30
v 68.220634 19.977289 38.799999
v 68.220634 30.022711 30
v 68.220634 30.022711 38.799999
v 68.220634 31.977289 30
v 68.220634 31.977289 38.799999
v 68.225212 -42.247684 -36
v 68.225212 -42.247684 -20.01
v 68.225212 -41.752316 -36
v 68.225212 -41.752316 -20.01
v 68.225212 41.752316 -36
v 68.225212 41.752316 -20.01
v 68.225212 42.247684 -36
v 68.225212 42.247684 -20.01
v 68.236038 -42.186302 -36
v 68.236038 -42.186302 -20.01
v 68.236038 -41.813698 -36
v 68.236038 -41.813698 -20.01
v 68.236038 41.813698 -36
v 68.236038 41.813698 -20.01
v 68.236038 42.186302 -36
v 68.236038 42.186302 -20.01
v 68.24379 -42.124458 -36
v 68.24379 -42.124458 -20.01
v 68.24379 -41.875542 -36
v 68.24379 -41.875542 -20.01
v 68.24379 41.875542 -36
v 68.24379 41.875542 -20.01
v 68.24379 42.124458 -36
v 68.24379 42.124458 -20.01
v 68.248444 -42.062305 -36
v 68.248444 -42.062305 -20.01
v 68.248444 -41.937695 -36
v 68.248444 -41.937695 -20.01
v 68.248444 41.937695 -36
v 68.248444 41.937695 -20.01
v 68.248444 42.062305 -36
v 68.248444 42.062305 -20.01
v 68.25 -42 -36
v 68.25 -42 -20.01
v 68.25 42 -36
v 68.25 42 -20.01
v 68.270317 -32.014923 30
v 68.270317 -32.014923 38.799999
v 68.270317 -29.985077 30
v 68.270317 -29.985077 38.799999
v 68.270317 -20.014923 30
v 68.270317 -20.014923 38.799999
v 68.270317 -17.985077 30
v 68.270317 -17.985077 38.799999
v 68.270317 17.985077 30
v 68.270317 17.985077 38.799999
v 68.270317 20.014923 30
v 68.270317 20.014923 38.799999
v 68.270317 29.985077 30
v 68.270317 29.985077 38.799999
v 68.270317 32.014923 30
v 68.270317 32.014923 38.799999
v 68.321815 -32.050034 30
v 68.321815 -32.050034 38.799999
v 68.321815 -29.949968 30
v 68.321815 -29.949968 38.799999
v 68.321815 -20.050032 30
v 68.321815 -20.050032 38.799999
v 68.321815 -17.949968 30
v 68.321815 -17.949968 38.799999
v 68.321815 17.949968 30
v 68.321815 17.949968 38.799999
v 68.321815 20.050032 30
v 68.321815 20.050032 38.799999
v 68.321815 29.949968 30
v 68.321815 29.949968 38.799999
v 68.321815 32.050034 30
v 68.321815 32.050034 38.799999
v 68.375 -32.082531 30
v 68.375 -32.082531 38.799999
v 68.375 -29.917469 30
v 68.375 -29.917469 38.799999
v 68.375 -20.082531 30
v 68.375 -20.082531 38.799999
v 68.375 -17.917469 30
v 68.375 -17.917469 38.799999
v 68.375 17.917469 30
v 68.375 17.917469 38.799999
v 68.375 20.082531 30
v 68.375 20.082531 38.799999
v 68.375 29.917469 30
v 68.375 29.917469 38.799999
v 68.375 32.082531 30
v 68.375 32.082531 38.799999
v 68.385178 -36.162083 -36
v 68.385178 36.162083 -36
v 68.403694 -36.166508 28
v 68.403694 36.166508 28
v 68.429733 -32.112339 30
v 68.429733 -32.112339 38.799999
v 68.429733 -29.887661 30
v 68.429733 -29.887661 38.799999
v 68.429733 -20.112339 30
v 68.429733 -20.112339 38.799999
v 68.429733 -17.887661 30
v 68.429733 -17.887661 38.799999
v 68.429733 17.887661 30
v 68.429733 17.887661 38.799999
v 68.429733 20.112339 30
v 68.429733 20.112339 38.799999
v 68.429733 29.887661 30
v 68.429733 29.887661 38.799999
v 68.429733 32.112339 30
v 68.429733 32.112339 38.799999
v 68.485893 -32.139381 30
v 68.485893 -32.139381 38.799999
v 68.485893 -29.860619 30
v 68.485893 -29.860619 38.799999
v 68.485893 -20.139381 30
v 68.485893 -20.139381 38.799999
v 68.485893 -17.860619 30
v 68.485893 -17.860619 38.799999
v 68.485893 17.860619 30
v 68.485893 17.860619 38.799999
v 68.485893 20.139381 30
v 68.485893 20.139381 38.799999
v 68.485893 29.860619 30
v 68.485893 29.860619 38.799999
v 68.485893 32.139381 30
v 68.485893 32.139381 38.799999
v 68.543327 -32.163593 30
v 68.543327 -32.163593 38.799999
v 68.543327 -29.836409 30
v 68.543327 -29.836409 38.799999
v 68.543327 -20.163591 30
v 68.543327 -20.163591 38.799999
v 68.543327 -17.836409 30
v 68.543327 -17.836409 38.799999
v 68.543327 17.836409 30
v 68.543327 17.836409 38.799999
v 68.543327 20.163591 30
v 68.543327 20.163591 38.799999
v 68.543327 29.836409 30
v 68.543327 29.836409 38.799999
v 68.543327 32.163593 30
v 68.543327 32.163593 38.799999
v 68.601891 -32.18491 30
v 68.601891 -32.18491 38.799999
v 68.601891 -29.81509 30
v 68.601891 -29.81509 38.799999
v 68.601891 -20.18491 30
v 68.601891 -20.18491 38.799999
v 68.601891 -17.81509 30
v 68.601891 -17.81509 38.799999
v 68.601891 17.81509 30
v 68.601891 17.81509 38.799999
v 68.601891 20.18491 30
v 68.601891 20.18491 38.799999
v 68.601891 29.81509 30
v 68.601891 29.81509 38.799999
v 68.601891 32.18491 30
v 68.601891 32.18491 38.799999
v 68.661446 -32.203281 30
v 68.661446 -32.203281 38.799999
v 68.661446 -29.796721 30
v 68.661446 -29.796721 38.799999
v 68.661446 -20.203279 30
v 68.661446 -20.203279 38.799999
v 68.661446 -17.796721 30
v 68.661446 -17.796721 38.799999
v 68.661446 17.796721 30
v 68.661446 17.796721 38.799999
v 68.661446 20.203279 30
v 68.661446 20.203279 38.799999
v 68.661446 29.796721 30
v 68.661446 29.796721 38.799999
v 68.661446 32.203281 30
v 68.661446 32.203281 38.799999
v 68.673363 -36.238068 -36
v 68.673363 36.238068 -36
v 68.689804 -36.242867 28
v 68.689804 36.242867 28
v 68.721848 -32.218658 30
v 68.721848 -32.218658 38.799999
v 68.721848 -29.78134 30
v 68.721848 -29.78134 38.799999
v 68.721848 -20.21866 30
v 68.721848 -20.21866 38.799999
v 68.721848 -17.78134 30
v 68.721848 -17.78134 38.799999
v 68.721848 17.78134 30
v 68.721848 17.78134 38.799999
v 68.721848 20.21866 30
v 68.721848 20.21866 38.799999
v 68.721848 29.78134 30
v 68.721848 29.78134 38.799999
v 68.721848 32.218658 30
v 68.721848 32.218658 38.799999
v 68.782936 -32.23101 30
v 68.782936 -32.23101 38.799999
v 68.782936 -29.76899 30
v 68.782936 -29.76899 38.799999
v 68.782936 -20.23101 30
v 68.782936 -20.23101 38.799999
v 68.782936 -17.76899 30
v 68.782936 -17.76899 38.799999
v 68.782936 17.76899 30
v 68.782936 17.76899 38.799999
v 68.782936 20.23101 30
v 68.782936 20.23101 38.799999
v 68.782936 29.76899 30
v 68.782936 29.76899 38.799999
v 68.782936 32.23101 30
v 68.782936 32.23101 38.799999
v 68.844574 -32.240299 30
v 68.844574 -32.240299 38.799999
v 68.844574 -29.759701 30
v 68.844574 -29.759701 38.799999
v 68.844574 -20.240299 30
v 68.844574 -20.240299 38.799999
v 68.844574 -17.759701 30
v 68.844574 -17.759701 38.799999
v 68.844574 17.759701 30
v 68.844574 17.759701 38.799999
v 68.844574 20.240299 30
v 68.844574 20.240299 38.799999
v 68.844574 29.759701 30
v 68.844574 29.759701 38.799999
v 68.844574 32.240299 30
v 68.844574 32.240299 38.799999
v 68.906586 -32.246506 30
v 68.906586 -32.246506 38.799999
v 68.906586 -29.753496 30
v 68.906586 -29.753496 38.799999
v 68.906586 -20.246504 30
v 68.906586 -20.246504 38.799999
v 68.906586 -17.753496 30
v 68.906586 -17.753496 38.799999
v 68.906586 17.753496 30
v 68.906586 17.753496 38.799999
v 68.906586 20.246504 30
v 68.906586 20.246504 38.799999
v 68.906586 29.753496 30
v 68.906586 29.753496 38.799999
v 68.906586 32.246506 30
v 68.906586 32.246506 38.799999
v 68.957405 -36.328266 -36
v 68.957405 36.328266 -36
v 68.968834 -32.249611 30
v 68.968834 -32.249611 38.799999
v 68.968834 -29.750389 30
v 68.968834 -29.750389 38.799999
v 68.968834 -20.249611 30
v 68.968834 -20.249611 38.799999
v 68.968834 -17.750389 30
v 68.968834 -17.750389 38.799999
v 68.968834 17.750389 30
v 68.968834 17.750389 38.799999
v 68.968834 20.249611 30
v 68.968834 20.249611 38.799999
v 68.968834 29.750389 30
v 68.968834 29.750389 38.799999
v 68.968834 32.249611 30
v 68.968834 32.249611 38.799999
v 68.971794 -36.333252 28
v 68.971794 36.333252 28
v 69.031166 -32.249611 30
v 69.031166 -32.249611 38.799999
v 69.031166 -29.750389 30
v 69.031166 -29.750389 38.799999
v 69.031166 -20.249611 30
v 69.031166 -20.249611 38.799999
v 69.031166 -17.750389 30
v 69.031166 -17.750389 38.799999
v 69.031166 17.750389 30
v 69.031166 17.750389 38.799999
v 69.031166 20.249611 30
v 69.031166 20.249611 38.799999
v 69.031166 29.750389 30
v 69.031166 29.750389 38.799999
v 69.031166 32.249611 30
v 69.031166 32.249611 38.799999
v 69.093414 -32.246506 30
v 69.093414 -32.246506 38.799999
v 69.093414 -29.753496 30
v 69.093414 -29.753496 38.799999
v 69.093414 -20.246504 30
v 69.093414 -20.246504 38.799999
v 69.093414 -17.753496 30
v 69.093414 -17.753496 38.799999
v 69.093414 17.753496 30
v 69.093414 17.753496 38.799999
v 69.093414 20.246504 30
v 69.093414 20.246504 38.799999
v 69.093414 29.753496 30
v 69.093414 29.753496 38.799999
v 69.093414 32.246506 30
v 69.093414 32.246506 38.799999
v 69.155426 -32.240299 30
v 69.155426 -32.240299 38.799999
v 69.155426 -29.759701 30
v 69.155426 -29.759701 38.799999
v 69.155426 -20.240299 30
v 69.155426 -20.240299 38.799999
v 69.155426 -17.759701 30
v 69.155426 -17.759701 38.799999
v 69.155426 17.759701 30
v 69.155426 17.759701 38.799999
v 69.155426 20.240299 30
v 69.155426 20.240299 38.799999
v 69.155426 29.759701 30
v 69.155426 29.759701 38.799999
v 69.155426 32.240299 30
v 69.155426 32.240299 38.799999
v 69.217064 -32.23101 30
v 69.217064 -32.23101 38.799999
v 69.217064 -29.76899 30
v 69.217064 -29.76899 38.799999
v 69.217064 -20.23101 30
v 69.217064 -20.23101 38.799999
v 69.217064 -17.76899 30
v 69.217064 -17.76899 38.799999
v 69.217064 17.76899 30
v 69.217064 17.76899 38.799999
v 69.217064 20.23101 30
v 69.217064 20.23101 38.799999
v 69.217064 29.76899 30
v 69.217064 29.76899 38.799999
v 69.217064 32.23101 30
v 69.217064 32.23101 38.799999
v 69.236626 -36.432461 -36
v 69.236626 36.432461 -36
v 69.248985 -36.437443 28
v 69.248985 36.437443 28
v 69.278152 -32.218658 30
v 69.278152 -32.218658 38.799999
v 69.278152 -29.78134 30
v 69.278152 -29.78134 38.799999
v 69.278152 -20.21866 30
v 69.278152 -20.21866 38.799999
v 69.278152 -17.78134 30
v 69.278152 -17.78134 38.799999
v 69.278152 17.78134 30
v 69.278152 17.78134 38.799999
v 69.278152 20.21866 30
v 69.278152 20.21866 38.799999
v 69.278152 29.78134 30
v 69.278152 29.78134 38.799999
v 69.278152 32.218658 30
v 69.278152 32.218658 38.799999
v 69.338554 -32.203281 30
v 69.338554 -32.203281 38.799999
v 69.338554 -29.796721 30
v 69.338554 -29.796721 38.799999
v 69.338554 -20.203279 30
v 69.338554 -20.203279 38.799999
v 69.338554 -17.796721 30
v 69.338554 -17.796721 38.799999
v 69.338554 17.796721 30
v 69.338554 17.796721 38.799999
v 69.338554 20.203279 30
v 69.338554 20.203279 38.799999
v 69.338554 29.796721 30
v 69.338554 29.796721 38.799999
v 69.338554 32.203281 30
v 69.338554 32.203281 38.799999
v 69.398109 -32.18491 30
v 69.398109 -32.18491 38.799999
v 69.398109 -29.81509 30
v 69.398109 -29.81509 38.799999
v 69.398109 -20.18491 30
v 69.398109 -20.18491 38.799999
v 69.398109 -17.81509 30
v 69.398109 -17.81509 38.799999
v 69.398109 17.81509 30
v 69.398109 17.81509 38.799999
v 69.398109 20.18491 30
v 69.398109 20.18491 38.799999
v 69.398109 29.81509 30
v 69.398109 29.81509 38.799999
v 69.398109 32.18491 30
v 69.398109 32.18491 38.799999
v 69.456673 -32.163593 30
v 69.456673 -32.163593 38.799999
v 69.456673 -29.836409 30
v 69.456673 -29.836409 38.799999
v 69.456673 -20.163591 30
v 69.456673 -20.163591 38.799999
v 69.456673 -17.836409 30
v 69.456673 -17.836409 38.799999
v 69.456673 17.836409 30
v 69.456673 17.836409 38.799999
v 69.456673 20.163591 30
v 69.456673 20.163591 38.799999
v 69.456673 29.836409 30
v 69.456673 29.836409 38.799999
v 69.456673 32.163593 30
v 69.456673 32.163593 38.799999
v 69.51033 -36.550392 -36
v 69.51033 36.550392 -36
v 69.514107 -32.139381 30
v 69.514107 -32.139381 38.799999
v 69.514107 -29.860619 30
v 69.514107 -29.860619 38.799999
v 69.514107 -20.139381 30
v 69.514107 -20.139381 38.799999
v 69.514107 -17.860619 30
v 69.514107 -17.860619 38.799999
v 69.514107 17.860619 30
v 69.514107 17.860619 38.799999
v 69.514107 20.139381 30
v 69.514107 20.139381 38.799999
v 69.514107 29.860619 30
v 69.514107 29.860619 38.799999
v 69.514107 32.139381 30
v 69.514107 32.139381 38.799999
v 69.520699 -36.55518 28
v 69.520699 36.55518 28
v 69.570267 -32.112339 30
v 69.570267 -32.112339 38.799999
v 69.570267 -29.887661 30
v 69.570267 -29.887661 38.799999
v 69.570267 -20.112339 30
v 69.570267 -20.112339 38.799999
v 69.570267 -17.887661 30
v 69.570267 -17.887661 38.799999
v 69.570267 17.887661 30
v 69.570267 17.887661 38.799999
v 69.570267 20.112339 30
v 69.570267 20.112339 38.799999
v 69.570267 29.887661 30
v 69.570267 29.887661 38.799999
v 69.570267 32.112339 30
v 69.570267 32.112339 38.799999
v 69.625 -32.082531 30
v 69.625 -32.082531 38.799999
v 69.625 -29.917469 30
v 69.625 -29.917469 38.799999
v 69.625 -20.082531 30
v 69.625 -20.082531 38.799999
v 69.625 -17.917469 30
v 69.625 -17.917469 38.799999
v 69.625 17.917469 30
v 69.625 17.917469 38.799999
v 69.625 20.082531 30
v 69.625 20.082531 38.799999
v 69.625 29.917469 30
v 69.625 29.917469 38.799999
v 69.625 32.082531 30
v 69.625 32.082531 38.799999
v 69.678185 -32.050034 30
v 69.678185 -32.050034 38.799999
v 69.678185 -29.949968 30
v 69.678185 -29.949968 38.799999
v 69.678185 -20.050032 30
v 69.678185 -20.050032 38.799999
v 69.678185 -17.949968 30
v 69.678185 -17.949968 38.799999
v 69.678185 17.949968 30
v 69.678185 17.949968 38.799999
v 69.678185 20.050032 30
v 69.678185 20.050032 38.799999
v 69.678185 29.949968 30
v 69.678185 29.949968 38.799999
v 69.678185 32.050034 30
v 69.678185 32.050034 38.799999
v 69.729683 -32.014923 30
v 69.729683 -32.014923 38.799999
v 69.729683 -29.985077 30
v 69.729683 -29.985077 38.799999
v 69.729683 -20.014923 30
v 69.729683 -20.014923 38.799999
v 69.729683 -17.985077 30
v 69.729683 -17.985077 38.799999
v 69.729683 17.985077 30
v 69.729683 17.985077 38.799999
v 69.729683 20.014923 30
v 69.729683 20.014923 38.799999
v 69.729683 29.985077 30
v 69.729683 29.985077 38.799999
v 69.729683 32.014923 30
v 69.729683 32.014923 38.799999
v 69.77784 -36.681767 -36
v 69.77784 36.681767 -36
v 69.779366 -31.977289 30
v 69.779366 -31.977289 38.799999
v 69.779366 -30.022711 30
v 69.779366 -30.022711 38.799999
v 69.779366 -19.977289 30
v 69.779366 -19.977289 38.799999
v 69.779366 -18.022711 30
v 69.779366 -18.022711 38.799999
v 69.779366 18.022711 30
v 69.779366 18.022711 38.799999
v 69.779366 19.977289 30
v 69.779366 19.977289 38.799999
v 69.779366 30.022711 30
v 69.779366 30.022711 38.799999
v 69.779366 31.977289 30
v 69.779366 31.977289 38.799999
v 69.78627 -36.68618 28
v 69.78627 36.68618 28
v 69.82711 -31.937227 30
v 69.82711 -31.937227 38.799999
v 69.82711 -30.062773 30
v 69.82711 -30.062773 38.799999
v 69.82711 -19.937227 30
v 69.82711 -19.937227 38.799999
v 69.82711 -18.062773 30
v 69.82711 -18.062773 38.799999
v 69.82711 18.062773 30
v 69.82711 18.062773 38.799999
v 69.82711 19.937227 30
v 69.82711 19.937227 38.799999
v 69.82711 30.062773 30
v 69.82711 30.062773 38.799999
v 69.82711 31.937227 30
v 69.82711 31.937227 38.799999
v 69.872795 -31.894833 30
v 69.872795 -31.894833 38.799999
v 69.872795 -30.105167 30
v 69.872795 -30.105167 38.799999
v 69.872795 -19.894833 30
v 69.872795 -19.894833 38.799999
v 69.872795 -18.105167 30
v 69.872795 -18.105167 38.799999
v 69.872795 18.105167 30
v 69.872795 18.105167 38.799999
v 69.872795 19.894833 30
v 69.872795 19.894833 38.799999
v 69.872795 30.105167 30
v 69.872795 30.105167 38.799999
v 69.872795 31.894833 30
v 69.872795 31.894833 38.799999
v 69.916313 -31.850216 30
v 69.916313 -31.850216 38.799999
v 69.916313 -30.149784 30
v 69.916313 -30.149784 38.799999
v 69.916313 -19.850216 30
v 69.916313 -19.850216 38.799999
v 69.916313 -18.149784 30
v 69.916313 -18.149784 38.799999
v 69.916313 18.149784 30
v 69.916313 18.149784 38.799999
v 69.916313 19.850216 30
v 69.916313 19.850216 38.799999
v 69.916313 30.149784 30
v 69.916313 30.149784 38.799999
v 69.916313 31.850216 30
v 69.916313 31.850216 38.799999
v 69.957558 -31.803484 30
v 69.957558 -31.803484 38.799999
v 69.957558 -30.196516 30
v 69.957558 -30.196516 38.799999
v 69.957558 -19.803484 30
v 69.957558 -19.803484 38.799999
v 69.957558 -18.196516 30
v 69.957558 -18.196516 38.799999
v 69.957558 18.196516 30
v 69.957558 18.196516 38.799999
v 69.957558 19.803484 30
v 69.957558 19.803484 38.799999
v 69.957558 30.196516 30
v 69.957558 30.196516 38.799999
v 69.957558 31.803484 30
v 69.957558 31.803484 38.799999
v 69.996414 -31.754755 30
v 69.996414 -31.754755 38.799999
v 69.996414 -30.245245 30
v 69.996414 -30.245245 38.799999
v 69.996414 -19.754755 30
v 69.996414 -19.754755 38.799999
v 69.996414 -18.245245 30
v 69.996414 -18.245245 38.799999
v 69.996414 18.245245 30
v 69.996414 18.245245 38.799999
v 69.996414 19.754755 30
v 69.996414 19.754755 38.799999
v 69.996414 30.245245 30
v 69.996414 30.245245 38.799999
v 69.996414 31.754755 30
v 69.996414 31.754755 38.799999
v 70.032799 -31.704149 30
v 70.032799 -31.704149 38.799999
v 70.032799 -30.295851 30
v 70.032799 -30.295851 38.799999
v 70.032799 -19.704149 30
v 70.032799 -19.704149 38.799999
v 70.032799 -18.295851 30
v 70.032799 -18.295851 38.799999
v 70.032799 18.295851 30
v 70.032799 18.295851 38.799999
v 70.032799 19.704149 30
v 70.032799 19.704149 38.799999
v 70.032799 30.295851 30
v 70.032799 30.295851 38.799999
v 70.032799 31.704149 30
v 70.032799 31.704149 38.799999
v 70.03849 -36.826263 -36
v 70.03849 36.826263 -36
v 70.045052 -36.83012 28
v 70.045052 36.83012 28
v 70.066612 -31.651794 30
v 70.066612 -31.651794 38.799999
v 70.066612 -30.348206 30
v 70.066612 -30.348206 38.799999
v 70.066612 -19.651794 30
v 70.066612 -19.651794 38.799999
v 70.066612 -18.348206 30
v 70.066612 -18.348206 38.799999
v 70.066612 18.348206 30
v 70.066612 18.348206 38.799999
v 70.066612 19.651794 30
v 70.066612 19.651794 38.799999
v 70.066612 30.348206 30
v 70.066612 30.348206 38.799999
v 70.066612 31.651794 30
v 70.066612 31.651794 38.799999
v 70.097778 -31.597818 30
v 70.097778 -31.597818 38.799999
v 70.097778 -30.402182 30
v 70.097778 -30.402182 38.799999
v 70.097778 -19.597818 30
v 70.097778 -19.597818 38.799999
v 70.097778 -18.402182 30
v 70.097778 -18.402182 38.799999
v 70.097778 18.402182 30
v 70.097778 18.402182 38.799999
v 70.097778 19.597818 30
v 70.097778 19.597818 38.799999
v 70.097778 30.402182 30
v 70.097778 30.402182 38.799999
v 70.097778 31.597818 30
v 70.097778 31.597818 38.799999
v 70.126213 -31.542355 30
v 70.126213 -31.542355 38.799999
v 70.126213 -30.457645 30
v 70.126213 -30.457645 38.799999
v 70.126213 -19.542355 30
v 70.126213 -19.542355 38.799999
v 70.126213 -18.457645 30
v 70.126213 -18.457645 38.799999
v 70.126213 18.457645 30
v 70.126213 18.457645 38.799999
v 70.126213 19.542355 30
v 70.126213 19.542355 38.799999
v 70.126213 30.457645 30
v 70.126213 30.457645 38.799999
v 70.126213 31.542355 30
v 70.126213 31.542355 38.799999
v 70.151848 -31.485544 30
v 70.151848 -31.485544 38.799999
v 70.151848 -30.514456 30
v 70.151848 -30.514456 38.799999
v 70.151848 -19.485544 30
v 70.151848 -19.485544 38.799999
v 70.151848 -18.514456 30
v 70.151848 -18.514456 38.799999
v 70.151848 18.514456 30
v 70.151848 18.514456 38.799999
v 70.151848 19.485544 30
v 70.151848 19.485544 38.799999
v 70.151848 30.514456 30
v 70.151848 30.514456 38.799999
v 70.151848 31.485544 30
v 70.151848 31.485544 38.799999
v 70.174614 -31.427525 30
v 70.174614 -31.427525 38.799999
v 70.174614 -30.572475 30
v 70.174614 -30.572475 38.799999
v 70.174614 -19.427525 30
v 70.174614 -19.427525 38.799999
v 70.174614 -18.572475 30
v 70.174614 -18.572475 38.799999
v 70.174614 18.572475 30
v 70.174614 18.572475 38.799999
v 70.174614 19.427525 30
v 70.174614 19.427525 38.799999
v 70.174614 30.572475 30
v 70.174614 30.572475 38.799999
v 70.174614 31.427525 30
v 70.174614 31.427525 38.799999
v 70.194466 -31.368444 30
v 70.194466 -31.368444 38.799999
v 70.194466 -30.631556 30
v 70.194466 -30.631556 38.799999
v 70.194466 -19.368444 30
v 70.194466 -19.368444 38.799999
v 70.194466 -18.631556 30
v 70.194466 -18.631556 38.799999
v 70.194466 18.631556 30
v 70.194466 18.631556 38.799999
v 70.194466 19.368444 30
v 70.194466 19.368444 38.799999
v 70.194466 30.631556 30
v 70.194466 30.631556 38.799999
v 70.194466 31.368444 30
v 70.194466 31.368444 38.799999
v 70.211349 -31.308447 30
v 70.211349 -31.308447 38.799999
v 70.211349 -30.691553 30
v 70.211349 -30.691553 38.799999
v 70.211349 -19.308447 30
v 70.211349 -19.308447 38.799999
v 70.211349 -18.691553 30
v 70.211349 -18.691553 38.799999
v 70.211349 18.691553 30
v 70.211349 18.691553 38.799999
v 70.211349 19.308447 30
v 70.211349 19.308447 38.799999
v 70.211349 30.691553 30
v 70.211349 30.691553 38.799999
v 70.211349 31.308447 30
v 70.211349 31.308447 38.799999
v 70.225212 -31.247683 30
v 70.225212 -31.247683 38.799999
v 70.225212 -30.752317 30
v 70.225212 -30.752317 38.799999
v 70.225212 -19.247683 30
v 70.225212 -19.247683 38.799999
v 70.225212 -18.752317 30
v 70.225212 -18.752317 38.799999
v 70.225212 18.752317 30
v 70.225212 18.752317 38.799999
v 70.225212 19.247683 30
v 70.225212 19.247683 38.799999
v 70.225212 30.752317 30
v 70.225212 30.752317 38.799999
v 70.225212 31.247683 30
v 70.225212 31.247683 38.799999
v 70.236038 -31.186302 30
v 70.236038 -31.186302 38.799999
v 70.236038 -30.813698 30
v 70.236038 -30.813698 38.799999
v 70.236038 -19.186302 30
v 70.236038 -19.186302 38.799999
v 70.236038 -18.813698 30
v 70.236038 -18.813698 38.799999
v 70.236038 18.813698 30
v 70.236038 18.813698 38.799999
v 70.236038 19.186302 30
v 70.236038 19.186302 38.799999
v 70.236038 30.813698 30
v 70.236038 30.813698 38.799999
v 70.236038 31.186302 30
v 70.236038 31.186302 38.799999
v 70.24379 -31.12446 30
v 70.24379 -31.12446 38.799999
v 70.24379 -30.87554 30
v 70.24379 -30.87554 38.799999
v 70.24379 -19.12446 30
v 70.24379 -19.12446 38.799999
v 70.24379 -18.87554 30
v 70.24379 -18.87554 38.799999
v 70.24379 18.87554 30
v 70.24379 18.87554 38.799999
v 70.24379 19.12446 30
v 70.24379 19.12446 38.799999
v 70.24379 30.87554 30
v 70.24379 30.87554 38.799999
v 70.24379 31.12446 30
v 70.24379 31.12446 38.799999
v 70.248444 -31.062307 30
v 70.248444 -31.062307 38.799999
v 70.248444 -30.937693 30
v 70.248444 -30.937693 38.799999
v 70.248444 -19.062307 30
v 70.248444 -19.062307 38.799999
v 70.248444 -18.937693 30
v 70.248444 -18.937693 38.799999
v 70.248444 18.937693 30
v 70.248444 18.937693 38.799999
v 70.248444 19.062307 30
v 70.248444 19.062307 38.799999
v 70.248444 30.937693 30
v 70.248444 30.937693 38.799999
v 70.248444 31.062307 30
v 70.248444 31.062307 38.799999
v 70.25 -31 30
v 70.25 -31 38.799999
v 70.25 -19 30
v 70.25 -19 38.799999
v 70.25 19 30
v 70.25 19 38.799999
v 70.25 31 30
v 70.25 31 38.799999
v 70.291649 -36.983524 -36
v 70.291649 36.983524 -36
v 70.296425 -36.98666 28
v 70.296425 36.98666 28
v 70.53669 -37.15316 -36
v 70.53669 37.15316 -36
v 70.539764 -37.155407 28
v 70.539764 37.155407 28
v 70.772995 -37.334759 -36
v 70.772995 37.334759 -36
v 70.774475 -37.335957 28
v 70.774475 37.335957 28
v 71 -37.527863 -36
v 71 -37.527863 28
v 71 -11 28
v 71 -11 36
v 71 11 28
v 71 11 36
v 71 37.527863 -36
v 71 37.527863 28
v 73 -48 -40
v 73 -48 -36
v 73 48 -40
v 73 48 -36
v 74 -36 38.799999
v 74 -36 40
v 74 -14 38.799999
v 74 -14 40
v 74 14 38.799999
v 74 14 40
v 74 36 38.799999
v 74 36 40
v 75 -50 -40
v 75 -50 40
v 75 -39 28
v 75 -39 36
v 75 -11 28
v 75 -11 36
v 75 11 28
v 75 11 36
v 75 39 28
v 75 39 36
v 75 50 -40
v 75 50 40
v 77 -39 28
v 77 -39 36
v 77 -11 28
v 77 -11 36
v 77 11 28
v 77 11 36
v 77 39 28
v 77 39 36
f 2 3 1
f 2 4 3
f 3566 1 3565
f 3566 2 1
f 772 2 770
f 3566 770 2
f 3558 770 3566
f 774 4 2
f 774 2 772
f 776 4 774
f 3562 772 3560
f 3562 774 772
f 3576 776 3564
f 3566 3576 3564
f 3566 3564 3562
f 3566 3562 3560
f 3566 3560 3558
f 3576 4 776
f 3576 3575 3
f 3576 3 4
f 7 1 3
f 7 5 1
f 3565 5 3553
f 3565 1 5
f 3575 3553 3555
f 3575 3565 3553
f 3575 7 3
f 3575 3555 7
f 3576 3573 3575
f 3574 3573 3576
f 3571 3575 3573
f 3572 3574 3576
f 3569 3565 3575
f 3569 3575 3571
f 3570 3571 3572
f 3570 3569 3571
f 3567 3565 3569
f 3566 3567 3568
f 3566 3568 3570
f 3566 3565 3567
f 3576 3566 3570
f 3576 3570 3572
f 770 769 771
f 770 771 772
f 3558 3557 769
f 3558 769 770
f 3558 3559 3557
f 3558 3560 3559
f 3560 771 3559
f 3560 772 771
f 774 773 775
f 774 775 776
f 3564 775 3563
f 3564 776 775
f 3562 3561 773
f 3562 773 774
f 3562 3563 3561
f 3562 3564 3563
f 6 5 7
f 6 7 8
f 3554 3553 5
f 3554 5 6
f 3554 3555 3553
f 3554 3556 3555
f 3556 7 3555
f 3556 8 7
f 3583 3571 3573
f 3583 3581 3571
f 3584 3583 3573
f 3584 3573 3574
f 3582 3571 3581
f 3582 3572 3571
f 3584 3574 3572
f 3584 3572 3582
f 3579 3567 3569
f 3579 3577 3567
f 3580 3579 3569
f 3580 3569 3570
f 3580 3570 3568
f 3580 3568 3578
f 3578 3567 3577
f 3578 3568 3567
f 1010 769 1026
f 1042 1026 769
f 994 769 1010
f 1058 1042 769
f 978 769 994
f 1074 1058 769
f 962 769 978
f 1090 1074 769
f 946 769 962
f 1106 1090 769
f 930 769 946
f 1122 1106 769
f 914 769 930
f 1138 1122 769
f 898 769 914
f 1154 1138 769
f 882 769 898
f 1170 1154 769
f 866 769 882
f 1186 1170 769
f 850 769 866
f 1202 1186 769
f 834 769 850
f 1218 1202 769
f 818 769 834
f 1234 1218 769
f 802 769 818
f 1250 1234 769
f 786 769 802
f 1266 1250 769
f 778 769 786
f 1282 1266 769
f 788 769 778
f 1298 1282 769
f 804 769 788
f 1314 1298 769
f 820 769 804
f 1330 1314 769
f 836 769 820
f 1346 1330 769
f 852 769 836
f 1362 1346 769
f 868 769 852
f 1378 1362 769
f 884 769 868
f 1394 1378 769
f 900 769 884
f 1410 1394 769
f 1426 1410 769
f 1442 1426 769
f 1014 1028 1030
f 1014 1012 1028
f 1046 1030 1028
f 1046 1044 1060
f 1046 1028 1044
f 998 996 1012
f 998 980 996
f 998 1012 1014
f 1062 1046 1060
f 982 980 998
f 1078 1060 1076
f 1078 1062 1060
f 966 980 982
f 966 964 980
f 1094 1076 1092
f 1094 1078 1076
f 950 964 966
f 950 948 964
f 950 932 948
f 1110 1094 1092
f 1110 1108 1124
f 1110 1092 1108
f 934 932 950
f 1126 1110 1124
f 918 916 932
f 918 932 934
f 1142 1124 1140
f 1142 1126 1124
f 902 900 916
f 902 916 918
f 1158 1140 1156
f 1158 1142 1140
f 1174 1156 1172
f 1174 1158 1156
f 1190 1172 1188
f 1190 1174 1172
f 1206 1188 1204
f 1206 1190 1188
f 1222 1206 1204
f 1222 1220 1236
f 1222 1204 1220
f 1238 1222 1236
f 1254 1236 1252
f 1254 1238 1236
f 1270 1254 1252
f 1270 1268 1284
f 1270 1252 1268
f 1286 1270 1284
f 1302 1286 1284
f 1302 1284 1300
f 1318 1302 1300
f 1318 1300 1316
f 1334 1316 1332
f 1334 1318 1316
f 1350 1334 1332
f 1350 1332 1348
f 1366 1350 1348
f 1366 1348 1364
f 1382 1364 1380
f 1382 1366 1364
f 1398 1382 1380
f 1398 1396 1412
f 1398 1380 1396
f 1414 1412 1428
f 1414 1398 1412
f 1430 1414 1428
f 1446 1430 1428
f 1446 1428 1444
f 1462 1460 1476
f 1462 1444 1460
f 1462 1446 1444
f 1478 1462 1476
f 1494 1476 1492
f 1494 1478 1476
f 1510 1492 1508
f 1510 1494 1492
f 1526 1508 1524
f 1526 1510 1508
f 771 1000 1016
f 771 984 1000
f 771 968 984
f 771 952 968
f 771 936 952
f 771 920 936
f 771 904 920
f 771 888 904
f 771 872 888
f 771 856 872
f 771 840 856
f 771 769 900
f 771 824 840
f 771 808 824
f 771 792 808
f 771 780 792
f 771 790 780
f 771 806 790
f 771 822 806
f 771 838 822
f 771 854 838
f 771 870 854
f 771 886 870
f 771 902 886
f 771 900 902
f 1032 771 1016
f 1542 1526 1524
f 1542 1524 1540
f 1048 771 1032
f 1558 1556 1572
f 1558 1540 1556
f 1558 1542 1540
f 1064 771 1048
f 1574 1558 1572
f 1080 771 1064
f 1590 1574 1572
f 1590 1572 1588
f 1096 771 1080
f 1606 1604 1620
f 1606 1588 1604
f 1606 1590 1588
f 1112 771 1096
f 1622 1606 1620
f 1128 771 1112
f 1638 1622 1620
f 1638 1636 1652
f 1638 1620 1636
f 1144 771 1128
f 1654 1652 1668
f 1654 1638 1652
f 1160 771 1144
f 1670 1654 1668
f 1176 771 1160
f 1192 771 1176
f 1208 771 1192
f 1224 771 1208
f 1240 771 1224
f 1256 771 1240
f 1272 771 1256
f 1288 771 1272
f 1304 771 1288
f 1320 771 1304
f 1336 771 1320
f 1352 771 1336
f 1368 771 1352
f 1384 771 1368
f 1400 771 1384
f 1416 771 1400
f 1432 771 1416
f 2678 1522 1506
f 2642 1538 1522
f 2642 1522 2678
f 2702 2678 1506
f 2618 1554 1538
f 2618 1538 2642
f 2742 1490 1474
f 2742 1506 1490
f 2742 2702 1506
f 2594 1570 1554
f 2594 1554 2618
f 2794 1474 1458
f 2794 2742 1474
f 2570 1570 2594
f 2570 1586 1570
f 2810 1458 1442
f 2810 2794 1458
f 2546 1586 2570
f 2546 1602 1586
f 2826 1442 769
f 2826 2810 1442
f 2522 1602 2546
f 2522 1618 1602
f 2522 1634 1618
f 2506 1634 2522
f 2482 1634 2506
f 2482 1650 1634
f 2482 1666 1650
f 2458 1666 2482
f 2440 1682 1666
f 2440 1666 2458
f 2422 1682 2440
f 2422 1698 1682
f 2422 1714 1698
f 2398 1714 2422
f 2382 1730 1714
f 2382 1714 2398
f 2366 1746 1730
f 2366 1730 2382
f 2350 1762 1746
f 2350 1746 2366
f 2342 1764 1778
f 2342 1778 1762
f 2342 1762 2350
f 2352 1764 2342
f 2368 1748 1764
f 2368 1764 2352
f 2384 1732 1748
f 2384 1748 2368
f 2400 1716 1732
f 2400 1700 1716
f 2400 1732 2384
f 2424 1700 2400
f 2442 1684 1700
f 2442 1700 2424
f 2460 1668 1684
f 2460 1684 2442
f 3557 2846 2826
f 3557 2862 2846
f 3557 2878 2862
f 3557 2894 2878
f 3557 2910 2894
f 3557 2930 2910
f 3557 2946 2930
f 3557 2962 2946
f 3557 2978 2962
f 3557 2996 2978
f 3557 3014 2996
f 3557 3030 3014
f 3557 3046 3030
f 3557 3062 3046
f 3557 3082 3062
f 3557 3098 3082
f 3557 3114 3098
f 3557 3130 3114
f 3557 3148 3130
f 3557 3166 3148
f 3557 3182 3166
f 3557 3198 3182
f 3557 3214 3198
f 3557 3232 3214
f 3557 3250 3232
f 3557 3266 3250
f 3557 2826 769
f 3282 3266 3557
f 3298 3282 3557
f 3314 3298 3557
f 3330 3314 3557
f 3350 3330 3557
f 3366 3350 3557
f 3382 3366 3557
f 3398 3382 3557
f 3414 3398 3557
f 3430 3414 3557
f 3446 3430 3557
f 3462 3446 3557
f 3478 3462 3557
f 3494 3478 3557
f 3510 3494 3557
f 3526 3510 3557
f 3512 3526 3557
f 3496 3512 3557
f 3480 3496 3557
f 3464 3480 3557
f 3448 3464 3557
f 3432 3448 3557
f 3416 3432 3557
f 3400 3416 3557
f 2682 2680 2704
f 2646 2680 2682
f 2646 2644 2680
f 2706 2682 2704
f 2622 2644 2646
f 2622 2620 2644
f 2746 2706 2704
f 2746 2704 2744
f 2598 2620 2622
f 2598 2596 2620
f 2798 2746 2744
f 2798 2796 2812
f 2798 2744 2796
f 2574 2596 2598
f 2574 2572 2596
f 2574 2548 2572
f 2814 2798 2812
f 2814 2812 2828
f 2550 2548 2574
f 2830 2828 2848
f 2830 2814 2828
f 2526 2548 2550
f 2526 2524 2548
f 2850 2830 2848
f 2510 2524 2526
f 2510 2508 2524
f 2510 2484 2508
f 2866 2848 2864
f 2866 2850 2848
f 2486 2484 2510
f 2882 2880 2896
f 2882 2864 2880
f 2882 2866 2864
f 2462 1668 2460
f 2462 1670 1668
f 2462 2460 2484
f 2462 2484 2486
f 2898 2896 2912
f 2898 2882 2896
f 2444 1670 2462
f 2444 1686 1670
f 2914 2898 2912
f 2426 1686 2444
f 2426 1702 1686
f 2934 2914 2912
f 2934 2912 2932
f 2402 1702 2426
f 2402 1718 1702
f 2950 2934 2932
f 2950 2948 2964
f 2950 2932 2948
f 2386 1718 2402
f 2386 1734 1718
f 2966 2950 2964
f 2966 2964 2980
f 2370 1734 2386
f 2370 1750 1734
f 2982 2966 2980
f 2354 1750 2370
f 2354 1766 1750
f 3000 2982 2980
f 3000 2980 2998
f 2344 1766 2354
f 2344 1780 1766
f 3018 3000 2998
f 3018 3016 3032
f 3018 2998 3016
f 2356 1768 1780
f 2356 1780 2344
f 3034 3018 3032
f 3034 3032 3048
f 2372 1768 2356
f 2372 1752 1768
f 3050 3034 3048
f 2388 1752 2372
f 2388 1736 1752
f 2388 1720 1736
f 3066 3050 3048
f 3066 3064 3084
f 3066 3048 3064
f 2404 1720 2388
f 2404 1704 1720
f 3086 3066 3084
f 3086 3084 3100
f 2428 1704 2404
f 3102 3086 3100
f 3102 3100 3116
f 2446 1704 2428
f 2446 1688 1704
f 3118 3102 3116
f 2464 1688 2446
f 2464 1672 1688
f 2464 1656 1672
f 3134 3118 3116
f 3134 3132 3150
f 3134 3116 3132
f 2488 1656 2464
f 3152 3150 3168
f 3152 3134 3150
f 2512 1656 2488
f 2512 1640 1656
f 3170 3152 3168
f 2528 1640 2512
f 2528 1624 1640
f 3186 3170 3168
f 3186 3168 3184
f 2552 1624 2528
f 2552 1608 1624
f 3202 3200 3216
f 3202 3184 3200
f 3202 3186 3184
f 2576 1592 1608
f 2576 1576 1592
f 2576 1608 2552
f 3218 3202 3216
f 2600 1576 2576
f 3236 3216 3234
f 3236 3218 3216
f 2624 1560 1576
f 2624 1576 2600
f 3254 3252 3268
f 3254 3234 3252
f 3254 3236 3234
f 2648 1544 1560
f 2648 1528 1544
f 2648 1560 2624
f 3270 3254 3268
f 2684 1528 2648
f 3286 3284 3300
f 3286 3268 3284
f 3286 3270 3268
f 2708 1512 1528
f 2708 1496 1512
f 2708 1528 2684
f 3302 3300 3316
f 3302 3286 3300
f 2748 1496 2708
f 3318 3302 3316
f 2800 1480 1496
f 2800 1496 2748
f 3334 3316 3332
f 3334 3318 3316
f 3354 3352 3368
f 3354 3332 3352
f 3354 3334 3332
f 3370 3368 3384
f 3370 3354 3368
f 3386 3370 3384
f 3402 3386 3384
f 3402 3400 3557
f 3402 3384 3400
f 3559 3482 3466
f 3559 3172 3188
f 3559 3498 3482
f 3559 3154 3172
f 3559 3514 3498
f 3559 3136 3154
f 3559 3528 3514
f 3559 3120 3136
f 3559 3104 3120
f 3559 3088 3104
f 3559 3068 3088
f 3559 3052 3068
f 3559 3036 3052
f 3559 3020 3036
f 3559 3002 3020
f 3559 2984 3002
f 3559 2968 2984
f 3559 2952 2968
f 3559 2936 2952
f 3559 2916 2936
f 3559 2900 2916
f 3559 2884 2900
f 3559 2868 2884
f 3559 2852 2868
f 3559 3402 3557
f 3559 3516 3528
f 3559 3500 3516
f 3559 3484 3500
f 3559 3468 3484
f 3559 3452 3468
f 3559 3436 3452
f 3559 3420 3436
f 3559 3404 3420
f 3559 3388 3404
f 3559 3372 3388
f 3559 3356 3372
f 3559 3336 3356
f 3559 3320 3336
f 3559 3304 3320
f 3559 3288 3304
f 3559 3272 3288
f 3559 3256 3272
f 3559 3418 3402
f 3559 3238 3256
f 3559 3434 3418
f 3559 3220 3238
f 3559 3450 3434
f 3559 3204 3220
f 3559 3466 3450
f 3559 3188 3204
f 3559 771 1432
f 3559 1432 1448
f 3559 1448 1464
f 3559 1464 1480
f 3559 1480 2852
f 2852 1480 2832
f 2832 1480 2816
f 2816 1480 2800
f 1018 773 1034
f 1050 1034 773
f 1002 773 1018
f 1066 1050 773
f 986 773 1002
f 1082 1066 773
f 970 773 986
f 1098 1082 773
f 954 773 970
f 1114 1098 773
f 938 773 954
f 1130 1114 773
f 922 773 938
f 1146 1130 773
f 906 773 922
f 1162 1146 773
f 890 773 906
f 1178 1162 773
f 874 773 890
f 1194 1178 773
f 858 773 874
f 1210 1194 773
f 842 773 858
f 1226 1210 773
f 826 773 842
f 1242 1226 773
f 810 773 826
f 1258 1242 773
f 794 773 810
f 1274 1258 773
f 782 773 794
f 1290 1274 773
f 796 773 782
f 1306 1290 773
f 812 773 796
f 1322 1306 773
f 828 773 812
f 1338 1322 773
f 844 773 828
f 1354 1338 773
f 860 773 844
f 1370 1354 773
f 876 773 860
f 1386 1370 773
f 892 773 876
f 1402 1386 773
f 908 773 892
f 1418 1402 773
f 1434 1418 773
f 1450 1434 773
f 1022 1036 1038
f 1022 1020 1036
f 1054 1038 1036
f 1054 1036 1052
f 1006 1004 1020
f 1006 1020 1022
f 1070 1052 1068
f 1070 1054 1052
f 990 988 1004
f 990 972 988
f 990 1004 1006
f 1086 1068 1084
f 1086 1070 1068
f 974 972 990
f 1102 1100 1116
f 1102 1084 1100
f 1102 1086 1084
f 958 956 972
f 958 940 956
f 958 972 974
f 1118 1102 1116
f 942 940 958
f 1134 1118 1116
f 1134 1116 1132
f 926 940 942
f 926 924 940
f 1150 1132 1148
f 1150 1134 1132
f 910 908 924
f 910 924 926
f 1166 1148 1164
f 1166 1150 1148
f 1182 1164 1180
f 1182 1166 1164
f 1198 1180 1196
f 1198 1182 1180
f 1214 1196 1212
f 1214 1198 1196
f 1230 1214 1212
f 1230 1212 1228
f 1246 1230 1228
f 1246 1244 1260
f 1246 1228 1244
f 1262 1246 1260
f 1262 1260 1276
f 1278 1262 1276
f 1294 1292 1308
f 1294 1276 1292
f 1294 1278 1276
f 1310 1294 1308
f 1326 1308 1324
f 1326 1310 1308
f 1342 1326 1324
f 1342 1324 1340
f 1358 1340 1356
f 1358 1342 1340
f 1374 1372 1388
f 1374 1356 1372
f 1374 1358 1356
f 1390 1374 1388
f 1406 1404 1420
f 1406 1388 1404
f 1406 1390 1388
f 1422 1420 1436
f 1422 1406 1420
f 1438 1422 1436
f 1454 1436 1452
f 1454 1438 1436
f 1470 1452 1468
f 1470 1454 1452
f 1486 1470 1468
f 1486 1468 1484
f 1502 1500 1516
f 1502 1484 1500
f 1502 1486 1484
f 1518 1516 1532
f 1518 1502 1516
f 1534 1518 1532
f 775 1008 1024
f 775 992 1008
f 775 976 992
f 775 960 976
f 775 944 960
f 775 928 944
f 775 912 928
f 775 896 912
f 775 880 896
f 775 864 880
f 775 848 864
f 775 832 848
f 775 816 832
f 775 800 816
f 775 784 800
f 775 798 784
f 775 814 798
f 775 830 814
f 775 846 830
f 775 862 846
f 775 878 862
f 775 894 878
f 775 910 894
f 775 908 910
f 775 773 908
f 1040 775 1024
f 1550 1532 1548
f 1550 1534 1532
f 1056 775 1040
f 1566 1564 1580
f 1566 1548 1564
f 1566 1550 1548
f 1072 775 1056
f 1582 1580 1596
f 1582 1566 1580
f 1088 775 1072
f 1598 1582 1596
f 1104 775 1088
f 1614 1598 1596
f 1614 1612 1628
f 1614 1596 1612
f 1120 775 1104
f 1630 1614 1628
f 1136 775 1120
f 1646 1644 1660
f 1646 1628 1644
f 1646 1630 1628
f 1152 775 1136
f 1662 1660 1676
f 1662 1646 1660
f 1168 775 1152
f 1678 1662 1676
f 1184 775 1168
f 1200 775 1184
f 1216 775 1200
f 1232 775 1216
f 1248 775 1232
f 1264 775 1248
f 1280 775 1264
f 1296 775 1280
f 1312 775 1296
f 1328 775 1312
f 1344 775 1328
f 1360 775 1344
f 1376 775 1360
f 1392 775 1376
f 1408 775 1392
f 1424 775 1408
f 1440 775 1424
f 2650 1546 1530
f 2650 1530 2686
f 2710 1530 1514
f 2710 2686 1530
f 2626 1562 1546
f 2626 1546 2650
f 2750 1514 1498
f 2750 2710 1514
f 2602 1578 1562
f 2602 1562 2626
f 2802 1498 1482
f 2802 2750 1498
f 2578 1594 1578
f 2578 1578 2602
f 2818 1482 1466
f 2818 2802 1482
f 2554 1610 1594
f 2554 1594 2578
f 2834 1466 1450
f 2834 1450 773
f 2834 2818 1466
f 2530 1610 2554
f 2530 1626 1610
f 2514 1642 1626
f 2514 1626 2530
f 2490 1658 1642
f 2490 1674 1658
f 2490 1642 2514
f 2466 1674 2490
f 2448 1690 1674
f 2448 1674 2466
f 2430 1690 2448
f 2430 1706 1690
f 2430 1722 1706
f 2406 1722 2430
f 2390 1722 2406
f 2390 1738 1722
f 2374 1738 2390
f 2374 1754 1738
f 2358 1770 1754
f 2358 1754 2374
f 2346 1772 1782
f 2346 1782 1770
f 2346 1770 2358
f 2360 1772 2346
f 2376 1756 1772
f 2376 1772 2360
f 2392 1740 1756
f 2392 1756 2376
f 2408 1724 1740
f 2408 1708 1724
f 2408 1740 2392
f 2432 1708 2408
f 2450 1692 1708
f 2450 1708 2432
f 2468 1676 1692
f 2468 1678 1676
f 2468 1692 2450
f 3561 2854 2834
f 3561 2870 2854
f 3561 2886 2870
f 3561 2902 2886
f 3561 2918 2902
f 3561 2834 773
f 3561 2938 2918
f 3561 2954 2938
f 3561 2970 2954
f 3561 2986 2970
f 3561 3004 2986
f 3561 3022 3004
f 3561 3038 3022
f 3561 3054 3038
f 3561 3070 3054
f 3561 3090 3070
f 3561 3106 3090
f 3561 3122 3106
f 3561 3138 3122
f 3561 3156 3138
f 3561 3174 3156
f 3561 3190 3174
f 3561 3206 3190
f 3561 3222 3206
f 3561 3240 3222
f 3561 3258 3240
f 3561 3274 3258
f 3290 3274 3561
f 3306 3290 3561
f 3322 3306 3561
f 3338 3322 3561
f 3358 3338 3561
f 3374 3358 3561
f 3390 3374 3561
f 3406 3390 3561
f 3422 3406 3561
f 3438 3422 3561
f 3454 3438 3561
f 3470 3454 3561
f 3486 3470 3561
f 3502 3486 3561
f 3518 3502 3561
f 3530 3518 3561
f 3520 3530 3561
f 3504 3520 3561
f 3488 3504 3561
f 3472 3488 3561
f 3456 3472 3561
f 3440 3456 3561
f 3424 3440 3561
f 3408 3424 3561
f 2654 2688 2690
f 2654 2652 2688
f 2714 2690 2688
f 2714 2688 2712
f 2630 2652 2654
f 2630 2628 2652
f 2754 2714 2712
f 2754 2712 2752
f 2606 2628 2630
f 2606 2604 2628
f 2606 2580 2604
f 2806 2754 2752
f 2806 2804 2820
f 2806 2752 2804
f 2582 2580 2606
f 2822 2806 2820
f 2558 2580 2582
f 2558 2556 2580
f 2838 2820 2836
f 2838 2822 2820
f 2534 2532 2556
f 2534 2556 2558
f 2858 2836 2856
f 2858 2838 2836
f 2518 2532 2534
f 2518 2516 2532
f 2874 2856 2872
f 2874 2858 2856
f 2494 2492 2516
f 2494 2468 2492
f 2494 2516 2518
f 2890 2888 2904
f 2890 2872 2888
f 2890 2874 2872
f 2470 2468 2494
f 2470 1678 2468
f 2906 2890 2904
f 2452 1678 2470
f 2452 1694 1678
f 2922 2920 2940
f 2922 2904 2920
f 2922 2906 2904
f 2434 1710 1694
f 2434 1726 1710
f 2434 1694 2452
f 2942 2940 2956
f 2942 2922 2940
f 2410 1726 2434
f 2958 2942 2956
f 2394 1726 2410
f 2394 1742 1726
f 2974 2956 2972
f 2974 2958 2956
f 2378 1742 2394
f 2378 1758 1742
f 2990 2974 2972
f 2990 2972 2988
f 2362 1758 2378
f 2362 1774 1758
f 3008 2990 2988
f 3008 2988 3006
f 2348 1774 2362
f 2348 1776 1784
f 2348 1784 1774
f 3026 3006 3024
f 3026 3008 3006
f 2364 1776 2348
f 3042 3026 3024
f 3042 3024 3040
f 2380 1776 2364
f 2380 1760 1776
f 3058 3042 3040
f 3058 3056 3072
f 3058 3040 3056
f 2396 1744 1760
f 2396 1728 1744
f 2396 1760 2380
f 3074 3058 3072
f 3074 3072 3092
f 2412 1728 2396
f 3094 3074 3092
f 2436 1728 2412
f 2436 1712 1728
f 3110 3094 3092
f 3110 3092 3108
f 2454 1712 2436
f 2454 1696 1712
f 3126 3110 3108
f 3126 3124 3140
f 3126 3108 3124
f 2472 1680 1696
f 2472 1696 2454
f 3142 3126 3140
f 3142 3140 3158
f 2496 1664 1680
f 2496 1680 2472
f 3160 3158 3176
f 3160 3142 3158
f 2520 1664 2496
f 2520 1648 1664
f 3178 3160 3176
f 2536 1632 1648
f 2536 1648 2520
f 3194 3178 3176
f 3194 3176 3192
f 2560 1632 2536
f 2560 1616 1632
f 3210 3194 3192
f 3210 3208 3224
f 3210 3192 3208
f 2584 1616 2560
f 2584 1600 1616
f 2584 1584 1600
f 3226 3210 3224
f 2608 1584 2584
f 3244 3224 3242
f 3244 3226 3224
f 2632 1584 2608
f 2632 1568 1584
f 3262 3244 3242
f 3262 3260 3276
f 3262 3242 3260
f 2656 1568 2632
f 2656 1552 1568
f 3278 3262 3276
f 2692 1536 1552
f 2692 1552 2656
f 3294 3292 3308
f 3294 3276 3292
f 3294 3278 3276
f 2716 1520 1536
f 2716 1504 1520
f 2716 1536 2692
f 3310 3294 3308
f 3310 3308 3324
f 2756 1504 2716
f 3326 3310 3324
f 2808 1488 1504
f 2808 1504 2756
f 3342 3340 3360
f 3342 3324 3340
f 3342 3326 3324
f 3362 3342 3360
f 3378 3362 3360
f 3378 3360 3376
f 3394 3378 3376
f 3394 3376 3392
f 3410 3394 3392
f 3410 3392 3408
f 3563 3490 3474
f 3563 3180 3196
f 3563 3506 3490
f 3563 3162 3180
f 3563 3522 3506
f 3563 3144 3162
f 3563 3532 3522
f 3563 3128 3144
f 3563 3112 3128
f 3563 3096 3112
f 3563 3076 3096
f 3563 3060 3076
f 3563 3044 3060
f 3563 3028 3044
f 3563 3010 3028
f 3563 2992 3010
f 3563 2976 2992
f 3563 2960 2976
f 3563 2944 2960
f 3563 2924 2944
f 3563 3408 3561
f 3563 2908 2924
f 3563 2892 2908
f 3563 2876 2892
f 3563 2860 2876
f 3563 3410 3408
f 3563 3524 3532
f 3563 3508 3524
f 3563 3492 3508
f 3563 3476 3492
f 3563 3460 3476
f 3563 3444 3460
f 3563 3428 3444
f 3563 3412 3428
f 3563 3396 3412
f 3563 3380 3396
f 3563 3364 3380
f 3563 3344 3364
f 3563 3328 3344
f 3563 3312 3328
f 3563 3296 3312
f 3563 3280 3296
f 3563 3264 3280
f 3563 3426 3410
f 3563 3246 3264
f 3563 3442 3426
f 3563 3228 3246
f 3563 3458 3442
f 3563 3212 3228
f 3563 3474 3458
f 3563 3196 3212
f 3563 775 1440
f 3563 1440 1456
f 3563 1456 1472
f 3563 1472 1488
f 3563 1488 2860
f 2860 1488 2840
f 2840 1488 2824
f 2824 1488 2808
f 173 181 6
f 189 6 181
f 165 173 6
f 201 6 189
f 157 165 6
f 209 6 201
f 149 157 6
f 217 6 209
f 141 149 6
f 225 6 217
f 129 141 6
f 233 6 225
f 121 129 6
f 241 6 233
f 113 121 6
f 253 6 241
f 105 113 6
f 261 6 253
f 97 105 6
f 269 6 261
f 89 97 6
f 277 6 269
f 81 89 6
f 285 6 277
f 73 81 6
f 297 6 285
f 65 73 6
f 305 6 297
f 57 65 6
f 641 333 341
f 641 341 349
f 641 349 357
f 641 357 365
f 641 6 305
f 641 365 377
f 641 377 385
f 641 385 393
f 641 393 401
f 641 401 409
f 641 409 417
f 641 417 429
f 641 429 437
f 641 437 445
f 641 445 453
f 641 453 461
f 641 461 469
f 641 305 313
f 641 313 321
f 641 321 333
f 9 57 6
f 9 191 183
f 9 183 175
f 9 175 167
f 9 167 159
f 9 159 151
f 9 151 143
f 9 143 131
f 9 131 123
f 9 123 115
f 9 115 107
f 9 107 99
f 9 99 91
f 9 91 83
f 9 83 75
f 9 75 67
f 9 67 59
f 9 59 53
f 9 53 57
f 649 469 481
f 649 641 469
f 13 203 191
f 13 191 9
f 657 649 481
f 657 481 489
f 17 203 13
f 17 211 203
f 665 489 497
f 665 657 489
f 21 219 211
f 21 211 17
f 673 665 497
f 673 497 505
f 25 227 219
f 25 219 21
f 681 505 513
f 681 673 505
f 29 227 25
f 29 235 227
f 689 681 513
f 689 513 521
f 33 235 29
f 33 243 235
f 697 521 529
f 697 689 521
f 37 243 33
f 37 255 243
f 705 697 529
f 705 529 537
f 41 255 37
f 41 263 255
f 713 537 545
f 713 705 537
f 45 263 41
f 45 271 263
f 721 545 553
f 721 713 545
f 49 279 271
f 49 271 45
f 729 553 561
f 729 721 553
f 137 279 49
f 137 287 279
f 737 561 569
f 737 729 561
f 197 299 287
f 197 287 137
f 745 569 577
f 745 737 569
f 249 307 299
f 249 299 197
f 753 745 577
f 753 577 585
f 293 315 307
f 293 307 249
f 757 585 579
f 757 753 585
f 329 315 293
f 329 323 315
f 749 579 571
f 749 757 579
f 373 335 323
f 373 323 329
f 741 571 563
f 741 749 571
f 425 343 335
f 425 335 373
f 733 563 555
f 733 741 563
f 477 351 343
f 477 343 425
f 725 555 547
f 725 733 555
f 589 359 351
f 589 351 477
f 717 547 539
f 717 725 547
f 593 367 359
f 593 359 589
f 709 539 531
f 709 717 539
f 597 379 367
f 597 367 593
f 701 531 523
f 701 709 531
f 601 379 597
f 601 387 379
f 693 701 523
f 693 523 515
f 605 387 601
f 605 395 387
f 685 515 507
f 685 693 515
f 609 395 605
f 609 403 395
f 677 507 499
f 677 685 507
f 613 403 609
f 613 411 403
f 669 677 499
f 669 499 491
f 617 411 613
f 617 419 411
f 661 669 491
f 661 491 483
f 621 419 617
f 621 431 419
f 653 661 483
f 653 483 471
f 625 431 621
f 625 439 431
f 645 653 471
f 645 471 463
f 629 439 625
f 629 447 439
f 637 463 455
f 637 645 463
f 633 637 455
f 633 455 447
f 633 447 629
f 177 185 11
f 193 15 11
f 193 11 185
f 169 177 11
f 205 19 15
f 205 15 193
f 161 169 11
f 213 19 205
f 213 23 19
f 153 161 11
f 221 27 23
f 221 23 213
f 145 153 11
f 229 27 221
f 229 31 27
f 133 145 11
f 237 31 229
f 237 35 31
f 125 133 11
f 245 35 237
f 245 39 35
f 117 125 11
f 257 39 245
f 257 43 39
f 109 117 11
f 265 43 257
f 265 47 43
f 101 109 11
f 273 47 265
f 273 51 47
f 93 101 11
f 281 51 273
f 281 139 51
f 85 93 11
f 289 139 281
f 289 199 139
f 77 85 11
f 301 199 289
f 301 251 199
f 69 77 11
f 309 251 301
f 309 295 251
f 61 69 11
f 317 295 309
f 317 331 295
f 55 61 11
f 325 331 317
f 325 375 331
f 63 55 11
f 337 375 325
f 337 427 375
f 345 427 337
f 345 479 427
f 353 479 345
f 353 591 479
f 361 591 353
f 361 595 591
f 369 595 361
f 369 599 595
f 381 599 369
f 381 603 599
f 389 607 603
f 389 603 381
f 397 611 607
f 397 607 389
f 405 615 611
f 405 611 397
f 413 619 615
f 413 615 405
f 421 623 619
f 421 619 413
f 433 627 623
f 433 623 421
f 441 631 627
f 441 627 433
f 449 635 631
f 449 631 441
f 457 635 449
f 8 179 171
f 8 171 163
f 8 163 155
f 8 155 147
f 8 147 135
f 8 135 127
f 8 127 119
f 8 119 111
f 8 111 103
f 8 103 95
f 8 95 87
f 8 87 79
f 8 79 71
f 8 71 63
f 8 63 11
f 187 179 8
f 195 187 8
f 207 195 8
f 639 457 465
f 639 635 457
f 215 207 8
f 223 215 8
f 231 223 8
f 239 231 8
f 247 239 8
f 647 465 473
f 647 639 465
f 259 247 8
f 267 259 8
f 275 267 8
f 283 275 8
f 291 283 8
f 655 473 485
f 655 647 473
f 303 291 8
f 311 303 8
f 663 485 493
f 663 655 485
f 671 493 501
f 671 663 493
f 679 501 509
f 679 671 501
f 687 509 517
f 687 679 509
f 695 517 525
f 695 687 517
f 703 695 525
f 703 525 533
f 711 533 541
f 711 703 533
f 719 541 549
f 719 711 541
f 727 549 557
f 727 719 549
f 735 557 565
f 735 727 557
f 743 565 573
f 743 735 565
f 751 573 581
f 751 743 573
f 759 751 581
f 759 581 587
f 755 587 583
f 755 759 587
f 747 583 575
f 747 755 583
f 739 575 567
f 739 747 575
f 731 567 559
f 731 739 567
f 723 559 551
f 723 731 559
f 715 551 543
f 715 723 551
f 707 543 535
f 707 715 543
f 699 535 527
f 699 707 535
f 691 527 519
f 691 699 527
f 683 519 511
f 683 691 519
f 675 511 503
f 675 683 511
f 667 503 495
f 667 675 503
f 659 495 487
f 659 667 495
f 651 487 475
f 651 659 487
f 643 475 467
f 643 467 459
f 643 459 451
f 643 451 443
f 643 443 435
f 643 435 423
f 643 423 415
f 643 415 407
f 643 407 399
f 643 399 391
f 643 391 383
f 643 383 371
f 643 371 363
f 643 363 355
f 643 355 347
f 643 347 339
f 643 339 327
f 643 327 319
f 643 319 311
f 643 311 8
f 643 651 475
f 1905 6 641
f 2081 2089 1905
f 2097 1905 2089
f 2071 2081 1905
f 2071 1905 1897
f 2105 1905 2097
f 2061 2071 1897
f 2061 1897 1889
f 2113 1905 2105
f 2053 2061 1889
f 2053 1889 1881
f 2123 1905 2113
f 2045 2053 1881
f 2045 1881 1873
f 2133 1905 2123
f 2037 2045 1873
f 2037 1873 1863
f 2141 1905 2133
f 2029 2037 1863
f 2029 1863 1855
f 2149 1905 2141
f 2021 2029 1855
f 2021 1855 1847
f 2157 1905 2149
f 2013 2021 1847
f 2013 1847 1839
f 2165 1905 2157
f 2005 1839 1831
f 2005 2013 1839
f 2177 1905 2165
f 1997 1831 1821
f 1997 2005 1831
f 2185 1905 2177
f 1989 1997 1821
f 1989 1821 1813
f 2193 1905 2185
f 1981 1989 1813
f 1981 1813 1805
f 2201 1905 2193
f 1971 1981 1805
f 1971 1805 1797
f 2209 1905 2201
f 1963 1971 1797
f 1963 1797 1789
f 2221 1905 2209
f 1959 1963 1789
f 1959 1789 1787
f 2229 1905 2221
f 1965 1959 1787
f 1965 1787 1795
f 2237 1905 2229
f 1973 1965 1795
f 1973 1795 1803
f 1983 1973 1803
f 1983 1803 1811
f 1991 1983 1811
f 1991 1811 1819
f 1999 1991 1819
f 1999 1819 1827
f 2007 1999 1827
f 2007 1827 1835
f 2015 2007 1835
f 2015 1835 1843
f 2023 2015 1843
f 2023 1843 1851
f 2031 2023 1851
f 2031 1851 1859
f 2039 2031 1859
f 2039 1859 1867
f 2047 2039 1867
f 2047 1867 1877
f 2055 2047 1877
f 2055 1877 1885
f 2063 1885 1893
f 2063 2055 1885
f 2073 1893 1901
f 2073 2063 1893
f 2083 1901 1909
f 2083 2073 1901
f 3554 1905 2237
f 3554 2237 2245
f 3554 2245 2255
f 3554 2255 2265
f 3554 2265 2273
f 3554 2273 2281
f 3554 2281 2289
f 3554 2289 2299
f 3554 2299 2309
f 3554 2309 2317
f 3554 2317 2325
f 3554 2325 2333
f 3554 2333 2413
f 3554 2413 2473
f 3554 2473 2497
f 3554 6 1905
f 2091 2083 1909
f 2537 3554 2497
f 2561 3554 2537
f 1913 2099 2091
f 1913 2091 1909
f 2585 3554 2561
f 2609 3554 2585
f 2633 3554 2609
f 2659 3554 2633
f 2669 3554 2659
f 1917 2099 1913
f 1917 2107 2099
f 2693 3554 2669
f 2717 3554 2693
f 2725 3554 2717
f 2733 3554 2725
f 2757 3554 2733
f 2765 3554 2757
f 1921 2107 1917
f 1921 2115 2107
f 2773 3554 2765
f 2781 3554 2773
f 1925 2115 1921
f 1925 2125 2115
f 1929 2135 2125
f 1929 2125 1925
f 1933 2135 1929
f 1933 2143 2135
f 1937 2143 1933
f 1937 2151 2143
f 1941 2151 1937
f 1941 2159 2151
f 1945 2159 1941
f 1945 2167 2159
f 1949 2167 1945
f 1949 2179 2167
f 1953 2179 1949
f 1953 2187 2179
f 1957 2187 1953
f 1957 2195 2187
f 2069 2195 1957
f 2069 2203 2195
f 2121 2203 2069
f 2121 2211 2203
f 2173 2211 2121
f 2173 2223 2211
f 2217 2223 2173
f 2217 2231 2223
f 2253 2231 2217
f 2253 2239 2231
f 2297 2239 2253
f 2297 2247 2239
f 2437 2247 2297
f 2437 2257 2247
f 2657 2257 2437
f 2657 2267 2257
f 2841 2267 2657
f 2841 2275 2267
f 2925 2283 2275
f 2925 2275 2841
f 2993 2291 2283
f 2993 2283 2925
f 3077 2301 2291
f 3077 2291 2993
f 3145 2301 3077
f 3145 2311 2301
f 3229 2319 2311
f 3229 2311 3145
f 3345 2319 3229
f 3345 2327 2319
f 3533 2335 2327
f 3533 2327 3345
f 3537 2335 3533
f 3537 2415 2335
f 3541 2475 2415
f 3541 2415 3537
f 3545 2789 2783
f 3545 2783 2775
f 3545 2775 2767
f 3545 2767 2759
f 3545 2759 2735
f 3545 2735 2727
f 3545 2727 2719
f 3545 2719 2695
f 3545 2695 2671
f 3545 2671 2661
f 3545 2661 2635
f 3545 2635 2611
f 3545 2611 2587
f 3545 2587 2563
f 3545 2563 2539
f 3545 2539 2499
f 3545 2499 2475
f 3545 2475 3541
f 3545 2781 2789
f 3545 3554 2781
f 2093 1914 1910
f 2085 1910 1902
f 2085 2093 1910
f 2101 1918 1914
f 2101 1914 2093
f 2075 1902 1894
f 2075 2085 1902
f 2109 1922 1918
f 2109 1918 2101
f 2065 1894 1886
f 2065 2075 1894
f 2117 1926 1922
f 2117 1922 2109
f 2057 1886 1878
f 2057 2065 1886
f 2127 1930 1926
f 2127 1926 2117
f 2049 1878 1868
f 2049 2057 1878
f 2137 1934 1930
f 2137 1930 2127
f 2041 1868 1860
f 2041 2049 1868
f 2145 1938 1934
f 2145 1934 2137
f 2033 1860 1852
f 2033 2041 1860
f 2153 1938 2145
f 2153 1942 1938
f 2025 1852 1844
f 2025 2033 1852
f 2161 1942 2153
f 2161 1946 1942
f 2017 2025 1844
f 2017 1844 1836
f 2169 1946 2161
f 2169 1950 1946
f 2009 2017 1836
f 2009 1836 1828
f 2181 1954 1950
f 2181 1950 2169
f 2001 2009 1828
f 2001 1828 1820
f 2189 1958 1954
f 2189 1954 2181
f 1993 2001 1820
f 1993 1820 1812
f 2197 2070 1958
f 2197 1958 2189
f 1985 1993 1812
f 1985 1812 1804
f 2205 2122 2070
f 2205 2070 2197
f 1975 1985 1804
f 1975 1804 1796
f 2213 2174 2122
f 2213 2122 2205
f 1967 1975 1796
f 1967 1796 1788
f 2225 2218 2174
f 2225 2174 2213
f 1961 1967 1788
f 1961 1788 1790
f 2233 2218 2225
f 2233 2254 2218
f 1969 1961 1790
f 1969 1790 1798
f 2241 2298 2254
f 2241 2254 2233
f 1977 1969 1798
f 1977 1798 1806
f 2249 2438 2298
f 2249 2298 2241
f 1987 1977 1806
f 1987 1806 1814
f 2259 2438 2249
f 2259 2658 2438
f 1995 1987 1814
f 1995 1814 1822
f 2269 2842 2658
f 2269 2658 2259
f 2003 1995 1822
f 2003 1822 1832
f 2277 2926 2842
f 2277 2842 2269
f 2011 2003 1832
f 2011 1832 1840
f 2285 2994 2926
f 2285 2926 2277
f 2019 2011 1840
f 2019 1840 1848
f 2293 3078 2994
f 2293 2994 2285
f 2027 1848 1856
f 2027 2019 1848
f 2303 3146 3078
f 2303 3078 2293
f 2035 1856 1864
f 2035 2027 1856
f 2313 3230 3146
f 2313 3146 2303
f 2043 1864 1874
f 2043 2035 1864
f 2321 3346 3230
f 2321 3230 2313
f 2051 2043 1874
f 2051 1874 1882
f 2329 3346 2321
f 2329 3534 3346
f 2059 2051 1882
f 2059 1882 1890
f 2337 3538 3534
f 2337 3534 2329
f 2067 2059 1890
f 2067 1890 1898
f 2417 3538 2337
f 2417 3542 3538
f 2077 2067 1898
f 2077 1898 1907
f 2477 3542 2417
f 2477 3551 3542
f 2087 2077 1907
f 2501 3551 2477
f 2095 2087 1907
f 2541 3551 2501
f 2103 2095 1907
f 2565 3551 2541
f 2111 2103 1907
f 2589 3551 2565
f 2119 2111 1907
f 2613 3551 2589
f 2129 2119 1907
f 2637 3551 2613
f 2139 2129 1907
f 2663 3551 2637
f 2147 2139 1907
f 2673 3551 2663
f 2155 2147 1907
f 2697 3551 2673
f 2163 2155 1907
f 2721 3551 2697
f 2171 2163 1907
f 2729 3551 2721
f 2183 2171 1907
f 2737 3551 2729
f 2191 2183 1907
f 2761 3551 2737
f 2199 2191 1907
f 2769 3551 2761
f 2207 2199 1907
f 2777 3551 2769
f 2215 2207 1907
f 2785 3551 2777
f 2227 2215 1907
f 2791 3551 2785
f 2235 2227 1907
f 2787 3551 2791
f 2243 2235 1907
f 3556 2787 2779
f 3556 2779 2771
f 3556 2771 2763
f 3556 2763 2739
f 3556 2739 2731
f 3556 2731 2723
f 3556 2723 2699
f 3556 2699 2675
f 3556 2675 2665
f 3556 2665 2639
f 3556 2639 2615
f 3556 2615 2591
f 3556 2591 2567
f 3556 2567 2543
f 3556 2543 2503
f 3556 2503 2479
f 3556 2479 2419
f 3556 2419 2339
f 3556 2339 2331
f 3556 2331 2323
f 3556 2323 2315
f 3556 2315 2305
f 3556 2305 2295
f 3556 2295 2287
f 3556 2287 2279
f 3556 2279 2271
f 3556 2271 2261
f 3556 2261 2251
f 3556 2251 2243
f 3556 2243 1907
f 3556 3551 2787
f 3554 3551 3556
f 3554 3545 3551
f 3556 1907 8
f 1907 643 8
f 8 11 6
f 11 9 6
f 3581 3583 3584
f 3582 3581 3584
f 3577 3579 3580
f 3578 3577 3580
f 1764 1777 1778
f 1764 1763 1777
f 1748 1747 1763
f 1748 1763 1764
f 1732 1731 1747
f 1732 1715 1731
f 1732 1747 1748
f 1716 1715 1732
f 1700 1699 1715
f 1700 1683 1699
f 1700 1715 1716
f 1684 1683 1700
f 1668 1667 1683
f 1668 1651 1667
f 1668 1683 1684
f 1652 1651 1668
f 1636 1635 1651
f 1636 1651 1652
f 1620 1619 1635
f 1620 1635 1636
f 1604 1619 1620
f 1604 1603 1619
f 1588 1603 1604
f 1588 1587 1603
f 1572 1587 1588
f 1572 1571 1587
f 1556 1571 1572
f 1556 1555 1571
f 1540 1555 1556
f 1540 1539 1555
f 1524 1539 1540
f 1524 1523 1539
f 1524 1507 1523
f 1508 1507 1524
f 1508 1491 1507
f 1492 1491 1508
f 1476 1491 1492
f 1476 1475 1491
f 1476 1459 1475
f 1460 1459 1476
f 1460 1443 1459
f 1444 1443 1460
f 1428 1443 1444
f 1428 1427 1443
f 1412 1411 1427
f 1412 1427 1428
f 1396 1395 1411
f 1396 1411 1412
f 1380 1379 1395
f 1380 1395 1396
f 1364 1363 1379
f 1364 1379 1380
f 1348 1347 1363
f 1348 1363 1364
f 1332 1331 1347
f 1332 1347 1348
f 1316 1315 1331
f 1316 1331 1332
f 1300 1299 1315
f 1300 1315 1316
f 1284 1283 1299
f 1284 1299 1300
f 1268 1267 1283
f 1268 1251 1267
f 1268 1283 1284
f 1252 1251 1268
f 1236 1235 1251
f 1236 1251 1252
f 1220 1219 1235
f 1220 1235 1236
f 1204 1203 1219
f 1204 1219 1220
f 1188 1203 1204
f 1188 1187 1203
f 1172 1187 1188
f 1172 1171 1187
f 1172 1155 1171
f 1156 1155 1172
f 1140 1155 1156
f 1140 1139 1155
f 1124 1139 1140
f 1124 1123 1139
f 1124 1107 1123
f 1108 1107 1124
f 1092 1107 1108
f 1092 1091 1107
f 1092 1075 1091
f 1076 1075 1092
f 1060 1075 1076
f 1060 1059 1075
f 1044 1059 1060
f 1044 1043 1059
f 1044 1027 1043
f 1028 1027 1044
f 1012 1027 1028
f 1012 1011 1027
f 996 1011 1012
f 996 995 1011
f 980 995 996
f 980 979 995
f 964 979 980
f 964 963 979
f 948 963 964
f 948 947 963
f 932 947 948
f 932 931 947
f 932 915 931
f 916 915 932
f 900 915 916
f 900 899 915
f 884 899 900
f 884 883 899
f 868 883 884
f 868 867 883
f 852 851 867
f 852 867 868
f 836 835 851
f 836 851 852
f 820 819 835
f 820 835 836
f 804 803 819
f 804 819 820
f 788 803 804
f 788 787 803
f 788 777 787
f 778 777 788
f 786 777 778
f 786 785 777
f 802 785 786
f 802 801 785
f 818 801 802
f 818 817 801
f 834 817 818
f 834 833 817
f 850 833 834
f 850 849 833
f 866 849 850
f 866 865 849
f 882 865 866
f 882 881 865
f 898 881 882
f 898 897 881
f 914 897 898
f 914 913 897
f 930 913 914
f 930 929 913
f 946 929 930
f 946 945 929
f 962 961 945
f 962 977 961
f 962 945 946
f 978 977 962
f 994 993 977
f 994 977 978
f 1010 1009 993
f 1010 993 994
f 1026 1025 1009
f 1026 1041 1025
f 1026 1009 1010
f 1042 1041 1026
f 1058 1057 1041
f 1058 1041 1042
f 1074 1073 1057
f 1074 1057 1058
f 1090 1089 1073
f 1090 1073 1074
f 1106 1105 1089
f 1106 1089 1090
f 1122 1121 1105
f 1122 1105 1106
f 1138 1137 1121
f 1138 1153 1137
f 1138 1121 1122
f 1154 1153 1138
f 1170 1153 1154
f 1170 1169 1153
f 1170 1185 1169
f 1186 1185 1170
f 1202 1185 1186
f 1202 1201 1185
f 1218 1201 1202
f 1218 1217 1201
f 1234 1233 1217
f 1234 1217 1218
f 1250 1249 1233
f 1250 1233 1234
f 1266 1265 1249
f 1266 1249 1250
f 1282 1281 1265
f 1282 1265 1266
f 1298 1297 1281
f 1298 1281 1282
f 1314 1313 1297
f 1314 1297 1298
f 1330 1329 1313
f 1330 1313 1314
f 1346 1345 1329
f 1346 1361 1345
f 1346 1329 1330
f 1362 1361 1346
f 1378 1377 1361
f 1378 1393 1377
f 1378 1361 1362
f 1394 1393 1378
f 1410 1409 1393
f 1410 1393 1394
f 1426 1425 1409
f 1426 1409 1410
f 1442 1441 1425
f 1442 1425 1426
f 1458 1457 1441
f 1458 1441 1442
f 1474 1473 1457
f 1474 1457 1458
f 1490 1489 1473
f 1490 1473 1474
f 1506 1505 1489
f 1506 1489 1490
f 1522 1521 1505
f 1522 1505 1506
f 1538 1537 1521
f 1538 1521 1522
f 1554 1537 1538
f 1554 1553 1537
f 1570 1553 1554
f 1570 1569 1553
f 1586 1569 1570
f 1586 1585 1569
f 1586 1601 1585
f 1602 1601 1586
f 1602 1617 1601
f 1618 1617 1602
f 1634 1617 1618
f 1634 1633 1617
f 1650 1633 1634
f 1650 1649 1633
f 1666 1649 1650
f 1666 1665 1649
f 1682 1665 1666
f 1682 1681 1665
f 1682 1697 1681
f 1698 1697 1682
f 1714 1697 1698
f 1714 1713 1697
f 1714 1729 1713
f 1730 1729 1714
f 1746 1745 1729
f 1746 1729 1730
f 1746 1761 1745
f 1762 1761 1746
f 1778 1777 1761
f 1778 1761 1762
f 3512 3525 3526
f 3512 3511 3525
f 3496 3495 3511
f 3496 3511 3512
f 3480 3479 3495
f 3480 3463 3479
f 3480 3495 3496
f 3464 3463 3480
f 3448 3447 3463
f 3448 3431 3447
f 3448 3463 3464
f 3432 3431 3448
f 3416 3415 3431
f 3416 3399 3415
f 3416 3431 3432
f 3400 3399 3416
f 3384 3383 3399
f 3384 3399 3400
f 3368 3367 3383
f 3368 3383 3384
f 3352 3367 3368
f 3352 3351 3367
f 3332 3351 3352
f 3332 3331 3351
f 3316 3331 3332
f 3316 3315 3331
f 3300 3315 3316
f 3300 3299 3315
f 3284 3299 3300
f 3284 3283 3299
f 3268 3283 3284
f 3268 3267 3283
f 3268 3251 3267
f 3252 3251 3268
f 3252 3233 3251
f 3234 3233 3252
f 3216 3233 3234
f 3216 3215 3233
f 3216 3199 3215
f 3200 3199 3216
f 3200 3183 3199
f 3184 3183 3200
f 3168 3183 3184
f 3168 3167 3183
f 3150 3149 3167
f 3150 3167 3168
f 3132 3131 3149
f 3132 3149 3150
f 3116 3115 3131
f 3116 3131 3132
f 3100 3099 3115
f 3100 3115 3116
f 3084 3083 3099
f 3084 3099 3100
f 3064 3063 3083
f 3064 3083 3084
f 3048 3047 3063
f 3048 3063 3064
f 3032 3031 3047
f 3032 3047 3048
f 3016 3015 3031
f 3016 3031 3032
f 2998 2997 3015
f 2998 2979 2997
f 2998 3015 3016
f 2980 2979 2998
f 2964 2963 2979
f 2964 2979 2980
f 2948 2947 2963
f 2948 2963 2964
f 2932 2931 2947
f 2932 2947 2948
f 2912 2931 2932
f 2912 2911 2931
f 2896 2911 2912
f 2896 2895 2911
f 2896 2879 2895
f 2880 2879 2896
f 2864 2879 2880
f 2864 2863 2879
f 2848 2863 2864
f 2848 2847 2863
f 2848 2827 2847
f 2828 2827 2848
f 2812 2827 2828
f 2812 2811 2827
f 2812 2795 2811
f 2796 2795 2812
f 2744 2795 2796
f 2744 2743 2795
f 2704 2743 2744
f 2704 2703 2743
f 2704 2679 2703
f 2680 2679 2704
f 2644 2679 2680
f 2644 2643 2679
f 2620 2643 2644
f 2620 2619 2643
f 2596 2619 2620
f 2596 2595 2619
f 2572 2595 2596
f 2572 2571 2595
f 2548 2571 2572
f 2548 2547 2571
f 2524 2547 2548
f 2524 2523 2547
f 2524 2507 2523
f 2508 2507 2524
f 2484 2507 2508
f 2484 2483 2507
f 2460 2483 2484
f 2460 2459 2483
f 2442 2459 2460
f 2442 2441 2459
f 2424 2423 2441
f 2424 2441 2442
f 2400 2399 2423
f 2400 2423 2424
f 2384 2383 2399
f 2384 2399 2400
f 2368 2367 2383
f 2368 2383 2384
f 2352 2367 2368
f 2352 2351 2367
f 2352 2341 2351
f 2342 2341 2352
f 2350 2341 2342
f 2350 2349 2341
f 2366 2349 2350
f 2366 2365 2349
f 2382 2365 2366
f 2382 2381 2365
f 2398 2381 2382
f 2398 2397 2381
f 2422 2397 2398
f 2422 2421 2397
f 2440 2421 2422
f 2440 2439 2421
f 2458 2439 2440
f 2458 2457 2439
f 2482 2457 2458
f 2482 2481 2457
f 2506 2481 2482
f 2506 2505 2481
f 2522 2505 2506
f 2522 2521 2505
f 2546 2521 2522
f 2546 2545 2521
f 2570 2569 2545
f 2570 2593 2569
f 2570 2545 2546
f 2594 2593 2570
f 2618 2617 2593
f 2618 2593 2594
f 2642 2641 2617
f 2642 2617 2618
f 2678 2677 2641
f 2678 2701 2677
f 2678 2641 2642
f 2702 2701 2678
f 2742 2741 2701
f 2742 2701 2702
f 2794 2793 2741
f 2794 2741 2742
f 2810 2809 2793
f 2810 2793 2794
f 2826 2825 2809
f 2826 2809 2810
f 2846 2845 2825
f 2846 2825 2826
f 2862 2861 2845
f 2862 2877 2861
f 2862 2845 2846
f 2878 2877 2862
f 2894 2877 2878
f 2894 2893 2877
f 2894 2909 2893
f 2910 2909 2894
f 2930 2909 2910
f 2930 2929 2909
f 2946 2929 2930
f 2946 2945 2929
f 2962 2961 2945
f 2962 2945 2946
f 2978 2977 2961
f 2978 2961 2962
f 2996 2995 2977
f 2996 2977 2978
f 3014 3013 2995
f 3014 2995 2996
f 3030 3029 3013
f 3030 3013 3014
f 3046 3045 3029
f 3046 3029 3030
f 3062 3061 3045
f 3062 3045 3046
f 3082 3081 3061
f 3082 3097 3081
f 3082 3061 3062
f 3098 3097 3082
f 3114 3113 3097
f 3114 3129 3113
f 3114 3097 3098
f 3130 3129 3114
f 3148 3147 3129
f 3148 3129 3130
f 3166 3165 3147
f 3166 3147 3148
f 3182 3181 3165
f 3182 3165 3166
f 3198 3197 3181
f 3198 3181 3182
f 3214 3213 3197
f 3214 3197 3198
f 3232 3231 3213
f 3232 3213 3214
f 3250 3249 3231
f 3250 3231 3232
f 3266 3265 3249
f 3266 3249 3250
f 3282 3281 3265
f 3282 3265 3266
f 3298 3281 3282
f 3298 3297 3281
f 3314 3297 3298
f 3314 3313 3297
f 3330 3313 3314
f 3330 3329 3313
f 3330 3349 3329
f 3350 3349 3330
f 3350 3365 3349
f 3366 3365 3350
f 3382 3365 3366
f 3382 3381 3365
f 3398 3381 3382
f 3398 3397 3381
f 3414 3397 3398
f 3414 3413 3397
f 3430 3413 3414
f 3430 3429 3413
f 3430 3445 3429
f 3446 3445 3430
f 3462 3445 3446
f 3462 3461 3445
f 3462 3477 3461
f 3478 3477 3462
f 3494 3493 3477
f 3494 3477 3478
f 3494 3509 3493
f 3510 3509 3494
f 3526 3525 3509
f 3526 3509 3510
f 1768 1779 1780
f 1768 1767 1779
f 1752 1751 1767
f 1752 1767 1768
f 1736 1735 1751
f 1736 1719 1735
f 1736 1751 1752
f 1720 1719 1736
f 1704 1703 1719
f 1704 1687 1703
f 1704 1719 1720
f 1688 1687 1704
f 1672 1671 1687
f 1672 1655 1671
f 1672 1687 1688
f 1656 1655 1672
f 1640 1639 1655
f 1640 1655 1656
f 1624 1623 1639
f 1624 1639 1640
f 1608 1623 1624
f 1608 1607 1623
f 1592 1607 1608
f 1592 1591 1607
f 1576 1591 1592
f 1576 1575 1591
f 1560 1575 1576
f 1560 1559 1575
f 1544 1559 1560
f 1544 1543 1559
f 1528 1543 1544
f 1528 1527 1543
f 1528 1511 1527
f 1512 1511 1528
f 1512 1495 1511
f 1496 1495 1512
f 1480 1495 1496
f 1480 1479 1495
f 1480 1463 1479
f 1464 1463 1480
f 1464 1447 1463
f 1448 1447 1464
f 1432 1447 1448
f 1432 1431 1447
f 1416 1415 1431
f 1416 1431 1432
f 1400 1399 1415
f 1400 1415 1416
f 1384 1383 1399
f 1384 1399 1400
f 1368 1367 1383
f 1368 1383 1384
f 1352 1351 1367
f 1352 1367 1368
f 1336 1335 1351
f 1336 1351 1352
f 1320 1319 1335
f 1320 1335 1336
f 1304 1303 1319
f 1304 1319 1320
f 1288 1287 1303
f 1288 1303 1304
f 1272 1271 1287
f 1272 1255 1271
f 1272 1287 1288
f 1256 1255 1272
f 1240 1239 1255
f 1240 1255 1256
f 1224 1223 1239
f 1224 1239 1240
f 1208 1207 1223
f 1208 1223 1224
f 1192 1207 1208
f 1192 1191 1207
f 1176 1191 1192
f 1176 1175 1191
f 1176 1159 1175
f 1160 1159 1176
f 1144 1159 1160
f 1144 1143 1159
f 1128 1143 1144
f 1128 1127 1143
f 1128 1111 1127
f 1112 1111 1128
f 1096 1111 1112
f 1096 1095 1111
f 1096 1079 1095
f 1080 1079 1096
f 1064 1079 1080
f 1064 1063 1079
f 1048 1063 1064
f 1048 1047 1063
f 1048 1031 1047
f 1032 1031 1048
f 1016 1031 1032
f 1016 1015 1031
f 1000 1015 1016
f 1000 999 1015
f 984 999 1000
f 984 983 999
f 968 983 984
f 968 967 983
f 952 967 968
f 952 951 967
f 936 951 952
f 936 935 951
f 936 919 935
f 920 919 936
f 904 919 920
f 904 903 919
f 888 903 904
f 888 887 903
f 872 887 888
f 872 871 887
f 856 855 871
f 856 871 872
f 840 839 855
f 840 855 856
f 824 823 839
f 824 839 840
f 808 807 823
f 808 823 824
f 792 807 808
f 792 791 807
f 792 779 791
f 780 779 792
f 790 779 780
f 790 789 779
f 806 789 790
f 806 805 789
f 822 805 806
f 822 821 805
f 838 821 822
f 838 837 821
f 854 837 838
f 854 853 837
f 870 853 854
f 870 869 853
f 886 869 870
f 886 885 869
f 902 885 886
f 902 901 885
f 918 901 902
f 918 917 901
f 934 917 918
f 934 933 917
f 950 933 934
f 950 949 933
f 966 965 949
f 966 981 965
f 966 949 950
f 982 981 966
f 998 997 981
f 998 981 982
f 1014 1013 997
f 1014 997 998
f 1030 1029 1013
f 1030 1045 1029
f 1030 1013 1014
f 1046 1045 1030
f 1062 1061 1045
f 1062 1045 1046
f 1078 1077 1061
f 1078 1061 1062
f 1094 1093 1077
f 1094 1077 1078
f 1110 1109 1093
f 1110 1093 1094
f 1126 1125 1109
f 1126 1109 1110
f 1142 1141 1125
f 1142 1157 1141
f 1142 1125 1126
f 1158 1157 1142
f 1174 1157 1158
f 1174 1173 1157
f 1174 1189 1173
f 1190 1189 1174
f 1206 1189 1190
f 1206 1205 1189
f 1222 1205 1206
f 1222 1221 1205
f 1238 1237 1221
f 1238 1221 1222
f 1254 1253 1237
f 1254 1237 1238
f 1270 1269 1253
f 1270 1253 1254
f 1286 1285 1269
f 1286 1269 1270
f 1302 1301 1285
f 1302 1285 1286
f 1318 1317 1301
f 1318 1301 1302
f 1334 1333 1317
f 1334 1317 1318
f 1350 1349 1333
f 1350 1365 1349
f 1350 1333 1334
f 1366 1365 1350
f 1382 1381 1365
f 1382 1397 1381
f 1382 1365 1366
f 1398 1397 1382
f 1414 1413 1397
f 1414 1397 1398
f 1430 1429 1413
f 1430 1413 1414
f 1446 1445 1429
f 1446 1429 1430
f 1462 1461 1445
f 1462 1445 1446
f 1478 1477 1461
f 1478 1461 1462
f 1494 1493 1477
f 1494 1477 1478
f 1510 1509 1493
f 1510 1493 1494
f 1526 1525 1509
f 1526 1509 1510
f 1542 1541 1525
f 1542 1525 1526
f 1558 1541 1542
f 1558 1557 1541
f 1574 1557 1558
f 1574 1573 1557
f 1590 1573 1574
f 1590 1589 1573
f 1590 1605 1589
f 1606 1605 1590
f 1606 1621 1605
f 1622 1621 1606
f 1638 1621 1622
f 1638 1637 1621
f 1654 1637 1638
f 1654 1653 1637
f 1670 1653 1654
f 1670 1669 1653
f 1686 1669 1670
f 1686 1685 1669
f 1686 1701 1685
f 1702 1701 1686
f 1718 1701 1702
f 1718 1717 1701
f 1718 1733 1717
f 1734 1733 1718
f 1750 1749 1733
f 1750 1733 1734
f 1750 1765 1749
f 1766 1765 1750
f 1780 1779 1765
f 1780 1765 1766
f 3516 3527 3528
f 3516 3515 3527
f 3500 3499 3515
f 3500 3515 3516
f 3484 3483 3499
f 3484 3467 3483
f 3484 3499 3500
f 3468 3467 3484
f 3452 3451 3467
f 3452 3435 3451
f 3452 3467 3468
f 3436 3435 3452
f 3420 3419 3435
f 3420 3403 3419
f 3420 3435 3436
f 3404 3403 3420
f 3388 3387 3403
f 3388 3403 3404
f 3372 3371 3387
f 3372 3387 3388
f 3356 3371 3372
f 3356 3355 3371
f 3336 3355 3356
f 3336 3335 3355
f 3320 3335 3336
f 3320 3319 3335
f 3304 3319 3320
f 3304 3303 3319
f 3288 3303 3304
f 3288 3287 3303
f 3272 3287 3288
f 3272 3271 3287
f 3272 3255 3271
f 3256 3255 3272
f 3256 3237 3255
f 3238 3237 3256
f 3220 3237 3238
f 3220 3219 3237
f 3220 3203 3219
f 3204 3203 3220
f 3204 3187 3203
f 3188 3187 3204
f 3172 3187 3188
f 3172 3171 3187
f 3154 3153 3171
f 3154 3171 3172
f 3136 3135 3153
f 3136 3153 3154
f 3120 3119 3135
f 3120 3135 3136
f 3104 3103 3119
f 3104 3119 3120
f 3088 3087 3103
f 3088 3103 3104
f 3068 3067 3087
f 3068 3087 3088
f 3052 3051 3067
f 3052 3067 3068
f 3036 3035 3051
f 3036 3051 3052
f 3020 3019 3035
f 3020 3035 3036
f 3002 3001 3019
f 3002 2983 3001
f 3002 3019 3020
f 2984 2983 3002
f 2968 2967 2983
f 2968 2983 2984
f 2952 2951 2967
f 2952 2967 2968
f 2936 2935 2951
f 2936 2951 2952
f 2916 2935 2936
f 2916 2915 2935
f 2900 2915 2916
f 2900 2899 2915
f 2900 2883 2899
f 2884 2883 2900
f 2868 2883 2884
f 2868 2867 2883
f 2852 2867 2868
f 2852 2851 2867
f 2852 2831 2851
f 2832 2831 2852
f 2816 2831 2832
f 2816 2815 2831
f 2816 2799 2815
f 2800 2799 2816
f 2748 2799 2800
f 2748 2747 2799
f 2708 2747 2748
f 2708 2707 2747
f 2708 2683 2707
f 2684 2683 2708
f 2648 2683 2684
f 2648 2647 2683
f 2624 2647 2648
f 2624 2623 2647
f 2600 2623 2624
f 2600 2599 2623
f 2576 2599 2600
f 2576 2575 2599
f 2552 2575 2576
f 2552 2551 2575
f 2528 2551 2552
f 2528 2527 2551
f 2528 2511 2527
f 2512 2511 2528
f 2488 2511 2512
f 2488 2487 2511
f 2464 2487 2488
f 2464 2463 2487
f 2446 2463 2464
f 2446 2445 2463
f 2428 2427 2445
f 2428 2445 2446
f 2404 2403 2427
f 2404 2427 2428
f 2388 2387 2403
f 2388 2403 2404
f 2372 2371 2387
f 2372 2387 2388
f 2356 2371 2372
f 2356 2355 2371
f 2356 2343 2355
f 2344 2343 2356
f 2354 2343 2344
f 2354 2353 2343
f 2370 2353 2354
f 2370 2369 2353
f 2386 2369 2370
f 2386 2385 2369
f 2402 2385 2386
f 2402 2401 2385
f 2426 2401 2402
f 2426 2425 2401
f 2444 2425 2426
f 2444 2443 2425
f 2462 2443 2444
f 2462 2461 2443
f 2486 2461 2462
f 2486 2485 2461
f 2510 2485 2486
f 2510 2509 2485
f 2526 2509 2510
f 2526 2525 2509
f 2550 2525 2526
f 2550 2549 2525
f 2574 2573 2549
f 2574 2597 2573
f 2574 2549 2550
f 2598 2597 2574
f 2622 2621 2597
f 2622 2597 2598
f 2646 2645 2621
f 2646 2621 2622
f 2682 2681 2645
f 2682 2705 2681
f 2682 2645 2646
f 2706 2705 2682
f 2746 2745 2705
f 2746 2705 2706
f 2798 2797 2745
f 2798 2745 2746
f 2814 2813 2797
f 2814 2797 2798
f 2830 2829 2813
f 2830 2813 2814
f 2850 2849 2829
f 2850 2829 2830
f 2866 2865 2849
f 2866 2881 2865
f 2866 2849 2850
f 2882 2881 2866
f 2898 2881 2882
f 2898 2897 2881
f 2898 2913 2897
f 2914 2913 2898
f 2934 2913 2914
f 2934 2933 2913
f 2950 2933 2934
f 2950 2949 2933
f 2966 2965 2949
f 2966 2949 2950
f 2982 2981 2965
f 2982 2965 2966
f 3000 2999 2981
f 3000 2981 2982
f 3018 3017 2999
f 3018 2999 3000
f 3034 3033 3017
f 3034 3017 3018
f 3050 3049 3033
f 3050 3033 3034
f 3066 3065 3049
f 3066 3049 3050
f 3086 3085 3065
f 3086 3101 3085
f 3086 3065 3066
f 3102 3101 3086
f 3118 3117 3101
f 3118 3133 3117
f 3118 3101 3102
f 3134 3133 3118
f 3152 3151 3133
f 3152 3133 3134
f 3170 3169 3151
f 3170 3151 3152
f 3186 3185 3169
f 3186 3169 3170
f 3202 3201 3185
f 3202 3185 3186
f 3218 3217 3201
f 3218 3201 3202
f 3236 3235 3217
f 3236 3217 3218
f 3254 3253 3235
f 3254 3235 3236
f 3270 3269 3253
f 3270 3253 3254
f 3286 3285 3269
f 3286 3269 3270
f 3302 3285 3286
f 3302 3301 3285
f 3318 3301 3302
f 3318 3317 3301
f 3334 3317 3318
f 3334 3333 3317
f 3334 3353 3333
f 3354 3353 3334
f 3354 3369 3353
f 3370 3369 3354
f 3386 3369 3370
f 3386 3385 3369
f 3402 3385 3386
f 3402 3401 3385
f 3418 3401 3402
f 3418 3417 3401
f 3434 3417 3418
f 3434 3433 3417
f 3434 3449 3433
f 3450 3449 3434
f 3466 3449 3450
f 3466 3465 3449
f 3466 3481 3465
f 3482 3481 3466
f 3498 3497 3481
f 3498 3481 3482
f 3498 3513 3497
f 3514 3513 3498
f 3528 3527 3513
f 3528 3513 3514
f 1772 1781 1782
f 1772 1771 1781
f 1756 1755 1771
f 1756 1771 1772
f 1740 1739 1755
f 1740 1723 1739
f 1740 1755 1756
f 1724 1723 1740
f 1708 1707 1723
f 1708 1691 1707
f 1708 1723 1724
f 1692 1691 1708
f 1676 1675 1691
f 1676 1659 1675
f 1676 1691 1692
f 1660 1659 1676
f 1644 1643 1659
f 1644 1659 1660
f 1628 1627 1643
f 1628 1643 1644
f 1612 1627 1628
f 1612 1611 1627
f 1596 1611 1612
f 1596 1595 1611
f 1580 1595 1596
f 1580 1579 1595
f 1564 1579 1580
f 1564 1563 1579
f 1548 1563 1564
f 1548 1547 1563
f 1532 1547 1548
f 1532 1531 1547
f 1532 1515 1531
f 1516 1515 1532
f 1516 1499 1515
f 1500 1499 1516
f 1484 1499 1500
f 1484 1483 1499
f 1484 1467 1483
f 1468 1467 1484
f 1468 1451 1467
f 1452 1451 1468
f 1436 1451 1452
f 1436 1435 1451
f 1420 1419 1435
f 1420 1435 1436
f 1404 1403 1419
f 1404 1419 1420
f 1388 1387 1403
f 1388 1403 1404
f 1372 1371 1387
f 1372 1387 1388
f 1356 1355 1371
f 1356 1371 1372
f 1340 1339 1355
f 1340 1355 1356
f 1324 1323 1339
f 1324 1339 1340
f 1308 1307 1323
f 1308 1323 1324
f 1292 1291 1307
f 1292 1307 1308
f 1276 1275 1291
f 1276 1259 1275
f 1276 1291 1292
f 1260 1259 1276
f 1244 1243 1259
f 1244 1259 1260
f 1228 1227 1243
f 1228 1243 1244
f 1212 1211 1227
f 1212 1227 1228
f 1196 1211 1212
f 1196 1195 1211
f 1180 1195 1196
f 1180 1179 1195
f 1180 1163 1179
f 1164 1163 1180
f 1148 1163 1164
f 1148 1147 1163
f 1132 1147 1148
f 1132 1131 1147
f 1132 1115 1131
f 1116 1115 1132
f 1100 1115 1116
f 1100 1099 1115
f 1100 1083 1099
f 1084 1083 1100
f 1068 1083 1084
f 1068 1067 1083
f 1052 1067 1068
f 1052 1051 1067
f 1052 1035 1051
f 1036 1035 1052
f 1020 1035 1036
f 1020 1019 1035
f 1004 1019 1020
f 1004 1003 1019
f 988 1003 1004
f 988 987 1003
f 972 987 988
f 972 971 987
f 956 971 972
f 956 955 971
f 940 955 956
f 940 939 955
f 940 923 939
f 924 923 940
f 908 923 924
f 908 907 923
f 892 907 908
f 892 891 907
f 876 891 892
f 876 875 891
f 860 859 875
f 860 875 876
f 844 843 859
f 844 859 860
f 828 827 843
f 828 843 844
f 812 811 827
f 812 827 828
f 796 811 812
f 796 795 811
f 796 781 795
f 782 781 796
f 794 781 782
f 794 793 781
f 810 793 794
f 810 809 793
f 826 809 810
f 826 825 809
f 842 825 826
f 842 841 825
f 858 841 842
f 858 857 841
f 874 857 858
f 874 873 857
f 890 873 874
f 890 889 873
f 906 889 890
f 906 905 889
f 922 905 906
f 922 921 905
f 938 921 922
f 938 937 921
f 954 937 938
f 954 953 937
f 970 969 953
f 970 985 969
f 970 953 954
f 986 985 970
f 1002 1001 985
f 1002 985 986
f 1018 1017 1001
f 1018 1001 1002
f 1034 1033 1017
f 1034 1049 1033
f 1034 1017 1018
f 1050 1049 1034
f 1066 1065 1049
f 1066 1049 1050
f 1082 1081 1065
f 1082 1065 1066
f 1098 1097 1081
f 1098 1081 1082
f 1114 1113 1097
f 1114 1097 1098
f 1130 1129 1113
f 1130 1113 1114
f 1146 1145 1129
f 1146 1161 1145
f 1146 1129 1130
f 1162 1161 1146
f 1178 1161 1162
f 1178 1177 1161
f 1178 1193 1177
f 1194 1193 1178
f 1210 1193 1194
f 1210 1209 1193
f 1226 1209 1210
f 1226 1225 1209
f 1242 1241 1225
f 1242 1225 1226
f 1258 1257 1241
f 1258 1241 1242
f 1274 1273 1257
f 1274 1257 1258
f 1290 1289 1273
f 1290 1273 1274
f 1306 1305 1289
f 1306 1289 1290
f 1322 1321 1305
f 1322 1305 1306
f 1338 1337 1321
f 1338 1321 1322
f 1354 1353 1337
f 1354 1369 1353
f 1354 1337 1338
f 1370 1369 1354
f 1386 1385 1369
f 1386 1401 1385
f 1386 1369 1370
f 1402 1401 1386
f 1418 1417 1401
f 1418 1401 1402
f 1434 1433 1417
f 1434 1417 1418
f 1450 1449 1433
f 1450 1433 1434
f 1466 1465 1449
f 1466 1449 1450
f 1482 1481 1465
f 1482 1465 1466
f 1498 1497 1481
f 1498 1481 1482
f 1514 1513 1497
f 1514 1497 1498
f 1530 1529 1513
f 1530 1513 1514
f 1546 1545 1529
f 1546 1529 1530
f 1562 1545 1546
f 1562 1561 1545
f 1578 1561 1562
f 1578 1577 1561
f 1594 1577 1578
f 1594 1593 1577
f 1594 1609 1593
f 1610 1609 1594
f 1610 1625 1609
f 1626 1625 1610
f 1642 1625 1626
f 1642 1641 1625
f 1658 1641 1642
f 1658 1657 1641
f 1674 1657 1658
f 1674 1673 1657
f 1690 1673 1674
f 1690 1689 1673
f 1690 1705 1689
f 1706 1705 1690
f 1722 1705 1706
f 1722 1721 1705
f 1722 1737 1721
f 1738 1737 1722
f 1754 1753 1737
f 1754 1737 1738
f 1754 1769 1753
f 1770 1769 1754
f 1782 1781 1769
f 1782 1769 1770
f 3520 3529 3530
f 3520 3519 3529
f 3504 3503 3519
f 3504 3519 3520
f 3488 3487 3503
f 3488 3471 3487
f 3488 3503 3504
f 3472 3471 3488
f 3456 3455 3471
f 3456 3439 3455
f 3456 3471 3472
f 3440 3439 3456
f 3424 3423 3439
f 3424 3407 3423
f 3424 3439 3440
f 3408 3407 3424
f 3392 3391 3407
f 3392 3407 3408
f 3376 3375 3391
f 3376 3391 3392
f 3360 3375 3376
f 3360 3359 3375
f 3340 3359 3360
f 3340 3339 3359
f 3324 3339 3340
f 3324 3323 3339
f 3308 3323 3324
f 3308 3307 3323
f 3292 3307 3308
f 3292 3291 3307
f 3276 3291 3292
f 3276 3275 3291
f 3276 3259 3275
f 3260 3259 3276
f 3260 3241 3259
f 3242 3241 3260
f 3224 3241 3242
f 3224 3223 3241
f 3224 3207 3223
f 3208 3207 3224
f 3208 3191 3207
f 3192 3191 3208
f 3176 3191 3192
f 3176 3175 3191
f 3158 3157 3175
f 3158 3175 3176
f 3140 3139 3157
f 3140 3157 3158
f 3124 3123 3139
f 3124 3139 3140
f 3108 3107 3123
f 3108 3123 3124
f 3092 3091 3107
f 3092 3107 3108
f 3072 3071 3091
f 3072 3091 3092
f 3056 3055 3071
f 3056 3071 3072
f 3040 3039 3055
f 3040 3055 3056
f 3024 3023 3039
f 3024 3039 3040
f 3006 3005 3023
f 3006 2987 3005
f 3006 3023 3024
f 2988 2987 3006
f 2972 2971 2987
f 2972 2987 2988
f 2956 2955 2971
f 2956 2971 2972
f 2940 2939 2955
f 2940 2955 2956
f 2920 2939 2940
f 2920 2919 2939
f 2904 2919 2920
f 2904 2903 2919
f 2904 2887 2903
f 2888 2887 2904
f 2872 2887 2888
f 2872 2871 2887
f 2856 2871 2872
f 2856 2855 2871
f 2856 2835 2855
f 2836 2835 2856
f 2820 2835 2836
f 2820 2819 2835
f 2820 2803 2819
f 2804 2803 2820
f 2752 2803 2804
f 2752 2751 2803
f 2712 2751 2752
f 2712 2711 2751
f 2712 2687 2711
f 2688 2687 2712
f 2652 2687 2688
f 2652 2651 2687
f 2628 2651 2652
f 2628 2627 2651
f 2604 2627 2628
f 2604 2603 2627
f 2580 2603 2604
f 2580 2579 2603
f 2556 2579 2580
f 2556 2555 2579
f 2532 2555 2556
f 2532 2531 2555
f 2532 2515 2531
f 2516 2515 2532
f 2492 2515 2516
f 2492 2491 2515
f 2468 2491 2492
f 2468 2467 2491
f 2450 2467 2468
f 2450 2449 2467
f 2432 2431 2449
f 2432 2449 2450
f 2408 2407 2431
f 2408 2431 2432
f 2392 2391 2407
f 2392 2407 2408
f 2376 2375 2391
f 2376 2391 2392
f 2360 2375 2376
f 2360 2359 2375
f 2360 2345 2359
f 2346 2345 2360
f 2358 2345 2346
f 2358 2357 2345
f 2374 2357 2358
f 2374 2373 2357
f 2390 2373 2374
f 2390 2389 2373
f 2406 2389 2390
f 2406 2405 2389
f 2430 2405 2406
f 2430 2429 2405
f 2448 2429 2430
f 2448 2447 2429
f 2466 2447 2448
f 2466 2465 2447
f 2490 2465 2466
f 2490 2489 2465
f 2514 2489 2490
f 2514 2513 2489
f 2530 2513 2514
f 2530 2529 2513
f 2554 2529 2530
f 2554 2553 2529
f 2578 2577 2553
f 2578 2601 2577
f 2578 2553 2554
f 2602 2601 2578
f 2626 2625 2601
f 2626 2601 2602
f 2650 2649 2625
f 2650 2625 2626
f 2686 2685 2649
f 2686 2709 2685
f 2686 2649 2650
f 2710 2709 2686
f 2750 2749 2709
f 2750 2709 2710
f 2802 2801 2749
f 2802 2749 2750
f 2818 2817 2801
f 2818 2801 2802
f 2834 2833 2817
f 2834 2817 2818
f 2854 2853 2833
f 2854 2833 2834
f 2870 2869 2853
f 2870 2885 2869
f 2870 2853 2854
f 2886 2885 2870
f 2902 2885 2886
f 2902 2901 2885
f 2902 2917 2901
f 2918 2917 2902
f 2938 2917 2918
f 2938 2937 2917
f 2954 2937 2938
f 2954 2953 2937
f 2970 2969 2953
f 2970 2953 2954
f 2986 2985 2969
f 2986 2969 2970
f 3004 3003 2985
f 3004 2985 2986
f 3022 3021 3003
f 3022 3003 3004
f 3038 3037 3021
f 3038 3021 3022
f 3054 3053 3037
f 3054 3037 3038
f 3070 3069 3053
f 3070 3053 3054
f 3090 3089 3069
f 3090 3105 3089
f 3090 3069 3070
f 3106 3105 3090
f 3122 3121 3105
f 3122 3137 3121
f 3122 3105 3106
f 3138 3137 3122
f 3156 3155 3137
f 3156 3137 3138
f 3174 3173 3155
f 3174 3155 3156
f 3190 3189 3173
f 3190 3173 3174
f 3206 3205 3189
f 3206 3189 3190
f 3222 3221 3205
f 3222 3205 3206
f 3240 3239 3221
f 3240 3221 3222
f 3258 3257 3239
f 3258 3239 3240
f 3274 3273 3257
f 3274 3257 3258
f 3290 3289 3273
f 3290 3273 3274
f 3306 3289 3290
f 3306 3305 3289
f 3322 3305 3306
f 3322 3321 3305
f 3338 3321 3322
f 3338 3337 3321
f 3338 3357 3337
f 3358 3357 3338
f 3358 3373 3357
f 3374 3373 3358
f 3390 3373 3374
f 3390 3389 3373
f 3406 3389 3390
f 3406 3405 3389
f 3422 3405 3406
f 3422 3421 3405
f 3438 3421 3422
f 3438 3437 3421
f 3438 3453 3437
f 3454 3453 3438
f 3470 3453 3454
f 3470 3469 3453
f 3470 3485 3469
f 3486 3485 3470
f 3502 3501 3485
f 3502 3485 3486
f 3502 3517 3501
f 3518 3517 3502
f 3530 3529 3517
f 3530 3517 3518
f 1776 1783 1784
f 1776 1775 1783
f 1760 1759 1775
f 1760 1775 1776
f 1744 1743 1759
f 1744 1727 1743
f 1744 1759 1760
f 1728 1727 1744
f 1712 1711 1727
f 1712 1695 1711
f 1712 1727 1728
f 1696 1695 1712
f 1680 1679 1695
f 1680 1663 1679
f 1680 1695 1696
f 1664 1663 1680
f 1648 1647 1663
f 1648 1663 1664
f 1632 1631 1647
f 1632 1647 1648
f 1616 1631 1632
f 1616 1615 1631
f 1600 1615 1616
f 1600 1599 1615
f 1584 1599 1600
f 1584 1583 1599
f 1568 1583 1584
f 1568 1567 1583
f 1552 1567 1568
f 1552 1551 1567
f 1536 1551 1552
f 1536 1535 1551
f 1536 1519 1535
f 1520 1519 1536
f 1520 1503 1519
f 1504 1503 1520
f 1488 1503 1504
f 1488 1487 1503
f 1488 1471 1487
f 1472 1471 1488
f 1472 1455 1471
f 1456 1455 1472
f 1440 1455 1456
f 1440 1439 1455
f 1424 1423 1439
f 1424 1439 1440
f 1408 1407 1423
f 1408 1423 1424
f 1392 1391 1407
f 1392 1407 1408
f 1376 1375 1391
f 1376 1391 1392
f 1360 1359 1375
f 1360 1375 1376
f 1344 1343 1359
f 1344 1359 1360
f 1328 1327 1343
f 1328 1343 1344
f 1312 1311 1327
f 1312 1327 1328
f 1296 1295 1311
f 1296 1311 1312
f 1280 1279 1295
f 1280 1263 1279
f 1280 1295 1296
f 1264 1263 1280
f 1248 1247 1263
f 1248 1263 1264
f 1232 1231 1247
f 1232 1247 1248
f 1216 1215 1231
f 1216 1231 1232
f 1200 1215 1216
f 1200 1199 1215
f 1184 1199 1200
f 1184 1183 1199
f 1184 1167 1183
f 1168 1167 1184
f 1152 1167 1168
f 1152 1151 1167
f 1136 1151 1152
f 1136 1135 1151
f 1136 1119 1135
f 1120 1119 1136
f 1104 1119 1120
f 1104 1103 1119
f 1104 1087 1103
f 1088 1087 1104
f 1072 1087 1088
f 1072 1071 1087
f 1056 1071 1072
f 1056 1055 1071
f 1056 1039 1055
f 1040 1039 1056
f 1024 1039 1040
f 1024 1023 1039
f 1008 1023 1024
f 1008 1007 1023
f 992 1007 1008
f 992 991 1007
f 976 991 992
f 976 975 991
f 960 975 976
f 960 959 975
f 944 959 960
f 944 943 959
f 944 927 943
f 928 927 944
f 912 927 928
f 912 911 927
f 896 911 912
f 896 895 911
f 880 895 896
f 880 879 895
f 864 863 879
f 864 879 880
f 848 847 863
f 848 863 864
f 832 831 847
f 832 847 848
f 816 815 831
f 816 831 832
f 800 815 816
f 800 799 815
f 800 783 799
f 784 783 800
f 798 783 784
f 798 797 783
f 814 797 798
f 814 813 797
f 830 813 814
f 830 829 813
f 846 829 830
f 846 845 829
f 862 845 846
f 862 861 845
f 878 861 862
f 878 877 861
f 894 877 878
f 894 893 877
f 910 893 894
f 910 909 893
f 926 909 910
f 926 925 909
f 942 925 926
f 942 941 925
f 958 941 942
f 958 957 941
f 974 973 957
f 974 989 973
f 974 957 958
f 990 989 974
f 1006 1005 989
f 1006 989 990
f 1022 1021 1005
f 1022 1005 1006
f 1038 1037 1021
f 1038 1053 1037
f 1038 1021 1022
f 1054 1053 1038
f 1070 1069 1053
f 1070 1053 1054
f 1086 1085 1069
f 1086 1069 1070
f 1102 1101 1085
f 1102 1085 1086
f 1118 1117 1101
f 1118 1101 1102
f 1134 1133 1117
f 1134 1117 1118
f 1150 1149 1133
f 1150 1165 1149
f 1150 1133 1134
f 1166 1165 1150
f 1182 1165 1166
f 1182 1181 1165
f 1182 1197 1181
f 1198 1197 1182
f 1214 1197 1198
f 1214 1213 1197
f 1230 1213 1214
f 1230 1229 1213
f 1246 1245 1229
f 1246 1229 1230
f 1262 1261 1245
f 1262 1245 1246
f 1278 1277 1261
f 1278 1261 1262
f 1294 1293 1277
f 1294 1277 1278
f 1310 1309 1293
f 1310 1293 1294
f 1326 1325 1309
f 1326 1309 1310
f 1342 1341 1325
f 1342 1325 1326
f 1358 1357 1341
f 1358 1373 1357
f 1358 1341 1342
f 1374 1373 1358
f 1390 1389 1373
f 1390 1405 1389
f 1390 1373 1374
f 1406 1405 1390
f 1422 1421 1405
f 1422 1405 1406
f 1438 1437 1421
f 1438 1421 1422
f 1454 1453 1437
f 1454 1437 1438
f 1470 1469 1453
f 1470 1453 1454
f 1486 1485 1469
f 1486 1469 1470
f 1502 1501 1485
f 1502 1485 1486
f 1518 1517 1501
f 1518 1501 1502
f 1534 1533 1517
f 1534 1517 1518
f 1550 1549 1533
f 1550 1533 1534
f 1566 1549 1550
f 1566 1565 1549
f 1582 1565 1566
f 1582 1581 1565
f 1598 1581 1582
f 1598 1597 1581
f 1598 1613 1597
f 1614 1613 1598
f 1614 1629 1613
f 1630 1629 1614
f 1646 1629 1630
f 1646 1645 1629
f 1662 1645 1646
f 1662 1661 1645
f 1678 1661 1662
f 1678 1677 1661
f 1694 1677 1678
f 1694 1693 1677
f 1694 1709 1693
f 1710 1709 1694
f 1726 1709 1710
f 1726 1725 1709
f 1726 1741 1725
f 1742 1741 1726
f 1758 1757 1741
f 1758 1741 1742
f 1758 1773 1757
f 1774 1773 1758
f 1784 1783 1773
f 1784 1773 1774
f 3524 3531 3532
f 3524 3523 3531
f 3508 3507 3523
f 3508 3523 3524
f 3492 3491 3507
f 3492 3475 3491
f 3492 3507 3508
f 3476 3475 3492
f 3460 3459 3475
f 3460 3443 3459
f 3460 3475 3476
f 3444 3443 3460
f 3428 3427 3443
f 3428 3411 3427
f 3428 3443 3444
f 3412 3411 3428
f 3396 3395 3411
f 3396 3411 3412
f 3380 3379 3395
f 3380 3395 3396
f 3364 3379 3380
f 3364 3363 3379
f 3344 3363 3364
f 3344 3343 3363
f 3328 3343 3344
f 3328 3327 3343
f 3312 3327 3328
f 3312 3311 3327
f 3296 3311 3312
f 3296 3295 3311
f 3280 3295 3296
f 3280 3279 3295
f 3280 3263 3279
f 3264 3263 3280
f 3264 3245 3263
f 3246 3245 3264
f 3228 3245 3246
f 3228 3227 3245
f 3228 3211 3227
f 3212 3211 3228
f 3212 3195 3211
f 3196 3195 3212
f 3180 3195 3196
f 3180 3179 3195
f 3162 3161 3179
f 3162 3179 3180
f 3144 3143 3161
f 3144 3161 3162
f 3128 3127 3143
f 3128 3143 3144
f 3112 3111 3127
f 3112 3127 3128
f 3096 3095 3111
f 3096 3111 3112
f 3076 3075 3095
f 3076 3095 3096
f 3060 3059 3075
f 3060 3075 3076
f 3044 3043 3059
f 3044 3059 3060
f 3028 3027 3043
f 3028 3043 3044
f 3010 3009 3027
f 3010 2991 3009
f 3010 3027 3028
f 2992 2991 3010
f 2976 2975 2991
f 2976 2991 2992
f 2960 2959 2975
f 2960 2975 2976
f 2944 2943 2959
f 2944 2959 2960
f 2924 2943 2944
f 2924 2923 2943
f 2908 2923 2924
f 2908 2907 2923
f 2908 2891 2907
f 2892 2891 2908
f 2876 2891 2892
f 2876 2875 2891
f 2860 2875 2876
f 2860 2859 2875
f 2860 2839 2859
f 2840 2839 2860
f 2824 2839 2840
f 2824 2823 2839
f 2824 2807 2823
f 2808 2807 2824
f 2756 2807 2808
f 2756 2755 2807
f 2716 2755 2756
f 2716 2715 2755
f 2716 2691 2715
f 2692 2691 2716
f 2656 2691 2692
f 2656 2655 2691
f 2632 2655 2656
f 2632 2631 2655
f 2608 2631 2632
f 2608 2607 2631
f 2584 2607 2608
f 2584 2583 2607
f 2560 2583 2584
f 2560 2559 2583
f 2536 2559 2560
f 2536 2535 2559
f 2536 2519 2535
f 2520 2519 2536
f 2496 2519 2520
f 2496 2495 2519
f 2472 2495 2496
f 2472 2471 2495
f 2454 2471 2472
f 2454 2453 2471
f 2436 2435 2453
f 2436 2453 2454
f 2412 2411 2435
f 2412 2435 2436
f 2396 2395 2411
f 2396 2411 2412
f 2380 2379 2395
f 2380 2395 2396
f 2364 2379 2380
f 2364 2363 2379
f 2364 2347 2363
f 2348 2347 2364
f 2362 2347 2348
f 2362 2361 2347
f 2378 2361 2362
f 2378 2377 2361
f 2394 2377 2378
f 2394 2393 2377
f 2410 2393 2394
f 2410 2409 2393
f 2434 2409 2410
f 2434 2433 2409
f 2452 2433 2434
f 2452 2451 2433
f 2470 2451 2452
f 2470 2469 2451
f 2494 2469 2470
f 2494 2493 2469
f 2518 2493 2494
f 2518 2517 2493
f 2534 2517 2518
f 2534 2533 2517
f 2558 2533 2534
f 2558 2557 2533
f 2582 2581 2557
f 2582 2605 2581
f 2582 2557 2558
f 2606 2605 2582
f 2630 2629 2605
f 2630 2605 2606
f 2654 2653 2629
f 2654 2629 2630
f 2690 2689 2653
f 2690 2713 2689
f 2690 2653 2654
f 2714 2713 2690
f 2754 2753 2713
f 2754 2713 2714
f 2806 2805 2753
f 2806 2753 2754
f 2822 2821 2805
f 2822 2805 2806
f 2838 2837 2821
f 2838 2821 2822
f 2858 2857 2837
f 2858 2837 2838
f 2874 2873 2857
f 2874 2889 2873
f 2874 2857 2858
f 2890 2889 2874
f 2906 2889 2890
f 2906 2905 2889
f 2906 2921 2905
f 2922 2921 2906
f 2942 2921 2922
f 2942 2941 2921
f 2958 2941 2942
f 2958 2957 2941
f 2974 2973 2957
f 2974 2957 2958
f 2990 2989 2973
f 2990 2973 2974
f 3008 3007 2989
f 3008 2989 2990
f 3026 3025 3007
f 3026 3007 3008
f 3042 3041 3025
f 3042 3025 3026
f 3058 3057 3041
f 3058 3041 3042
f 3074 3073 3057
f 3074 3057 3058
f 3094 3093 3073
f 3094 3109 3093
f 3094 3073 3074
f 3110 3109 3094
f 3126 3125 3109
f 3126 3141 3125
f 3126 3109 3110
f 3142 3141 3126
f 3160 3159 3141
f 3160 3141 3142
f 3178 3177 3159
f 3178 3159 3160
f 3194 3193 3177
f 3194 3177 3178
f 3210 3209 3193
f 3210 3193 3194
f 3226 3225 3209
f 3226 3209 3210
f 3244 3243 3225
f 3244 3225 3226
f 3262 3261 3243
f 3262 3243 3244
f 3278 3277 3261
f 3278 3261 3262
f 3294 3293 3277
f 3294 3277 3278
f 3310 3293 3294
f 3310 3309 3293
f 3326 3309 3310
f 3326 3325 3309
f 3342 3325 3326
f 3342 3341 3325
f 3342 3361 3341
f 3362 3361 3342
f 3362 3377 3361
f 3378 3377 3362
f 3394 3377 3378
f 3394 3393 3377
f 3410 3393 3394
f 3410 3409 3393
f 3426 3409 3410
f 3426 3425 3409
f 3442 3425 3426
f 3442 3441 3425
f 3442 3457 3441
f 3458 3457 3442
f 3474 3457 3458
f 3474 3473 3457
f 3474 3489 3473
f 3490 3489 3474
f 3506 3505 3489
f 3506 3489 3490
f 3506 3521 3505
f 3522 3521 3506
f 3532 3531 3521
f 3532 3521 3522
f 580 585 586
f 580 579 585
f 572 571 579
f 572 579 580
f 564 563 571
f 564 571 572
f 556 555 563
f 556 563 564
f 548 547 555
f 548 555 556
f 540 539 547
f 540 547 548
f 532 531 539
f 532 539 540
f 524 523 531
f 524 515 523
f 524 531 532
f 516 515 524
f 508 507 515
f 508 515 516
f 500 507 508
f 500 499 507
f 492 499 500
f 492 491 499
f 492 483 491
f 484 483 492
f 472 483 484
f 472 471 483
f 472 463 471
f 464 463 472
f 456 463 464
f 456 455 463
f 448 455 456
f 448 447 455
f 440 447 448
f 440 439 447
f 432 439 440
f 432 431 439
f 420 431 432
f 420 419 431
f 412 419 420
f 412 411 419
f 404 411 412
f 404 403 411
f 396 395 403
f 396 403 404
f 388 387 395
f 388 379 387
f 388 395 396
f 380 379 388
f 368 367 379
f 368 379 380
f 360 359 367
f 360 351 359
f 360 367 368
f 352 351 360
f 344 343 351
f 344 335 343
f 344 351 352
f 336 335 344
f 324 323 335
f 324 315 323
f 324 335 336
f 316 307 315
f 316 315 324
f 308 307 316
f 300 299 307
f 300 307 308
f 288 287 299
f 288 299 300
f 280 279 287
f 280 287 288
f 272 279 280
f 272 271 279
f 264 271 272
f 264 263 271
f 264 255 263
f 256 255 264
f 244 255 256
f 244 243 255
f 236 243 244
f 236 235 243
f 228 235 236
f 228 227 235
f 228 219 227
f 220 219 228
f 212 219 220
f 212 211 219
f 204 211 212
f 204 203 211
f 192 203 204
f 192 191 203
f 184 191 192
f 184 183 191
f 176 183 184
f 176 175 183
f 176 167 175
f 168 167 176
f 160 167 168
f 160 159 167
f 160 151 159
f 152 151 160
f 144 151 152
f 144 143 151
f 132 143 144
f 132 131 143
f 124 131 132
f 124 123 131
f 116 123 124
f 116 115 123
f 108 115 116
f 108 107 115
f 100 107 108
f 100 99 107
f 92 91 99
f 92 99 100
f 92 83 91
f 84 75 83
f 84 83 92
f 76 75 84
f 68 67 75
f 68 75 76
f 60 67 68
f 60 59 67
f 54 59 60
f 54 53 59
f 54 57 53
f 58 57 54
f 58 65 57
f 66 65 58
f 74 65 66
f 74 73 65
f 74 81 73
f 82 81 74
f 82 89 81
f 90 89 82
f 98 89 90
f 98 97 89
f 106 97 98
f 106 105 97
f 114 105 106
f 114 113 105
f 114 121 113
f 122 121 114
f 130 141 129
f 130 121 122
f 130 129 121
f 142 141 130
f 150 149 141
f 150 141 142
f 158 157 149
f 158 165 157
f 158 149 150
f 166 165 158
f 174 173 165
f 174 165 166
f 182 181 173
f 182 173 174
f 190 189 181
f 190 181 182
f 202 201 189
f 202 189 190
f 210 209 201
f 210 217 209
f 210 201 202
f 218 217 210
f 226 225 217
f 226 217 218
f 234 233 225
f 234 225 226
f 242 241 233
f 242 233 234
f 254 253 241
f 254 241 242
f 262 253 254
f 262 261 253
f 270 261 262
f 270 269 261
f 278 269 270
f 278 277 269
f 278 285 277
f 286 285 278
f 298 297 285
f 298 285 286
f 306 305 297
f 306 297 298
f 314 313 305
f 314 321 313
f 314 305 306
f 322 333 321
f 322 321 314
f 334 341 333
f 334 333 322
f 342 349 341
f 342 341 334
f 350 349 342
f 358 357 349
f 358 365 357
f 358 349 350
f 366 365 358
f 366 377 365
f 378 377 366
f 386 385 377
f 386 377 378
f 394 393 385
f 394 385 386
f 402 401 393
f 402 393 394
f 410 409 401
f 410 401 402
f 418 417 409
f 418 429 417
f 418 409 410
f 430 429 418
f 438 437 429
f 438 429 430
f 446 445 437
f 446 453 445
f 446 437 438
f 454 453 446
f 462 461 453
f 462 453 454
f 470 461 462
f 470 469 461
f 470 481 469
f 482 481 470
f 490 489 481
f 490 481 482
f 498 489 490
f 498 497 489
f 506 497 498
f 506 505 497
f 506 513 505
f 514 513 506
f 514 521 513
f 522 521 514
f 530 521 522
f 530 529 521
f 530 537 529
f 538 537 530
f 538 545 537
f 546 545 538
f 554 545 546
f 554 553 545
f 562 553 554
f 562 561 553
f 570 561 562
f 570 569 561
f 570 577 569
f 578 577 570
f 586 585 577
f 586 577 578
f 2784 2789 2790
f 2784 2783 2789
f 2776 2775 2783
f 2776 2783 2784
f 2768 2767 2775
f 2768 2775 2776
f 2760 2759 2767
f 2760 2767 2768
f 2736 2735 2759
f 2736 2759 2760
f 2728 2727 2735
f 2728 2735 2736
f 2720 2719 2727
f 2720 2727 2728
f 2696 2695 2719
f 2696 2671 2695
f 2696 2719 2720
f 2672 2671 2696
f 2662 2661 2671
f 2662 2671 2672
f 2636 2661 2662
f 2636 2635 2661
f 2612 2635 2636
f 2612 2611 2635
f 2612 2587 2611
f 2588 2587 2612
f 2564 2587 2588
f 2564 2563 2587
f 2564 2539 2563
f 2540 2539 2564
f 2500 2539 2540
f 2500 2499 2539
f 2476 2499 2500
f 2476 2475 2499
f 2416 2475 2476
f 2416 2415 2475
f 2336 2415 2416
f 2336 2335 2415
f 2328 2335 2336
f 2328 2327 2335
f 2320 2327 2328
f 2320 2319 2327
f 2312 2319 2320
f 2312 2311 2319
f 2302 2301 2311
f 2302 2311 2312
f 2292 2291 2301
f 2292 2283 2291
f 2292 2301 2302
f 2284 2283 2292
f 2276 2275 2283
f 2276 2283 2284
f 2268 2267 2275
f 2268 2257 2267
f 2268 2275 2276
f 2258 2257 2268
f 2248 2247 2257
f 2248 2239 2247
f 2248 2257 2258
f 2240 2239 2248
f 2232 2231 2239
f 2232 2223 2231
f 2232 2239 2240
f 2224 2211 2223
f 2224 2223 2232
f 2212 2211 2224
f 2204 2203 2211
f 2204 2211 2212
f 2196 2195 2203
f 2196 2203 2204
f 2188 2187 2195
f 2188 2195 2196
f 2180 2187 2188
f 2180 2179 2187
f 2168 2179 2180
f 2168 2167 2179
f 2168 2159 2167
f 2160 2159 2168
f 2152 2159 2160
f 2152 2151 2159
f 2144 2151 2152
f 2144 2143 2151
f 2136 2143 2144
f 2136 2135 2143
f 2136 2125 2135
f 2126 2125 2136
f 2116 2125 2126
f 2116 2115 2125
f 2108 2115 2116
f 2108 2107 2115
f 2100 2107 2108
f 2100 2099 2107
f 2092 2099 2100
f 2092 2091 2099
f 2084 2091 2092
f 2084 2083 2091
f 2084 2073 2083
f 2074 2073 2084
f 2064 2073 2074
f 2064 2063 2073
f 2064 2055 2063
f 2056 2055 2064
f 2048 2055 2056
f 2048 2047 2055
f 2040 2047 2048
f 2040 2039 2047
f 2032 2039 2040
f 2032 2031 2039
f 2024 2031 2032
f 2024 2023 2031
f 2016 2023 2024
f 2016 2015 2023
f 2008 2015 2016
f 2008 2007 2015
f 2000 1999 2007
f 2000 2007 2008
f 2000 1991 1999
f 1992 1983 1991
f 1992 1991 2000
f 1984 1983 1992
f 1974 1973 1983
f 1974 1983 1984
f 1966 1973 1974
f 1966 1965 1973
f 1960 1965 1966
f 1960 1959 1965
f 1960 1963 1959
f 1964 1963 1960
f 1964 1971 1963
f 1972 1971 1964
f 1982 1971 1972
f 1982 1981 1971
f 1982 1989 1981
f 1990 1989 1982
f 1990 1997 1989
f 1998 1997 1990
f 2006 1997 1998
f 2006 2005 1997
f 2014 2005 2006
f 2014 2013 2005
f 2022 2013 2014
f 2022 2021 2013
f 2022 2029 2021
f 2030 2029 2022
f 2038 2045 2037
f 2038 2029 2030
f 2038 2037 2029
f 2046 2045 2038
f 2054 2053 2045
f 2054 2045 2046
f 2062 2061 2053
f 2062 2071 2061
f 2062 2053 2054
f 2072 2071 2062
f 2082 2081 2071
f 2082 2071 2072
f 2090 2089 2081
f 2090 2081 2082
f 2098 2097 2089
f 2098 2089 2090
f 2106 2105 2097
f 2106 2097 2098
f 2114 2113 2105
f 2114 2123 2113
f 2114 2105 2106
f 2124 2123 2114
f 2134 2133 2123
f 2134 2123 2124
f 2142 2141 2133
f 2142 2133 2134
f 2150 2149 2141
f 2150 2141 2142
f 2158 2157 2149
f 2158 2149 2150
f 2166 2157 2158
f 2166 2165 2157
f 2178 2165 2166
f 2178 2177 2165
f 2186 2177 2178
f 2186 2185 2177
f 2186 2193 2185
f 2194 2193 2186
f 2202 2201 2193
f 2202 2193 2194
f 2210 2209 2201
f 2210 2201 2202
f 2222 2221 2209
f 2222 2229 2221
f 2222 2209 2210
f 2230 2237 2229
f 2230 2229 2222
f 2238 2245 2237
f 2238 2237 2230
f 2246 2255 2245
f 2246 2245 2238
f 2256 2255 2246
f 2266 2265 2255
f 2266 2273 2265
f 2266 2255 2256
f 2274 2273 2266
f 2274 2281 2273
f 2282 2281 2274
f 2290 2289 2281
f 2290 2281 2282
f 2300 2299 2289
f 2300 2289 2290
f 2310 2309 2299
f 2310 2299 2300
f 2318 2317 2309
f 2318 2309 2310
f 2326 2325 2317
f 2326 2333 2325
f 2326 2317 2318
f 2334 2333 2326
f 2414 2413 2333
f 2414 2333 2334
f 2474 2473 2413
f 2474 2497 2473
f 2474 2413 2414
f 2498 2497 2474
f 2538 2537 2497
f 2538 2497 2498
f 2562 2537 2538
f 2562 2561 2537
f 2562 2585 2561
f 2586 2585 2562
f 2610 2609 2585
f 2610 2585 2586
f 2634 2609 2610
f 2634 2633 2609
f 2660 2633 2634
f 2660 2659 2633
f 2660 2669 2659
f 2670 2669 2660
f 2670 2693 2669
f 2694 2693 2670
f 2718 2693 2694
f 2718 2717 2693
f 2718 2725 2717
f 2726 2725 2718
f 2726 2733 2725
f 2734 2733 2726
f 2758 2733 2734
f 2758 2757 2733
f 2766 2757 2758
f 2766 2765 2757
f 2774 2765 2766
f 2774 2773 2765
f 2774 2781 2773
f 2782 2781 2774
f 2790 2789 2781
f 2790 2781 2782
f 1906 1905 641
f 1906 641 642
f 642 641 649
f 650 642 649
f 650 649 657
f 658 650 657
f 658 657 665
f 666 658 665
f 666 665 673
f 674 666 673
f 674 673 681
f 682 674 681
f 682 681 689
f 690 689 697
f 690 682 689
f 698 697 705
f 698 690 697
f 706 705 713
f 706 698 705
f 714 713 721
f 714 706 713
f 722 721 729
f 722 714 721
f 730 729 737
f 730 722 729
f 738 737 745
f 738 730 737
f 746 745 753
f 746 738 745
f 754 753 757
f 754 746 753
f 758 757 749
f 758 754 757
f 750 758 749
f 742 741 733
f 742 749 741
f 742 750 749
f 734 742 733
f 734 733 725
f 726 734 725
f 726 725 717
f 718 726 717
f 710 718 717
f 710 717 709
f 702 710 709
f 702 709 701
f 694 702 701
f 694 701 693
f 686 694 693
f 686 693 685
f 678 686 685
f 678 685 677
f 670 678 677
f 670 677 669
f 662 669 661
f 662 670 669
f 654 661 653
f 654 662 661
f 646 653 645
f 646 654 653
f 638 645 637
f 638 646 645
f 634 637 633
f 634 638 637
f 630 633 629
f 630 634 633
f 626 629 625
f 626 630 629
f 622 625 621
f 622 626 625
f 618 621 617
f 618 622 621
f 614 617 613
f 614 618 617
f 610 613 609
f 610 614 613
f 606 609 605
f 606 610 609
f 602 605 601
f 602 606 605
f 598 601 597
f 598 602 601
f 594 597 593
f 594 598 597
f 590 593 589
f 590 594 593
f 478 589 477
f 478 590 589
f 426 478 477
f 426 477 425
f 374 426 425
f 374 425 373
f 330 374 373
f 330 373 329
f 294 329 293
f 294 330 329
f 250 294 293
f 250 293 249
f 198 249 197
f 198 250 249
f 138 197 137
f 138 198 197
f 50 137 49
f 50 138 137
f 46 49 45
f 46 50 49
f 42 45 41
f 42 46 45
f 38 41 37
f 38 42 41
f 34 37 33
f 34 38 37
f 30 33 29
f 30 34 33
f 26 29 25
f 26 30 29
f 22 25 21
f 22 26 25
f 18 21 17
f 18 22 21
f 14 17 13
f 14 18 17
f 10 13 9
f 10 14 13
f 3543 3546 3545
f 3543 3545 3541
f 3539 3543 3541
f 3539 3541 3537
f 3535 3539 3537
f 3535 3537 3533
f 3347 3535 3533
f 3347 3533 3345
f 3247 3347 3345
f 3247 3345 3229
f 3163 3247 3229
f 3163 3229 3145
f 3079 3163 3145
f 3079 3145 3077
f 3011 3079 3077
f 3011 3077 2993
f 2927 3011 2993
f 2927 2993 2925
f 2843 2927 2925
f 2843 2925 2841
f 2667 2841 2657
f 2667 2843 2841
f 2455 2657 2437
f 2455 2667 2657
f 2307 2437 2297
f 2307 2455 2437
f 2263 2297 2253
f 2263 2307 2297
f 2219 2253 2217
f 2219 2263 2253
f 2175 2217 2173
f 2175 2219 2217
f 2131 2173 2121
f 2131 2175 2173
f 2079 2121 2069
f 2079 2131 2121
f 1979 2079 2069
f 1979 2069 1957
f 1955 1979 1957
f 1955 1957 1953
f 1951 1955 1953
f 1951 1953 1949
f 1947 1951 1949
f 1947 1949 1945
f 1943 1947 1945
f 1943 1945 1941
f 1939 1943 1941
f 1939 1941 1937
f 1935 1939 1937
f 1935 1937 1933
f 1931 1935 1933
f 1931 1933 1929
f 1927 1931 1929
f 1927 1929 1925
f 1923 1927 1925
f 1923 1925 1921
f 1919 1923 1921
f 1919 1921 1917
f 1915 1919 1917
f 1915 1917 1913
f 1911 1915 1913
f 1911 1913 1909
f 1903 1911 1909
f 1903 1909 1901
f 1895 1903 1901
f 1895 1901 1893
f 1887 1895 1893
f 1887 1893 1885
f 1879 1887 1885
f 1879 1885 1877
f 1869 1879 1877
f 1869 1877 1867
f 1861 1867 1859
f 1861 1870 1869
f 1861 1869 1867
f 1853 1859 1851
f 1853 1861 1859
f 1845 1851 1843
f 1845 1853 1851
f 1837 1843 1835
f 1837 1845 1843
f 1829 1835 1827
f 1829 1837 1835
f 1823 1827 1819
f 1823 1829 1827
f 1815 1823 1819
f 1815 1819 1811
f 1807 1811 1803
f 1807 1815 1811
f 1799 1803 1795
f 1799 1807 1803
f 1791 1795 1787
f 1791 1799 1795
f 1785 1787 1789
f 1785 1791 1787
f 1793 1789 1797
f 1793 1785 1789
f 1801 1797 1805
f 1801 1793 1797
f 1809 1805 1813
f 1809 1801 1805
f 1817 1813 1821
f 1817 1809 1813
f 1825 1821 1831
f 1825 1817 1821
f 1833 1831 1839
f 1833 1825 1831
f 1841 1839 1847
f 1841 1833 1839
f 1849 1847 1855
f 1849 1841 1847
f 1857 1855 1863
f 1857 1849 1855
f 1865 1863 1873
f 1865 1857 1863
f 1875 1873 1881
f 1875 1865 1873
f 1883 1881 1889
f 1883 1875 1881
f 1891 1889 1897
f 1891 1883 1889
f 1899 1897 1905
f 1899 1891 1897
f 1906 1899 1905
f 10 9 11
f 10 11 12
f 3549 3552 3551
f 3547 3551 3545
f 3547 3549 3551
f 3548 3550 3549
f 3548 3549 3547
f 3546 3547 3545
f 12 11 15
f 16 12 15
f 16 15 19
f 20 16 19
f 20 19 23
f 24 20 23
f 24 23 27
f 28 24 27
f 28 27 31
f 32 28 31
f 32 31 35
f 36 35 39
f 36 32 35
f 40 39 43
f 40 36 39
f 44 43 47
f 44 40 43
f 48 47 51
f 48 44 47
f 52 51 139
f 52 48 51
f 140 139 199
f 140 52 139
f 200 199 251
f 200 140 199
f 252 251 295
f 252 200 251
f 296 295 331
f 296 252 295
f 332 331 375
f 332 296 331
f 376 375 427
f 376 332 375
f 428 427 479
f 428 376 427
f 480 428 479
f 480 479 591
f 592 480 591
f 592 591 595
f 596 592 595
f 596 595 599
f 600 596 599
f 600 599 603
f 604 600 603
f 604 603 607
f 608 604 607
f 608 607 611
f 612 608 611
f 612 611 615
f 616 612 615
f 616 615 619
f 620 616 619
f 620 619 623
f 624 623 627
f 624 620 623
f 628 624 627
f 628 627 631
f 632 628 631
f 636 635 639
f 636 631 635
f 636 632 631
f 640 639 647
f 640 636 639
f 648 647 655
f 648 640 647
f 656 648 655
f 664 663 671
f 664 655 663
f 664 656 655
f 672 671 679
f 672 664 671
f 680 679 687
f 680 672 679
f 688 680 687
f 696 695 703
f 696 687 695
f 696 688 687
f 704 696 703
f 712 703 711
f 712 704 703
f 720 711 719
f 720 712 711
f 728 727 735
f 728 719 727
f 728 720 719
f 736 735 743
f 736 728 735
f 744 736 743
f 752 743 751
f 752 744 743
f 760 752 751
f 760 759 755
f 760 751 759
f 756 760 755
f 748 747 739
f 748 755 747
f 748 756 755
f 740 748 739
f 732 739 731
f 732 740 739
f 724 723 715
f 724 731 723
f 724 732 731
f 716 724 715
f 708 715 707
f 708 716 715
f 700 707 699
f 700 708 707
f 692 699 691
f 692 700 699
f 684 691 683
f 684 692 691
f 676 683 675
f 676 684 683
f 668 675 667
f 668 676 675
f 660 667 659
f 660 668 667
f 652 659 651
f 652 660 659
f 644 651 643
f 644 652 651
f 1900 1908 1907
f 1900 1907 1898
f 1892 1898 1890
f 1892 1900 1898
f 1884 1890 1882
f 1884 1892 1890
f 1876 1882 1874
f 1876 1884 1882
f 1866 1874 1864
f 1866 1876 1874
f 1858 1864 1856
f 1858 1866 1864
f 1850 1856 1848
f 1850 1858 1856
f 1842 1848 1840
f 1842 1850 1848
f 1834 1840 1832
f 1834 1842 1840
f 1826 1832 1822
f 1826 1834 1832
f 1818 1822 1814
f 1818 1826 1822
f 1810 1814 1806
f 1810 1818 1814
f 1802 1806 1798
f 1802 1810 1806
f 1794 1798 1790
f 1794 1802 1798
f 1786 1790 1788
f 1786 1794 1790
f 1792 1788 1796
f 1792 1786 1788
f 1800 1796 1804
f 1800 1792 1796
f 1808 1804 1812
f 1808 1800 1804
f 1816 1808 1812
f 1816 1812 1820
f 1824 1816 1820
f 1824 1820 1828
f 1830 1824 1828
f 1830 1828 1836
f 1838 1830 1836
f 1838 1836 1844
f 1846 1838 1844
f 1846 1844 1852
f 1854 1846 1852
f 1854 1852 1860
f 1862 1854 1860
f 1862 1860 1868
f 1871 1862 1868
f 1871 1868 1878
f 1872 1862 1871
f 1880 1871 1878
f 1880 1878 1886
f 1888 1880 1886
f 1888 1886 1894
f 1896 1888 1894
f 1896 1894 1902
f 1904 1896 1902
f 1904 1902 1910
f 1912 1904 1910
f 1912 1910 1914
f 1916 1912 1914
f 1916 1914 1918
f 1920 1918 1922
f 1920 1916 1918
f 1924 1922 1926
f 1924 1920 1922
f 1928 1926 1930
f 1928 1924 1926
f 1932 1930 1934
f 1932 1928 1930
f 1936 1934 1938
f 1936 1932 1934
f 1940 1938 1942
f 1940 1936 1938
f 1944 1942 1946
f 1944 1940 1942
f 1948 1946 1950
f 1948 1944 1946
f 1952 1950 1954
f 1952 1948 1950
f 1956 1954 1958
f 1956 1952 1954
f 1980 1956 1958
f 1980 1958 2070
f 2080 2070 2122
f 2080 1980 2070
f 2132 2080 2122
f 2132 2122 2174
f 2176 2132 2174
f 2176 2174 2218
f 2220 2176 2218
f 2220 2218 2254
f 2264 2220 2254
f 2264 2254 2298
f 2308 2264 2298
f 2308 2298 2438
f 2456 2308 2438
f 2456 2438 2658
f 2668 2456 2658
f 2668 2658 2842
f 2844 2668 2842
f 2844 2842 2926
f 2928 2844 2926
f 2928 2926 2994
f 3012 2928 2994
f 3012 2994 3078
f 3080 3012 3078
f 3080 3078 3146
f 3164 3080 3146
f 3164 3146 3230
f 3248 3164 3230
f 3248 3230 3346
f 3348 3248 3346
f 3348 3346 3534
f 3536 3348 3534
f 3536 3534 3538
f 3540 3536 3538
f 3540 3538 3542
f 3544 3540 3542
f 3544 3542 3551
f 3552 3544 3551
f 1908 643 1907
f 1908 644 643
f 584 587 588
f 584 583 587
f 576 575 583
f 576 583 584
f 568 567 575
f 568 575 576
f 560 559 567
f 560 567 568
f 552 551 559
f 552 559 560
f 544 543 551
f 544 551 552
f 536 535 543
f 536 543 544
f 528 527 535
f 528 519 527
f 528 535 536
f 520 519 528
f 512 511 519
f 512 519 520
f 504 511 512
f 504 503 511
f 496 503 504
f 496 495 503
f 496 487 495
f 488 487 496
f 476 487 488
f 476 475 487
f 476 467 475
f 468 467 476
f 460 467 468
f 460 459 467
f 452 459 460
f 452 451 459
f 444 451 452
f 444 443 451
f 436 443 444
f 436 435 443
f 424 435 436
f 424 423 435
f 416 423 424
f 416 415 423
f 408 415 416
f 408 407 415
f 400 399 407
f 400 407 408
f 392 391 399
f 392 383 391
f 392 399 400
f 384 383 392
f 372 371 383
f 372 383 384
f 364 363 371
f 364 355 363
f 364 371 372
f 356 355 364
f 348 347 355
f 348 339 347
f 348 355 356
f 340 339 348
f 328 327 339
f 328 319 327
f 328 339 340
f 320 311 319
f 320 319 328
f 312 311 320
f 304 303 311
f 304 311 312
f 292 291 303
f 292 303 304
f 284 283 291
f 284 291 292
f 276 283 284
f 276 275 283
f 268 275 276
f 268 267 275
f 268 259 267
f 260 259 268
f 248 259 260
f 248 247 259
f 240 247 248
f 240 239 247
f 232 239 240
f 232 231 239
f 232 223 231
f 224 223 232
f 216 223 224
f 216 215 223
f 208 215 216
f 208 207 215
f 196 207 208
f 196 195 207
f 188 195 196
f 188 187 195
f 180 187 188
f 180 179 187
f 180 171 179
f 172 171 180
f 164 171 172
f 164 163 171
f 164 155 163
f 156 155 164
f 148 155 156
f 148 147 155
f 136 147 148
f 136 135 147
f 128 135 136
f 128 127 135
f 120 127 128
f 120 119 127
f 112 119 120
f 112 111 119
f 104 111 112
f 104 103 111
f 96 95 103
f 96 103 104
f 96 87 95
f 88 79 87
f 88 87 96
f 80 79 88
f 72 71 79
f 72 79 80
f 64 71 72
f 64 63 71
f 56 63 64
f 56 55 63
f 56 61 55
f 62 61 56
f 62 69 61
f 70 69 62
f 78 69 70
f 78 77 69
f 78 85 77
f 86 85 78
f 86 93 85
f 94 93 86
f 102 93 94
f 102 101 93
f 110 101 102
f 110 109 101
f 118 109 110
f 118 117 109
f 118 125 117
f 126 125 118
f 134 145 133
f 134 125 126
f 134 133 125
f 146 145 134
f 154 153 145
f 154 145 146
f 162 161 153
f 162 169 161
f 162 153 154
f 170 169 162
f 178 177 169
f 178 169 170
f 186 185 177
f 186 177 178
f 194 193 185
f 194 185 186
f 206 205 193
f 206 193 194
f 214 213 205
f 214 221 213
f 214 205 206
f 222 221 214
f 230 229 221
f 230 221 222
f 238 237 229
f 238 229 230
f 246 245 237
f 246 237 238
f 258 257 245
f 258 245 246
f 266 257 258
f 266 265 257
f 274 265 266
f 274 273 265
f 282 273 274
f 282 281 273
f 282 289 281
f 290 289 282
f 302 301 289
f 302 289 290
f 310 309 301
f 310 301 302
f 318 317 309
f 318 325 317
f 318 309 310
f 326 337 325
f 326 325 318
f 338 345 337
f 338 337 326
f 346 353 345
f 346 345 338
f 354 353 346
f 362 361 353
f 362 369 361
f 362 353 354
f 370 369 362
f 370 381 369
f 382 381 370
f 390 389 381
f 390 381 382
f 398 397 389
f 398 389 390
f 406 405 397
f 406 397 398
f 414 413 405
f 414 405 406
f 422 421 413
f 422 433 421
f 422 413 414
f 434 433 422
f 442 441 433
f 442 433 434
f 450 449 441
f 450 457 449
f 450 441 442
f 458 457 450
f 466 465 457
f 466 457 458
f 474 465 466
f 474 473 465
f 474 485 473
f 486 485 474
f 494 493 485
f 494 485 486
f 502 493 494
f 502 501 493
f 510 501 502
f 510 509 501
f 510 517 509
f 518 517 510
f 518 525 517
f 526 525 518
f 534 525 526
f 534 533 525
f 534 541 533
f 542 541 534
f 542 549 541
f 550 549 542
f 558 549 550
f 558 557 549
f 566 557 558
f 566 565 557
f 574 565 566
f 574 573 565
f 574 581 573
f 582 581 574
f 588 587 581
f 588 581 582
f 2788 2791 2792
f 2788 2787 2791
f 2780 2779 2787
f 2780 2787 2788
f 2772 2771 2779
f 2772 2779 2780
f 2764 2763 2771
f 2764 2771 2772
f 2740 2739 2763
f 2740 2763 2764
f 2732 2731 2739
f 2732 2739 2740
f 2724 2723 2731
f 2724 2731 2732
f 2700 2699 2723
f 2700 2675 2699
f 2700 2723 2724
f 2676 2675 2700
f 2666 2665 2675
f 2666 2675 2676
f 2640 2665 2666
f 2640 2639 2665
f 2616 2639 2640
f 2616 2615 2639
f 2616 2591 2615
f 2592 2591 2616
f 2568 2591 2592
f 2568 2567 2591
f 2568 2543 2567
f 2544 2543 2568
f 2504 2543 2544
f 2504 2503 2543
f 2480 2503 2504
f 2480 2479 2503
f 2420 2479 2480
f 2420 2419 2479
f 2340 2419 2420
f 2340 2339 2419
f 2332 2339 2340
f 2332 2331 2339
f 2324 2331 2332
f 2324 2323 2331
f 2316 2323 2324
f 2316 2315 2323
f 2306 2305 2315
f 2306 2315 2316
f 2296 2295 2305
f 2296 2287 2295
f 2296 2305 2306
f 2288 2287 2296
f 2280 2279 2287
f 2280 2287 2288
f 2272 2271 2279
f 2272 2261 2271
f 2272 2279 2280
f 2262 2261 2272
f 2252 2251 2261
f 2252 2243 2251
f 2252 2261 2262
f 2244 2243 2252
f 2236 2235 2243
f 2236 2227 2235
f 2236 2243 2244
f 2228 2215 2227
f 2228 2227 2236
f 2216 2215 2228
f 2208 2207 2215
f 2208 2215 2216
f 2200 2199 2207
f 2200 2207 2208
f 2192 2191 2199
f 2192 2199 2200
f 2184 2191 2192
f 2184 2183 2191
f 2172 2183 2184
f 2172 2171 2183
f 2172 2163 2171
f 2164 2163 2172
f 2156 2163 2164
f 2156 2155 2163
f 2148 2155 2156
f 2148 2147 2155
f 2140 2147 2148
f 2140 2139 2147
f 2140 2129 2139
f 2130 2129 2140
f 2120 2129 2130
f 2120 2119 2129
f 2112 2119 2120
f 2112 2111 2119
f 2104 2111 2112
f 2104 2103 2111
f 2096 2103 2104
f 2096 2095 2103
f 2088 2095 2096
f 2088 2087 2095
f 2088 2077 2087
f 2078 2077 2088
f 2068 2077 2078
f 2068 2067 2077
f 2068 2059 2067
f 2060 2059 2068
f 2052 2059 2060
f 2052 2051 2059
f 2044 2051 2052
f 2044 2043 2051
f 2036 2043 2044
f 2036 2035 2043
f 2028 2035 2036
f 2028 2027 2035
f 2020 2027 2028
f 2020 2019 2027
f 2012 2019 2020
f 2012 2011 2019
f 2004 2003 2011
f 2004 2011 2012
f 2004 1995 2003
f 1996 1987 1995
f 1996 1995 2004
f 1988 1987 1996
f 1978 1977 1987
f 1978 1987 1988
f 1970 1977 1978
f 1970 1969 1977
f 1962 1969 1970
f 1962 1961 1969
f 1962 1967 1961
f 1968 1967 1962
f 1968 1975 1967
f 1976 1975 1968
f 1986 1975 1976
f 1986 1985 1975
f 1986 1993 1985
f 1994 1993 1986
f 1994 2001 1993
f 2002 2001 1994
f 2010 2001 2002
f 2010 2009 2001
f 2018 2009 2010
f 2018 2017 2009
f 2026 2017 2018
f 2026 2025 2017
f 2026 2033 2025
f 2034 2033 2026
f 2042 2049 2041
f 2042 2033 2034
f 2042 2041 2033
f 2050 2049 2042
f 2058 2057 2049
f 2058 2049 2050
f 2066 2065 2057
f 2066 2075 2065
f 2066 2057 2058
f 2076 2075 2066
f 2086 2085 2075
f 2086 2075 2076
f 2094 2093 2085
f 2094 2085 2086
f 2102 2101 2093
f 2102 2093 2094
f 2110 2109 2101
f 2110 2101 2102
f 2118 2117 2109
f 2118 2127 2117
f 2118 2109 2110
f 2128 2127 2118
f 2138 2137 2127
f 2138 2127 2128
f 2146 2145 2137
f 2146 2137 2138
f 2154 2153 2145
f 2154 2145 2146
f 2162 2161 2153
f 2162 2153 2154
f 2170 2161 2162
f 2170 2169 2161
f 2182 2169 2170
f 2182 2181 2169
f 2190 2181 2182
f 2190 2189 2181
f 2190 2197 2189
f 2198 2197 2190
f 2206 2205 2197
f 2206 2197 2198
f 2214 2213 2205
f 2214 2205 2206
f 2226 2225 2213
f 2226 2233 2225
f 2226 2213 2214
f 2234 2241 2233
f 2234 2233 2226
f 2242 2249 2241
f 2242 2241 2234
f 2250 2259 2249
f 2250 2249 2242
f 2260 2259 2250
f 2270 2269 2259
f 2270 2277 2269
f 2270 2259 2260
f 2278 2277 2270
f 2278 2285 2277
f 2286 2285 2278
f 2294 2293 2285
f 2294 2285 2286
f 2304 2303 2293
f 2304 2293 2294
f 2314 2313 2303
f 2314 2303 2304
f 2322 2321 2313
f 2322 2313 2314
f 2330 2329 2321
f 2330 2337 2329
f 2330 2321 2322
f 2338 2337 2330
f 2418 2417 2337
f 2418 2337 2338
f 2478 2477 2417
f 2478 2501 2477
f 2478 2417 2418
f 2502 2501 2478
f 2542 2541 2501
f 2542 2501 2502
f 2566 2541 2542
f 2566 2565 2541
f 2566 2589 2565
f 2590 2589 2566
f 2614 2613 2589
f 2614 2589 2590
f 2638 2613 2614
f 2638 2637 2613
f 2664 2637 2638
f 2664 2663 2637
f 2664 2673 2663
f 2674 2673 2664
f 2674 2697 2673
f 2698 2697 2674
f 2722 2697 2698
f 2722 2721 2697
f 2722 2729 2721
f 2730 2729 2722
f 2730 2737 2729
f 2738 2737 2730
f 2762 2737 2738
f 2762 2761 2737
f 2770 2761 2762
f 2770 2769 2761
f 2778 2769 2770
f 2778 2777 2769
f 2778 2785 2777
f 2786 2785 2778
f 2792 2791 2785
f 2792 2785 2786
f 945 961 977
f 1121 1089 1105
f 849 865 881
f 1201 1137 1153
f 1201 1153 1169
f 1201 1169 1185
f 1249 1217 1233
f 785 801 817
f 1329 1297 1313
f 1345 1297 1329
f 1393 1361 1377
f 1393 1345 1361
f 915 899 883
f 915 883 867
f 1425 1393 1409
f 1441 1393 1425
f 1441 1345 1393
f 1457 1345 1441
f 979 963 947
f 1011 915 867
f 1011 995 979
f 1011 947 931
f 1011 931 915
f 1011 867 851
f 1011 851 835
f 1011 835 819
f 1011 979 947
f 1521 1489 1505
f 1537 1473 1489
f 1537 1489 1521
f 1059 1043 1027
f 1059 1027 1011
f 1075 1059 1011
f 1075 819 803
f 1075 803 787
f 1075 787 777
f 1075 777 785
f 1075 817 833
f 1075 833 849
f 1075 785 817
f 1075 1011 819
f 1601 1297 1345
f 1601 1457 1473
f 1601 1537 1553
f 1601 1553 1569
f 1601 1569 1585
f 1601 1473 1537
f 1601 1345 1457
f 1601 1265 1281
f 1601 1281 1297
f 1123 1107 1091
f 1123 1091 1075
f 1633 1601 1617
f 1155 1139 1123
f 1171 1155 1123
f 1187 1171 1123
f 1697 1665 1681
f 1203 1075 849
f 1203 1187 1123
f 1203 945 977
f 1203 1123 1075
f 1203 849 881
f 1203 881 897
f 1203 897 913
f 1203 913 929
f 1203 929 945
f 1203 977 993
f 1203 993 1009
f 1203 1009 1025
f 1203 1025 1041
f 1203 1041 1057
f 1729 1697 1713
f 1745 1697 1729
f 1761 1697 1745
f 1267 1251 1235
f 1267 1235 1219
f 1267 1219 1203
f 1777 1697 1761
f 1283 1203 1057
f 1283 1089 1121
f 1283 1267 1203
f 1283 1137 1201
f 1283 1057 1073
f 1283 1073 1089
f 1283 1121 1137
f 1283 1217 1249
f 1283 1201 1217
f 1283 1249 1265
f 1763 1697 1777
f 1731 1763 1747
f 1331 1315 1299
f 1331 1299 1283
f 1699 1731 1715
f 1699 1763 1731
f 1363 1347 1331
f 1379 1331 1283
f 1379 1363 1331
f 1379 1283 1265
f 1667 1763 1699
f 1667 1699 1683
f 1667 1697 1763
f 1411 1395 1379
f 1427 1411 1379
f 1619 1651 1635
f 1443 1427 1379
f 1603 1667 1651
f 1603 1651 1619
f 1571 1603 1587
f 1507 1491 1475
f 1507 1475 1459
f 1507 1459 1443
f 1539 1571 1555
f 1523 1633 1649
f 1523 1649 1665
f 1523 1507 1443
f 1523 1697 1667
f 1523 1379 1265
f 1523 1603 1571
f 1523 1443 1379
f 1523 1667 1603
f 1523 1571 1539
f 1523 1601 1633
f 1523 1265 1601
f 1523 1665 1697
f 2545 2569 2593
f 2845 2809 2825
f 2421 2439 2457
f 2929 2861 2877
f 2929 2877 2893
f 2929 2893 2909
f 2977 2945 2961
f 2349 2365 2381
f 3061 3029 3045
f 3081 3029 3061
f 3129 3097 3113
f 3129 3081 3097
f 2507 2483 2459
f 2507 2459 2441
f 3165 3129 3147
f 3181 3129 3165
f 3181 3081 3129
f 3197 3081 3181
f 2595 2571 2547
f 2643 2507 2441
f 2643 2619 2595
f 2643 2547 2523
f 2643 2523 2507
f 2643 2441 2423
f 2643 2423 2399
f 2643 2399 2383
f 2643 2595 2547
f 3265 3231 3249
f 3281 3213 3231
f 3281 3231 3265
f 2743 2703 2679
f 2743 2679 2643
f 2795 2743 2643
f 2795 2383 2367
f 2795 2367 2351
f 2795 2351 2341
f 2795 2341 2349
f 2795 2381 2397
f 2795 2397 2421
f 2795 2349 2381
f 2795 2643 2383
f 3349 3029 3081
f 3349 3197 3213
f 3349 3281 3297
f 3349 3297 3313
f 3349 3313 3329
f 3349 3213 3281
f 3349 3081 3197
f 3349 2995 3013
f 3349 3013 3029
f 2847 2827 2811
f 2847 2811 2795
f 3381 3349 3365
f 2879 2863 2847
f 2895 2879 2847
f 2911 2895 2847
f 3445 3413 3429
f 2931 2795 2421
f 2931 2911 2847
f 2931 2545 2593
f 2931 2847 2795
f 2931 2421 2457
f 2931 2457 2481
f 2931 2481 2505
f 2931 2505 2521
f 2931 2521 2545
f 2931 2593 2617
f 2931 2617 2641
f 2931 2641 2677
f 2931 2677 2701
f 2931 2701 2741
f 3477 3445 3461
f 3493 3445 3477
f 3509 3445 3493
f 2997 2979 2963
f 2997 2963 2947
f 2997 2947 2931
f 3525 3445 3509
f 3015 2931 2741
f 3015 2809 2845
f 3015 2997 2931
f 3015 2861 2929
f 3015 2741 2793
f 3015 2793 2809
f 3015 2845 2861
f 3015 2945 2977
f 3015 2929 2945
f 3015 2977 2995
f 3511 3445 3525
f 3479 3511 3495
f 3063 3047 3031
f 3063 3031 3015
f 3447 3479 3463
f 3447 3511 3479
f 3099 3083 3063
f 3115 3063 3015
f 3115 3099 3063
f 3115 3015 2995
f 3415 3511 3447
f 3415 3447 3431
f 3415 3445 3511
f 3149 3131 3115
f 3167 3149 3115
f 3367 3399 3383
f 3183 3167 3115
f 3351 3415 3399
f 3351 3399 3367
f 3315 3351 3331
f 3251 3233 3215
f 3251 3215 3199
f 3251 3199 3183
f 3283 3315 3299
f 3267 3381 3397
f 3267 3397 3413
f 3267 3251 3183
f 3267 3445 3415
f 3267 3115 2995
f 3267 3351 3315
f 3267 3183 3115
f 3267 3415 3351
f 3267 3315 3283
f 3267 3349 3381
f 3267 2995 3349
f 3267 3413 3445
f 949 965 981
f 1125 1093 1109
f 853 869 885
f 1205 1141 1157
f 1205 1157 1173
f 1205 1173 1189
f 1253 1221 1237
f 789 805 821
f 1333 1301 1317
f 1349 1301 1333
f 1397 1365 1381
f 1397 1349 1365
f 919 903 887
f 919 887 871
f 1429 1397 1413
f 1445 1397 1429
f 1445 1349 1397
f 1461 1349 1445
f 983 967 951
f 1015 919 871
f 1015 999 983
f 1015 951 935
f 1015 935 919
f 1015 871 855
f 1015 855 839
f 1015 839 823
f 1015 983 951
f 1525 1493 1509
f 1541 1477 1493
f 1541 1493 1525
f 1063 1047 1031
f 1063 1031 1015
f 1079 1063 1015
f 1079 823 807
f 1079 807 791
f 1079 791 779
f 1079 779 789
f 1079 821 837
f 1079 837 853
f 1079 789 821
f 1079 1015 823
f 1605 1301 1349
f 1605 1461 1477
f 1605 1541 1557
f 1605 1557 1573
f 1605 1573 1589
f 1605 1477 1541
f 1605 1349 1461
f 1605 1269 1285
f 1605 1285 1301
f 1127 1111 1095
f 1127 1095 1079
f 1637 1605 1621
f 1159 1143 1127
f 1175 1159 1127
f 1191 1175 1127
f 1701 1669 1685
f 1207 1079 853
f 1207 1191 1127
f 1207 949 981
f 1207 1127 1079
f 1207 853 885
f 1207 885 901
f 1207 901 917
f 1207 917 933
f 1207 933 949
f 1207 981 997
f 1207 997 1013
f 1207 1013 1029
f 1207 1029 1045
f 1207 1045 1061
f 1733 1701 1717
f 1749 1701 1733
f 1765 1701 1749
f 1271 1255 1239
f 1271 1239 1223
f 1271 1223 1207
f 1779 1701 1765
f 1287 1207 1061
f 1287 1093 1125
f 1287 1271 1207
f 1287 1141 1205
f 1287 1061 1077
f 1287 1077 1093
f 1287 1125 1141
f 1287 1221 1253
f 1287 1205 1221
f 1287 1253 1269
f 1767 1701 1779
f 1735 1767 1751
f 1335 1319 1303
f 1335 1303 1287
f 1703 1735 1719
f 1703 1767 1735
f 1367 1351 1335
f 1383 1335 1287
f 1383 1367 1335
f 1383 1287 1269
f 1671 1767 1703
f 1671 1703 1687
f 1671 1701 1767
f 1415 1399 1383
f 1431 1415 1383
f 1623 1655 1639
f 1447 1431 1383
f 1607 1671 1655
f 1607 1655 1623
f 1575 1607 1591
f 1511 1495 1479
f 1511 1479 1463
f 1511 1463 1447
f 1543 1575 1559
f 1527 1637 1653
f 1527 1653 1669
f 1527 1511 1447
f 1527 1701 1671
f 1527 1383 1269
f 1527 1607 1575
f 1527 1447 1383
f 1527 1671 1607
f 1527 1575 1543
f 1527 1605 1637
f 1527 1269 1605
f 1527 1669 1701
f 2549 2573 2597
f 2849 2813 2829
f 2425 2443 2461
f 2933 2865 2881
f 2933 2881 2897
f 2933 2897 2913
f 2981 2949 2965
f 2353 2369 2385
f 3065 3033 3049
f 3085 3033 3065
f 3133 3101 3117
f 3133 3085 3101
f 2511 2487 2463
f 2511 2463 2445
f 3169 3133 3151
f 3185 3133 3169
f 3185 3085 3133
f 3201 3085 3185
f 2599 2575 2551
f 2647 2511 2445
f 2647 2623 2599
f 2647 2551 2527
f 2647 2527 2511
f 2647 2445 2427
f 2647 2427 2403
f 2647 2403 2387
f 2647 2599 2551
f 3269 3235 3253
f 3285 3217 3235
f 3285 3235 3269
f 2747 2707 2683
f 2747 2683 2647
f 2799 2747 2647
f 2799 2387 2371
f 2799 2371 2355
f 2799 2355 2343
f 2799 2343 2353
f 2799 2385 2401
f 2799 2401 2425
f 2799 2353 2385
f 2799 2647 2387
f 3353 3033 3085
f 3353 3201 3217
f 3353 3285 3301
f 3353 3301 3317
f 3353 3317 3333
f 3353 3217 3285
f 3353 3085 3201
f 3353 2999 3017
f 3353 3017 3033
f 2851 2831 2815
f 2851 2815 2799
f 3385 3353 3369
f 2883 2867 2851
f 2899 2883 2851
f 2915 2899 2851
f 3449 3417 3433
f 2935 2799 2425
f 2935 2915 2851
f 2935 2549 2597
f 2935 2851 2799
f 2935 2425 2461
f 2935 2461 2485
f 2935 2485 2509
f 2935 2509 2525
f 2935 2525 2549
f 2935 2597 2621
f 2935 2621 2645
f 2935 2645 2681
f 2935 2681 2705
f 2935 2705 2745
f 3481 3449 3465
f 3497 3449 3481
f 3513 3449 3497
f 3001 2983 2967
f 3001 2967 2951
f 3001 2951 2935
f 3527 3449 3513
f 3019 2935 2745
f 3019 2813 2849
f 3019 3001 2935
f 3019 2865 2933
f 3019 2745 2797
f 3019 2797 2813
f 3019 2849 2865
f 3019 2949 2981
f 3019 2933 2949
f 3019 2981 2999
f 3515 3449 3527
f 3483 3515 3499
f 3067 3051 3035
f 3067 3035 3019
f 3451 3483 3467
f 3451 3515 3483
f 3103 3087 3067
f 3119 3067 3019
f 3119 3103 3067
f 3119 3019 2999
f 3419 3515 3451
f 3419 3451 3435
f 3419 3449 3515
f 3153 3135 3119
f 3171 3153 3119
f 3371 3403 3387
f 3187 3171 3119
f 3355 3419 3403
f 3355 3403 3371
f 3319 3355 3335
f 3255 3237 3219
f 3255 3219 3203
f 3255 3203 3187
f 3287 3319 3303
f 3271 3385 3401
f 3271 3401 3417
f 3271 3255 3187
f 3271 3449 3419
f 3271 3119 2999
f 3271 3355 3319
f 3271 3187 3119
f 3271 3419 3355
f 3271 3319 3287
f 3271 3353 3385
f 3271 2999 3353
f 3271 3417 3449
f 953 969 985
f 1129 1097 1113
f 857 873 889
f 1209 1145 1161
f 1209 1161 1177
f 1209 1177 1193
f 1257 1225 1241
f 793 809 825
f 1337 1305 1321
f 1353 1305 1337
f 1401 1369 1385
f 1401 1353 1369
f 923 907 891
f 923 891 875
f 1433 1401 1417
f 1449 1401 1433
f 1449 1353 1401
f 1465 1353 1449
f 987 971 955
f 1019 923 875
f 1019 1003 987
f 1019 955 939
f 1019 939 923
f 1019 875 859
f 1019 859 843
f 1019 843 827
f 1019 987 955
f 1529 1497 1513
f 1545 1481 1497
f 1545 1497 1529
f 1067 1051 1035
f 1067 1035 1019
f 1083 1067 1019
f 1083 827 811
f 1083 811 795
f 1083 795 781
f 1083 781 793
f 1083 825 841
f 1083 841 857
f 1083 793 825
f 1083 1019 827
f 1609 1305 1353
f 1609 1465 1481
f 1609 1545 1561
f 1609 1561 1577
f 1609 1577 1593
f 1609 1481 1545
f 1609 1353 1465
f 1609 1273 1289
f 1609 1289 1305
f 1131 1115 1099
f 1131 1099 1083
f 1641 1609 1625
f 1163 1147 1131
f 1179 1163 1131
f 1195 1179 1131
f 1705 1673 1689
f 1211 1083 857
f 1211 1195 1131
f 1211 953 985
f 1211 1131 1083
f 1211 857 889
f 1211 889 905
f 1211 905 921
f 1211 921 937
f 1211 937 953
f 1211 985 1001
f 1211 1001 1017
f 1211 1017 1033
f 1211 1033 1049
f 1211 1049 1065
f 1737 1705 1721
f 1753 1705 1737
f 1769 1705 1753
f 1275 1259 1243
f 1275 1243 1227
f 1275 1227 1211
f 1781 1705 1769
f 1291 1211 1065
f 1291 1097 1129
f 1291 1275 1211
f 1291 1145 1209
f 1291 1065 1081
f 1291 1081 1097
f 1291 1129 1145
f 1291 1225 1257
f 1291 1209 1225
f 1291 1257 1273
f 1771 1705 1781
f 1739 1771 1755
f 1339 1323 1307
f 1339 1307 1291
f 1707 1739 1723
f 1707 1771 1739
f 1371 1355 1339
f 1387 1339 1291
f 1387 1371 1339
f 1387 1291 1273
f 1675 1771 1707
f 1675 1707 1691
f 1675 1705 1771
f 1419 1403 1387
f 1435 1419 1387
f 1627 1659 1643
f 1451 1435 1387
f 1611 1675 1659
f 1611 1659 1627
f 1579 1611 1595
f 1515 1499 1483
f 1515 1483 1467
f 1515 1467 1451
f 1547 1579 1563
f 1531 1641 1657
f 1531 1657 1673
f 1531 1515 1451
f 1531 1705 1675
f 1531 1387 1273
f 1531 1611 1579
f 1531 1451 1387
f 1531 1675 1611
f 1531 1579 1547
f 1531 1609 1641
f 1531 1273 1609
f 1531 1673 1705
f 2553 2577 2601
f 2853 2817 2833
f 2429 2447 2465
f 2937 2869 2885
f 2937 2885 2901
f 2937 2901 2917
f 2985 2953 2969
f 2357 2373 2389
f 3069 3037 3053
f 3089 3037 3069
f 3137 3105 3121
f 3137 3089 3105
f 2515 2491 2467
f 2515 2467 2449
f 3173 3137 3155
f 3189 3137 3173
f 3189 3089 3137
f 3205 3089 3189
f 2603 2579 2555
f 2651 2515 2449
f 2651 2627 2603
f 2651 2555 2531
f 2651 2531 2515
f 2651 2449 2431
f 2651 2431 2407
f 2651 2407 2391
f 2651 2603 2555
f 3273 3239 3257
f 3289 3221 3239
f 3289 3239 3273
f 2751 2711 2687
f 2751 2687 2651
f 2803 2751 2651
f 2803 2391 2375
f 2803 2375 2359
f 2803 2359 2345
f 2803 2345 2357
f 2803 2389 2405
f 2803 2405 2429
f 2803 2357 2389
f 2803 2651 2391
f 3357 3037 3089
f 3357 3205 3221
f 3357 3289 3305
f 3357 3305 3321
f 3357 3321 3337
f 3357 3221 3289
f 3357 3089 3205
f 3357 3003 3021
f 3357 3021 3037
f 2855 2835 2819
f 2855 2819 2803
f 3389 3357 3373
f 2887 2871 2855
f 2903 2887 2855
f 2919 2903 2855
f 3453 3421 3437
f 2939 2803 2429
f 2939 2919 2855
f 2939 2553 2601
f 2939 2855 2803
f 2939 2429 2465
f 2939 2465 2489
f 2939 2489 2513
f 2939 2513 2529
f 2939 2529 2553
f 2939 2601 2625
f 2939 2625 2649
f 2939 2649 2685
f 2939 2685 2709
f 2939 2709 2749
f 3485 3453 3469
f 3501 3453 3485
f 3517 3453 3501
f 3005 2987 2971
f 3005 2971 2955
f 3005 2955 2939
f 3529 3453 3517
f 3023 2939 2749
f 3023 2817 2853
f 3023 3005 2939
f 3023 2869 2937
f 3023 2749 2801
f 3023 2801 2817
f 3023 2853 2869
f 3023 2953 2985
f 3023 2937 2953
f 3023 2985 3003
f 3519 3453 3529
f 3487 3519 3503
f 3071 3055 3039
f 3071 3039 3023
f 3455 3487 3471
f 3455 3519 3487
f 3107 3091 3071
f 3123 3071 3023
f 3123 3107 3071
f 3123 3023 3003
f 3423 3519 3455
f 3423 3455 3439
f 3423 3453 3519
f 3157 3139 3123
f 3175 3157 3123
f 3375 3407 3391
f 3191 3175 3123
f 3359 3423 3407
f 3359 3407 3375
f 3323 3359 3339
f 3259 3241 3223
f 3259 3223 3207
f 3259 3207 3191
f 3291 3323 3307
f 3275 3389 3405
f 3275 3405 3421
f 3275 3259 3191
f 3275 3453 3423
f 3275 3123 3003
f 3275 3359 3323
f 3275 3191 3123
f 3275 3423 3359
f 3275 3323 3291
f 3275 3357 3389
f 3275 3003 3357
f 3275 3421 3453
f 957 973 989
f 1133 1101 1117
f 861 877 893
f 1213 1149 1165
f 1213 1165 1181
f 1213 1181 1197
f 1261 1229 1245
f 797 813 829
f 1341 1309 1325
f 1357 1309 1341
f 1405 1373 1389
f 1405 1357 1373
f 927 911 895
f 927 895 879
f 1437 1405 1421
f 1453 1405 1437
f 1453 1357 1405
f 1469 1357 1453
f 991 975 959
f 1023 927 879
f 1023 1007 991
f 1023 959 943
f 1023 943 927
f 1023 879 863
f 1023 863 847
f 1023 847 831
f 1023 991 959
f 1533 1501 1517
f 1549 1485 1501
f 1549 1501 1533
f 1071 1055 1039
f 1071 1039 1023
f 1087 1071 1023
f 1087 831 815
f 1087 815 799
f 1087 799 783
f 1087 783 797
f 1087 829 845
f 1087 845 861
f 1087 797 829
f 1087 1023 831
f 1613 1309 1357
f 1613 1469 1485
f 1613 1549 1565
f 1613 1565 1581
f 1613 1581 1597
f 1613 1485 1549
f 1613 1357 1469
f 1613 1277 1293
f 1613 1293 1309
f 1135 1119 1103
f 1135 1103 1087
f 1645 1613 1629
f 1167 1151 1135
f 1183 1167 1135
f 1199 1183 1135
f 1709 1677 1693
f 1215 1087 861
f 1215 1199 1135
f 1215 957 989
f 1215 1135 1087
f 1215 861 893
f 1215 893 909
f 1215 909 925
f 1215 925 941
f 1215 941 957
f 1215 989 1005
f 1215 1005 1021
f 1215 1021 1037
f 1215 1037 1053
f 1215 1053 1069
f 1741 1709 1725
f 1757 1709 1741
f 1773 1709 1757
f 1279 1263 1247
f 1279 1247 1231
f 1279 1231 1215
f 1783 1709 1773
f 1295 1215 1069
f 1295 1101 1133
f 1295 1279 1215
f 1295 1149 1213
f 1295 1069 1085
f 1295 1085 1101
f 1295 1133 1149
f 1295 1229 1261
f 1295 1213 1229
f 1295 1261 1277
f 1775 1709 1783
f 1743 1775 1759
f 1343 1327 1311
f 1343 1311 1295
f 1711 1743 1727
f 1711 1775 1743
f 1375 1359 1343
f 1391 1343 1295
f 1391 1375 1343
f 1391 1295 1277
f 1679 1775 1711
f 1679 1711 1695
f 1679 1709 1775
f 1423 1407 1391
f 1439 1423 1391
f 1631 1663 1647
f 1455 1439 1391
f 1615 1679 1663
f 1615 1663 1631
f 1583 1615 1599
f 1519 1503 1487
f 1519 1487 1471
f 1519 1471 1455
f 1551 1583 1567
f 1535 1645 1661
f 1535 1661 1677
f 1535 1519 1455
f 1535 1709 1679
f 1535 1391 1277
f 1535 1615 1583
f 1535 1455 1391
f 1535 1679 1615
f 1535 1583 1551
f 1535 1613 1645
f 1535 1277 1613
f 1535 1677 1709
f 2557 2581 2605
f 2857 2821 2837
f 2433 2451 2469
f 2941 2873 2889
f 2941 2889 2905
f 2941 2905 2921
f 2989 2957 2973
f 2361 2377 2393
f 3073 3041 3057
f 3093 3041 3073
f 3141 3109 3125
f 3141 3093 3109
f 2519 2495 2471
f 2519 2471 2453
f 3177 3141 3159
f 3193 3141 3177
f 3193 3093 3141
f 3209 3093 3193
f 2607 2583 2559
f 2655 2519 2453
f 2655 2631 2607
f 2655 2559 2535
f 2655 2535 2519
f 2655 2453 2435
f 2655 2435 2411
f 2655 2411 2395
f 2655 2607 2559
f 3277 3243 3261
f 3293 3225 3243
f 3293 3243 3277
f 2755 2715 2691
f 2755 2691 2655
f 2807 2755 2655
f 2807 2395 2379
f 2807 2379 2363
f 2807 2363 2347
f 2807 2347 2361
f 2807 2393 2409
f 2807 2409 2433
f 2807 2361 2393
f 2807 2655 2395
f 3361 3041 3093
f 3361 3209 3225
f 3361 3293 3309
f 3361 3309 3325
f 3361 3325 3341
f 3361 3225 3293
f 3361 3093 3209
f 3361 3007 3025
f 3361 3025 3041
f 2859 2839 2823
f 2859 2823 2807
f 3393 3361 3377
f 2891 2875 2859
f 2907 2891 2859
f 2923 2907 2859
f 3457 3425 3441
f 2943 2807 2433
f 2943 2923 2859
f 2943 2557 2605
f 2943 2859 2807
f 2943 2433 2469
f 2943 2469 2493
f 2943 2493 2517
f 2943 2517 2533
f 2943 2533 2557
f 2943 2605 2629
f 2943 2629 2653
f 2943 2653 2689
f 2943 2689 2713
f 2943 2713 2753
f 3489 3457 3473
f 3505 3457 3489
f 3521 3457 3505
f 3009 2991 2975
f 3009 2975 2959
f 3009 2959 2943
f 3531 3457 3521
f 3027 2943 2753
f 3027 2821 2857
f 3027 3009 2943
f 3027 2873 2941
f 3027 2753 2805
f 3027 2805 2821
f 3027 2857 2873
f 3027 2957 2989
f 3027 2941 2957
f 3027 2989 3007
f 3523 3457 3531
f 3491 3523 3507
f 3075 3059 3043
f 3075 3043 3027
f 3459 3491 3475
f 3459 3523 3491
f 3111 3095 3075
f 3127 3075 3027
f 3127 3111 3075
f 3127 3027 3007
f 3427 3523 3459
f 3427 3459 3443
f 3427 3457 3523
f 3161 3143 3127
f 3179 3161 3127
f 3379 3411 3395
f 3195 3179 3127
f 3363 3427 3411
f 3363 3411 3379
f 3327 3363 3343
f 3263 3245 3227
f 3263 3227 3211
f 3263 3211 3195
f 3295 3327 3311
f 3279 3393 3409
f 3279 3409 3425
f 3279 3263 3195
f 3279 3457 3427
f 3279 3127 3007
f 3279 3363 3327
f 3279 3195 3127
f 3279 3427 3363
f 3279 3327 3295
f 3279 3361 3393
f 3279 3007 3361
f 3279 3425 3457
f 142 158 150
f 234 226 218
f 90 106 98
f 278 254 242
f 278 262 254
f 278 270 262
f 306 298 286
f 58 74 66
f 350 342 334
f 358 350 334
f 386 378 366
f 386 366 358
f 124 108 116
f 124 100 108
f 402 394 386
f 410 402 386
f 410 386 358
f 418 410 358
f 160 144 152
f 176 100 124
f 176 160 168
f 176 132 144
f 176 124 132
f 176 92 100
f 176 84 92
f 176 76 84
f 176 144 160
f 454 446 438
f 462 438 430
f 462 454 438
f 204 184 192
f 204 176 184
f 212 176 204
f 212 68 76
f 212 60 68
f 212 54 60
f 212 58 54
f 212 82 74
f 212 90 82
f 212 74 58
f 212 76 176
f 498 358 334
f 498 430 418
f 498 470 462
f 498 482 470
f 498 490 482
f 498 462 430
f 498 418 358
f 498 322 314
f 498 334 322
f 236 220 228
f 236 212 220
f 514 506 498
f 256 236 244
f 264 236 256
f 272 236 264
f 546 538 530
f 280 90 212
f 280 236 272
f 280 158 142
f 280 212 236
f 280 106 90
f 280 114 106
f 280 122 114
f 280 130 122
f 280 142 130
f 280 166 158
f 280 174 166
f 280 182 174
f 280 190 182
f 280 202 190
f 562 554 546
f 570 562 546
f 578 570 546
f 316 300 308
f 316 288 300
f 316 280 288
f 586 578 546
f 324 202 280
f 324 234 218
f 324 280 316
f 324 278 242
f 324 210 202
f 324 218 210
f 324 242 234
f 324 306 286
f 324 286 278
f 324 314 306
f 580 586 546
f 564 572 580
f 352 336 344
f 352 324 336
f 548 556 564
f 548 564 580
f 368 352 360
f 380 324 352
f 380 352 368
f 380 314 324
f 532 548 580
f 532 540 548
f 532 580 546
f 396 380 388
f 404 380 396
f 508 516 524
f 412 380 404
f 500 524 532
f 500 508 524
f 484 492 500
f 448 432 440
f 448 420 432
f 448 412 420
f 464 472 484
f 456 522 514
f 456 530 522
f 456 412 448
f 456 532 546
f 456 314 380
f 456 484 500
f 456 380 412
f 456 500 532
f 456 464 484
f 456 514 498
f 456 498 314
f 456 546 530
f 2046 2062 2054
f 2142 2134 2124
f 1998 2014 2006
f 2186 2158 2150
f 2186 2166 2158
f 2186 2178 2166
f 2210 2202 2194
f 1964 1982 1972
f 2256 2246 2238
f 2266 2256 2238
f 2290 2282 2274
f 2290 2274 2266
f 2032 2016 2024
f 2032 2008 2016
f 2310 2300 2290
f 2318 2310 2290
f 2318 2290 2266
f 2326 2318 2266
f 2064 2048 2056
f 2084 2008 2032
f 2084 2064 2074
f 2084 2040 2048
f 2084 2032 2040
f 2084 2000 2008
f 2084 1992 2000
f 2084 1984 1992
f 2084 2048 2064
f 2498 2474 2414
f 2538 2414 2334
f 2538 2498 2414
f 2108 2092 2100
f 2108 2084 2092
f 2116 2084 2108
f 2116 1974 1984
f 2116 1966 1974
f 2116 1960 1966
f 2116 1964 1960
f 2116 1990 1982
f 2116 1998 1990
f 2116 1982 1964
f 2116 1984 2084
f 2634 2266 2238
f 2634 2334 2326
f 2634 2562 2538
f 2634 2586 2562
f 2634 2610 2586
f 2634 2538 2334
f 2634 2326 2266
f 2634 2230 2222
f 2634 2238 2230
f 2144 2126 2136
f 2144 2116 2126
f 2670 2660 2634
f 2160 2144 2152
f 2168 2144 2160
f 2180 2144 2168
f 2734 2726 2718
f 2188 1998 2116
f 2188 2144 2180
f 2188 2062 2046
f 2188 2116 2144
f 2188 2014 1998
f 2188 2022 2014
f 2188 2030 2022
f 2188 2038 2030
f 2188 2046 2038
f 2188 2072 2062
f 2188 2082 2072
f 2188 2090 2082
f 2188 2098 2090
f 2188 2106 2098
f 2766 2758 2734
f 2774 2766 2734
f 2782 2774 2734
f 2224 2204 2212
f 2224 2196 2204
f 2224 2188 2196
f 2790 2782 2734
f 2232 2106 2188
f 2232 2142 2124
f 2232 2188 2224
f 2232 2186 2150
f 2232 2114 2106
f 2232 2124 2114
f 2232 2150 2142
f 2232 2210 2194
f 2232 2194 2186
f 2232 2222 2210
f 2784 2790 2734
f 2768 2776 2784
f 2258 2240 2248
f 2258 2232 2240
f 2736 2760 2768
f 2736 2768 2784
f 2276 2258 2268
f 2284 2232 2258
f 2284 2258 2276
f 2284 2222 2232
f 2720 2736 2784
f 2720 2728 2736
f 2720 2784 2734
f 2302 2284 2292
f 2312 2284 2302
f 2662 2672 2696
f 2320 2284 2312
f 2636 2696 2720
f 2636 2662 2696
f 2588 2612 2636
f 2476 2336 2416
f 2476 2328 2336
f 2476 2320 2328
f 2540 2564 2588
f 2500 2694 2670
f 2500 2718 2694
f 2500 2320 2476
f 2500 2720 2734
f 2500 2222 2284
f 2500 2588 2636
f 2500 2284 2320
f 2500 2636 2720
f 2500 2540 2588
f 2500 2670 2634
f 2500 2634 2222
f 2500 2734 2718
f 12 14 10
f 16 14 12
f 20 22 18
f 20 18 14
f 20 14 16
f 24 22 20
f 28 30 26
f 28 26 22
f 28 22 24
f 32 30 28
f 36 34 30
f 36 30 32
f 40 38 34
f 40 34 36
f 44 42 38
f 44 38 40
f 48 50 46
f 48 46 42
f 48 42 44
f 52 50 48
f 140 138 50
f 140 50 52
f 200 138 140
f 200 250 198
f 200 198 138
f 252 250 200
f 296 294 250
f 296 250 252
f 332 330 294
f 332 294 296
f 376 374 330
f 376 330 332
f 428 426 374
f 428 374 376
f 480 478 426
f 480 426 428
f 592 590 478
f 592 478 480
f 596 594 590
f 596 590 592
f 600 602 598
f 600 598 594
f 600 594 596
f 604 602 600
f 608 606 602
f 608 602 604
f 612 610 606
f 612 606 608
f 616 610 612
f 616 618 614
f 616 614 610
f 620 618 616
f 624 618 620
f 624 622 618
f 628 622 624
f 628 626 622
f 632 626 628
f 632 630 626
f 636 630 632
f 636 634 630
f 640 634 636
f 640 638 634
f 762 642 650
f 762 650 658
f 762 658 666
f 762 666 674
f 762 674 682
f 762 682 690
f 762 690 698
f 762 698 706
f 762 706 714
f 762 714 722
f 762 722 730
f 762 730 738
f 762 738 746
f 762 746 754
f 762 754 758
f 762 758 750
f 762 750 742
f 762 742 734
f 762 734 726
f 762 726 718
f 762 718 710
f 1906 642 762
f 1899 1906 762
f 1891 1899 762
f 1883 1891 762
f 1875 1883 762
f 1865 1875 762
f 1857 1865 762
f 1849 1857 762
f 1841 1849 762
f 1833 1841 762
f 1825 1833 762
f 1817 1825 762
f 764 762 710
f 764 710 702
f 764 702 694
f 764 694 686
f 764 686 678
f 764 678 670
f 764 670 662
f 764 662 654
f 764 654 646
f 764 646 638
f 1809 1817 762
f 1801 1809 762
f 1793 1801 762
f 1785 1793 762
f 1791 1785 762
f 1799 1791 762
f 1807 1799 762
f 1815 1807 762
f 1823 1815 762
f 1829 1823 762
f 1837 1829 762
f 1845 1837 762
f 1853 1845 762
f 1861 1853 762
f 1870 1861 762
f 766 764 638
f 766 640 648
f 766 648 656
f 766 656 664
f 766 664 672
f 766 672 680
f 766 680 688
f 766 688 696
f 766 696 704
f 766 704 712
f 766 638 640
f 768 766 712
f 768 712 720
f 768 720 728
f 768 728 736
f 768 736 744
f 768 744 752
f 768 752 760
f 768 760 756
f 768 756 748
f 768 748 740
f 768 740 732
f 768 732 724
f 768 724 716
f 768 716 708
f 768 708 700
f 768 700 692
f 768 692 684
f 768 684 676
f 768 676 668
f 768 668 660
f 768 660 652
f 768 652 644
f 3550 3548 764
f 3550 764 766
f 1862 1872 768
f 1854 1862 768
f 1846 1854 768
f 1838 1846 768
f 1830 1838 768
f 1824 1830 768
f 1816 1824 768
f 1808 1816 768
f 1800 1808 768
f 1792 1800 768
f 1786 1792 768
f 1794 1786 768
f 1802 1794 768
f 1810 1802 768
f 1818 1810 768
f 1826 1818 768
f 1834 1826 768
f 1842 1834 768
f 1850 1842 768
f 1858 1850 768
f 1866 1858 768
f 1876 1866 768
f 1884 1876 768
f 1892 1884 768
f 1900 1892 768
f 1908 1900 768
f 1908 768 644
f 1879 1869 761
f 1887 1879 761
f 1895 761 763
f 1895 1887 761
f 1903 1895 763
f 1911 1903 763
f 1915 1911 763
f 1919 1915 763
f 1923 1919 763
f 3547 3546 3543
f 3547 3543 3539
f 3547 3539 3535
f 3547 3535 3347
f 3547 3347 3247
f 3547 3247 3163
f 3547 3163 3079
f 3547 3079 3011
f 3547 3011 2927
f 3547 2927 2843
f 3547 2843 2667
f 3547 2667 2455
f 3547 2455 2307
f 3547 2307 2263
f 3547 2263 2219
f 3547 2219 2175
f 3547 2175 2131
f 3547 2131 2079
f 3547 2079 1979
f 3547 1979 1955
f 3547 1955 1951
f 3547 1951 1947
f 3547 1947 1943
f 3547 1943 1939
f 3547 1939 1935
f 3547 1935 1931
f 3547 1931 1927
f 3547 1927 1923
f 3547 1923 763
f 1870 761 1869
f 1870 762 761
f 3547 763 764
f 3548 3547 764
f 3549 766 765
f 3550 766 3549
f 1916 765 1912
f 1904 1912 765
f 1920 765 1916
f 1896 765 767
f 1896 1904 765
f 1924 3549 765
f 1924 765 1920
f 1888 1896 767
f 1928 3549 1924
f 1880 1888 767
f 1932 3549 1928
f 1871 1880 767
f 1936 3549 1932
f 1940 3549 1936
f 1944 3549 1940
f 1948 3549 1944
f 1952 3549 1948
f 1956 3549 1952
f 1980 3549 1956
f 2080 3549 1980
f 2132 3549 2080
f 2176 3549 2132
f 2220 3549 2176
f 2264 3549 2220
f 2308 3549 2264
f 2456 3549 2308
f 2668 3549 2456
f 2844 3549 2668
f 2928 3549 2844
f 3012 3549 2928
f 3080 3549 3012
f 3164 3549 3080
f 3248 3549 3164
f 3348 3549 3248
f 3536 3549 3348
f 3540 3549 3536
f 3544 3549 3540
f 3552 3549 3544
f 1872 1871 767
f 1872 767 768
f 146 162 154
f 238 230 222
f 94 110 102
f 282 258 246
f 282 266 258
f 282 274 266
f 310 302 290
f 62 78 70
f 354 346 338
f 362 354 338
f 390 382 370
f 390 370 362
f 128 112 120
f 128 104 112
f 406 398 390
f 414 406 390
f 414 390 362
f 422 414 362
f 164 148 156
f 180 104 128
f 180 164 172
f 180 136 148
f 180 128 136
f 180 96 104
f 180 88 96
f 180 80 88
f 180 148 164
f 458 450 442
f 466 442 434
f 466 458 442
f 208 188 196
f 208 180 188
f 216 180 208
f 216 72 80
f 216 64 72
f 216 56 64
f 216 62 56
f 216 86 78
f 216 94 86
f 216 78 62
f 216 80 180
f 502 362 338
f 502 434 422
f 502 474 466
f 502 486 474
f 502 494 486
f 502 466 434
f 502 422 362
f 502 326 318
f 502 338 326
f 240 224 232
f 240 216 224
f 518 510 502
f 260 240 248
f 268 240 260
f 276 240 268
f 550 542 534
f 284 94 216
f 284 240 276
f 284 162 146
f 284 216 240
f 284 110 94
f 284 118 110
f 284 126 118
f 284 134 126
f 284 146 134
f 284 170 162
f 284 178 170
f 284 186 178
f 284 194 186
f 284 206 194
f 566 558 550
f 574 566 550
f 582 574 550
f 320 304 312
f 320 292 304
f 320 284 292
f 588 582 550
f 328 206 284
f 328 238 222
f 328 284 320
f 328 282 246
f 328 214 206
f 328 222 214
f 328 246 238
f 328 310 290
f 328 290 282
f 328 318 310
f 584 588 550
f 568 576 584
f 356 340 348
f 356 328 340
f 552 560 568
f 552 568 584
f 372 356 364
f 384 328 356
f 384 356 372
f 384 318 328
f 536 552 584
f 536 544 552
f 536 584 550
f 400 384 392
f 408 384 400
f 512 520 528
f 416 384 408
f 504 528 536
f 504 512 528
f 488 496 504
f 452 436 444
f 452 424 436
f 452 416 424
f 468 476 488
f 460 526 518
f 460 534 526
f 460 416 452
f 460 536 550
f 460 318 384
f 460 488 504
f 460 384 416
f 460 504 536
f 460 468 488
f 460 518 502
f 460 502 318
f 460 550 534
f 2050 2066 2058
f 2146 2138 2128
f 2002 2018 2010
f 2190 2162 2154
f 2190 2170 2162
f 2190 2182 2170
f 2214 2206 2198
f 1968 1986 1976
f 2260 2250 2242
f 2270 2260 2242
f 2294 2286 2278
f 2294 2278 2270
f 2036 2020 2028
f 2036 2012 2020
f 2314 2304 2294
f 2322 2314 2294
f 2322 2294 2270
f 2330 2322 2270
f 2068 2052 2060
f 2088 2012 2036
f 2088 2068 2078
f 2088 2044 2052
f 2088 2036 2044
f 2088 2004 2012
f 2088 1996 2004
f 2088 1988 1996
f 2088 2052 2068
f 2502 2478 2418
f 2542 2418 2338
f 2542 2502 2418
f 2112 2096 2104
f 2112 2088 2096
f 2120 2088 2112
f 2120 1978 1988
f 2120 1970 1978
f 2120 1962 1970
f 2120 1968 1962
f 2120 1994 1986
f 2120 2002 1994
f 2120 1986 1968
f 2120 1988 2088
f 2638 2270 2242
f 2638 2338 2330
f 2638 2566 2542
f 2638 2590 2566
f 2638 2614 2590
f 2638 2542 2338
f 2638 2330 2270
f 2638 2234 2226
f 2638 2242 2234
f 2148 2130 2140
f 2148 2120 2130
f 2674 2664 2638
f 2164 2148 2156
f 2172 2148 2164
f 2184 2148 2172
f 2738 2730 2722
f 2192 2002 2120
f 2192 2148 2184
f 2192 2066 2050
f 2192 2120 2148
f 2192 2018 2002
f 2192 2026 2018
f 2192 2034 2026
f 2192 2042 2034
f 2192 2050 2042
f 2192 2076 2066
f 2192 2086 2076
f 2192 2094 2086
f 2192 2102 2094
f 2192 2110 2102
f 2770 2762 2738
f 2778 2770 2738
f 2786 2778 2738
f 2228 2208 2216
f 2228 2200 2208
f 2228 2192 2200
f 2792 2786 2738
f 2236 2110 2192
f 2236 2146 2128
f 2236 2192 2228
f 2236 2190 2154
f 2236 2118 2110
f 2236 2128 2118
f 2236 2154 2146
f 2236 2214 2198
f 2236 2198 2190
f 2236 2226 2214
f 2788 2792 2738
f 2772 2780 2788
f 2262 2244 2252
f 2262 2236 2244
f 2740 2764 2772
f 2740 2772 2788
f 2280 2262 2272
f 2288 2236 2262
f 2288 2262 2280
f 2288 2226 2236
f 2724 2740 2788
f 2724 2732 2740
f 2724 2788 2738
f 2306 2288 2296
f 2316 2288 2306
f 2666 2676 2700
f 2324 2288 2316
f 2640 2700 2724
f 2640 2666 2700
f 2592 2616 2640
f 2480 2340 2420
f 2480 2332 2340
f 2480 2324 2332
f 2544 2568 2592
f 2504 2698 2674
f 2504 2722 2698
f 2504 2324 2480
f 2504 2724 2738
f 2504 2226 2288
f 2504 2592 2640
f 2504 2288 2324
f 2504 2640 2724
f 2504 2544 2592
f 2504 2674 2638
f 2504 2638 2226
f 2504 2738 2722
f 765 768 767
f 766 768 765
f 761 764 763
f 762 764 761
