# https://github.com/mikedh/trimesh

o pgc_finger1.obj
v 0.02000000 -0.00370000 -0.00580000
v 0.02000000 -0.00370000 0.00000000
v 0.01836337 -0.00375363 -0.00574637
v 0.01836337 -0.00375363 -0.00574637
v 0.02000000 -0.00370000 0.00000000
v 0.01673375 -0.00391429 0.00000000
v 0.01836337 -0.00375363 -0.00574637
v 0.01673375 -0.00391429 0.00000000
v 0.01673375 -0.00391429 -0.00558571
v 0.00300000 -0.00370000 -0.00580000
v 0.00300000 -0.00370000 0.00000000
v 0.00136336 -0.00375363 -0.00574637
v 0.00136336 -0.00375363 -0.00574637
v 0.00300000 -0.00370000 0.00000000
v -0.00026625 -0.00391429 0.00000000
v 0.00136336 -0.00375363 -0.00574637
v -0.00026625 -0.00391429 0.00000000
v -0.00026625 -0.00391429 -0.00558571
v -0.00170918 0.00120796 0.00000000
v -0.00185000 0.00050000 0.00000000
v -0.00150000 0.00050000 -0.00035000
v -0.00150000 0.00050000 -0.00035000
v -0.00138582 0.00107403 -0.00035000
v -0.00170918 0.00120796 0.00000000
v -0.00170918 0.00120796 0.00000000
v -0.00138582 0.00107403 -0.00035000
v -0.00129904 0.00125000 -0.00035000
v -0.00170918 0.00120796 0.00000000
v -0.00129904 0.00125000 -0.00035000
v -0.00130815 0.00180815 0.00000000
v -0.00130815 0.00180815 0.00000000
v -0.00129904 0.00125000 -0.00035000
v -0.00106066 0.00156066 -0.00035000
v -0.00130815 0.00180815 0.00000000
v -0.00106066 0.00156066 -0.00035000
v -0.00070796 0.00220918 0.00000000
v -0.00000000 0.00200000 -0.00035000
v -0.00000000 0.00235000 0.00000000
v -0.00057403 0.00188582 -0.00035000
v -0.00057403 0.00188582 -0.00035000
v -0.00000000 0.00235000 0.00000000
v -0.00070796 0.00220918 0.00000000
v -0.00057403 0.00188582 -0.00035000
v -0.00070796 0.00220918 0.00000000
v -0.00075000 0.00179904 -0.00035000
v -0.00075000 0.00179904 -0.00035000
v -0.00070796 0.00220918 0.00000000
v -0.00106066 0.00156066 -0.00035000
v 0.00587861 0.00182446 0.00000000
v 0.00500000 0.00202500 0.00000000
v 0.00500000 0.00165000 -0.00037500
v 0.00500000 0.00165000 -0.00037500
v 0.00571591 0.00148660 -0.00037500
v 0.00587861 0.00182446 0.00000000
v 0.00587861 0.00182446 0.00000000
v 0.00571591 0.00148660 -0.00037500
v 0.00582500 0.00142894 -0.00037500
v 0.00587861 0.00182446 0.00000000
v 0.00582500 0.00142894 -0.00037500
v 0.00658321 0.00126257 0.00000000
v 0.00582500 0.00142894 -0.00037500
v 0.00629002 0.00102876 -0.00037500
v 0.00658321 0.00126257 0.00000000
v 0.00658321 0.00126257 0.00000000
v 0.00629002 0.00102876 -0.00037500
v 0.00642894 0.00082500 -0.00037500
v 0.00658321 0.00126257 0.00000000
v 0.00642894 0.00082500 -0.00037500
v 0.00697423 0.00045060 0.00000000
v 0.00697423 0.00045060 0.00000000
v 0.00642894 0.00082500 -0.00037500
v 0.00660863 0.00036716 -0.00037500
v 0.00697423 0.00045060 0.00000000
v 0.00660863 0.00036716 -0.00037500
v 0.00697423 -0.00045060 0.00000000
v 0.00660863 0.00036716 -0.00037500
v 0.00665000 -0.00000000 -0.00037500
v 0.00697423 -0.00045060 0.00000000
v 0.00697423 -0.00045060 0.00000000
v 0.00665000 -0.00000000 -0.00037500
v 0.00660863 -0.00036716 -0.00037500
v 0.00697423 -0.00045060 0.00000000
v 0.00660863 -0.00036716 -0.00037500
v 0.00658321 -0.00126257 0.00000000
v 0.00660863 -0.00036716 -0.00037500
v 0.00642894 -0.00082500 -0.00037500
v 0.00658321 -0.00126257 0.00000000
v 0.00658321 -0.00126257 0.00000000
v 0.00642894 -0.00082500 -0.00037500
v 0.00629002 -0.00102876 -0.00037500
v 0.00658321 -0.00126257 0.00000000
v 0.00629002 -0.00102876 -0.00037500
v 0.00587861 -0.00182446 0.00000000
v 0.00500000 -0.00165000 -0.00037500
v 0.00500000 -0.00202500 0.00000000
v 0.00571591 -0.00148660 -0.00037500
v 0.00571591 -0.00148660 -0.00037500
v 0.00500000 -0.00202500 0.00000000
v 0.00587861 -0.00182446 0.00000000
v 0.00571591 -0.00148660 -0.00037500
v 0.00587861 -0.00182446 0.00000000
v 0.00582500 -0.00142894 -0.00037500
v 0.00582500 -0.00142894 -0.00037500
v 0.00587861 -0.00182446 0.00000000
v 0.00629002 -0.00102876 -0.00037500
v -0.00412139 0.00182446 0.00000000
v -0.00500000 0.00202500 0.00000000
v -0.00500000 0.00165000 -0.00037500
v -0.00500000 0.00165000 -0.00037500
v -0.00428409 0.00148660 -0.00037500
v -0.00412139 0.00182446 0.00000000
v -0.00412139 0.00182446 0.00000000
v -0.00428409 0.00148660 -0.00037500
v -0.00417500 0.00142894 -0.00037500
v -0.00412139 0.00182446 0.00000000
v -0.00417500 0.00142894 -0.00037500
v -0.00341679 0.00126257 0.00000000
v -0.00417500 0.00142894 -0.00037500
v -0.00370997 0.00102876 -0.00037500
v -0.00341679 0.00126257 0.00000000
v -0.00341679 0.00126257 0.00000000
v -0.00370997 0.00102876 -0.00037500
v -0.00357106 0.00082500 -0.00037500
v -0.00341679 0.00126257 0.00000000
v -0.00357106 0.00082500 -0.00037500
v -0.00302577 0.00045060 0.00000000
v -0.00302577 0.00045060 0.00000000
v -0.00357106 0.00082500 -0.00037500
v -0.00339137 0.00036716 -0.00037500
v -0.00302577 0.00045060 0.00000000
v -0.00339137 0.00036716 -0.00037500
v -0.00302577 -0.00045060 0.00000000
v -0.00339137 0.00036716 -0.00037500
v -0.00335000 -0.00000000 -0.00037500
v -0.00302577 -0.00045060 0.00000000
v -0.00302577 -0.00045060 0.00000000
v -0.00335000 -0.00000000 -0.00037500
v -0.00339137 -0.00036716 -0.00037500
v -0.00302577 -0.00045060 0.00000000
v -0.00339137 -0.00036716 -0.00037500
v -0.00341679 -0.00126257 0.00000000
v -0.00339137 -0.00036716 -0.00037500
v -0.00357106 -0.00082500 -0.00037500
v -0.00341679 -0.00126257 0.00000000
v -0.00341679 -0.00126257 0.00000000
v -0.00357106 -0.00082500 -0.00037500
v -0.00370997 -0.00102876 -0.00037500
v -0.00341679 -0.00126257 0.00000000
v -0.00370997 -0.00102876 -0.00037500
v -0.00412139 -0.00182446 0.00000000
v -0.00500000 -0.00165000 -0.00037500
v -0.00500000 -0.00202500 0.00000000
v -0.00428409 -0.00148660 -0.00037500
v -0.00428409 -0.00148660 -0.00037500
v -0.00500000 -0.00202500 0.00000000
v -0.00412139 -0.00182446 0.00000000
v -0.00428409 -0.00148660 -0.00037500
v -0.00412139 -0.00182446 0.00000000
v -0.00417500 -0.00142894 -0.00037500
v -0.00417500 -0.00142894 -0.00037500
v -0.00412139 -0.00182446 0.00000000
v -0.00370997 -0.00102876 -0.00037500
v 0.02000000 0.00710000 -0.00580000
v 0.02000000 0.00740000 -0.00610000
v 0.01673375 0.00710000 -0.00558571
v 0.01673375 0.00710000 -0.00558571
v 0.02000000 0.00740000 -0.00610000
v 0.01669456 0.00740000 -0.00588314
v -0.00000000 0.00200000 -0.00035000
v -0.00057403 0.00188582 -0.00035000
v -0.00000000 0.00200000 -0.00350000
v -0.00000000 0.00200000 -0.00350000
v -0.00057403 0.00188582 -0.00035000
v -0.00075000 0.00179904 -0.00350000
v -0.00057403 0.00188582 -0.00035000
v -0.00075000 0.00179904 -0.00035000
v -0.00075000 0.00179904 -0.00350000
v -0.00075000 0.00179904 -0.00350000
v -0.00075000 0.00179904 -0.00035000
v -0.00106066 0.00156066 -0.00035000
v -0.00075000 0.00179904 -0.00350000
v -0.00106066 0.00156066 -0.00035000
v -0.00129904 0.00125000 -0.00350000
v -0.00150000 0.00050000 -0.00035000
v -0.00150000 0.00050000 -0.00350000
v -0.00138582 0.00107403 -0.00035000
v -0.00138582 0.00107403 -0.00035000
v -0.00150000 0.00050000 -0.00350000
v -0.00129904 0.00125000 -0.00350000
v -0.00138582 0.00107403 -0.00035000
v -0.00129904 0.00125000 -0.00350000
v -0.00129904 0.00125000 -0.00035000
v -0.00129904 0.00125000 -0.00035000
v -0.00129904 0.00125000 -0.00350000
v -0.00106066 0.00156066 -0.00035000
v 0.00500000 -0.00165000 -0.00037500
v 0.00571591 -0.00148660 -0.00037500
v 0.00500000 -0.00165000 -0.01010000
v 0.00500000 -0.00165000 -0.01010000
v 0.00571591 -0.00148660 -0.00037500
v 0.00582500 -0.00142894 -0.01010000
v 0.00571591 -0.00148660 -0.00037500
v 0.00582500 -0.00142894 -0.00037500
v 0.00582500 -0.00142894 -0.01010000
v 0.00582500 -0.00142894 -0.01010000
v 0.00582500 -0.00142894 -0.00037500
v 0.00629002 -0.00102876 -0.00037500
v 0.00582500 -0.00142894 -0.01010000
v 0.00629002 -0.00102876 -0.00037500
v 0.00642894 -0.00082500 -0.01010000
v 0.00629002 -0.00102876 -0.00037500
v 0.00642894 -0.00082500 -0.00037500
v 0.00642894 -0.00082500 -0.01010000
v 0.00642894 -0.00082500 -0.01010000
v 0.00642894 -0.00082500 -0.00037500
v 0.00660863 -0.00036716 -0.00037500
v 0.00642894 -0.00082500 -0.01010000
v 0.00660863 -0.00036716 -0.00037500
v 0.00665000 -0.00000000 -0.01010000
v 0.00660863 -0.00036716 -0.00037500
v 0.00665000 -0.00000000 -0.00037500
v 0.00665000 -0.00000000 -0.01010000
v 0.00665000 -0.00000000 -0.01010000
v 0.00665000 -0.00000000 -0.00037500
v 0.00660863 0.00036716 -0.00037500
v 0.00665000 -0.00000000 -0.01010000
v 0.00660863 0.00036716 -0.00037500
v 0.00642894 0.00082500 -0.01010000
v 0.00660863 0.00036716 -0.00037500
v 0.00642894 0.00082500 -0.00037500
v 0.00642894 0.00082500 -0.01010000
v 0.00642894 0.00082500 -0.01010000
v 0.00642894 0.00082500 -0.00037500
v 0.00629002 0.00102876 -0.00037500
v 0.00642894 0.00082500 -0.01010000
v 0.00629002 0.00102876 -0.00037500
v 0.00582500 0.00142894 -0.01010000
v 0.00500000 0.00165000 -0.00037500
v 0.00500000 0.00165000 -0.01010000
v 0.00571591 0.00148660 -0.00037500
v 0.00571591 0.00148660 -0.00037500
v 0.00500000 0.00165000 -0.01010000
v 0.00582500 0.00142894 -0.01010000
v 0.00571591 0.00148660 -0.00037500
v 0.00582500 0.00142894 -0.01010000
v 0.00582500 0.00142894 -0.00037500
v 0.00582500 0.00142894 -0.00037500
v 0.00582500 0.00142894 -0.01010000
v 0.00629002 0.00102876 -0.00037500
v -0.00500000 -0.00165000 -0.00037500
v -0.00428409 -0.00148660 -0.00037500
v -0.00500000 -0.00165000 -0.01010000
v -0.00500000 -0.00165000 -0.01010000
v -0.00428409 -0.00148660 -0.00037500
v -0.00417500 -0.00142894 -0.01010000
v -0.00428409 -0.00148660 -0.00037500
v -0.00417500 -0.00142894 -0.00037500
v -0.00417500 -0.00142894 -0.01010000
v -0.00417500 -0.00142894 -0.01010000
v -0.00417500 -0.00142894 -0.00037500
v -0.00370997 -0.00102876 -0.00037500
v -0.00417500 -0.00142894 -0.01010000
v -0.00370997 -0.00102876 -0.00037500
v -0.00357106 -0.00082500 -0.01010000
v -0.00370997 -0.00102876 -0.00037500
v -0.00357106 -0.00082500 -0.00037500
v -0.00357106 -0.00082500 -0.01010000
v -0.00357106 -0.00082500 -0.01010000
v -0.00357106 -0.00082500 -0.00037500
v -0.00339137 -0.00036716 -0.00037500
v -0.00357106 -0.00082500 -0.01010000
v -0.00339137 -0.00036716 -0.00037500
v -0.00335000 -0.00000000 -0.01010000
v -0.00339137 -0.00036716 -0.00037500
v -0.00335000 -0.00000000 -0.00037500
v -0.00335000 -0.00000000 -0.01010000
v -0.00335000 -0.00000000 -0.01010000
v -0.00335000 -0.00000000 -0.00037500
v -0.00339137 0.00036716 -0.00037500
v -0.00335000 -0.00000000 -0.01010000
v -0.00339137 0.00036716 -0.00037500
v -0.00357106 0.00082500 -0.01010000
v -0.00339137 0.00036716 -0.00037500
v -0.00357106 0.00082500 -0.00037500
v -0.00357106 0.00082500 -0.01010000
v -0.00357106 0.00082500 -0.01010000
v -0.00357106 0.00082500 -0.00037500
v -0.00370997 0.00102876 -0.00037500
v -0.00357106 0.00082500 -0.01010000
v -0.00370997 0.00102876 -0.00037500
v -0.00417500 0.00142894 -0.01010000
v -0.00500000 0.00165000 -0.00037500
v -0.00500000 0.00165000 -0.01010000
v -0.00428409 0.00148660 -0.00037500
v -0.00428409 0.00148660 -0.00037500
v -0.00500000 0.00165000 -0.01010000
v -0.00417500 0.00142894 -0.01010000
v -0.00428409 0.00148660 -0.00037500
v -0.00417500 0.00142894 -0.01010000
v -0.00417500 0.00142894 -0.00037500
v -0.00417500 0.00142894 -0.00037500
v -0.00417500 0.00142894 -0.01010000
v -0.00370997 0.00102876 -0.00037500
v 0.02000000 0.00270000 -0.01220000
v 0.02000000 0.00270000 -0.01580000
v 0.01836337 0.00275363 -0.01225363
v 0.01836337 0.00275363 -0.01225363
v 0.02000000 0.00270000 -0.01580000
v 0.01673375 0.00291429 -0.01580000
v 0.01836337 0.00275363 -0.01225363
v 0.01673375 0.00291429 -0.01580000
v 0.01673375 0.00291429 -0.01241429
v 0.00300000 0.00270000 -0.01220000
v 0.00300000 0.00270000 -0.01580000
v 0.00136336 0.00275363 -0.01225363
v 0.00136336 0.00275363 -0.01225363
v 0.00300000 0.00270000 -0.01580000
v -0.00026625 0.00291429 -0.01580000
v 0.00136336 0.00275363 -0.01225363
v -0.00026625 0.00291429 -0.01580000
v -0.00026625 0.00291429 -0.01241429
v 0.00500000 -0.00000000 -0.01109142
v 0.00642894 -0.00082500 -0.01010000
v 0.00665000 -0.00000000 -0.01010000
v 0.00582500 -0.00142894 -0.01010000
v 0.00642894 -0.00082500 -0.01010000
v 0.00500000 -0.00000000 -0.01109142
v 0.00500000 -0.00165000 -0.01010000
v 0.00582500 -0.00142894 -0.01010000
v 0.00500000 -0.00000000 -0.01109142
v 0.00500000 -0.00000000 -0.01109142
v 0.00582500 0.00142894 -0.01010000
v 0.00500000 0.00165000 -0.01010000
v 0.00642894 0.00082500 -0.01010000
v 0.00582500 0.00142894 -0.01010000
v 0.00500000 -0.00000000 -0.01109142
v 0.00665000 -0.00000000 -0.01010000
v 0.00642894 0.00082500 -0.01010000
v 0.00500000 -0.00000000 -0.01109142
v -0.00500000 -0.00000000 -0.01109142
v -0.00357106 -0.00082500 -0.01010000
v -0.00335000 -0.00000000 -0.01010000
v -0.00417500 -0.00142894 -0.01010000
v -0.00357106 -0.00082500 -0.01010000
v -0.00500000 -0.00000000 -0.01109142
v -0.00500000 -0.00165000 -0.01010000
v -0.00417500 -0.00142894 -0.01010000
v -0.00500000 -0.00000000 -0.01109142
v -0.00500000 -0.00000000 -0.01109142
v -0.00417500 0.00142894 -0.01010000
v -0.00500000 0.00165000 -0.01010000
v -0.00357106 0.00082500 -0.01010000
v -0.00417500 0.00142894 -0.01010000
v -0.00500000 -0.00000000 -0.01109142
v -0.00335000 -0.00000000 -0.01010000
v -0.00357106 0.00082500 -0.01010000
v -0.00500000 -0.00000000 -0.01109142
v 0.03250000 -0.00820000 -0.01230315
v 0.03250000 -0.00820000 -0.00569685
v 0.02226868 -0.00820000 -0.01230315
v 0.02226868 -0.00820000 -0.01230315
v 0.03250000 -0.00820000 -0.00569685
v 0.02226868 -0.00820000 -0.00569685
v 0.02226868 -0.00820000 -0.01230315
v 0.02226868 -0.00820000 -0.00569685
v 0.02000000 -0.00820000 -0.01220000
v 0.02000000 -0.00820000 -0.01220000
v 0.02226868 -0.00820000 -0.00569685
v 0.02000000 -0.00820000 -0.00580000
v 0.02000000 -0.00820000 -0.01220000
v 0.02000000 -0.00820000 -0.00580000
v 0.01773133 -0.00820000 -0.01230315
v 0.01773133 -0.00820000 -0.01230315
v 0.02000000 -0.00820000 -0.00580000
v 0.01773133 -0.00820000 -0.00569685
v 0.01773133 -0.00820000 -0.01230315
v 0.01773133 -0.00820000 -0.00569685
v 0.00526868 -0.00820000 -0.01230315
v 0.00526868 -0.00820000 -0.01230315
v 0.01773133 -0.00820000 -0.00569685
v 0.00526868 -0.00820000 -0.00569685
v 0.00526868 -0.00820000 -0.01230315
v 0.00526868 -0.00820000 -0.00569685
v 0.00300000 -0.00820000 -0.01220000
v 0.00300000 -0.00820000 -0.01220000
v 0.00526868 -0.00820000 -0.00569685
v 0.00300000 -0.00820000 -0.00580000
v 0.00300000 -0.00820000 -0.01220000
v 0.00300000 -0.00820000 -0.00580000
v 0.00073132 -0.00820000 -0.01230315
v 0.00073132 -0.00820000 -0.01230315
v 0.00300000 -0.00820000 -0.00580000
v 0.00073132 -0.00820000 -0.00569685
v 0.00073132 -0.00820000 -0.01230315
v 0.00073132 -0.00820000 -0.00569685
v -0.00950000 -0.00820000 -0.01230315
v -0.00950000 -0.00820000 -0.01230315
v 0.00073132 -0.00820000 -0.00569685
v -0.00950000 -0.00820000 -0.00569685
v 0.00526868 -0.00820000 -0.00569685
v 0.01773133 -0.00820000 -0.00569685
v 0.01723198 -0.00762209 -0.00564629
v 0.00655494 -0.00654357 -0.00555193
v 0.00626625 -0.00692972 -0.00558571
v 0.01723198 -0.00762209 -0.00564629
v 0.01723198 -0.00762209 -0.00564629
v 0.00626625 -0.00692972 -0.00558571
v 0.00576802 -0.00762209 -0.00564629
v 0.01723198 -0.00762209 -0.00564629
v 0.00576802 -0.00762209 -0.00564629
v 0.00526868 -0.00820000 -0.00569685
v 0.01608209 -0.00619533 -0.00552146
v 0.01559223 -0.00596556 -0.00550136
v 0.01673375 -0.00692972 -0.00558571
v 0.01673375 -0.00692972 -0.00558571
v 0.01559223 -0.00596556 -0.00550136
v 0.01542726 -0.00595000 -0.00550000
v 0.01673375 -0.00692972 -0.00558571
v 0.01542726 -0.00595000 -0.00550000
v 0.01723198 -0.00762209 -0.00564629
v 0.01723198 -0.00762209 -0.00564629
v 0.01542726 -0.00595000 -0.00550000
v 0.00655494 -0.00654357 -0.00555193
v 0.00655494 -0.00654357 -0.00555193
v 0.01542726 -0.00595000 -0.00550000
v 0.00757274 -0.00595000 -0.00550000
v 0.00655494 -0.00654357 -0.00555193
v 0.00757274 -0.00595000 -0.00550000
v 0.00713368 -0.00606022 -0.00550964
v 0.01836337 -0.00375363 -0.00574637
v 0.01673375 -0.00391429 -0.00558571
v 0.01673375 -0.00692972 -0.00558571
v 0.02326625 -0.00692972 -0.00558571
v 0.02326625 -0.00391429 -0.00558571
v 0.02276802 -0.00762209 -0.00564629
v 0.02276802 -0.00762209 -0.00564629
v 0.02326625 -0.00391429 -0.00558571
v 0.02163663 -0.00375363 -0.00574637
v 0.01673375 -0.00692972 -0.00558571
v 0.01723198 -0.00762209 -0.00564629
v 0.01836337 -0.00375363 -0.00574637
v 0.01836337 -0.00375363 -0.00574637
v 0.01723198 -0.00762209 -0.00564629
v 0.01773133 -0.00820000 -0.00569685
v 0.01836337 -0.00375363 -0.00574637
v 0.01773133 -0.00820000 -0.00569685
v 0.02000000 -0.00370000 -0.00580000
v 0.02000000 -0.00370000 -0.00580000
v 0.01773133 -0.00820000 -0.00569685
v 0.02000000 -0.00820000 -0.00580000
v 0.02000000 -0.00370000 -0.00580000
v 0.02000000 -0.00820000 -0.00580000
v 0.02163663 -0.00375363 -0.00574637
v 0.02163663 -0.00375363 -0.00574637
v 0.02000000 -0.00820000 -0.00580000
v 0.02226868 -0.00820000 -0.00569685
v 0.02163663 -0.00375363 -0.00574637
v 0.02226868 -0.00820000 -0.00569685
v 0.02276802 -0.00762209 -0.00564629
v 0.03249648 -0.00632493 -0.00553280
v 0.02355495 -0.00654357 -0.00555193
v 0.03250000 -0.00670000 -0.00556562
v 0.03250000 -0.00670000 -0.00556562
v 0.02355495 -0.00654357 -0.00555193
v 0.02326625 -0.00692972 -0.00558571
v 0.03250000 -0.00670000 -0.00556562
v 0.02326625 -0.00692972 -0.00558571
v 0.03250000 -0.00820000 -0.00569685
v 0.03250000 -0.00820000 -0.00569685
v 0.02326625 -0.00692972 -0.00558571
v 0.02276802 -0.00762209 -0.00564629
v 0.03250000 -0.00820000 -0.00569685
v 0.02276802 -0.00762209 -0.00564629
v 0.02226868 -0.00820000 -0.00569685
v 0.03249648 -0.00632493 -0.00553280
v 0.03248593 -0.00595000 -0.00550000
v 0.02355495 -0.00654357 -0.00555193
v 0.02355495 -0.00654357 -0.00555193
v 0.03248593 -0.00595000 -0.00550000
v 0.02457275 -0.00595000 -0.00550000
v 0.02355495 -0.00654357 -0.00555193
v 0.02457275 -0.00595000 -0.00550000
v 0.02413368 -0.00606022 -0.00550964
v 0.03250000 -0.00670000 -0.00556562
v 0.03250000 -0.00820000 -0.00569685
v 0.03250000 -0.00670000 -0.01243438
v 0.03250000 -0.00670000 -0.01243438
v 0.03250000 -0.00820000 -0.00569685
v 0.03250000 -0.00820000 -0.01230315
v 0.02457275 -0.00595000 -0.01250000
v 0.03248593 -0.00595000 -0.01250000
v 0.03249648 -0.00632493 -0.01246720
v 0.02440778 -0.00596556 -0.01249864
v 0.02457275 -0.00595000 -0.01250000
v 0.02391792 -0.00619533 -0.01247854
v 0.02391792 -0.00619533 -0.01247854
v 0.02457275 -0.00595000 -0.01250000
v 0.03249648 -0.00632493 -0.01246720
v 0.02391792 -0.00619533 -0.01247854
v 0.03249648 -0.00632493 -0.01246720
v 0.02326625 -0.00692972 -0.01241429
v 0.02326625 -0.00692972 -0.01241429
v 0.03249648 -0.00632493 -0.01246720
v 0.03250000 -0.00670000 -0.01243438
v 0.02326625 -0.00692972 -0.01241429
v 0.03250000 -0.00670000 -0.01243438
v 0.02276802 -0.00762209 -0.01235371
v 0.02276802 -0.00762209 -0.01235371
v 0.03250000 -0.00670000 -0.01243438
v 0.03250000 -0.00820000 -0.01230315
v 0.02276802 -0.00762209 -0.01235371
v 0.03250000 -0.00820000 -0.01230315
v 0.02226868 -0.00820000 -0.01230315
v 0.01860611 -0.00373889 -0.01223889
v 0.01999976 -0.00370000 -0.01220000
v 0.02000000 -0.00820000 -0.01220000
v 0.02000000 -0.00820000 -0.01220000
v 0.01999976 -0.00370000 -0.01220000
v 0.02094045 -0.00371770 -0.01221770
v 0.02226868 -0.00820000 -0.01230315
v 0.02000000 -0.00820000 -0.01220000
v 0.02276802 -0.00762209 -0.01235371
v 0.02276802 -0.00762209 -0.01235371
v 0.02000000 -0.00820000 -0.01220000
v 0.02094045 -0.00371770 -0.01221770
v 0.02276802 -0.00762209 -0.01235371
v 0.02094045 -0.00371770 -0.01221770
v 0.02326625 -0.00692972 -0.01241429
v 0.02326625 -0.00692972 -0.01241429
v 0.02094045 -0.00371770 -0.01221770
v 0.02326625 -0.00391429 -0.01241429
v 0.01673375 -0.00692972 -0.01241429
v 0.01673375 -0.00391429 -0.01241429
v 0.01723198 -0.00762209 -0.01235371
v 0.01723198 -0.00762209 -0.01235371
v 0.01673375 -0.00391429 -0.01241429
v 0.01860611 -0.00373889 -0.01223889
v 0.01723198 -0.00762209 -0.01235371
v 0.01860611 -0.00373889 -0.01223889
v 0.01773133 -0.00820000 -0.01230315
v 0.01773133 -0.00820000 -0.01230315
v 0.01860611 -0.00373889 -0.01223889
v 0.02000000 -0.00820000 -0.01220000
v 0.01773133 -0.00820000 -0.01230315
v 0.00526868 -0.00820000 -0.01230315
v 0.00576802 -0.00762209 -0.01235371
v 0.01644506 -0.00654357 -0.01244807
v 0.01673375 -0.00692972 -0.01241429
v 0.00576802 -0.00762209 -0.01235371
v 0.00576802 -0.00762209 -0.01235371
v 0.01673375 -0.00692972 -0.01241429
v 0.01723198 -0.00762209 -0.01235371
v 0.00576802 -0.00762209 -0.01235371
v 0.01723198 -0.00762209 -0.01235371
v 0.01773133 -0.00820000 -0.01230315
v 0.00691791 -0.00619533 -0.01247854
v 0.00740777 -0.00596556 -0.01249864
v 0.00626625 -0.00692972 -0.01241429
v 0.00626625 -0.00692972 -0.01241429
v 0.00740777 -0.00596556 -0.01249864
v 0.00757274 -0.00595000 -0.01250000
v 0.00626625 -0.00692972 -0.01241429
v 0.00757274 -0.00595000 -0.01250000
v 0.00576802 -0.00762209 -0.01235371
v 0.00576802 -0.00762209 -0.01235371
v 0.00757274 -0.00595000 -0.01250000
v 0.01644506 -0.00654357 -0.01244807
v 0.01644506 -0.00654357 -0.01244807
v 0.00757274 -0.00595000 -0.01250000
v 0.01542726 -0.00595000 -0.01250000
v 0.01644506 -0.00654357 -0.01244807
v 0.01542726 -0.00595000 -0.01250000
v 0.01586632 -0.00606022 -0.01249036
v 0.00160610 -0.00373889 -0.01223889
v 0.00299976 -0.00370000 -0.01220000
v 0.00300000 -0.00820000 -0.01220000
v 0.00300000 -0.00820000 -0.01220000
v 0.00299976 -0.00370000 -0.01220000
v 0.00394045 -0.00371770 -0.01221770
v 0.00526868 -0.00820000 -0.01230315
v 0.00300000 -0.00820000 -0.01220000
v 0.00576802 -0.00762209 -0.01235371
v 0.00576802 -0.00762209 -0.01235371
v 0.00300000 -0.00820000 -0.01220000
v 0.00394045 -0.00371770 -0.01221770
v 0.00576802 -0.00762209 -0.01235371
v 0.00394045 -0.00371770 -0.01221770
v 0.00626625 -0.00692972 -0.01241429
v 0.00626625 -0.00692972 -0.01241429
v 0.00394045 -0.00371770 -0.01221770
v 0.00626625 -0.00391429 -0.01241429
v -0.00026625 -0.00692972 -0.01241429
v -0.00026625 -0.00391429 -0.01241429
v 0.00023198 -0.00762209 -0.01235371
v 0.00023198 -0.00762209 -0.01235371
v -0.00026625 -0.00391429 -0.01241429
v 0.00160610 -0.00373889 -0.01223889
v 0.00023198 -0.00762209 -0.01235371
v 0.00160610 -0.00373889 -0.01223889
v 0.00073132 -0.00820000 -0.01230315
v 0.00073132 -0.00820000 -0.01230315
v 0.00160610 -0.00373889 -0.01223889
v 0.00300000 -0.00820000 -0.01220000
v 0.00023198 -0.00762209 -0.01235371
v 0.00073132 -0.00820000 -0.01230315
v -0.00950000 -0.00820000 -0.01230315
v 0.00023198 -0.00762209 -0.01235371
v -0.00950000 -0.00820000 -0.01230315
v -0.00026625 -0.00692972 -0.01241429
v -0.00157275 -0.00595000 -0.01250000
v -0.00113368 -0.00606022 -0.01249036
v -0.00055494 -0.00654357 -0.01244807
v -0.00950000 -0.00820000 -0.01230315
v -0.00950000 -0.00715115 -0.01239491
v -0.00026625 -0.00692972 -0.01241429
v -0.00026625 -0.00692972 -0.01241429
v -0.00950000 -0.00715115 -0.01239491
v -0.00945191 -0.00654972 -0.01244753
v -0.00026625 -0.00692972 -0.01241429
v -0.00945191 -0.00654972 -0.01244753
v -0.00055494 -0.00654357 -0.01244807
v -0.00055494 -0.00654357 -0.01244807
v -0.00945191 -0.00654972 -0.01244753
v -0.00938586 -0.00595000 -0.01250000
v -0.00055494 -0.00654357 -0.01244807
v -0.00938586 -0.00595000 -0.01250000
v -0.00157275 -0.00595000 -0.01250000
v -0.00950000 -0.00820000 -0.01230315
v -0.00950000 -0.00820000 -0.00569685
v -0.00950000 -0.00715115 -0.01239491
v -0.00950000 -0.00715115 -0.01239491
v -0.00950000 -0.00820000 -0.00569685
v -0.00950000 -0.00670000 -0.00556562
v -0.00950000 -0.00715115 -0.01239491
v -0.00950000 -0.00670000 -0.00556562
v -0.00950000 -0.00692557 -0.01239873
v -0.00950000 -0.00692557 -0.01239873
v -0.00950000 -0.00670000 -0.00556562
v -0.00950000 -0.00670000 -0.01240000
v -0.00157275 -0.00595000 -0.00550000
v -0.00948593 -0.00595000 -0.00550000
v -0.00949648 -0.00632493 -0.00553280
v -0.00140777 -0.00596556 -0.00550136
v -0.00157275 -0.00595000 -0.00550000
v -0.00091791 -0.00619533 -0.00552146
v -0.00091791 -0.00619533 -0.00552146
v -0.00157275 -0.00595000 -0.00550000
v -0.00949648 -0.00632493 -0.00553280
v -0.00091791 -0.00619533 -0.00552146
v -0.00949648 -0.00632493 -0.00553280
v -0.00026625 -0.00692972 -0.00558571
v -0.00026625 -0.00692972 -0.00558571
v -0.00949648 -0.00632493 -0.00553280
v -0.00950000 -0.00670000 -0.00556562
v -0.00026625 -0.00692972 -0.00558571
v -0.00950000 -0.00670000 -0.00556562
v 0.00023198 -0.00762209 -0.00564629
v 0.00023198 -0.00762209 -0.00564629
v -0.00950000 -0.00670000 -0.00556562
v -0.00950000 -0.00820000 -0.00569685
v 0.00023198 -0.00762209 -0.00564629
v -0.00950000 -0.00820000 -0.00569685
v 0.00073132 -0.00820000 -0.00569685
v 0.00136336 -0.00375363 -0.00574637
v -0.00026625 -0.00391429 -0.00558571
v -0.00026625 -0.00692972 -0.00558571
v 0.00626625 -0.00692972 -0.00558571
v 0.00626625 -0.00391429 -0.00558571
v 0.00576802 -0.00762209 -0.00564629
v 0.00576802 -0.00762209 -0.00564629
v 0.00626625 -0.00391429 -0.00558571
v 0.00463664 -0.00375363 -0.00574637
v -0.00026625 -0.00692972 -0.00558571
v 0.00023198 -0.00762209 -0.00564629
v 0.00136336 -0.00375363 -0.00574637
v 0.00136336 -0.00375363 -0.00574637
v 0.00023198 -0.00762209 -0.00564629
v 0.00073132 -0.00820000 -0.00569685
v 0.00136336 -0.00375363 -0.00574637
v 0.00073132 -0.00820000 -0.00569685
v 0.00300000 -0.00370000 -0.00580000
v 0.00300000 -0.00370000 -0.00580000
v 0.00073132 -0.00820000 -0.00569685
v 0.00300000 -0.00820000 -0.00580000
v 0.00300000 -0.00370000 -0.00580000
v 0.00300000 -0.00820000 -0.00580000
v 0.00463664 -0.00375363 -0.00574637
v 0.00463664 -0.00375363 -0.00574637
v 0.00300000 -0.00820000 -0.00580000
v 0.00526868 -0.00820000 -0.00569685
v 0.00463664 -0.00375363 -0.00574637
v 0.00526868 -0.00820000 -0.00569685
v 0.00576802 -0.00762209 -0.00564629
v 0.01542726 -0.00595000 -0.00550000
v 0.01542726 -0.00400000 -0.00550000
v 0.00757274 -0.00595000 -0.00550000
v 0.00757274 -0.00595000 -0.00550000
v 0.01542726 -0.00400000 -0.00550000
v 0.00757274 -0.00400000 -0.00550000
v 0.01542726 -0.00400000 -0.00550000
v 0.01542726 -0.00595000 -0.00550000
v 0.01608191 -0.00397855 -0.00552145
v 0.01608191 -0.00397855 -0.00552145
v 0.01542726 -0.00595000 -0.00550000
v 0.01559223 -0.00596556 -0.00550136
v 0.01608191 -0.00397855 -0.00552145
v 0.01559223 -0.00596556 -0.00550136
v 0.01673375 -0.00391429 -0.00558571
v 0.01673375 -0.00391429 -0.00558571
v 0.01559223 -0.00596556 -0.00550136
v 0.01608209 -0.00619533 -0.00552146
v 0.01673375 -0.00391429 -0.00558571
v 0.01608209 -0.00619533 -0.00552146
v 0.01673375 -0.00692972 -0.00558571
v 0.00713368 -0.00606022 -0.00550964
v 0.00757274 -0.00595000 -0.00550000
v 0.00757274 -0.00400000 -0.00550000
v 0.00626625 -0.00692972 -0.00558571
v 0.00655494 -0.00654357 -0.00555193
v 0.00626625 -0.00391429 -0.00558571
v 0.00626625 -0.00391429 -0.00558571
v 0.00655494 -0.00654357 -0.00555193
v 0.00713368 -0.00606022 -0.00550964
v 0.00626625 -0.00391429 -0.00558571
v 0.00713368 -0.00606022 -0.00550964
v 0.00691809 -0.00397855 -0.00552145
v 0.00691809 -0.00397855 -0.00552145
v 0.00713368 -0.00606022 -0.00550964
v 0.00757274 -0.00400000 -0.00550000
v 0.02326625 -0.00391429 -0.00558571
v 0.02326625 -0.00391429 0.00000000
v 0.02163663 -0.00375363 -0.00574637
v 0.02163663 -0.00375363 -0.00574637
v 0.02326625 -0.00391429 0.00000000
v 0.02000000 -0.00370000 0.00000000
v 0.02163663 -0.00375363 -0.00574637
v 0.02000000 -0.00370000 0.00000000
v 0.02000000 -0.00370000 -0.00580000
v 0.02413368 -0.00606022 -0.00550964
v 0.02457275 -0.00595000 -0.00550000
v 0.02457275 -0.00400000 -0.00550000
v 0.02326625 -0.00692972 -0.00558571
v 0.02355495 -0.00654357 -0.00555193
v 0.02326625 -0.00391429 -0.00558571
v 0.02326625 -0.00391429 -0.00558571
v 0.02355495 -0.00654357 -0.00555193
v 0.02413368 -0.00606022 -0.00550964
v 0.02326625 -0.00391429 -0.00558571
v 0.02413368 -0.00606022 -0.00550964
v 0.02391809 -0.00397855 -0.00552145
v 0.02391809 -0.00397855 -0.00552145
v 0.02413368 -0.00606022 -0.00550964
v 0.02457275 -0.00400000 -0.00550000
v 0.03231691 -0.00400000 -0.00550000
v 0.02457275 -0.00400000 -0.00550000
v 0.03233019 -0.00409931 -0.00550000
v 0.03233019 -0.00409931 -0.00550000
v 0.02457275 -0.00400000 -0.00550000
v 0.02457275 -0.00595000 -0.00550000
v 0.03233019 -0.00409931 -0.00550000
v 0.02457275 -0.00595000 -0.00550000
v 0.03248593 -0.00595000 -0.00550000
v 0.03230302 -0.00389996 -0.01590004
v 0.03228863 -0.00380000 -0.01600000
v 0.03182364 -0.00154278 -0.01600000
v 0.03209377 -0.00268951 -0.00100000
v 0.03231691 -0.00400000 -0.00100000
v 0.03231691 -0.00400000 -0.00550000
v 0.03231691 -0.00400000 -0.01250000
v 0.03231691 -0.00400000 -0.01580000
v 0.03230302 -0.00389996 -0.01590004
v 0.03182364 -0.00154278 -0.00100000
v 0.03209377 -0.00268951 -0.00100000
v 0.03231691 -0.00400000 -0.01250000
v 0.03231691 -0.00400000 -0.01250000
v 0.03209377 -0.00268951 -0.00100000
v 0.03231691 -0.00400000 -0.00550000
v 0.03231691 -0.00400000 -0.01250000
v 0.03231691 -0.00400000 -0.00550000
v 0.03233019 -0.00409931 -0.01250000
v 0.03233019 -0.00409931 -0.01250000
v 0.03231691 -0.00400000 -0.00550000
v 0.03233019 -0.00409931 -0.00550000
v 0.03233019 -0.00409931 -0.01250000
v 0.03233019 -0.00409931 -0.00550000
v 0.03248593 -0.00595000 -0.01250000
v 0.03248593 -0.00595000 -0.01250000
v 0.03233019 -0.00409931 -0.00550000
v 0.03248593 -0.00595000 -0.00550000
v 0.03248593 -0.00595000 -0.01250000
v 0.03248593 -0.00595000 -0.00550000
v 0.03249648 -0.00632493 -0.01246720
v 0.03249648 -0.00632493 -0.01246720
v 0.03248593 -0.00595000 -0.00550000
v 0.03249648 -0.00632493 -0.00553280
v 0.03249648 -0.00632493 -0.01246720
v 0.03249648 -0.00632493 -0.00553280
v 0.03250000 -0.00670000 -0.01243438
v 0.03250000 -0.00670000 -0.01243438
v 0.03249648 -0.00632493 -0.00553280
v 0.03250000 -0.00670000 -0.00556562
v 0.03107199 0.00072167 -0.00100000
v 0.03004528 0.00290016 -0.01589984
v 0.02999028 0.00300000 -0.01250000
v 0.02999028 0.00300000 -0.01250000
v 0.03004528 0.00290016 -0.01589984
v 0.02999028 0.00300000 -0.01580000
v 0.02984031 0.00326563 -0.00550000
v 0.02999028 0.00300000 -0.00550000
v 0.02999028 0.00300000 -0.01250000
v 0.03107199 0.00072167 -0.00100000
v 0.02999028 0.00300000 -0.01250000
v 0.03033755 0.00234555 -0.00100000
v 0.03033755 0.00234555 -0.00100000
v 0.02999028 0.00300000 -0.01250000
v 0.02999028 0.00300000 -0.00550000
v 0.03033755 0.00234555 -0.00100000
v 0.02999028 0.00300000 -0.00550000
v 0.02999028 0.00300000 -0.00100000
v 0.02668415 0.00740000 -0.01220000
v 0.02668415 0.00740000 -0.00580000
v 0.02683095 0.00725076 -0.01234924
v 0.02683095 0.00725076 -0.01234924
v 0.02668415 0.00740000 -0.00580000
v 0.02683095 0.00725076 -0.00565076
v 0.02683095 0.00725076 -0.01234924
v 0.02683095 0.00725076 -0.00565076
v 0.02697619 0.00710000 -0.01250000
v 0.02697619 0.00710000 -0.01250000
v 0.02683095 0.00725076 -0.00565076
v 0.02839720 0.00543585 -0.01250000
v 0.02999028 0.00300000 -0.01250000
v 0.02984031 0.00326563 -0.01250000
v 0.02984031 0.00326563 -0.00550000
v 0.02984031 0.00326563 -0.00550000
v 0.02984031 0.00326563 -0.01250000
v 0.02839720 0.00543585 -0.01250000
v 0.02984031 0.00326563 -0.00550000
v 0.02839720 0.00543585 -0.01250000
v 0.02839720 0.00543585 -0.00550000
v 0.02839720 0.00543585 -0.00550000
v 0.02839720 0.00543585 -0.01250000
v 0.02683095 0.00725076 -0.00565076
v 0.02839720 0.00543585 -0.00550000
v 0.02683095 0.00725076 -0.00565076
v 0.02697619 0.00710000 -0.00550000
v 0.03231691 -0.00400000 -0.01250000
v 0.03230302 -0.00389996 -0.01590004
v 0.03182364 -0.00154278 -0.00100000
v 0.03182364 -0.00154278 -0.00100000
v 0.03230302 -0.00389996 -0.01590004
v 0.03182364 -0.00154278 -0.01600000
v 0.03182364 -0.00154278 -0.00100000
v 0.03182364 -0.00154278 -0.01600000
v 0.03165895 -0.00096113 -0.00100000
v 0.03165895 -0.00096113 -0.00100000
v 0.03182364 -0.00154278 -0.01600000
v 0.03098896 0.00092617 -0.01600000
v 0.03165895 -0.00096113 -0.00100000
v 0.03098896 0.00092617 -0.01600000
v 0.03107199 0.00072167 -0.00100000
v 0.03107199 0.00072167 -0.00100000
v 0.03098896 0.00092617 -0.01600000
v 0.03009972 0.00280000 -0.01600000
v 0.03107199 0.00072167 -0.00100000
v 0.03009972 0.00280000 -0.01600000
v 0.03004528 0.00290016 -0.01589984
v 0.02457275 -0.00400000 -0.01250000
v 0.02457275 -0.00595000 -0.01250000
v 0.02391809 -0.00397855 -0.01247855
v 0.02391809 -0.00397855 -0.01247855
v 0.02457275 -0.00595000 -0.01250000
v 0.02440778 -0.00596556 -0.01249864
v 0.02391809 -0.00397855 -0.01247855
v 0.02440778 -0.00596556 -0.01249864
v 0.02326625 -0.00391429 -0.01241429
v 0.02326625 -0.00391429 -0.01241429
v 0.02440778 -0.00596556 -0.01249864
v 0.02391792 -0.00619533 -0.01247854
v 0.02326625 -0.00391429 -0.01241429
v 0.02391792 -0.00619533 -0.01247854
v 0.02326625 -0.00692972 -0.01241429
v 0.03248593 -0.00595000 -0.01250000
v 0.02457275 -0.00595000 -0.01250000
v 0.03233019 -0.00409931 -0.01250000
v 0.03233019 -0.00409931 -0.01250000
v 0.02457275 -0.00595000 -0.01250000
v 0.02457275 -0.00400000 -0.01250000
v 0.03233019 -0.00409931 -0.01250000
v 0.02457275 -0.00400000 -0.01250000
v 0.03231691 -0.00400000 -0.01250000
v 0.01673375 -0.00391429 -0.01241429
v 0.01673375 -0.00391429 -0.01580000
v 0.01860611 -0.00373889 -0.01223889
v 0.01860611 -0.00373889 -0.01223889
v 0.01673375 -0.00391429 -0.01580000
v 0.02000000 -0.00370000 -0.01580000
v 0.01860611 -0.00373889 -0.01223889
v 0.02000000 -0.00370000 -0.01580000
v 0.01999976 -0.00370000 -0.01220000
v 0.01999976 -0.00370000 -0.01220000
v 0.02000000 -0.00370000 -0.01580000
v 0.02094045 -0.00371770 -0.01221770
v 0.02094045 -0.00371770 -0.01221770
v 0.02000000 -0.00370000 -0.01580000
v 0.02326625 -0.00391429 -0.01580000
v 0.02094045 -0.00371770 -0.01221770
v 0.02326625 -0.00391429 -0.01580000
v 0.02326625 -0.00391429 -0.01241429
v 0.01586632 -0.00606022 -0.01249036
v 0.01542726 -0.00595000 -0.01250000
v 0.01542726 -0.00400000 -0.01250000
v 0.01673375 -0.00692972 -0.01241429
v 0.01644506 -0.00654357 -0.01244807
v 0.01673375 -0.00391429 -0.01241429
v 0.01673375 -0.00391429 -0.01241429
v 0.01644506 -0.00654357 -0.01244807
v 0.01586632 -0.00606022 -0.01249036
v 0.01673375 -0.00391429 -0.01241429
v 0.01586632 -0.00606022 -0.01249036
v 0.01608191 -0.00397855 -0.01247855
v 0.01608191 -0.00397855 -0.01247855
v 0.01586632 -0.00606022 -0.01249036
v 0.01542726 -0.00400000 -0.01250000
v 0.00757274 -0.00400000 -0.01250000
v 0.00757274 -0.00595000 -0.01250000
v 0.00691809 -0.00397855 -0.01247855
v 0.00691809 -0.00397855 -0.01247855
v 0.00757274 -0.00595000 -0.01250000
v 0.00740777 -0.00596556 -0.01249864
v 0.00691809 -0.00397855 -0.01247855
v 0.00740777 -0.00596556 -0.01249864
v 0.00626625 -0.00391429 -0.01241429
v 0.00626625 -0.00391429 -0.01241429
v 0.00740777 -0.00596556 -0.01249864
v 0.00691791 -0.00619533 -0.01247854
v 0.00626625 -0.00391429 -0.01241429
v 0.00691791 -0.00619533 -0.01247854
v 0.00626625 -0.00692972 -0.01241429
v 0.01542726 -0.00400000 -0.01250000
v 0.01542726 -0.00595000 -0.01250000
v 0.00757274 -0.00400000 -0.01250000
v 0.00757274 -0.00400000 -0.01250000
v 0.01542726 -0.00595000 -0.01250000
v 0.00757274 -0.00595000 -0.01250000
v -0.00026625 -0.00391429 -0.01241429
v -0.00026625 -0.00391429 -0.01580000
v 0.00160610 -0.00373889 -0.01223889
v 0.00160610 -0.00373889 -0.01223889
v -0.00026625 -0.00391429 -0.01580000
v 0.00300000 -0.00370000 -0.01580000
v 0.00160610 -0.00373889 -0.01223889
v 0.00300000 -0.00370000 -0.01580000
v 0.00299976 -0.00370000 -0.01220000
v 0.00299976 -0.00370000 -0.01220000
v 0.00300000 -0.00370000 -0.01580000
v 0.00394045 -0.00371770 -0.01221770
v 0.00394045 -0.00371770 -0.01221770
v 0.00300000 -0.00370000 -0.01580000
v 0.00626625 -0.00391429 -0.01580000
v 0.00394045 -0.00371770 -0.01221770
v 0.00626625 -0.00391429 -0.01580000
v 0.00626625 -0.00391429 -0.01241429
v -0.00113368 -0.00606022 -0.01249036
v -0.00157275 -0.00595000 -0.01250000
v -0.00157275 -0.00400000 -0.01250000
v -0.00026625 -0.00692972 -0.01241429
v -0.00055494 -0.00654357 -0.01244807
v -0.00026625 -0.00391429 -0.01241429
v -0.00026625 -0.00391429 -0.01241429
v -0.00055494 -0.00654357 -0.01244807
v -0.00113368 -0.00606022 -0.01249036
v -0.00026625 -0.00391429 -0.01241429
v -0.00113368 -0.00606022 -0.01249036
v -0.00091809 -0.00397855 -0.01247855
v -0.00091809 -0.00397855 -0.01247855
v -0.00113368 -0.00606022 -0.01249036
v -0.00157275 -0.00400000 -0.01250000
v -0.00921598 -0.00400000 -0.01250000
v -0.00157275 -0.00400000 -0.01250000
v -0.00936794 -0.00557084 -0.01250000
v -0.00936794 -0.00557084 -0.01250000
v -0.00157275 -0.00400000 -0.01250000
v -0.00157275 -0.00595000 -0.01250000
v -0.00936794 -0.00557084 -0.01250000
v -0.00157275 -0.00595000 -0.01250000
v -0.00938586 -0.00595000 -0.01250000
v -0.00931691 -0.00400000 -0.01240000
v -0.00933019 -0.00409931 -0.00550000
v -0.00882364 -0.00154278 -0.00550000
v -0.00930303 -0.00389996 -0.01590004
v -0.00931691 -0.00400000 -0.01580000
v -0.00931691 -0.00400000 -0.01240000
v -0.00880617 -0.00147778 0.00000000
v -0.00798895 0.00092617 0.00000000
v -0.00880617 -0.00147778 -0.00550000
v -0.00880617 -0.00147778 -0.00550000
v -0.00798895 0.00092617 0.00000000
v -0.00798895 0.00092617 -0.01600000
v -0.00880617 -0.00147778 -0.00550000
v -0.00798895 0.00092617 -0.01600000
v -0.00882364 -0.00154278 -0.00550000
v -0.00882364 -0.00154278 -0.00550000
v -0.00798895 0.00092617 -0.01600000
v -0.00882364 -0.00154278 -0.01600000
v -0.00882364 -0.00154278 -0.00550000
v -0.00882364 -0.00154278 -0.01600000
v -0.00931691 -0.00400000 -0.01240000
v -0.00931691 -0.00400000 -0.01240000
v -0.00882364 -0.00154278 -0.01600000
v -0.00928863 -0.00380000 -0.01600000
v -0.00931691 -0.00400000 -0.01240000
v -0.00928863 -0.00380000 -0.01600000
v -0.00930303 -0.00389996 -0.01590004
v -0.00933019 -0.00409931 -0.00550000
v -0.00931691 -0.00400000 -0.01240000
v -0.00948593 -0.00595000 -0.00550000
v -0.00948593 -0.00595000 -0.00550000
v -0.00931691 -0.00400000 -0.01240000
v -0.00946778 -0.00556517 -0.01240000
v -0.00948593 -0.00595000 -0.00550000
v -0.00946778 -0.00556517 -0.01240000
v -0.00949648 -0.00632493 -0.00553280
v -0.00949648 -0.00632493 -0.00553280
v -0.00946778 -0.00556517 -0.01240000
v -0.00950000 -0.00670000 -0.01240000
v -0.00949648 -0.00632493 -0.00553280
v -0.00950000 -0.00670000 -0.01240000
v -0.00950000 -0.00670000 -0.00556562
v -0.00798895 0.00092617 0.00000000
v -0.00757768 0.00185556 0.00000000
v -0.00757768 0.00185556 -0.00550000
v -0.00709971 0.00280000 -0.01600000
v -0.00798895 0.00092617 -0.01600000
v -0.00704529 0.00290016 -0.01589984
v -0.00704529 0.00290016 -0.01589984
v -0.00798895 0.00092617 -0.01600000
v -0.00699029 0.00300000 -0.01240000
v -0.00704529 0.00290016 -0.01589984
v -0.00699029 0.00300000 -0.01240000
v -0.00699029 0.00300000 -0.01580000
v -0.00798895 0.00092617 0.00000000
v -0.00757768 0.00185556 -0.00550000
v -0.00798895 0.00092617 -0.01600000
v -0.00798895 0.00092617 -0.01600000
v -0.00757768 0.00185556 -0.00550000
v -0.00684031 0.00326563 -0.00550000
v -0.00798895 0.00092617 -0.01600000
v -0.00684031 0.00326563 -0.00550000
v -0.00699029 0.00300000 -0.01240000
v -0.00699029 0.00300000 -0.01240000
v -0.00684031 0.00326563 -0.00550000
v -0.00539720 0.00543585 -0.00550000
v -0.00699029 0.00300000 -0.01240000
v -0.00539720 0.00543585 -0.00550000
v -0.00557301 0.00520202 -0.01240000
v -0.00557301 0.00520202 -0.01240000
v -0.00539720 0.00543585 -0.00550000
v -0.00397618 0.00710000 -0.00550000
v -0.00557301 0.00520202 -0.01240000
v -0.00397618 0.00710000 -0.00550000
v -0.00383095 0.00725076 -0.00565076
v -0.00388020 0.00720000 -0.01240000
v -0.00557301 0.00520202 -0.01240000
v -0.00378252 0.00730034 -0.01229966
v -0.00378252 0.00730034 -0.01229966
v -0.00557301 0.00520202 -0.01240000
v -0.00383095 0.00725076 -0.00565076
v -0.00378252 0.00730034 -0.01229966
v -0.00383095 0.00725076 -0.00565076
v -0.00368414 0.00740000 -0.01220000
v -0.00368414 0.00740000 -0.01220000
v -0.00383095 0.00725076 -0.00565076
v -0.00368414 0.00740000 -0.00580000
v -0.00157275 -0.00400000 -0.00550000
v -0.00157275 -0.00595000 -0.00550000
v -0.00091809 -0.00397855 -0.00552145
v -0.00091809 -0.00397855 -0.00552145
v -0.00157275 -0.00595000 -0.00550000
v -0.00140777 -0.00596556 -0.00550136
v -0.00091809 -0.00397855 -0.00552145
v -0.00140777 -0.00596556 -0.00550136
v -0.00026625 -0.00391429 -0.00558571
v -0.00026625 -0.00391429 -0.00558571
v -0.00140777 -0.00596556 -0.00550136
v -0.00091791 -0.00619533 -0.00552146
v -0.00026625 -0.00391429 -0.00558571
v -0.00091791 -0.00619533 -0.00552146
v -0.00026625 -0.00692972 -0.00558571
v -0.00933019 -0.00409931 -0.00550000
v -0.00948593 -0.00595000 -0.00550000
v -0.00776120 -0.00379322 -0.00550000
v -0.00157275 -0.00595000 -0.00550000
v -0.00157275 -0.00400000 -0.00550000
v -0.00948593 -0.00595000 -0.00550000
v -0.00948593 -0.00595000 -0.00550000
v -0.00157275 -0.00400000 -0.00550000
v -0.00687556 -0.00400000 -0.00550000
v -0.00948593 -0.00595000 -0.00550000
v -0.00687556 -0.00400000 -0.00550000
v -0.00776120 -0.00379322 -0.00550000
v -0.00776120 -0.00379322 -0.00550000
v -0.00846371 -0.00321564 -0.00550000
v -0.00933019 -0.00409931 -0.00550000
v -0.00933019 -0.00409931 -0.00550000
v -0.00846371 -0.00321564 -0.00550000
v -0.00883782 -0.00238669 -0.00550000
v -0.00933019 -0.00409931 -0.00550000
v -0.00883782 -0.00238669 -0.00550000
v -0.00882364 -0.00154278 -0.00550000
v -0.00882364 -0.00154278 -0.00550000
v -0.00883782 -0.00238669 -0.00550000
v -0.00880617 -0.00147778 -0.00550000
v 0.00626625 -0.00391429 -0.00558571
v 0.00626625 -0.00391429 0.00000000
v 0.00463664 -0.00375363 -0.00574637
v 0.00463664 -0.00375363 -0.00574637
v 0.00626625 -0.00391429 0.00000000
v 0.00300000 -0.00370000 0.00000000
v 0.00463664 -0.00375363 -0.00574637
v 0.00300000 -0.00370000 0.00000000
v 0.00300000 -0.00370000 -0.00580000
v 0.01542726 -0.00400000 0.00000000
v 0.00757274 -0.00400000 0.00000000
v 0.01542726 -0.00400000 -0.00550000
v 0.01542726 -0.00400000 -0.00550000
v 0.00757274 -0.00400000 0.00000000
v 0.00757274 -0.00400000 -0.00550000
v 0.02457275 -0.00400000 -0.00550000
v 0.02457275 -0.00400000 0.00000000
v 0.02391809 -0.00397855 -0.00552145
v 0.02391809 -0.00397855 -0.00552145
v 0.02457275 -0.00400000 0.00000000
v 0.02326625 -0.00391429 0.00000000
v 0.02391809 -0.00397855 -0.00552145
v 0.02326625 -0.00391429 0.00000000
v 0.02326625 -0.00391429 -0.00558571
v -0.00587862 0.00182446 0.00000000
v -0.00500000 0.00202500 0.00000000
v -0.00576991 0.00300000 0.00000000
v -0.00576991 0.00300000 0.00000000
v -0.00500000 0.00202500 0.00000000
v -0.00157275 0.00300000 0.00000000
v -0.00157275 0.00300000 0.00000000
v -0.00500000 0.00202500 0.00000000
v -0.00412139 0.00182446 0.00000000
v -0.00157275 0.00300000 0.00000000
v -0.00412139 0.00182446 0.00000000
v -0.00341679 0.00126257 0.00000000
v -0.00157275 -0.00400000 0.00000000
v -0.00341679 -0.00126257 0.00000000
v -0.00412139 -0.00182446 0.00000000
v 0.02326625 -0.00391429 0.00000000
v 0.02000000 0.00270000 0.00000000
v 0.01673375 0.00291429 0.00000000
v 0.01673375 -0.00391429 0.00000000
v 0.02000000 -0.00370000 0.00000000
v 0.00697423 -0.00045060 0.00000000
v -0.00157275 -0.00400000 0.00000000
v -0.00412139 -0.00182446 0.00000000
v -0.00687556 -0.00400000 0.00000000
v 0.02000000 -0.00370000 0.00000000
v 0.02326625 -0.00391429 0.00000000
v 0.00697423 -0.00045060 0.00000000
v 0.00697423 -0.00045060 0.00000000
v 0.02326625 -0.00391429 0.00000000
v 0.01673375 0.00291429 0.00000000
v 0.00697423 -0.00045060 0.00000000
v 0.01673375 0.00291429 0.00000000
v 0.00697423 0.00045060 0.00000000
v 0.00697423 0.00045060 0.00000000
v 0.01673375 0.00291429 0.00000000
v 0.01542726 0.00300000 0.00000000
v 0.00697423 0.00045060 0.00000000
v 0.01542726 0.00300000 0.00000000
v 0.00658321 0.00126257 0.00000000
v 0.00658321 0.00126257 0.00000000
v 0.01542726 0.00300000 0.00000000
v 0.00757274 0.00300000 0.00000000
v 0.00658321 0.00126257 0.00000000
v 0.00757274 0.00300000 0.00000000
v 0.00587861 0.00182446 0.00000000
v 0.00587861 0.00182446 0.00000000
v 0.00757274 0.00300000 0.00000000
v 0.00626625 0.00291429 0.00000000
v -0.00000000 0.00235000 0.00000000
v -0.00026625 0.00291429 0.00000000
v -0.00070796 0.00220918 0.00000000
v -0.00070796 0.00220918 0.00000000
v -0.00026625 0.00291429 0.00000000
v -0.00157275 0.00300000 0.00000000
v -0.00412139 -0.00182446 0.00000000
v -0.00500000 -0.00202500 0.00000000
v -0.00687556 -0.00400000 0.00000000
v -0.00687556 -0.00400000 0.00000000
v -0.00500000 -0.00202500 0.00000000
v -0.00587862 -0.00182446 0.00000000
v -0.00687556 -0.00400000 0.00000000
v -0.00587862 -0.00182446 0.00000000
v -0.00776120 -0.00379322 0.00000000
v -0.00776120 -0.00379322 0.00000000
v -0.00587862 -0.00182446 0.00000000
v -0.00658321 -0.00126257 0.00000000
v -0.00776120 -0.00379322 0.00000000
v -0.00658321 -0.00126257 0.00000000
v -0.00846371 -0.00321564 0.00000000
v 0.02457275 -0.00400000 0.00000000
v 0.02457275 0.00300000 0.00000000
v 0.02326625 -0.00391429 0.00000000
v 0.02326625 -0.00391429 0.00000000
v 0.02457275 0.00300000 0.00000000
v 0.02326625 0.00291429 0.00000000
v 0.02326625 -0.00391429 0.00000000
v 0.02326625 0.00291429 0.00000000
v 0.02000000 0.00270000 0.00000000
v 0.00115346 -0.00194639 0.00000000
v 0.00041166 -0.00230362 0.00000000
v -0.00026625 -0.00391429 0.00000000
v -0.00026625 -0.00391429 0.00000000
v 0.00041166 -0.00230362 0.00000000
v -0.00041166 -0.00230362 0.00000000
v -0.00026625 -0.00391429 0.00000000
v -0.00041166 -0.00230362 0.00000000
v -0.00157275 -0.00400000 0.00000000
v -0.00157275 -0.00400000 0.00000000
v -0.00041166 -0.00230362 0.00000000
v -0.00115346 -0.00194639 0.00000000
v -0.00157275 -0.00400000 0.00000000
v -0.00115346 -0.00194639 0.00000000
v -0.00341679 -0.00126257 0.00000000
v -0.00341679 -0.00126257 0.00000000
v -0.00115346 -0.00194639 0.00000000
v -0.00166679 -0.00130268 0.00000000
v -0.00341679 -0.00126257 0.00000000
v -0.00166679 -0.00130268 0.00000000
v -0.00302577 -0.00045060 0.00000000
v -0.00302577 -0.00045060 0.00000000
v -0.00166679 -0.00130268 0.00000000
v -0.00185000 -0.00050000 0.00000000
v -0.00302577 -0.00045060 0.00000000
v -0.00185000 -0.00050000 0.00000000
v -0.00302577 0.00045060 0.00000000
v -0.00302577 0.00045060 0.00000000
v -0.00185000 -0.00050000 0.00000000
v -0.00185000 0.00050000 0.00000000
v -0.00302577 0.00045060 0.00000000
v -0.00185000 0.00050000 0.00000000
v -0.00341679 0.00126257 0.00000000
v -0.00341679 0.00126257 0.00000000
v -0.00185000 0.00050000 0.00000000
v -0.00170918 0.00120796 0.00000000
v -0.00341679 0.00126257 0.00000000
v -0.00170918 0.00120796 0.00000000
v -0.00157275 0.00300000 0.00000000
v -0.00157275 0.00300000 0.00000000
v -0.00170918 0.00120796 0.00000000
v -0.00130815 0.00180815 0.00000000
v -0.00157275 0.00300000 0.00000000
v -0.00130815 0.00180815 0.00000000
v -0.00070796 0.00220918 0.00000000
v -0.00576991 0.00300000 0.00000000
v -0.00650479 0.00286009 0.00000000
v -0.00587862 0.00182446 0.00000000
v -0.00587862 0.00182446 0.00000000
v -0.00650479 0.00286009 0.00000000
v -0.00713685 0.00245995 0.00000000
v -0.00587862 0.00182446 0.00000000
v -0.00713685 0.00245995 0.00000000
v -0.00658321 0.00126257 0.00000000
v -0.00658321 0.00126257 0.00000000
v -0.00713685 0.00245995 0.00000000
v -0.00757768 0.00185556 0.00000000
v -0.00658321 0.00126257 0.00000000
v -0.00757768 0.00185556 0.00000000
v -0.00697423 0.00045060 0.00000000
v -0.00697423 0.00045060 0.00000000
v -0.00757768 0.00185556 0.00000000
v -0.00798895 0.00092617 0.00000000
v -0.00697423 0.00045060 0.00000000
v -0.00798895 0.00092617 0.00000000
v -0.00697423 -0.00045060 0.00000000
v -0.00697423 -0.00045060 0.00000000
v -0.00798895 0.00092617 0.00000000
v -0.00880617 -0.00147778 0.00000000
v -0.00697423 -0.00045060 0.00000000
v -0.00880617 -0.00147778 0.00000000
v -0.00658321 -0.00126257 0.00000000
v -0.00658321 -0.00126257 0.00000000
v -0.00880617 -0.00147778 0.00000000
v -0.00883782 -0.00238669 0.00000000
v -0.00658321 -0.00126257 0.00000000
v -0.00883782 -0.00238669 0.00000000
v -0.00846371 -0.00321564 0.00000000
v 0.01673375 -0.00391429 0.00000000
v 0.00697423 -0.00045060 0.00000000
v 0.01542726 -0.00400000 0.00000000
v 0.01542726 -0.00400000 0.00000000
v 0.00697423 -0.00045060 0.00000000
v 0.00658321 -0.00126257 0.00000000
v 0.01542726 -0.00400000 0.00000000
v 0.00658321 -0.00126257 0.00000000
v 0.00757274 -0.00400000 0.00000000
v 0.00757274 -0.00400000 0.00000000
v 0.00658321 -0.00126257 0.00000000
v 0.00587861 -0.00182446 0.00000000
v 0.00757274 -0.00400000 0.00000000
v 0.00587861 -0.00182446 0.00000000
v 0.00626625 -0.00391429 0.00000000
v 0.00626625 -0.00391429 0.00000000
v 0.00587861 -0.00182446 0.00000000
v 0.00500000 -0.00202500 0.00000000
v 0.00626625 -0.00391429 0.00000000
v 0.00500000 -0.00202500 0.00000000
v 0.00300000 -0.00370000 0.00000000
v 0.00300000 -0.00370000 0.00000000
v 0.00500000 -0.00202500 0.00000000
v 0.00412138 -0.00182446 0.00000000
v 0.00300000 -0.00370000 0.00000000
v 0.00412138 -0.00182446 0.00000000
v -0.00026625 -0.00391429 0.00000000
v -0.00026625 -0.00391429 0.00000000
v 0.00412138 -0.00182446 0.00000000
v 0.00341679 -0.00126257 0.00000000
v -0.00026625 -0.00391429 0.00000000
v 0.00341679 -0.00126257 0.00000000
v 0.00115346 -0.00194639 0.00000000
v 0.03130718 -0.00400000 0.00000000
v 0.03111409 -0.00289004 0.00000000
v 0.02457275 -0.00400000 0.00000000
v 0.02457275 -0.00400000 0.00000000
v 0.03111409 -0.00289004 0.00000000
v 0.03070101 -0.00124808 0.00000000
v 0.02883738 0.00300000 0.00000000
v 0.02457275 0.00300000 0.00000000
v 0.02944567 0.00189327 0.00000000
v 0.02944567 0.00189327 0.00000000
v 0.02457275 0.00300000 0.00000000
v 0.02457275 -0.00400000 0.00000000
v 0.02944567 0.00189327 0.00000000
v 0.02457275 -0.00400000 0.00000000
v 0.03014339 0.00035059 0.00000000
v 0.03014339 0.00035059 0.00000000
v 0.02457275 -0.00400000 0.00000000
v 0.03070101 -0.00124808 0.00000000
v -0.00000000 0.00235000 0.00000000
v 0.00070797 0.00220918 0.00000000
v -0.00026625 0.00291429 0.00000000
v -0.00026625 0.00291429 0.00000000
v 0.00070797 0.00220918 0.00000000
v 0.00341679 0.00126257 0.00000000
v -0.00026625 0.00291429 0.00000000
v 0.00341679 0.00126257 0.00000000
v 0.00300000 0.00270000 0.00000000
v 0.00300000 0.00270000 0.00000000
v 0.00341679 0.00126257 0.00000000
v 0.00412138 0.00182446 0.00000000
v 0.00300000 0.00270000 0.00000000
v 0.00412138 0.00182446 0.00000000
v 0.00626625 0.00291429 0.00000000
v 0.00626625 0.00291429 0.00000000
v 0.00412138 0.00182446 0.00000000
v 0.00500000 0.00202500 0.00000000
v 0.00626625 0.00291429 0.00000000
v 0.00500000 0.00202500 0.00000000
v 0.00587861 0.00182446 0.00000000
v 0.00070797 0.00220918 0.00000000
v 0.00130815 0.00180815 0.00000000
v 0.00341679 0.00126257 0.00000000
v 0.00341679 0.00126257 0.00000000
v 0.00130815 0.00180815 0.00000000
v 0.00170918 0.00120796 0.00000000
v 0.00341679 0.00126257 0.00000000
v 0.00170918 0.00120796 0.00000000
v 0.00302577 0.00045060 0.00000000
v 0.00302577 0.00045060 0.00000000
v 0.00170918 0.00120796 0.00000000
v 0.00185000 0.00050000 0.00000000
v 0.00302577 0.00045060 0.00000000
v 0.00185000 0.00050000 0.00000000
v 0.00302577 -0.00045060 0.00000000
v 0.00302577 -0.00045060 0.00000000
v 0.00185000 0.00050000 0.00000000
v 0.00185000 -0.00050000 0.00000000
v 0.00302577 -0.00045060 0.00000000
v 0.00185000 -0.00050000 0.00000000
v 0.00341679 -0.00126257 0.00000000
v 0.00341679 -0.00126257 0.00000000
v 0.00185000 -0.00050000 0.00000000
v 0.00166679 -0.00130268 0.00000000
v 0.00341679 -0.00126257 0.00000000
v 0.00166679 -0.00130268 0.00000000
v 0.00115346 -0.00194639 0.00000000
v 0.01542726 -0.00400000 0.00000000
v 0.01542726 -0.00400000 -0.00550000
v 0.01673375 -0.00391429 0.00000000
v 0.01673375 -0.00391429 0.00000000
v 0.01542726 -0.00400000 -0.00550000
v 0.01608191 -0.00397855 -0.00552145
v 0.01673375 -0.00391429 0.00000000
v 0.01608191 -0.00397855 -0.00552145
v 0.01673375 -0.00391429 -0.00558571
v 0.02457275 -0.00400000 -0.00550000
v 0.03231691 -0.00400000 -0.00550000
v 0.02457275 -0.00400000 0.00000000
v 0.02457275 -0.00400000 0.00000000
v 0.03231691 -0.00400000 -0.00550000
v 0.03231691 -0.00400000 -0.00100000
v 0.03227153 -0.00399990 -0.00070354
v 0.03212921 -0.00399995 -0.00041919
v 0.03231691 -0.00400000 -0.00100000
v 0.03231691 -0.00400000 -0.00100000
v 0.03212921 -0.00399995 -0.00041919
v 0.03202116 -0.00400000 -0.00029279
v 0.03231691 -0.00400000 -0.00100000
v 0.03202116 -0.00400000 -0.00029279
v 0.03189615 -0.00399980 -0.00018767
v 0.03189615 -0.00399980 -0.00018767
v 0.03161478 -0.00399965 -0.00004751
v 0.03231691 -0.00400000 -0.00100000
v 0.03231691 -0.00400000 -0.00100000
v 0.03161478 -0.00399965 -0.00004751
v 0.03130718 -0.00400000 0.00000000
v 0.03231691 -0.00400000 -0.00100000
v 0.03130718 -0.00400000 0.00000000
v 0.02457275 -0.00400000 0.00000000
v -0.00798895 0.00092617 -0.01600000
v -0.00709971 0.00280000 -0.01600000
v -0.00157275 0.00280000 -0.01600000
v -0.00157275 -0.00380000 -0.01600000
v -0.00928863 -0.00380000 -0.01600000
v -0.00882364 -0.00154278 -0.01600000
v 0.03009972 0.00280000 -0.01600000
v 0.03098896 0.00092617 -0.01600000
v 0.02457275 -0.00380000 -0.01600000
v 0.02457275 -0.00380000 -0.01600000
v 0.03098896 0.00092617 -0.01600000
v 0.03182364 -0.00154278 -0.01600000
v 0.02457275 -0.00380000 -0.01600000
v 0.03182364 -0.00154278 -0.01600000
v 0.03228863 -0.00380000 -0.01600000
v -0.00882364 -0.00154278 -0.01600000
v -0.00798895 0.00092617 -0.01600000
v -0.00157275 -0.00380000 -0.01600000
v -0.00157275 -0.00380000 -0.01600000
v -0.00798895 0.00092617 -0.01600000
v -0.00157275 0.00280000 -0.01600000
v -0.00157275 -0.00380000 -0.01600000
v -0.00157275 0.00280000 -0.01600000
v -0.00029238 -0.00371600 -0.01600000
v -0.00029238 -0.00371600 -0.01600000
v -0.00157275 0.00280000 -0.01600000
v -0.00029238 0.00271600 -0.01600000
v -0.00029238 -0.00371600 -0.01600000
v -0.00029238 0.00271600 -0.01600000
v 0.00300000 -0.00350000 -0.01600000
v 0.00300000 -0.00350000 -0.01600000
v -0.00029238 0.00271600 -0.01600000
v 0.00300000 0.00250000 -0.01600000
v 0.00300000 -0.00350000 -0.01600000
v 0.00300000 0.00250000 -0.01600000
v 0.00629238 -0.00371600 -0.01600000
v 0.00629238 -0.00371600 -0.01600000
v 0.00300000 0.00250000 -0.01600000
v 0.00629238 0.00271600 -0.01600000
v 0.00629238 -0.00371600 -0.01600000
v 0.00629238 0.00271600 -0.01600000
v 0.00757274 -0.00380000 -0.01600000
v 0.00757274 -0.00380000 -0.01600000
v 0.00629238 0.00271600 -0.01600000
v 0.00757274 0.00280000 -0.01600000
v 0.00757274 -0.00380000 -0.01600000
v 0.00757274 0.00280000 -0.01600000
v 0.01542726 -0.00380000 -0.01600000
v 0.01542726 -0.00380000 -0.01600000
v 0.00757274 0.00280000 -0.01600000
v 0.01542726 0.00280000 -0.01600000
v 0.01542726 -0.00380000 -0.01600000
v 0.01542726 0.00280000 -0.01600000
v 0.01670762 -0.00371600 -0.01600000
v 0.01670762 -0.00371600 -0.01600000
v 0.01542726 0.00280000 -0.01600000
v 0.01670762 0.00271600 -0.01600000
v 0.01670762 -0.00371600 -0.01600000
v 0.01670762 0.00271600 -0.01600000
v 0.02000000 -0.00350000 -0.01600000
v 0.02000000 -0.00350000 -0.01600000
v 0.01670762 0.00271600 -0.01600000
v 0.02000000 0.00250000 -0.01600000
v 0.02000000 -0.00350000 -0.01600000
v 0.02000000 0.00250000 -0.01600000
v 0.02329238 -0.00371600 -0.01600000
v 0.02329238 -0.00371600 -0.01600000
v 0.02000000 0.00250000 -0.01600000
v 0.02329238 0.00271600 -0.01600000
v 0.02329238 -0.00371600 -0.01600000
v 0.02329238 0.00271600 -0.01600000
v 0.02457275 -0.00380000 -0.01600000
v 0.02457275 -0.00380000 -0.01600000
v 0.02329238 0.00271600 -0.01600000
v 0.02457275 0.00280000 -0.01600000
v 0.02457275 -0.00380000 -0.01600000
v 0.02457275 0.00280000 -0.01600000
v 0.03009972 0.00280000 -0.01600000
v 0.02457275 -0.00400000 -0.01250000
v 0.02457275 -0.00400000 -0.01580000
v 0.03231691 -0.00400000 -0.01250000
v 0.03231691 -0.00400000 -0.01250000
v 0.02457275 -0.00400000 -0.01580000
v 0.03231691 -0.00400000 -0.01580000
v 0.02978908 0.00300003 -0.00043385
v 0.02965331 0.00300000 -0.00029177
v 0.03007632 0.00221308 -0.00029289
v 0.03159974 -0.00097887 -0.00065388
v 0.03107199 0.00072167 -0.00100000
v 0.03101459 0.00069874 -0.00065388
v 0.03101459 0.00069874 -0.00065388
v 0.03107199 0.00072167 -0.00100000
v 0.03033755 0.00234555 -0.00100000
v 0.03101459 0.00069874 -0.00065388
v 0.03033755 0.00234555 -0.00100000
v 0.03028242 0.00231759 -0.00065388
v 0.03028242 0.00231759 -0.00065388
v 0.03033755 0.00234555 -0.00100000
v 0.02999028 0.00300000 -0.00100000
v 0.03028242 0.00231759 -0.00065388
v 0.02999028 0.00300000 -0.00100000
v 0.02993900 0.00300002 -0.00070397
v 0.03209377 -0.00268951 -0.00100000
v 0.03182364 -0.00154278 -0.00100000
v 0.03159974 -0.00097887 -0.00065388
v 0.03159974 -0.00097887 -0.00065388
v 0.03182364 -0.00154278 -0.00100000
v 0.03165895 -0.00096113 -0.00100000
v 0.03159974 -0.00097887 -0.00065388
v 0.03165895 -0.00096113 -0.00100000
v 0.03107199 0.00072167 -0.00100000
v 0.03159974 -0.00097887 -0.00065388
v 0.03203322 -0.00270191 -0.00065388
v 0.03209377 -0.00268951 -0.00100000
v 0.03209377 -0.00268951 -0.00100000
v 0.03203322 -0.00270191 -0.00065388
v 0.03227153 -0.00399990 -0.00070354
v 0.03209377 -0.00268951 -0.00100000
v 0.03227153 -0.00399990 -0.00070354
v 0.03231691 -0.00400000 -0.00100000
v 0.03180683 -0.00274825 -0.00029289
v 0.03202116 -0.00400000 -0.00029279
v 0.03212921 -0.00399995 -0.00041919
v 0.03145317 -0.00282063 -0.00006181
v 0.03161478 -0.00399965 -0.00004751
v 0.03189615 -0.00399980 -0.00018767
v 0.03111409 -0.00289004 0.00000000
v 0.03130718 -0.00400000 0.00000000
v 0.03161478 -0.00399965 -0.00004751
v 0.03161478 -0.00399965 -0.00004751
v 0.03145317 -0.00282063 -0.00006181
v 0.03111409 -0.00289004 0.00000000
v 0.03111409 -0.00289004 0.00000000
v 0.03145317 -0.00282063 -0.00006181
v 0.03103257 -0.00114876 -0.00006181
v 0.03111409 -0.00289004 0.00000000
v 0.03103257 -0.00114876 -0.00006181
v 0.03070101 -0.00124808 0.00000000
v 0.03070101 -0.00124808 0.00000000
v 0.03103257 -0.00114876 -0.00006181
v 0.03046479 0.00047903 -0.00006181
v 0.03070101 -0.00124808 0.00000000
v 0.03046479 0.00047903 -0.00006181
v 0.03014339 0.00035059 0.00000000
v 0.03014339 0.00035059 0.00000000
v 0.03046479 0.00047903 -0.00006181
v 0.02975436 0.00204981 -0.00006181
v 0.03014339 0.00035059 0.00000000
v 0.02975436 0.00204981 -0.00006181
v 0.02944567 0.00189327 0.00000000
v 0.02965331 0.00300000 -0.00029177
v 0.02955438 0.00300002 -0.00021536
v 0.02975436 0.00204981 -0.00006181
v 0.02975436 0.00204981 -0.00006181
v 0.02955438 0.00300002 -0.00021536
v 0.02925345 0.00300000 -0.00006663
v 0.02975436 0.00204981 -0.00006181
v 0.02925345 0.00300000 -0.00006663
v 0.02944567 0.00189327 0.00000000
v 0.02944567 0.00189327 0.00000000
v 0.02925345 0.00300000 -0.00006663
v 0.02892324 0.00300004 -0.00000273
v 0.02944567 0.00189327 0.00000000
v 0.02892324 0.00300004 -0.00000273
v 0.02883738 0.00300000 0.00000000
v 0.02978908 0.00300003 -0.00043385
v 0.03007632 0.00221308 -0.00029289
v 0.02993900 0.00300002 -0.00070397
v 0.02993900 0.00300002 -0.00070397
v 0.03007632 0.00221308 -0.00029289
v 0.03028242 0.00231759 -0.00065388
v 0.03028242 0.00231759 -0.00065388
v 0.03007632 0.00221308 -0.00029289
v 0.03080001 0.00061299 -0.00029289
v 0.03028242 0.00231759 -0.00065388
v 0.03080001 0.00061299 -0.00029289
v 0.03101459 0.00069874 -0.00065388
v 0.03101459 0.00069874 -0.00065388
v 0.03080001 0.00061299 -0.00029289
v 0.03137837 -0.00104518 -0.00029289
v 0.03101459 0.00069874 -0.00065388
v 0.03137837 -0.00104518 -0.00029289
v 0.03159974 -0.00097887 -0.00065388
v 0.03159974 -0.00097887 -0.00065388
v 0.03137837 -0.00104518 -0.00029289
v 0.03180683 -0.00274825 -0.00029289
v 0.03159974 -0.00097887 -0.00065388
v 0.03180683 -0.00274825 -0.00029289
v 0.03203322 -0.00270191 -0.00065388
v 0.03203322 -0.00270191 -0.00065388
v 0.03180683 -0.00274825 -0.00029289
v 0.03212921 -0.00399995 -0.00041919
v 0.03203322 -0.00270191 -0.00065388
v 0.03212921 -0.00399995 -0.00041919
v 0.03227153 -0.00399990 -0.00070354
v 0.02965331 0.00300000 -0.00029177
v 0.02975436 0.00204981 -0.00006181
v 0.03007632 0.00221308 -0.00029289
v 0.03007632 0.00221308 -0.00029289
v 0.02975436 0.00204981 -0.00006181
v 0.03046479 0.00047903 -0.00006181
v 0.03007632 0.00221308 -0.00029289
v 0.03046479 0.00047903 -0.00006181
v 0.03080001 0.00061299 -0.00029289
v 0.03080001 0.00061299 -0.00029289
v 0.03046479 0.00047903 -0.00006181
v 0.03103257 -0.00114876 -0.00006181
v 0.03080001 0.00061299 -0.00029289
v 0.03103257 -0.00114876 -0.00006181
v 0.03137837 -0.00104518 -0.00029289
v 0.03137837 -0.00104518 -0.00029289
v 0.03103257 -0.00114876 -0.00006181
v 0.03145317 -0.00282063 -0.00006181
v 0.03137837 -0.00104518 -0.00029289
v 0.03145317 -0.00282063 -0.00006181
v 0.03180683 -0.00274825 -0.00029289
v 0.03180683 -0.00274825 -0.00029289
v 0.03145317 -0.00282063 -0.00006181
v 0.03189615 -0.00399980 -0.00018767
v 0.03180683 -0.00274825 -0.00029289
v 0.03189615 -0.00399980 -0.00018767
v 0.03202116 -0.00400000 -0.00029279
v 0.02457275 0.00300000 -0.00550000
v 0.02457275 0.00300000 0.00000000
v 0.02999028 0.00300000 -0.00550000
v 0.02999028 0.00300000 -0.00550000
v 0.02457275 0.00300000 0.00000000
v 0.02883738 0.00300000 0.00000000
v 0.02999028 0.00300000 -0.00550000
v 0.02883738 0.00300000 0.00000000
v 0.02892324 0.00300004 -0.00000273
v 0.02999028 0.00300000 -0.00550000
v 0.02965331 0.00300000 -0.00029177
v 0.02999028 0.00300000 -0.00100000
v 0.02999028 0.00300000 -0.00100000
v 0.02965331 0.00300000 -0.00029177
v 0.02978908 0.00300003 -0.00043385
v 0.02999028 0.00300000 -0.00100000
v 0.02978908 0.00300003 -0.00043385
v 0.02993900 0.00300002 -0.00070397
v 0.02892324 0.00300004 -0.00000273
v 0.02925345 0.00300000 -0.00006663
v 0.02999028 0.00300000 -0.00550000
v 0.02999028 0.00300000 -0.00550000
v 0.02925345 0.00300000 -0.00006663
v 0.02955438 0.00300002 -0.00021536
v 0.02999028 0.00300000 -0.00550000
v 0.02955438 0.00300002 -0.00021536
v 0.02965331 0.00300000 -0.00029177
v 0.02697619 0.00710000 -0.00550000
v 0.02457275 0.00710000 -0.00550000
v 0.02839720 0.00543585 -0.00550000
v 0.02839720 0.00543585 -0.00550000
v 0.02457275 0.00710000 -0.00550000
v 0.02457275 0.00300000 -0.00550000
v 0.02839720 0.00543585 -0.00550000
v 0.02457275 0.00300000 -0.00550000
v 0.02984031 0.00326563 -0.00550000
v 0.02984031 0.00326563 -0.00550000
v 0.02457275 0.00300000 -0.00550000
v 0.02999028 0.00300000 -0.00550000
v 0.02668415 0.00740000 -0.00580000
v 0.02668415 0.00740000 -0.01220000
v 0.02457275 0.00740000 -0.00580000
v 0.02457275 0.00740000 -0.00580000
v 0.02668415 0.00740000 -0.01220000
v 0.02457275 0.00740000 -0.01220000
v 0.02457275 0.00740000 -0.00580000
v 0.02457275 0.00740000 -0.01220000
v 0.02330544 0.00740000 -0.00588314
v 0.02330544 0.00740000 -0.00588314
v 0.02457275 0.00740000 -0.01220000
v 0.02330544 0.00740000 -0.01211686
v 0.02330544 0.00740000 -0.00588314
v 0.02330544 0.00740000 -0.01211686
v 0.02000000 0.00740000 -0.00610000
v 0.02000000 0.00740000 -0.00610000
v 0.02330544 0.00740000 -0.01211686
v 0.02000000 0.00740000 -0.01190000
v 0.02000000 0.00740000 -0.00610000
v 0.02000000 0.00740000 -0.01190000
v 0.01669456 0.00740000 -0.00588314
v 0.01669456 0.00740000 -0.00588314
v 0.02000000 0.00740000 -0.01190000
v 0.01669456 0.00740000 -0.01211686
v 0.01669456 0.00740000 -0.00588314
v 0.01669456 0.00740000 -0.01211686
v 0.01542726 0.00740000 -0.00580000
v 0.01542726 0.00740000 -0.00580000
v 0.01669456 0.00740000 -0.01211686
v 0.01542726 0.00740000 -0.01220000
v 0.01542726 0.00740000 -0.00580000
v 0.01542726 0.00740000 -0.01220000
v 0.00757274 0.00740000 -0.00580000
v 0.00757274 0.00740000 -0.00580000
v 0.01542726 0.00740000 -0.01220000
v 0.00757274 0.00740000 -0.01220000
v 0.00757274 0.00740000 -0.00580000
v 0.00757274 0.00740000 -0.01220000
v 0.00630544 0.00740000 -0.00588314
v 0.00630544 0.00740000 -0.00588314
v 0.00757274 0.00740000 -0.01220000
v 0.00630544 0.00740000 -0.01211686
v 0.00630544 0.00740000 -0.00588314
v 0.00630544 0.00740000 -0.01211686
v 0.00300000 0.00740000 -0.00610000
v 0.00300000 0.00740000 -0.00610000
v 0.00630544 0.00740000 -0.01211686
v 0.00300000 0.00740000 -0.01190000
v 0.00300000 0.00740000 -0.00610000
v 0.00300000 0.00740000 -0.01190000
v -0.00030544 0.00740000 -0.00588314
v -0.00030544 0.00740000 -0.00588314
v 0.00300000 0.00740000 -0.01190000
v -0.00030544 0.00740000 -0.01211686
v -0.00030544 0.00740000 -0.00588314
v -0.00030544 0.00740000 -0.01211686
v -0.00157275 0.00740000 -0.00580000
v -0.00157275 0.00740000 -0.00580000
v -0.00030544 0.00740000 -0.01211686
v -0.00157275 0.00740000 -0.01220000
v -0.00157275 0.00740000 -0.00580000
v -0.00157275 0.00740000 -0.01220000
v -0.00368414 0.00740000 -0.00580000
v -0.00368414 0.00740000 -0.00580000
v -0.00157275 0.00740000 -0.01220000
v -0.00368414 0.00740000 -0.01220000
v 0.02984031 0.00326563 -0.01250000
v 0.02999028 0.00300000 -0.01250000
v 0.02457275 0.00300000 -0.01250000
v 0.02457275 0.00710000 -0.01250000
v 0.02697619 0.00710000 -0.01250000
v 0.02457275 0.00300000 -0.01250000
v 0.02457275 0.00300000 -0.01250000
v 0.02697619 0.00710000 -0.01250000
v 0.02839720 0.00543585 -0.01250000
v 0.02457275 0.00300000 -0.01250000
v 0.02839720 0.00543585 -0.01250000
v 0.02984031 0.00326563 -0.01250000
v 0.02999028 0.00300000 -0.01250000
v 0.02999028 0.00300000 -0.01580000
v 0.02457275 0.00300000 -0.01250000
v 0.02457275 0.00300000 -0.01250000
v 0.02999028 0.00300000 -0.01580000
v 0.02457275 0.00300000 -0.01580000
v 0.01673375 -0.00391429 -0.01580000
v 0.01670762 -0.00371600 -0.01600000
v 0.02000000 -0.00370000 -0.01580000
v 0.02000000 -0.00370000 -0.01580000
v 0.01670762 -0.00371600 -0.01600000
v 0.02000000 -0.00350000 -0.01600000
v 0.02000000 -0.00370000 -0.01580000
v 0.02000000 -0.00350000 -0.01600000
v 0.02326625 -0.00391429 -0.01580000
v 0.02326625 -0.00391429 -0.01580000
v 0.02000000 -0.00350000 -0.01600000
v 0.02329238 -0.00371600 -0.01600000
v 0.02457275 -0.00400000 -0.01580000
v 0.02457275 -0.00400000 -0.01250000
v 0.02326625 -0.00391429 -0.01580000
v 0.02326625 -0.00391429 -0.01580000
v 0.02457275 -0.00400000 -0.01250000
v 0.02391809 -0.00397855 -0.01247855
v 0.02326625 -0.00391429 -0.01580000
v 0.02391809 -0.00397855 -0.01247855
v 0.02326625 -0.00391429 -0.01241429
v 0.01542726 -0.00400000 -0.01250000
v 0.01542726 -0.00400000 -0.01580000
v 0.01608191 -0.00397855 -0.01247855
v 0.01608191 -0.00397855 -0.01247855
v 0.01542726 -0.00400000 -0.01580000
v 0.01673375 -0.00391429 -0.01580000
v 0.01608191 -0.00397855 -0.01247855
v 0.01673375 -0.00391429 -0.01580000
v 0.01673375 -0.00391429 -0.01241429
v 0.00757274 -0.00400000 -0.01250000
v 0.00757274 -0.00400000 -0.01580000
v 0.01542726 -0.00400000 -0.01250000
v 0.01542726 -0.00400000 -0.01250000
v 0.00757274 -0.00400000 -0.01580000
v 0.01542726 -0.00400000 -0.01580000
v -0.00026625 -0.00391429 -0.01580000
v -0.00029238 -0.00371600 -0.01600000
v 0.00300000 -0.00370000 -0.01580000
v 0.00300000 -0.00370000 -0.01580000
v -0.00029238 -0.00371600 -0.01600000
v 0.00300000 -0.00350000 -0.01600000
v 0.00300000 -0.00370000 -0.01580000
v 0.00300000 -0.00350000 -0.01600000
v 0.00626625 -0.00391429 -0.01580000
v 0.00626625 -0.00391429 -0.01580000
v 0.00300000 -0.00350000 -0.01600000
v 0.00629238 -0.00371600 -0.01600000
v 0.00757274 -0.00400000 -0.01580000
v 0.00757274 -0.00400000 -0.01250000
v 0.00626625 -0.00391429 -0.01580000
v 0.00626625 -0.00391429 -0.01580000
v 0.00757274 -0.00400000 -0.01250000
v 0.00691809 -0.00397855 -0.01247855
v 0.00626625 -0.00391429 -0.01580000
v 0.00691809 -0.00397855 -0.01247855
v 0.00626625 -0.00391429 -0.01241429
v -0.00157275 -0.00400000 -0.01250000
v -0.00157275 -0.00400000 -0.01580000
v -0.00091809 -0.00397855 -0.01247855
v -0.00091809 -0.00397855 -0.01247855
v -0.00157275 -0.00400000 -0.01580000
v -0.00026625 -0.00391429 -0.01580000
v -0.00091809 -0.00397855 -0.01247855
v -0.00026625 -0.00391429 -0.01580000
v -0.00026625 -0.00391429 -0.01241429
v -0.00946778 -0.00556517 -0.01240000
v -0.00931691 -0.00400000 -0.01240000
v -0.00921598 -0.00400000 -0.01250000
v -0.00921598 -0.00400000 -0.01250000
v -0.00936794 -0.00557084 -0.01250000
v -0.00946778 -0.00556517 -0.01240000
v -0.00946778 -0.00556517 -0.01240000
v -0.00936794 -0.00557084 -0.01250000
v -0.00938586 -0.00595000 -0.01250000
v -0.00946778 -0.00556517 -0.01240000
v -0.00938586 -0.00595000 -0.01250000
v -0.00945191 -0.00654972 -0.01244753
v -0.00950000 -0.00715115 -0.01239491
v -0.00950000 -0.00692557 -0.01239873
v -0.00945191 -0.00654972 -0.01244753
v -0.00945191 -0.00654972 -0.01244753
v -0.00950000 -0.00692557 -0.01239873
v -0.00950000 -0.00670000 -0.01240000
v -0.00945191 -0.00654972 -0.01244753
v -0.00950000 -0.00670000 -0.01240000
v -0.00946778 -0.00556517 -0.01240000
v -0.00157275 -0.00400000 -0.01580000
v -0.00157275 -0.00400000 -0.01250000
v -0.00931691 -0.00400000 -0.01580000
v -0.00931691 -0.00400000 -0.01580000
v -0.00157275 -0.00400000 -0.01250000
v -0.00921598 -0.00400000 -0.01250000
v -0.00931691 -0.00400000 -0.01580000
v -0.00921598 -0.00400000 -0.01250000
v -0.00931691 -0.00400000 -0.01240000
v -0.00880617 -0.00147778 0.00000000
v -0.00880617 -0.00147778 -0.00550000
v -0.00883782 -0.00238669 -0.00550000
v -0.00880617 -0.00147778 0.00000000
v -0.00883782 -0.00238669 -0.00550000
v -0.00883782 -0.00238669 0.00000000
v -0.00883782 -0.00238669 0.00000000
v -0.00883782 -0.00238669 -0.00550000
v -0.00846371 -0.00321564 -0.00550000
v -0.00883782 -0.00238669 0.00000000
v -0.00846371 -0.00321564 -0.00550000
v -0.00846371 -0.00321564 0.00000000
v -0.00846371 -0.00321564 0.00000000
v -0.00846371 -0.00321564 -0.00550000
v -0.00776120 -0.00379322 -0.00550000
v -0.00846371 -0.00321564 0.00000000
v -0.00776120 -0.00379322 -0.00550000
v -0.00776120 -0.00379322 0.00000000
v -0.00776120 -0.00379322 0.00000000
v -0.00776120 -0.00379322 -0.00550000
v -0.00687556 -0.00400000 -0.00550000
v -0.00776120 -0.00379322 0.00000000
v -0.00687556 -0.00400000 -0.00550000
v -0.00687556 -0.00400000 0.00000000
v -0.00157275 0.00300000 -0.01250000
v -0.00157275 0.00300000 -0.01580000
v -0.00687585 0.00300000 -0.01250000
v -0.00687585 0.00300000 -0.01250000
v -0.00157275 0.00300000 -0.01580000
v -0.00699029 0.00300000 -0.01580000
v -0.00687585 0.00300000 -0.01250000
v -0.00699029 0.00300000 -0.01580000
v -0.00693307 0.00300000 -0.01245001
v -0.00693307 0.00300000 -0.01245001
v -0.00699029 0.00300000 -0.01580000
v -0.00699029 0.00300000 -0.01240000
v -0.00693307 0.00300000 -0.01245001
v -0.00699029 0.00300000 -0.01240000
v -0.00557301 0.00520202 -0.01240000
v -0.00385897 0.00715000 -0.01245000
v -0.00383771 0.00710000 -0.01250000
v -0.00549265 0.00514251 -0.01250000
v -0.00687585 0.00300000 -0.01250000
v -0.00693307 0.00300000 -0.01245001
v -0.00549265 0.00514251 -0.01250000
v -0.00549265 0.00514251 -0.01250000
v -0.00693307 0.00300000 -0.01245001
v -0.00557301 0.00520202 -0.01240000
v -0.00549265 0.00514251 -0.01250000
v -0.00557301 0.00520202 -0.01240000
v -0.00385897 0.00715000 -0.01245000
v -0.00385897 0.00715000 -0.01245000
v -0.00557301 0.00520202 -0.01240000
v -0.00388020 0.00720000 -0.01240000
v -0.00757768 0.00185556 -0.00550000
v -0.00713685 0.00245995 -0.00550000
v -0.00684031 0.00326563 -0.00550000
v -0.00684031 0.00326563 -0.00550000
v -0.00713685 0.00245995 -0.00550000
v -0.00650479 0.00286009 -0.00550000
v -0.00684031 0.00326563 -0.00550000
v -0.00650479 0.00286009 -0.00550000
v -0.00539720 0.00543585 -0.00550000
v -0.00157275 0.00710000 -0.00550000
v -0.00397618 0.00710000 -0.00550000
v -0.00157275 0.00300000 -0.00550000
v -0.00157275 0.00300000 -0.00550000
v -0.00397618 0.00710000 -0.00550000
v -0.00539720 0.00543585 -0.00550000
v -0.00157275 0.00300000 -0.00550000
v -0.00539720 0.00543585 -0.00550000
v -0.00576991 0.00300000 -0.00550000
v -0.00576991 0.00300000 -0.00550000
v -0.00539720 0.00543585 -0.00550000
v -0.00650479 0.00286009 -0.00550000
v -0.00576991 0.00300000 0.00000000
v -0.00576991 0.00300000 -0.00550000
v -0.00650479 0.00286009 -0.00550000
v -0.00576991 0.00300000 0.00000000
v -0.00650479 0.00286009 -0.00550000
v -0.00650479 0.00286009 0.00000000
v -0.00650479 0.00286009 0.00000000
v -0.00650479 0.00286009 -0.00550000
v -0.00713685 0.00245995 -0.00550000
v -0.00650479 0.00286009 0.00000000
v -0.00713685 0.00245995 -0.00550000
v -0.00713685 0.00245995 0.00000000
v -0.00713685 0.00245995 0.00000000
v -0.00713685 0.00245995 -0.00550000
v -0.00757768 0.00185556 -0.00550000
v -0.00713685 0.00245995 0.00000000
v -0.00757768 0.00185556 -0.00550000
v -0.00757768 0.00185556 0.00000000
v -0.00157275 -0.00400000 0.00000000
v -0.00687556 -0.00400000 0.00000000
v -0.00157275 -0.00400000 -0.00550000
v -0.00157275 -0.00400000 -0.00550000
v -0.00687556 -0.00400000 0.00000000
v -0.00687556 -0.00400000 -0.00550000
v 0.00757274 -0.00400000 -0.00550000
v 0.00757274 -0.00400000 0.00000000
v 0.00691809 -0.00397855 -0.00552145
v 0.00691809 -0.00397855 -0.00552145
v 0.00757274 -0.00400000 0.00000000
v 0.00626625 -0.00391429 0.00000000
v 0.00691809 -0.00397855 -0.00552145
v 0.00626625 -0.00391429 0.00000000
v 0.00626625 -0.00391429 -0.00558571
v -0.00157275 -0.00400000 0.00000000
v -0.00157275 -0.00400000 -0.00550000
v -0.00026625 -0.00391429 0.00000000
v -0.00026625 -0.00391429 0.00000000
v -0.00157275 -0.00400000 -0.00550000
v -0.00091809 -0.00397855 -0.00552145
v -0.00026625 -0.00391429 0.00000000
v -0.00091809 -0.00397855 -0.00552145
v -0.00026625 -0.00391429 -0.00558571
v 0.00070797 0.00220918 0.00000000
v -0.00000000 0.00235000 0.00000000
v -0.00000000 0.00200000 -0.00035000
v -0.00000000 0.00200000 -0.00035000
v 0.00057403 0.00188582 -0.00035000
v 0.00070797 0.00220918 0.00000000
v 0.00070797 0.00220918 0.00000000
v 0.00057403 0.00188582 -0.00035000
v 0.00075000 0.00179904 -0.00035000
v 0.00070797 0.00220918 0.00000000
v 0.00075000 0.00179904 -0.00035000
v 0.00130815 0.00180815 0.00000000
v 0.00130815 0.00180815 0.00000000
v 0.00075000 0.00179904 -0.00035000
v 0.00106066 0.00156066 -0.00035000
v 0.00130815 0.00180815 0.00000000
v 0.00106066 0.00156066 -0.00035000
v 0.00170918 0.00120796 0.00000000
v 0.00150000 0.00050000 -0.00035000
v 0.00185000 0.00050000 0.00000000
v 0.00138582 0.00107403 -0.00035000
v 0.00138582 0.00107403 -0.00035000
v 0.00185000 0.00050000 0.00000000
v 0.00170918 0.00120796 0.00000000
v 0.00138582 0.00107403 -0.00035000
v 0.00170918 0.00120796 0.00000000
v 0.00129904 0.00125000 -0.00035000
v 0.00129904 0.00125000 -0.00035000
v 0.00170918 0.00120796 0.00000000
v 0.00106066 0.00156066 -0.00035000
v 0.00150000 -0.00050000 -0.00035000
v 0.00185000 -0.00050000 0.00000000
v 0.00150000 0.00050000 -0.00035000
v 0.00150000 0.00050000 -0.00035000
v 0.00185000 -0.00050000 0.00000000
v 0.00185000 0.00050000 0.00000000
v 0.00166679 -0.00130268 0.00000000
v 0.00185000 -0.00050000 0.00000000
v 0.00150000 -0.00050000 -0.00035000
v 0.00150000 -0.00050000 -0.00035000
v 0.00135145 -0.00115083 -0.00035000
v 0.00166679 -0.00130268 0.00000000
v 0.00166679 -0.00130268 0.00000000
v 0.00135145 -0.00115083 -0.00035000
v 0.00129904 -0.00125000 -0.00035000
v 0.00166679 -0.00130268 0.00000000
v 0.00129904 -0.00125000 -0.00035000
v 0.00115346 -0.00194639 0.00000000
v 0.00129904 -0.00125000 -0.00035000
v 0.00093523 -0.00167275 -0.00035000
v 0.00115346 -0.00194639 0.00000000
v 0.00115346 -0.00194639 0.00000000
v 0.00093523 -0.00167275 -0.00035000
v 0.00075000 -0.00179904 -0.00035000
v 0.00115346 -0.00194639 0.00000000
v 0.00075000 -0.00179904 -0.00035000
v 0.00041166 -0.00230362 0.00000000
v 0.00041166 -0.00230362 0.00000000
v 0.00075000 -0.00179904 -0.00035000
v 0.00033378 -0.00196239 -0.00035000
v 0.00041166 -0.00230362 0.00000000
v 0.00033378 -0.00196239 -0.00035000
v -0.00041166 -0.00230362 0.00000000
v 0.00033378 -0.00196239 -0.00035000
v -0.00000000 -0.00200000 -0.00035000
v -0.00041166 -0.00230362 0.00000000
v -0.00041166 -0.00230362 0.00000000
v -0.00000000 -0.00200000 -0.00035000
v -0.00033378 -0.00196239 -0.00035000
v -0.00041166 -0.00230362 0.00000000
v -0.00033378 -0.00196239 -0.00035000
v -0.00115346 -0.00194639 0.00000000
v -0.00033378 -0.00196239 -0.00035000
v -0.00075000 -0.00179904 -0.00035000
v -0.00115346 -0.00194639 0.00000000
v -0.00115346 -0.00194639 0.00000000
v -0.00075000 -0.00179904 -0.00035000
v -0.00093524 -0.00167275 -0.00035000
v -0.00115346 -0.00194639 0.00000000
v -0.00093524 -0.00167275 -0.00035000
v -0.00166679 -0.00130268 0.00000000
v -0.00150000 -0.00050000 -0.00035000
v -0.00185000 -0.00050000 0.00000000
v -0.00135146 -0.00115083 -0.00035000
v -0.00135146 -0.00115083 -0.00035000
v -0.00185000 -0.00050000 0.00000000
v -0.00166679 -0.00130268 0.00000000
v -0.00135146 -0.00115083 -0.00035000
v -0.00166679 -0.00130268 0.00000000
v -0.00129904 -0.00125000 -0.00035000
v -0.00129904 -0.00125000 -0.00035000
v -0.00166679 -0.00130268 0.00000000
v -0.00093524 -0.00167275 -0.00035000
v -0.00185000 -0.00050000 0.00000000
v -0.00150000 -0.00050000 -0.00035000
v -0.00185000 0.00050000 0.00000000
v -0.00185000 0.00050000 0.00000000
v -0.00150000 -0.00050000 -0.00035000
v -0.00150000 0.00050000 -0.00035000
v 0.00412138 -0.00182446 0.00000000
v 0.00500000 -0.00202500 0.00000000
v 0.00500000 -0.00165000 -0.00037500
v 0.00500000 -0.00165000 -0.00037500
v 0.00428409 -0.00148660 -0.00037500
v 0.00412138 -0.00182446 0.00000000
v 0.00412138 -0.00182446 0.00000000
v 0.00428409 -0.00148660 -0.00037500
v 0.00417500 -0.00142894 -0.00037500
v 0.00412138 -0.00182446 0.00000000
v 0.00417500 -0.00142894 -0.00037500
v 0.00341679 -0.00126257 0.00000000
v 0.00417500 -0.00142894 -0.00037500
v 0.00370998 -0.00102876 -0.00037500
v 0.00341679 -0.00126257 0.00000000
v 0.00341679 -0.00126257 0.00000000
v 0.00370998 -0.00102876 -0.00037500
v 0.00357106 -0.00082500 -0.00037500
v 0.00341679 -0.00126257 0.00000000
v 0.00357106 -0.00082500 -0.00037500
v 0.00302577 -0.00045060 0.00000000
v 0.00302577 -0.00045060 0.00000000
v 0.00357106 -0.00082500 -0.00037500
v 0.00339137 -0.00036716 -0.00037500
v 0.00302577 -0.00045060 0.00000000
v 0.00339137 -0.00036716 -0.00037500
v 0.00302577 0.00045060 0.00000000
v 0.00339137 -0.00036716 -0.00037500
v 0.00335000 -0.00000000 -0.00037500
v 0.00302577 0.00045060 0.00000000
v 0.00302577 0.00045060 0.00000000
v 0.00335000 -0.00000000 -0.00037500
v 0.00339137 0.00036716 -0.00037500
v 0.00302577 0.00045060 0.00000000
v 0.00339137 0.00036716 -0.00037500
v 0.00341679 0.00126257 0.00000000
v 0.00339137 0.00036716 -0.00037500
v 0.00357106 0.00082500 -0.00037500
v 0.00341679 0.00126257 0.00000000
v 0.00341679 0.00126257 0.00000000
v 0.00357106 0.00082500 -0.00037500
v 0.00370998 0.00102876 -0.00037500
v 0.00341679 0.00126257 0.00000000
v 0.00370998 0.00102876 -0.00037500
v 0.00412138 0.00182446 0.00000000
v 0.00500000 0.00165000 -0.00037500
v 0.00500000 0.00202500 0.00000000
v 0.00428409 0.00148660 -0.00037500
v 0.00428409 0.00148660 -0.00037500
v 0.00500000 0.00202500 0.00000000
v 0.00412138 0.00182446 0.00000000
v 0.00428409 0.00148660 -0.00037500
v 0.00412138 0.00182446 0.00000000
v 0.00417500 0.00142894 -0.00037500
v 0.00417500 0.00142894 -0.00037500
v 0.00412138 0.00182446 0.00000000
v 0.00370998 0.00102876 -0.00037500
v -0.00587862 -0.00182446 0.00000000
v -0.00500000 -0.00202500 0.00000000
v -0.00500000 -0.00165000 -0.00037500
v -0.00500000 -0.00165000 -0.00037500
v -0.00571591 -0.00148660 -0.00037500
v -0.00587862 -0.00182446 0.00000000
v -0.00587862 -0.00182446 0.00000000
v -0.00571591 -0.00148660 -0.00037500
v -0.00582500 -0.00142894 -0.00037500
v -0.00587862 -0.00182446 0.00000000
v -0.00582500 -0.00142894 -0.00037500
v -0.00658321 -0.00126257 0.00000000
v -0.00582500 -0.00142894 -0.00037500
v -0.00629002 -0.00102876 -0.00037500
v -0.00658321 -0.00126257 0.00000000
v -0.00658321 -0.00126257 0.00000000
v -0.00629002 -0.00102876 -0.00037500
v -0.00642894 -0.00082500 -0.00037500
v -0.00658321 -0.00126257 0.00000000
v -0.00642894 -0.00082500 -0.00037500
v -0.00697423 -0.00045060 0.00000000
v -0.00697423 -0.00045060 0.00000000
v -0.00642894 -0.00082500 -0.00037500
v -0.00660863 -0.00036716 -0.00037500
v -0.00697423 -0.00045060 0.00000000
v -0.00660863 -0.00036716 -0.00037500
v -0.00697423 0.00045060 0.00000000
v -0.00660863 -0.00036716 -0.00037500
v -0.00665000 -0.00000000 -0.00037500
v -0.00697423 0.00045060 0.00000000
v -0.00697423 0.00045060 0.00000000
v -0.00665000 -0.00000000 -0.00037500
v -0.00660863 0.00036716 -0.00037500
v -0.00697423 0.00045060 0.00000000
v -0.00660863 0.00036716 -0.00037500
v -0.00658321 0.00126257 0.00000000
v -0.00660863 0.00036716 -0.00037500
v -0.00642894 0.00082500 -0.00037500
v -0.00658321 0.00126257 0.00000000
v -0.00658321 0.00126257 0.00000000
v -0.00642894 0.00082500 -0.00037500
v -0.00629002 0.00102876 -0.00037500
v -0.00658321 0.00126257 0.00000000
v -0.00629002 0.00102876 -0.00037500
v -0.00587862 0.00182446 0.00000000
v -0.00500000 0.00165000 -0.00037500
v -0.00500000 0.00202500 0.00000000
v -0.00571591 0.00148660 -0.00037500
v -0.00571591 0.00148660 -0.00037500
v -0.00500000 0.00202500 0.00000000
v -0.00587862 0.00182446 0.00000000
v -0.00571591 0.00148660 -0.00037500
v -0.00587862 0.00182446 0.00000000
v -0.00582500 0.00142894 -0.00037500
v -0.00582500 0.00142894 -0.00037500
v -0.00587862 0.00182446 0.00000000
v -0.00629002 0.00102876 -0.00037500
v 0.01673375 0.00291429 -0.00558571
v 0.01673375 0.00291429 0.00000000
v 0.01905955 0.00271770 -0.00578230
v 0.01905955 0.00271770 -0.00578230
v 0.01673375 0.00291429 0.00000000
v 0.02000000 0.00270000 0.00000000
v 0.01905955 0.00271770 -0.00578230
v 0.02000000 0.00270000 0.00000000
v 0.02000024 0.00270000 -0.00580000
v 0.02000024 0.00270000 -0.00580000
v 0.02000000 0.00270000 0.00000000
v 0.02139390 0.00273889 -0.00576111
v 0.02139390 0.00273889 -0.00576111
v 0.02000000 0.00270000 0.00000000
v 0.02326625 0.00291429 0.00000000
v 0.02139390 0.00273889 -0.00576111
v 0.02326625 0.00291429 0.00000000
v 0.02326625 0.00291429 -0.00558571
v 0.01542726 0.00300000 -0.00550000
v 0.00757274 0.00300000 -0.00550000
v 0.01542726 0.00300000 0.00000000
v 0.01542726 0.00300000 0.00000000
v 0.00757274 0.00300000 -0.00550000
v 0.00757274 0.00300000 0.00000000
v -0.00026625 0.00291429 -0.00558571
v -0.00026625 0.00291429 0.00000000
v 0.00205955 0.00271770 -0.00578230
v 0.00205955 0.00271770 -0.00578230
v -0.00026625 0.00291429 0.00000000
v 0.00300000 0.00270000 0.00000000
v 0.00205955 0.00271770 -0.00578230
v 0.00300000 0.00270000 0.00000000
v 0.00300024 0.00270000 -0.00580000
v 0.00300024 0.00270000 -0.00580000
v 0.00300000 0.00270000 0.00000000
v 0.00439390 0.00273889 -0.00576111
v 0.00439390 0.00273889 -0.00576111
v 0.00300000 0.00270000 0.00000000
v 0.00626625 0.00291429 0.00000000
v 0.00439390 0.00273889 -0.00576111
v 0.00626625 0.00291429 0.00000000
v 0.00626625 0.00291429 -0.00558571
v -0.00157275 0.00300000 -0.00550000
v -0.00576991 0.00300000 -0.00550000
v -0.00157275 0.00300000 0.00000000
v -0.00157275 0.00300000 0.00000000
v -0.00576991 0.00300000 -0.00550000
v -0.00576991 0.00300000 0.00000000
v 0.01542726 0.00300000 -0.01580000
v 0.01542726 0.00280000 -0.01600000
v 0.00757274 0.00300000 -0.01580000
v 0.00757274 0.00300000 -0.01580000
v 0.01542726 0.00280000 -0.01600000
v 0.00757274 0.00280000 -0.01600000
v 0.01542726 0.00300000 -0.01580000
v 0.01673375 0.00291429 -0.01580000
v 0.01542726 0.00280000 -0.01600000
v 0.01542726 0.00280000 -0.01600000
v 0.01673375 0.00291429 -0.01580000
v 0.01670762 0.00271600 -0.01600000
v 0.02326625 0.00291429 -0.01580000
v 0.02329238 0.00271600 -0.01600000
v 0.02000000 0.00270000 -0.01580000
v 0.02000000 0.00270000 -0.01580000
v 0.02329238 0.00271600 -0.01600000
v 0.02000000 0.00250000 -0.01600000
v 0.02000000 0.00270000 -0.01580000
v 0.02000000 0.00250000 -0.01600000
v 0.01673375 0.00291429 -0.01580000
v 0.01673375 0.00291429 -0.01580000
v 0.02000000 0.00250000 -0.01600000
v 0.01670762 0.00271600 -0.01600000
v 0.02326625 0.00291429 -0.01580000
v 0.02457275 0.00300000 -0.01580000
v 0.02329238 0.00271600 -0.01600000
v 0.02329238 0.00271600 -0.01600000
v 0.02457275 0.00300000 -0.01580000
v 0.02457275 0.00280000 -0.01600000
v 0.03009972 0.00280000 -0.01600000
v 0.02457275 0.00280000 -0.01600000
v 0.03004528 0.00290016 -0.01589984
v 0.03004528 0.00290016 -0.01589984
v 0.02457275 0.00280000 -0.01600000
v 0.02457275 0.00300000 -0.01580000
v 0.03004528 0.00290016 -0.01589984
v 0.02457275 0.00300000 -0.01580000
v 0.02999028 0.00300000 -0.01580000
v 0.03231691 -0.00400000 -0.01580000
v 0.02457275 -0.00400000 -0.01580000
v 0.03230302 -0.00389996 -0.01590004
v 0.03230302 -0.00389996 -0.01590004
v 0.02457275 -0.00400000 -0.01580000
v 0.02457275 -0.00380000 -0.01600000
v 0.03230302 -0.00389996 -0.01590004
v 0.02457275 -0.00380000 -0.01600000
v 0.03228863 -0.00380000 -0.01600000
v 0.02457275 -0.00400000 -0.01580000
v 0.02326625 -0.00391429 -0.01580000
v 0.02457275 -0.00380000 -0.01600000
v 0.02457275 -0.00380000 -0.01600000
v 0.02326625 -0.00391429 -0.01580000
v 0.02329238 -0.00371600 -0.01600000
v 0.01673375 -0.00391429 -0.01580000
v 0.01542726 -0.00400000 -0.01580000
v 0.01670762 -0.00371600 -0.01600000
v 0.01670762 -0.00371600 -0.01600000
v 0.01542726 -0.00400000 -0.01580000
v 0.01542726 -0.00380000 -0.01600000
v 0.01542726 -0.00380000 -0.01600000
v 0.01542726 -0.00400000 -0.01580000
v 0.00757274 -0.00380000 -0.01600000
v 0.00757274 -0.00380000 -0.01600000
v 0.01542726 -0.00400000 -0.01580000
v 0.00757274 -0.00400000 -0.01580000
v 0.00757274 -0.00400000 -0.01580000
v 0.00626625 -0.00391429 -0.01580000
v 0.00757274 -0.00380000 -0.01600000
v 0.00757274 -0.00380000 -0.01600000
v 0.00626625 -0.00391429 -0.01580000
v 0.00629238 -0.00371600 -0.01600000
v -0.00026625 -0.00391429 -0.01580000
v -0.00157275 -0.00400000 -0.01580000
v -0.00029238 -0.00371600 -0.01600000
v -0.00029238 -0.00371600 -0.01600000
v -0.00157275 -0.00400000 -0.01580000
v -0.00157275 -0.00380000 -0.01600000
v -0.00928863 -0.00380000 -0.01600000
v -0.00157275 -0.00380000 -0.01600000
v -0.00930303 -0.00389996 -0.01590004
v -0.00930303 -0.00389996 -0.01590004
v -0.00157275 -0.00380000 -0.01600000
v -0.00157275 -0.00400000 -0.01580000
v -0.00930303 -0.00389996 -0.01590004
v -0.00157275 -0.00400000 -0.01580000
v -0.00931691 -0.00400000 -0.01580000
v -0.00699029 0.00300000 -0.01580000
v -0.00157275 0.00300000 -0.01580000
v -0.00704529 0.00290016 -0.01589984
v -0.00704529 0.00290016 -0.01589984
v -0.00157275 0.00300000 -0.01580000
v -0.00157275 0.00280000 -0.01600000
v -0.00704529 0.00290016 -0.01589984
v -0.00157275 0.00280000 -0.01600000
v -0.00709971 0.00280000 -0.01600000
v -0.00157275 0.00300000 -0.01580000
v -0.00026625 0.00291429 -0.01580000
v -0.00157275 0.00280000 -0.01600000
v -0.00157275 0.00280000 -0.01600000
v -0.00026625 0.00291429 -0.01580000
v -0.00029238 0.00271600 -0.01600000
v 0.00626625 0.00291429 -0.01580000
v 0.00629238 0.00271600 -0.01600000
v 0.00300000 0.00270000 -0.01580000
v 0.00300000 0.00270000 -0.01580000
v 0.00629238 0.00271600 -0.01600000
v 0.00300000 0.00250000 -0.01600000
v 0.00300000 0.00270000 -0.01580000
v 0.00300000 0.00250000 -0.01600000
v -0.00026625 0.00291429 -0.01580000
v -0.00026625 0.00291429 -0.01580000
v 0.00300000 0.00250000 -0.01600000
v -0.00029238 0.00271600 -0.01600000
v 0.00626625 0.00291429 -0.01580000
v 0.00757274 0.00300000 -0.01580000
v 0.00629238 0.00271600 -0.01600000
v 0.00629238 0.00271600 -0.01600000
v 0.00757274 0.00300000 -0.01580000
v 0.00757274 0.00280000 -0.01600000
v 0.02457275 0.00300000 0.00000000
v 0.02457275 0.00300000 -0.00550000
v 0.02326625 0.00291429 0.00000000
v 0.02326625 0.00291429 0.00000000
v 0.02457275 0.00300000 -0.00550000
v 0.02391809 0.00297855 -0.00552145
v 0.02326625 0.00291429 0.00000000
v 0.02391809 0.00297855 -0.00552145
v 0.02326625 0.00291429 -0.00558571
v 0.02668415 0.00740000 -0.00580000
v 0.02457275 0.00740000 -0.00580000
v 0.02683095 0.00725076 -0.00565076
v 0.02683095 0.00725076 -0.00565076
v 0.02457275 0.00740000 -0.00580000
v 0.02457275 0.00710000 -0.00550000
v 0.02683095 0.00725076 -0.00565076
v 0.02457275 0.00710000 -0.00550000
v 0.02697619 0.00710000 -0.00550000
v 0.02457275 0.00300000 -0.00550000
v 0.02457275 0.00710000 -0.00550000
v 0.02391809 0.00297855 -0.00552145
v 0.02391809 0.00297855 -0.00552145
v 0.02457275 0.00710000 -0.00550000
v 0.02326625 0.00710000 -0.00558571
v 0.02391809 0.00297855 -0.00552145
v 0.02326625 0.00710000 -0.00558571
v 0.02326625 0.00291429 -0.00558571
v 0.00626625 0.00710000 -0.00558571
v 0.00630544 0.00740000 -0.00588314
v 0.00300000 0.00710000 -0.00580000
v 0.00300000 0.00710000 -0.00580000
v 0.00630544 0.00740000 -0.00588314
v 0.00300000 0.00740000 -0.00610000
v 0.00300000 0.00710000 -0.00580000
v 0.00300000 0.00740000 -0.00610000
v -0.00026625 0.00710000 -0.00558571
v -0.00026625 0.00710000 -0.00558571
v 0.00300000 0.00740000 -0.00610000
v -0.00030544 0.00740000 -0.00588314
v 0.00626625 0.00710000 -0.00558571
v 0.00757274 0.00710000 -0.00550000
v 0.00630544 0.00740000 -0.00588314
v 0.00630544 0.00740000 -0.00588314
v 0.00757274 0.00710000 -0.00550000
v 0.00757274 0.00740000 -0.00580000
v 0.00757274 0.00740000 -0.00580000
v 0.00757274 0.00710000 -0.00550000
v 0.01542726 0.00740000 -0.00580000
v 0.01542726 0.00740000 -0.00580000
v 0.00757274 0.00710000 -0.00550000
v 0.01542726 0.00710000 -0.00550000
v 0.01542726 0.00710000 -0.00550000
v 0.01673375 0.00710000 -0.00558571
v 0.01542726 0.00740000 -0.00580000
v 0.01542726 0.00740000 -0.00580000
v 0.01673375 0.00710000 -0.00558571
v 0.01669456 0.00740000 -0.00588314
v 0.02326625 0.00710000 -0.00558571
v 0.02330544 0.00740000 -0.00588314
v 0.02000000 0.00710000 -0.00580000
v 0.02000000 0.00710000 -0.00580000
v 0.02330544 0.00740000 -0.00588314
v 0.02000000 0.00740000 -0.00610000
v 0.02326625 0.00710000 -0.00558571
v 0.02457275 0.00710000 -0.00550000
v 0.02330544 0.00740000 -0.00588314
v 0.02330544 0.00740000 -0.00588314
v 0.02457275 0.00710000 -0.00550000
v 0.02457275 0.00740000 -0.00580000
v 0.02457275 0.00740000 -0.01220000
v 0.02668415 0.00740000 -0.01220000
v 0.02457275 0.00710000 -0.01250000
v 0.02457275 0.00710000 -0.01250000
v 0.02668415 0.00740000 -0.01220000
v 0.02683095 0.00725076 -0.01234924
v 0.02457275 0.00710000 -0.01250000
v 0.02683095 0.00725076 -0.01234924
v 0.02697619 0.00710000 -0.01250000
v 0.02457275 0.00710000 -0.01250000
v 0.02326625 0.00710000 -0.01241429
v 0.02457275 0.00740000 -0.01220000
v 0.02457275 0.00740000 -0.01220000
v 0.02326625 0.00710000 -0.01241429
v 0.02330544 0.00740000 -0.01211686
v 0.01673375 0.00710000 -0.01241429
v 0.01669456 0.00740000 -0.01211686
v 0.02000000 0.00710000 -0.01220000
v 0.02000000 0.00710000 -0.01220000
v 0.01669456 0.00740000 -0.01211686
v 0.02000000 0.00740000 -0.01190000
v 0.02000000 0.00710000 -0.01220000
v 0.02000000 0.00740000 -0.01190000
v 0.02326625 0.00710000 -0.01241429
v 0.02326625 0.00710000 -0.01241429
v 0.02000000 0.00740000 -0.01190000
v 0.02330544 0.00740000 -0.01211686
v 0.01673375 0.00710000 -0.01241429
v 0.01542726 0.00710000 -0.01250000
v 0.01669456 0.00740000 -0.01211686
v 0.01669456 0.00740000 -0.01211686
v 0.01542726 0.00710000 -0.01250000
v 0.01542726 0.00740000 -0.01220000
v 0.01542726 0.00740000 -0.01220000
v 0.01542726 0.00710000 -0.01250000
v 0.00757274 0.00740000 -0.01220000
v 0.00757274 0.00740000 -0.01220000
v 0.01542726 0.00710000 -0.01250000
v 0.00757274 0.00710000 -0.01250000
v 0.00757274 0.00710000 -0.01250000
v 0.00626625 0.00710000 -0.01241429
v 0.00757274 0.00740000 -0.01220000
v 0.00757274 0.00740000 -0.01220000
v 0.00626625 0.00710000 -0.01241429
v 0.00630544 0.00740000 -0.01211686
v -0.00026625 0.00710000 -0.01241429
v -0.00030544 0.00740000 -0.01211686
v 0.00300000 0.00710000 -0.01220000
v 0.00300000 0.00710000 -0.01220000
v -0.00030544 0.00740000 -0.01211686
v 0.00300000 0.00740000 -0.01190000
v 0.00300000 0.00710000 -0.01220000
v 0.00300000 0.00740000 -0.01190000
v 0.00626625 0.00710000 -0.01241429
v 0.00626625 0.00710000 -0.01241429
v 0.00300000 0.00740000 -0.01190000
v 0.00630544 0.00740000 -0.01211686
v -0.00026625 0.00710000 -0.01241429
v -0.00157275 0.00710000 -0.01250000
v -0.00030544 0.00740000 -0.01211686
v -0.00030544 0.00740000 -0.01211686
v -0.00157275 0.00710000 -0.01250000
v -0.00157275 0.00740000 -0.01220000
v -0.00157275 0.00710000 -0.01250000
v -0.00383771 0.00710000 -0.01250000
v -0.00157275 0.00740000 -0.01220000
v -0.00157275 0.00740000 -0.01220000
v -0.00383771 0.00710000 -0.01250000
v -0.00385897 0.00715000 -0.01245000
v -0.00385897 0.00715000 -0.01245000
v -0.00388020 0.00720000 -0.01240000
v -0.00157275 0.00740000 -0.01220000
v -0.00157275 0.00740000 -0.01220000
v -0.00388020 0.00720000 -0.01240000
v -0.00378252 0.00730034 -0.01229966
v -0.00157275 0.00740000 -0.01220000
v -0.00378252 0.00730034 -0.01229966
v -0.00368414 0.00740000 -0.01220000
v -0.00157275 0.00740000 -0.00580000
v -0.00368414 0.00740000 -0.00580000
v -0.00157275 0.00710000 -0.00550000
v -0.00157275 0.00710000 -0.00550000
v -0.00368414 0.00740000 -0.00580000
v -0.00383095 0.00725076 -0.00565076
v -0.00157275 0.00710000 -0.00550000
v -0.00383095 0.00725076 -0.00565076
v -0.00397618 0.00710000 -0.00550000
v -0.00157275 0.00710000 -0.00550000
v -0.00026625 0.00710000 -0.00558571
v -0.00157275 0.00740000 -0.00580000
v -0.00157275 0.00740000 -0.00580000
v -0.00026625 0.00710000 -0.00558571
v -0.00030544 0.00740000 -0.00588314
v 0.02457275 0.00710000 -0.01250000
v 0.02457275 0.00300000 -0.01250000
v 0.02326625 0.00710000 -0.01241429
v 0.02326625 0.00710000 -0.01241429
v 0.02457275 0.00300000 -0.01250000
v 0.02391809 0.00297855 -0.01247855
v 0.02326625 0.00710000 -0.01241429
v 0.02391809 0.00297855 -0.01247855
v 0.02326625 0.00291429 -0.01241429
v 0.02457275 0.00300000 -0.01250000
v 0.02457275 0.00300000 -0.01580000
v 0.02391809 0.00297855 -0.01247855
v 0.02391809 0.00297855 -0.01247855
v 0.02457275 0.00300000 -0.01580000
v 0.02326625 0.00291429 -0.01580000
v 0.02391809 0.00297855 -0.01247855
v 0.02326625 0.00291429 -0.01580000
v 0.02326625 0.00291429 -0.01241429
v -0.00157275 0.00300000 -0.01580000
v -0.00157275 0.00300000 -0.01250000
v -0.00026625 0.00291429 -0.01580000
v -0.00026625 0.00291429 -0.01580000
v -0.00157275 0.00300000 -0.01250000
v -0.00091809 0.00297855 -0.01247855
v -0.00026625 0.00291429 -0.01580000
v -0.00091809 0.00297855 -0.01247855
v -0.00026625 0.00291429 -0.01241429
v -0.00383771 0.00710000 -0.01250000
v -0.00157275 0.00710000 -0.01250000
v -0.00549265 0.00514251 -0.01250000
v -0.00549265 0.00514251 -0.01250000
v -0.00157275 0.00710000 -0.01250000
v -0.00157275 0.00300000 -0.01250000
v -0.00549265 0.00514251 -0.01250000
v -0.00157275 0.00300000 -0.01250000
v -0.00687585 0.00300000 -0.01250000
v -0.00157275 0.00710000 -0.00550000
v -0.00157275 0.00300000 -0.00550000
v -0.00026625 0.00710000 -0.00558571
v -0.00026625 0.00710000 -0.00558571
v -0.00157275 0.00300000 -0.00550000
v -0.00091809 0.00297855 -0.00552145
v -0.00026625 0.00710000 -0.00558571
v -0.00091809 0.00297855 -0.00552145
v -0.00026625 0.00291429 -0.00558571
v 0.00150000 0.00050000 -0.00035000
v 0.00138582 0.00107403 -0.00035000
v 0.00150000 0.00050000 -0.00350000
v 0.00150000 0.00050000 -0.00350000
v 0.00138582 0.00107403 -0.00035000
v 0.00129904 0.00125000 -0.00350000
v 0.00138582 0.00107403 -0.00035000
v 0.00129904 0.00125000 -0.00035000
v 0.00129904 0.00125000 -0.00350000
v 0.00129904 0.00125000 -0.00350000
v 0.00129904 0.00125000 -0.00035000
v 0.00106066 0.00156066 -0.00035000
v 0.00129904 0.00125000 -0.00350000
v 0.00106066 0.00156066 -0.00035000
v 0.00075000 0.00179904 -0.00350000
v -0.00000000 0.00200000 -0.00035000
v -0.00000000 0.00200000 -0.00350000
v 0.00057403 0.00188582 -0.00035000
v 0.00057403 0.00188582 -0.00035000
v -0.00000000 0.00200000 -0.00350000
v 0.00075000 0.00179904 -0.00350000
v 0.00057403 0.00188582 -0.00035000
v 0.00075000 0.00179904 -0.00350000
v 0.00075000 0.00179904 -0.00035000
v 0.00075000 0.00179904 -0.00035000
v 0.00075000 0.00179904 -0.00350000
v 0.00106066 0.00156066 -0.00035000
v -0.00150000 -0.00050000 -0.00035000
v -0.00135146 -0.00115083 -0.00035000
v -0.00150000 -0.00050000 -0.00350000
v -0.00150000 -0.00050000 -0.00350000
v -0.00135146 -0.00115083 -0.00035000
v -0.00129904 -0.00125000 -0.00350000
v -0.00135146 -0.00115083 -0.00035000
v -0.00129904 -0.00125000 -0.00035000
v -0.00129904 -0.00125000 -0.00350000
v -0.00129904 -0.00125000 -0.00350000
v -0.00129904 -0.00125000 -0.00035000
v -0.00093524 -0.00167275 -0.00035000
v -0.00129904 -0.00125000 -0.00350000
v -0.00093524 -0.00167275 -0.00035000
v -0.00075000 -0.00179904 -0.00350000
v -0.00093524 -0.00167275 -0.00035000
v -0.00075000 -0.00179904 -0.00035000
v -0.00075000 -0.00179904 -0.00350000
v -0.00075000 -0.00179904 -0.00350000
v -0.00075000 -0.00179904 -0.00035000
v -0.00033378 -0.00196239 -0.00035000
v -0.00075000 -0.00179904 -0.00350000
v -0.00033378 -0.00196239 -0.00035000
v -0.00000000 -0.00200000 -0.00350000
v -0.00033378 -0.00196239 -0.00035000
v -0.00000000 -0.00200000 -0.00035000
v -0.00000000 -0.00200000 -0.00350000
v -0.00000000 -0.00200000 -0.00350000
v -0.00000000 -0.00200000 -0.00035000
v 0.00033378 -0.00196239 -0.00035000
v -0.00000000 -0.00200000 -0.00350000
v 0.00033378 -0.00196239 -0.00035000
v 0.00075000 -0.00179904 -0.00350000
v 0.00033378 -0.00196239 -0.00035000
v 0.00075000 -0.00179904 -0.00035000
v 0.00075000 -0.00179904 -0.00350000
v 0.00075000 -0.00179904 -0.00350000
v 0.00075000 -0.00179904 -0.00035000
v 0.00093523 -0.00167275 -0.00035000
v 0.00075000 -0.00179904 -0.00350000
v 0.00093523 -0.00167275 -0.00035000
v 0.00129904 -0.00125000 -0.00350000
v 0.00150000 -0.00050000 -0.00035000
v 0.00150000 -0.00050000 -0.00350000
v 0.00135145 -0.00115083 -0.00035000
v 0.00135145 -0.00115083 -0.00035000
v 0.00150000 -0.00050000 -0.00350000
v 0.00129904 -0.00125000 -0.00350000
v 0.00135145 -0.00115083 -0.00035000
v 0.00129904 -0.00125000 -0.00350000
v 0.00129904 -0.00125000 -0.00035000
v 0.00129904 -0.00125000 -0.00035000
v 0.00129904 -0.00125000 -0.00350000
v 0.00093523 -0.00167275 -0.00035000
v 0.00500000 0.00165000 -0.00037500
v 0.00428409 0.00148660 -0.00037500
v 0.00500000 0.00165000 -0.01010000
v 0.00500000 0.00165000 -0.01010000
v 0.00428409 0.00148660 -0.00037500
v 0.00417500 0.00142894 -0.01010000
v 0.00428409 0.00148660 -0.00037500
v 0.00417500 0.00142894 -0.00037500
v 0.00417500 0.00142894 -0.01010000
v 0.00417500 0.00142894 -0.01010000
v 0.00417500 0.00142894 -0.00037500
v 0.00370998 0.00102876 -0.00037500
v 0.00417500 0.00142894 -0.01010000
v 0.00370998 0.00102876 -0.00037500
v 0.00357106 0.00082500 -0.01010000
v 0.00370998 0.00102876 -0.00037500
v 0.00357106 0.00082500 -0.00037500
v 0.00357106 0.00082500 -0.01010000
v 0.00357106 0.00082500 -0.01010000
v 0.00357106 0.00082500 -0.00037500
v 0.00339137 0.00036716 -0.00037500
v 0.00357106 0.00082500 -0.01010000
v 0.00339137 0.00036716 -0.00037500
v 0.00335000 -0.00000000 -0.01010000
v 0.00339137 0.00036716 -0.00037500
v 0.00335000 -0.00000000 -0.00037500
v 0.00335000 -0.00000000 -0.01010000
v 0.00335000 -0.00000000 -0.01010000
v 0.00335000 -0.00000000 -0.00037500
v 0.00339137 -0.00036716 -0.00037500
v 0.00335000 -0.00000000 -0.01010000
v 0.00339137 -0.00036716 -0.00037500
v 0.00357106 -0.00082500 -0.01010000
v 0.00339137 -0.00036716 -0.00037500
v 0.00357106 -0.00082500 -0.00037500
v 0.00357106 -0.00082500 -0.01010000
v 0.00357106 -0.00082500 -0.01010000
v 0.00357106 -0.00082500 -0.00037500
v 0.00370998 -0.00102876 -0.00037500
v 0.00357106 -0.00082500 -0.01010000
v 0.00370998 -0.00102876 -0.00037500
v 0.00417500 -0.00142894 -0.01010000
v 0.00500000 -0.00165000 -0.00037500
v 0.00500000 -0.00165000 -0.01010000
v 0.00428409 -0.00148660 -0.00037500
v 0.00428409 -0.00148660 -0.00037500
v 0.00500000 -0.00165000 -0.01010000
v 0.00417500 -0.00142894 -0.01010000
v 0.00428409 -0.00148660 -0.00037500
v 0.00417500 -0.00142894 -0.01010000
v 0.00417500 -0.00142894 -0.00037500
v 0.00417500 -0.00142894 -0.00037500
v 0.00417500 -0.00142894 -0.01010000
v 0.00370998 -0.00102876 -0.00037500
v -0.00500000 0.00165000 -0.00037500
v -0.00571591 0.00148660 -0.00037500
v -0.00500000 0.00165000 -0.01010000
v -0.00500000 0.00165000 -0.01010000
v -0.00571591 0.00148660 -0.00037500
v -0.00582500 0.00142894 -0.01010000
v -0.00571591 0.00148660 -0.00037500
v -0.00582500 0.00142894 -0.00037500
v -0.00582500 0.00142894 -0.01010000
v -0.00582500 0.00142894 -0.01010000
v -0.00582500 0.00142894 -0.00037500
v -0.00629002 0.00102876 -0.00037500
v -0.00582500 0.00142894 -0.01010000
v -0.00629002 0.00102876 -0.00037500
v -0.00642894 0.00082500 -0.01010000
v -0.00629002 0.00102876 -0.00037500
v -0.00642894 0.00082500 -0.00037500
v -0.00642894 0.00082500 -0.01010000
v -0.00642894 0.00082500 -0.01010000
v -0.00642894 0.00082500 -0.00037500
v -0.00660863 0.00036716 -0.00037500
v -0.00642894 0.00082500 -0.01010000
v -0.00660863 0.00036716 -0.00037500
v -0.00665000 -0.00000000 -0.01010000
v -0.00660863 0.00036716 -0.00037500
v -0.00665000 -0.00000000 -0.00037500
v -0.00665000 -0.00000000 -0.01010000
v -0.00665000 -0.00000000 -0.01010000
v -0.00665000 -0.00000000 -0.00037500
v -0.00660863 -0.00036716 -0.00037500
v -0.00665000 -0.00000000 -0.01010000
v -0.00660863 -0.00036716 -0.00037500
v -0.00642894 -0.00082500 -0.01010000
v -0.00660863 -0.00036716 -0.00037500
v -0.00642894 -0.00082500 -0.00037500
v -0.00642894 -0.00082500 -0.01010000
v -0.00642894 -0.00082500 -0.01010000
v -0.00642894 -0.00082500 -0.00037500
v -0.00629002 -0.00102876 -0.00037500
v -0.00642894 -0.00082500 -0.01010000
v -0.00629002 -0.00102876 -0.00037500
v -0.00582500 -0.00142894 -0.01010000
v -0.00500000 -0.00165000 -0.00037500
v -0.00500000 -0.00165000 -0.01010000
v -0.00571591 -0.00148660 -0.00037500
v -0.00571591 -0.00148660 -0.00037500
v -0.00500000 -0.00165000 -0.01010000
v -0.00582500 -0.00142894 -0.01010000
v -0.00571591 -0.00148660 -0.00037500
v -0.00582500 -0.00142894 -0.01010000
v -0.00582500 -0.00142894 -0.00037500
v -0.00582500 -0.00142894 -0.00037500
v -0.00582500 -0.00142894 -0.01010000
v -0.00629002 -0.00102876 -0.00037500
v 0.01542726 0.00300000 -0.00550000
v 0.01542726 0.00300000 0.00000000
v 0.01608191 0.00297855 -0.00552145
v 0.01608191 0.00297855 -0.00552145
v 0.01542726 0.00300000 0.00000000
v 0.01673375 0.00291429 0.00000000
v 0.01608191 0.00297855 -0.00552145
v 0.01673375 0.00291429 0.00000000
v 0.01673375 0.00291429 -0.00558571
v 0.02326625 0.00291429 -0.00558571
v 0.02326625 0.00710000 -0.00558571
v 0.02139390 0.00273889 -0.00576111
v 0.02139390 0.00273889 -0.00576111
v 0.02326625 0.00710000 -0.00558571
v 0.02000000 0.00710000 -0.00580000
v 0.02139390 0.00273889 -0.00576111
v 0.02000000 0.00710000 -0.00580000
v 0.02000024 0.00270000 -0.00580000
v 0.02000024 0.00270000 -0.00580000
v 0.02000000 0.00710000 -0.00580000
v 0.01905955 0.00271770 -0.00578230
v 0.01905955 0.00271770 -0.00578230
v 0.02000000 0.00710000 -0.00580000
v 0.01673375 0.00710000 -0.00558571
v 0.01905955 0.00271770 -0.00578230
v 0.01673375 0.00710000 -0.00558571
v 0.01673375 0.00291429 -0.00558571
v 0.00757274 0.00300000 0.00000000
v 0.00757274 0.00300000 -0.00550000
v 0.00626625 0.00291429 0.00000000
v 0.00626625 0.00291429 0.00000000
v 0.00757274 0.00300000 -0.00550000
v 0.00691809 0.00297855 -0.00552145
v 0.00626625 0.00291429 0.00000000
v 0.00691809 0.00297855 -0.00552145
v 0.00626625 0.00291429 -0.00558571
v 0.00757274 0.00710000 -0.00550000
v 0.00757274 0.00300000 -0.00550000
v 0.01542726 0.00710000 -0.00550000
v 0.01542726 0.00710000 -0.00550000
v 0.00757274 0.00300000 -0.00550000
v 0.01542726 0.00300000 -0.00550000
v -0.00157275 0.00300000 -0.00550000
v -0.00157275 0.00300000 0.00000000
v -0.00091809 0.00297855 -0.00552145
v -0.00091809 0.00297855 -0.00552145
v -0.00157275 0.00300000 0.00000000
v -0.00026625 0.00291429 0.00000000
v -0.00091809 0.00297855 -0.00552145
v -0.00026625 0.00291429 0.00000000
v -0.00026625 0.00291429 -0.00558571
v 0.00626625 0.00291429 -0.00558571
v 0.00626625 0.00710000 -0.00558571
v 0.00439390 0.00273889 -0.00576111
v 0.00439390 0.00273889 -0.00576111
v 0.00626625 0.00710000 -0.00558571
v 0.00300000 0.00710000 -0.00580000
v 0.00439390 0.00273889 -0.00576111
v 0.00300000 0.00710000 -0.00580000
v 0.00300024 0.00270000 -0.00580000
v 0.00300024 0.00270000 -0.00580000
v 0.00300000 0.00710000 -0.00580000
v 0.00205955 0.00271770 -0.00578230
v 0.00205955 0.00271770 -0.00578230
v 0.00300000 0.00710000 -0.00580000
v -0.00026625 0.00710000 -0.00558571
v 0.00205955 0.00271770 -0.00578230
v -0.00026625 0.00710000 -0.00558571
v -0.00026625 0.00291429 -0.00558571
v 0.01542726 0.00300000 -0.01250000
v 0.01542726 0.00300000 -0.01580000
v 0.00757274 0.00300000 -0.01250000
v 0.00757274 0.00300000 -0.01250000
v 0.01542726 0.00300000 -0.01580000
v 0.00757274 0.00300000 -0.01580000
v 0.02326625 0.00291429 -0.01241429
v 0.02326625 0.00291429 -0.01580000
v 0.02163663 0.00275363 -0.01225363
v 0.02163663 0.00275363 -0.01225363
v 0.02326625 0.00291429 -0.01580000
v 0.02000000 0.00270000 -0.01580000
v 0.02163663 0.00275363 -0.01225363
v 0.02000000 0.00270000 -0.01580000
v 0.02000000 0.00270000 -0.01220000
v 0.00626625 0.00291429 -0.01241429
v 0.00626625 0.00291429 -0.01580000
v 0.00463664 0.00275363 -0.01225363
v 0.00463664 0.00275363 -0.01225363
v 0.00626625 0.00291429 -0.01580000
v 0.00300000 0.00270000 -0.01580000
v 0.00463664 0.00275363 -0.01225363
v 0.00300000 0.00270000 -0.01580000
v 0.00300000 0.00270000 -0.01220000
v 0.01673375 0.00291429 -0.01241429
v 0.01673375 0.00710000 -0.01241429
v 0.01836337 0.00275363 -0.01225363
v 0.01836337 0.00275363 -0.01225363
v 0.01673375 0.00710000 -0.01241429
v 0.02000000 0.00710000 -0.01220000
v 0.01836337 0.00275363 -0.01225363
v 0.02000000 0.00710000 -0.01220000
v 0.02000000 0.00270000 -0.01220000
v 0.02000000 0.00270000 -0.01220000
v 0.02000000 0.00710000 -0.01220000
v 0.02163663 0.00275363 -0.01225363
v 0.02163663 0.00275363 -0.01225363
v 0.02000000 0.00710000 -0.01220000
v 0.02326625 0.00710000 -0.01241429
v 0.02163663 0.00275363 -0.01225363
v 0.02326625 0.00710000 -0.01241429
v 0.02326625 0.00291429 -0.01241429
v 0.00757274 0.00710000 -0.01250000
v 0.01542726 0.00710000 -0.01250000
v 0.00757274 0.00300000 -0.01250000
v 0.00757274 0.00300000 -0.01250000
v 0.01542726 0.00710000 -0.01250000
v 0.01542726 0.00300000 -0.01250000
v -0.00026625 0.00291429 -0.01241429
v -0.00026625 0.00710000 -0.01241429
v 0.00136336 0.00275363 -0.01225363
v 0.00136336 0.00275363 -0.01225363
v -0.00026625 0.00710000 -0.01241429
v 0.00300000 0.00710000 -0.01220000
v 0.00136336 0.00275363 -0.01225363
v 0.00300000 0.00710000 -0.01220000
v 0.00300000 0.00270000 -0.01220000
v 0.00300000 0.00270000 -0.01220000
v 0.00300000 0.00710000 -0.01220000
v 0.00463664 0.00275363 -0.01225363
v 0.00463664 0.00275363 -0.01225363
v 0.00300000 0.00710000 -0.01220000
v 0.00626625 0.00710000 -0.01241429
v 0.00463664 0.00275363 -0.01225363
v 0.00626625 0.00710000 -0.01241429
v 0.00626625 0.00291429 -0.01241429
v -0.00157275 0.00300000 -0.01250000
v -0.00157275 0.00710000 -0.01250000
v -0.00091809 0.00297855 -0.01247855
v -0.00091809 0.00297855 -0.01247855
v -0.00157275 0.00710000 -0.01250000
v -0.00026625 0.00710000 -0.01241429
v -0.00091809 0.00297855 -0.01247855
v -0.00026625 0.00710000 -0.01241429
v -0.00026625 0.00291429 -0.01241429
v -0.00150000 0.00050000 -0.00350000
v -0.00150000 0.00050000 -0.00035000
v -0.00150000 -0.00050000 -0.00350000
v -0.00150000 -0.00050000 -0.00350000
v -0.00150000 0.00050000 -0.00035000
v -0.00150000 -0.00050000 -0.00035000
v -0.00075000 0.00179904 -0.00350000
v -0.00129904 0.00125000 -0.00350000
v -0.00150000 0.00050000 -0.00350000
v 0.00075000 0.00179904 -0.00350000
v -0.00000000 0.00200000 -0.00350000
v -0.00075000 0.00179904 -0.00350000
v 0.00075000 -0.00179904 -0.00350000
v 0.00129904 -0.00125000 -0.00350000
v 0.00150000 -0.00050000 -0.00350000
v 0.00075000 0.00179904 -0.00350000
v -0.00075000 0.00179904 -0.00350000
v 0.00129904 0.00125000 -0.00350000
v -0.00150000 -0.00050000 -0.00350000
v -0.00129904 -0.00125000 -0.00350000
v -0.00075000 -0.00179904 -0.00350000
v 0.00129904 0.00125000 -0.00350000
v -0.00075000 0.00179904 -0.00350000
v 0.00150000 0.00050000 -0.00350000
v 0.00150000 0.00050000 -0.00350000
v -0.00075000 0.00179904 -0.00350000
v -0.00150000 0.00050000 -0.00350000
v 0.00150000 0.00050000 -0.00350000
v -0.00150000 0.00050000 -0.00350000
v 0.00150000 -0.00050000 -0.00350000
v 0.00150000 -0.00050000 -0.00350000
v -0.00150000 0.00050000 -0.00350000
v -0.00150000 -0.00050000 -0.00350000
v 0.00150000 -0.00050000 -0.00350000
v -0.00150000 -0.00050000 -0.00350000
v 0.00075000 -0.00179904 -0.00350000
v 0.00075000 -0.00179904 -0.00350000
v -0.00150000 -0.00050000 -0.00350000
v -0.00075000 -0.00179904 -0.00350000
v 0.00075000 -0.00179904 -0.00350000
v -0.00075000 -0.00179904 -0.00350000
v -0.00000000 -0.00200000 -0.00350000
v 0.00150000 -0.00050000 -0.00350000
v 0.00150000 -0.00050000 -0.00035000
v 0.00150000 0.00050000 -0.00350000
v 0.00150000 0.00050000 -0.00350000
v 0.00150000 -0.00050000 -0.00035000
v 0.00150000 0.00050000 -0.00035000
v 0.00500000 -0.00000000 -0.01109142
v 0.00357106 0.00082500 -0.01010000
v 0.00335000 -0.00000000 -0.01010000
v 0.00417500 0.00142894 -0.01010000
v 0.00357106 0.00082500 -0.01010000
v 0.00500000 -0.00000000 -0.01109142
v 0.00500000 0.00165000 -0.01010000
v 0.00417500 0.00142894 -0.01010000
v 0.00500000 -0.00000000 -0.01109142
v 0.00500000 -0.00000000 -0.01109142
v 0.00417500 -0.00142894 -0.01010000
v 0.00500000 -0.00165000 -0.01010000
v 0.00357106 -0.00082500 -0.01010000
v 0.00417500 -0.00142894 -0.01010000
v 0.00500000 -0.00000000 -0.01109142
v 0.00335000 -0.00000000 -0.01010000
v 0.00357106 -0.00082500 -0.01010000
v 0.00500000 -0.00000000 -0.01109142
v -0.00500000 -0.00000000 -0.01109142
v -0.00642894 0.00082500 -0.01010000
v -0.00665000 -0.00000000 -0.01010000
v -0.00582500 0.00142894 -0.01010000
v -0.00642894 0.00082500 -0.01010000
v -0.00500000 -0.00000000 -0.01109142
v -0.00500000 0.00165000 -0.01010000
v -0.00582500 0.00142894 -0.01010000
v -0.00500000 -0.00000000 -0.01109142
v -0.00500000 -0.00000000 -0.01109142
v -0.00582500 -0.00142894 -0.01010000
v -0.00500000 -0.00165000 -0.01010000
v -0.00642894 -0.00082500 -0.01010000
v -0.00582500 -0.00142894 -0.01010000
v -0.00500000 -0.00000000 -0.01109142
v -0.00665000 -0.00000000 -0.01010000
v -0.00642894 -0.00082500 -0.01010000
v -0.00500000 -0.00000000 -0.01109142
v 0.01542726 0.00710000 -0.00550000
v 0.01542726 0.00300000 -0.00550000
v 0.01673375 0.00710000 -0.00558571
v 0.01673375 0.00710000 -0.00558571
v 0.01542726 0.00300000 -0.00550000
v 0.01608191 0.00297855 -0.00552145
v 0.01673375 0.00710000 -0.00558571
v 0.01608191 0.00297855 -0.00552145
v 0.01673375 0.00291429 -0.00558571
v 0.00757274 0.00300000 -0.00550000
v 0.00757274 0.00710000 -0.00550000
v 0.00691809 0.00297855 -0.00552145
v 0.00691809 0.00297855 -0.00552145
v 0.00757274 0.00710000 -0.00550000
v 0.00626625 0.00710000 -0.00558571
v 0.00691809 0.00297855 -0.00552145
v 0.00626625 0.00710000 -0.00558571
v 0.00626625 0.00291429 -0.00558571
v 0.00757274 0.00300000 -0.01250000
v 0.00757274 0.00300000 -0.01580000
v 0.00691809 0.00297855 -0.01247855
v 0.00691809 0.00297855 -0.01247855
v 0.00757274 0.00300000 -0.01580000
v 0.00626625 0.00291429 -0.01580000
v 0.00691809 0.00297855 -0.01247855
v 0.00626625 0.00291429 -0.01580000
v 0.00626625 0.00291429 -0.01241429
v 0.01542726 0.00300000 -0.01580000
v 0.01542726 0.00300000 -0.01250000
v 0.01673375 0.00291429 -0.01580000
v 0.01673375 0.00291429 -0.01580000
v 0.01542726 0.00300000 -0.01250000
v 0.01608191 0.00297855 -0.01247855
v 0.01673375 0.00291429 -0.01580000
v 0.01608191 0.00297855 -0.01247855
v 0.01673375 0.00291429 -0.01241429
v 0.01542726 0.00300000 -0.01250000
v 0.01542726 0.00710000 -0.01250000
v 0.01608191 0.00297855 -0.01247855
v 0.01608191 0.00297855 -0.01247855
v 0.01542726 0.00710000 -0.01250000
v 0.01673375 0.00710000 -0.01241429
v 0.01608191 0.00297855 -0.01247855
v 0.01673375 0.00710000 -0.01241429
v 0.01673375 0.00291429 -0.01241429
v 0.00757274 0.00710000 -0.01250000
v 0.00757274 0.00300000 -0.01250000
v 0.00626625 0.00710000 -0.01241429
v 0.00626625 0.00710000 -0.01241429
v 0.00757274 0.00300000 -0.01250000
v 0.00691809 0.00297855 -0.01247855
v 0.00626625 0.00710000 -0.01241429
v 0.00691809 0.00297855 -0.01247855
v 0.00626625 0.00291429 -0.01241429
v 0.00500000 -0.00360000 0.00450000
v 0.00500000 -0.00360000 0.00600000
v 0.00623127 -0.00338289 0.00450000
v 0.00623127 -0.00338289 0.00450000
v 0.00500000 -0.00360000 0.00600000
v 0.00623127 -0.00338289 0.00600000
v 0.00623127 -0.00338289 0.00450000
v 0.00623127 -0.00338289 0.00600000
v 0.00731404 -0.00275776 0.00450000
v 0.00731404 -0.00275776 0.00450000
v 0.00623127 -0.00338289 0.00600000
v 0.00731404 -0.00275776 0.00600000
v 0.00731404 -0.00275776 0.00450000
v 0.00731404 -0.00275776 0.00600000
v 0.00811769 -0.00180000 0.00450000
v 0.00811769 -0.00180000 0.00450000
v 0.00731404 -0.00275776 0.00600000
v 0.00811769 -0.00180000 0.00600000
v 0.00811769 -0.00180000 0.00450000
v 0.00811769 -0.00180000 0.00600000
v 0.00854531 -0.00062513 0.00450000
v 0.00854531 -0.00062513 0.00450000
v 0.00811769 -0.00180000 0.00600000
v 0.00854531 -0.00062513 0.00600000
v 0.00854531 -0.00062513 0.00450000
v 0.00854531 -0.00062513 0.00600000
v 0.00854531 0.00062513 0.00450000
v 0.00854531 0.00062513 0.00450000
v 0.00854531 -0.00062513 0.00600000
v 0.00854531 0.00062513 0.00600000
v 0.00854531 0.00062513 0.00450000
v 0.00854531 0.00062513 0.00600000
v 0.00811769 0.00180000 0.00450000
v 0.00811769 0.00180000 0.00450000
v 0.00854531 0.00062513 0.00600000
v 0.00811769 0.00180000 0.00600000
v 0.00811769 0.00180000 0.00450000
v 0.00811769 0.00180000 0.00600000
v 0.00731404 0.00275776 0.00450000
v 0.00731404 0.00275776 0.00450000
v 0.00811769 0.00180000 0.00600000
v 0.00731404 0.00275776 0.00600000
v 0.00731404 0.00275776 0.00450000
v 0.00731404 0.00275776 0.00600000
v 0.00623127 0.00338289 0.00450000
v 0.00623127 0.00338289 0.00450000
v 0.00731404 0.00275776 0.00600000
v 0.00623127 0.00338289 0.00600000
v 0.00623127 0.00338289 0.00450000
v 0.00623127 0.00338289 0.00600000
v 0.00500000 0.00360000 0.00450000
v 0.00500000 0.00360000 0.00450000
v 0.00623127 0.00338289 0.00600000
v 0.00500000 0.00360000 0.00600000
v -0.00500000 -0.00360000 0.00450000
v -0.00500000 -0.00360000 0.00600000
v -0.00376873 -0.00338289 0.00450000
v -0.00376873 -0.00338289 0.00450000
v -0.00500000 -0.00360000 0.00600000
v -0.00376873 -0.00338289 0.00600000
v -0.00376873 -0.00338289 0.00450000
v -0.00376873 -0.00338289 0.00600000
v -0.00268596 -0.00275776 0.00450000
v -0.00268596 -0.00275776 0.00450000
v -0.00376873 -0.00338289 0.00600000
v -0.00268596 -0.00275776 0.00600000
v -0.00268596 -0.00275776 0.00450000
v -0.00268596 -0.00275776 0.00600000
v -0.00188231 -0.00180000 0.00450000
v -0.00188231 -0.00180000 0.00450000
v -0.00268596 -0.00275776 0.00600000
v -0.00188231 -0.00180000 0.00600000
v -0.00188231 -0.00180000 0.00450000
v -0.00188231 -0.00180000 0.00600000
v -0.00145469 -0.00062513 0.00450000
v -0.00145469 -0.00062513 0.00450000
v -0.00188231 -0.00180000 0.00600000
v -0.00145469 -0.00062513 0.00600000
v -0.00145469 -0.00062513 0.00450000
v -0.00145469 -0.00062513 0.00600000
v -0.00145469 0.00062513 0.00450000
v -0.00145469 0.00062513 0.00450000
v -0.00145469 -0.00062513 0.00600000
v -0.00145469 0.00062513 0.00600000
v -0.00145469 0.00062513 0.00450000
v -0.00145469 0.00062513 0.00600000
v -0.00188231 0.00180000 0.00450000
v -0.00188231 0.00180000 0.00450000
v -0.00145469 0.00062513 0.00600000
v -0.00188231 0.00180000 0.00600000
v -0.00188231 0.00180000 0.00450000
v -0.00188231 0.00180000 0.00600000
v -0.00268596 0.00275776 0.00450000
v -0.00268596 0.00275776 0.00450000
v -0.00188231 0.00180000 0.00600000
v -0.00268596 0.00275776 0.00600000
v -0.00268596 0.00275776 0.00450000
v -0.00268596 0.00275776 0.00600000
v -0.00376873 0.00338289 0.00450000
v -0.00376873 0.00338289 0.00450000
v -0.00268596 0.00275776 0.00600000
v -0.00376873 0.00338289 0.00600000
v -0.00376873 0.00338289 0.00450000
v -0.00376873 0.00338289 0.00600000
v -0.00500000 0.00360000 0.00450000
v -0.00500000 0.00360000 0.00450000
v -0.00376873 0.00338289 0.00600000
v -0.00500000 0.00360000 0.00600000
v 0.00500000 0.00205000 0.00450000
v 0.00500000 0.00205000 -0.00000000
v 0.00588946 0.00184699 0.00450000
v 0.00588946 0.00184699 0.00450000
v 0.00500000 0.00205000 -0.00000000
v 0.00588946 0.00184699 -0.00000000
v 0.00588946 0.00184699 0.00450000
v 0.00588946 0.00184699 -0.00000000
v 0.00660275 0.00127815 0.00450000
v 0.00660275 0.00127815 0.00450000
v 0.00588946 0.00184699 -0.00000000
v 0.00660275 0.00127815 -0.00000000
v 0.00660275 0.00127815 0.00450000
v 0.00660275 0.00127815 -0.00000000
v 0.00699860 0.00045617 0.00450000
v 0.00699860 0.00045617 0.00450000
v 0.00660275 0.00127815 -0.00000000
v 0.00699860 0.00045617 -0.00000000
v 0.00699860 0.00045617 0.00450000
v 0.00699860 0.00045617 -0.00000000
v 0.00699860 -0.00045617 0.00450000
v 0.00699860 -0.00045617 0.00450000
v 0.00699860 0.00045617 -0.00000000
v 0.00699860 -0.00045617 -0.00000000
v 0.00699860 -0.00045617 0.00450000
v 0.00699860 -0.00045617 -0.00000000
v 0.00660275 -0.00127815 0.00450000
v 0.00660275 -0.00127815 0.00450000
v 0.00699860 -0.00045617 -0.00000000
v 0.00660275 -0.00127815 -0.00000000
v 0.00660275 -0.00127815 0.00450000
v 0.00660275 -0.00127815 -0.00000000
v 0.00588946 -0.00184699 0.00450000
v 0.00588946 -0.00184699 0.00450000
v 0.00660275 -0.00127815 -0.00000000
v 0.00588946 -0.00184699 -0.00000000
v 0.00588946 -0.00184699 0.00450000
v 0.00588946 -0.00184699 -0.00000000
v 0.00500000 -0.00205000 0.00450000
v 0.00500000 -0.00205000 0.00450000
v 0.00588946 -0.00184699 -0.00000000
v 0.00500000 -0.00205000 -0.00000000
v -0.00500000 0.00205000 0.00450000
v -0.00500000 0.00205000 0.00000000
v -0.00411054 0.00184699 0.00450000
v -0.00411054 0.00184699 0.00450000
v -0.00500000 0.00205000 0.00000000
v -0.00411054 0.00184699 0.00000000
v -0.00411054 0.00184699 0.00450000
v -0.00411054 0.00184699 0.00000000
v -0.00339725 0.00127815 0.00450000
v -0.00339725 0.00127815 0.00450000
v -0.00411054 0.00184699 0.00000000
v -0.00339725 0.00127815 0.00000000
v -0.00339725 0.00127815 0.00450000
v -0.00339725 0.00127815 0.00000000
v -0.00300140 0.00045617 0.00450000
v -0.00300140 0.00045617 0.00450000
v -0.00339725 0.00127815 0.00000000
v -0.00300140 0.00045617 0.00000000
v -0.00300140 0.00045617 0.00450000
v -0.00300140 0.00045617 0.00000000
v -0.00300140 -0.00045617 0.00450000
v -0.00300140 -0.00045617 0.00450000
v -0.00300140 0.00045617 0.00000000
v -0.00300140 -0.00045617 0.00000000
v -0.00300140 -0.00045617 0.00450000
v -0.00300140 -0.00045617 0.00000000
v -0.00339725 -0.00127815 0.00450000
v -0.00339725 -0.00127815 0.00450000
v -0.00300140 -0.00045617 0.00000000
v -0.00339725 -0.00127815 0.00000000
v -0.00339725 -0.00127815 0.00450000
v -0.00339725 -0.00127815 0.00000000
v -0.00411054 -0.00184699 0.00450000
v -0.00411054 -0.00184699 0.00450000
v -0.00339725 -0.00127815 0.00000000
v -0.00411054 -0.00184699 0.00000000
v -0.00411054 -0.00184699 0.00450000
v -0.00411054 -0.00184699 0.00000000
v -0.00500000 -0.00205000 0.00450000
v -0.00500000 -0.00205000 0.00450000
v -0.00411054 -0.00184699 0.00000000
v -0.00500000 -0.00205000 0.00000000
v 0.00000000 0.00150000 0.00035000
v 0.00000000 0.00185000 -0.00000000
v 0.00075000 0.00129904 0.00035000
v 0.00075000 0.00129904 0.00035000
v 0.00000000 0.00185000 -0.00000000
v 0.00092500 0.00160215 -0.00000000
v 0.00075000 0.00129904 0.00035000
v 0.00092500 0.00160215 -0.00000000
v 0.00129904 0.00075000 0.00035000
v 0.00129904 0.00075000 0.00035000
v 0.00092500 0.00160215 -0.00000000
v 0.00160215 0.00092500 -0.00000000
v 0.00129904 0.00075000 0.00035000
v 0.00160215 0.00092500 -0.00000000
v 0.00150000 0.00000000 0.00035000
v 0.00150000 0.00000000 0.00035000
v 0.00160215 0.00092500 -0.00000000
v 0.00185000 0.00000000 -0.00000000
v 0.00150000 0.00000000 0.00035000
v 0.00185000 0.00000000 -0.00000000
v 0.00129904 -0.00075000 0.00035000
v 0.00129904 -0.00075000 0.00035000
v 0.00185000 0.00000000 -0.00000000
v 0.00160215 -0.00092500 -0.00000000
v 0.00129904 -0.00075000 0.00035000
v 0.00160215 -0.00092500 -0.00000000
v 0.00075000 -0.00129904 0.00035000
v 0.00075000 -0.00129904 0.00035000
v 0.00160215 -0.00092500 -0.00000000
v 0.00092500 -0.00160215 -0.00000000
v 0.00075000 -0.00129904 0.00035000
v 0.00092500 -0.00160215 -0.00000000
v 0.00000000 -0.00150000 0.00035000
v 0.00000000 -0.00150000 0.00035000
v 0.00092500 -0.00160215 -0.00000000
v 0.00000000 -0.00185000 -0.00000000
v 0.00000000 0.00150000 0.00270000
v 0.00000000 0.00150000 0.00035000
v 0.00075000 0.00129904 0.00270000
v 0.00075000 0.00129904 0.00270000
v 0.00000000 0.00150000 0.00035000
v 0.00075000 0.00129904 0.00035000
v 0.00075000 0.00129904 0.00270000
v 0.00075000 0.00129904 0.00035000
v 0.00129904 0.00075000 0.00270000
v 0.00129904 0.00075000 0.00270000
v 0.00075000 0.00129904 0.00035000
v 0.00129904 0.00075000 0.00035000
v 0.00129904 0.00075000 0.00270000
v 0.00129904 0.00075000 0.00035000
v 0.00150000 0.00000000 0.00270000
v 0.00150000 0.00000000 0.00270000
v 0.00129904 0.00075000 0.00035000
v 0.00150000 0.00000000 0.00035000
v 0.00150000 0.00000000 0.00270000
v 0.00150000 0.00000000 0.00035000
v 0.00129904 -0.00075000 0.00270000
v 0.00129904 -0.00075000 0.00270000
v 0.00150000 0.00000000 0.00035000
v 0.00129904 -0.00075000 0.00035000
v 0.00129904 -0.00075000 0.00270000
v 0.00129904 -0.00075000 0.00035000
v 0.00075000 -0.00129904 0.00270000
v 0.00075000 -0.00129904 0.00270000
v 0.00129904 -0.00075000 0.00035000
v 0.00075000 -0.00129904 0.00035000
v 0.00075000 -0.00129904 0.00270000
v 0.00075000 -0.00129904 0.00035000
v 0.00000000 -0.00150000 0.00270000
v 0.00000000 -0.00150000 0.00270000
v 0.00075000 -0.00129904 0.00035000
v 0.00000000 -0.00150000 0.00035000
v -0.01000000 0.00050000 0.00550000
v -0.01000000 0.00050000 -0.00070000
v -0.01000000 -0.00540000 0.00550000
v -0.01000000 -0.00540000 0.00550000
v -0.01000000 0.00050000 -0.00070000
v -0.01000000 -0.02100000 -0.00070000
v -0.01000000 -0.00540000 0.00550000
v -0.01000000 -0.02100000 -0.00070000
v -0.01000000 -0.00540000 0.03450000
v -0.01000000 -0.00540000 0.03450000
v -0.01000000 -0.02100000 -0.00070000
v -0.01000000 -0.02100000 0.03450000
v -0.00900000 -0.00440000 0.03450000
v -0.00900000 -0.00440000 0.00600000
v -0.01000000 -0.00540000 0.03450000
v -0.01000000 -0.00540000 0.03450000
v -0.00900000 -0.00440000 0.00600000
v -0.00950000 -0.00490000 0.00600000
v -0.01000000 -0.00540000 0.03450000
v -0.00950000 -0.00490000 0.00600000
v -0.01000000 -0.00540000 0.00550000
v -0.01000000 -0.00540000 0.00550000
v -0.00950000 -0.00490000 0.00600000
v -0.01000000 0.00050000 0.00550000
v -0.01000000 0.00050000 0.00550000
v -0.00950000 -0.00490000 0.00600000
v -0.00950000 0.00050000 0.00600000
v -0.00550000 0.00500000 0.00550000
v -0.00550000 0.00500000 -0.00070000
v -0.00689058 0.00477975 -0.00070000
v -0.00550000 0.00500000 0.00550000
v -0.00689058 0.00477975 -0.00070000
v -0.00689058 0.00477975 0.00550000
v -0.00689058 0.00477975 0.00550000
v -0.00689058 0.00477975 -0.00070000
v -0.00814503 0.00414058 -0.00070000
v -0.00689058 0.00477975 0.00550000
v -0.00814503 0.00414058 -0.00070000
v -0.00814503 0.00414058 0.00550000
v -0.00814503 0.00414058 0.00550000
v -0.00814503 0.00414058 -0.00070000
v -0.00914058 0.00314503 -0.00070000
v -0.00814503 0.00414058 0.00550000
v -0.00914058 0.00314503 -0.00070000
v -0.00914058 0.00314503 0.00550000
v -0.00914058 0.00314503 0.00550000
v -0.00914058 0.00314503 -0.00070000
v -0.00977975 0.00189058 -0.00070000
v -0.00914058 0.00314503 0.00550000
v -0.00977975 0.00189058 -0.00070000
v -0.00977975 0.00189058 0.00550000
v -0.00977975 0.00189058 0.00550000
v -0.00977975 0.00189058 -0.00070000
v -0.01000000 0.00050000 -0.00070000
v -0.00977975 0.00189058 0.00550000
v -0.01000000 0.00050000 -0.00070000
v -0.01000000 0.00050000 0.00550000
v -0.00958310 -0.00243502 -0.00070000
v -0.01000000 -0.02100000 -0.00070000
v -0.01000000 0.00050000 -0.00070000
v -0.00626991 0.00325000 -0.00070000
v -0.00709665 0.00309261 -0.00070000
v -0.00814503 0.00414058 -0.00070000
v -0.00814503 0.00414058 -0.00070000
v -0.00709665 0.00309261 -0.00070000
v -0.00914058 0.00314503 -0.00070000
v 0.00745808 -0.00425000 -0.00070000
v -0.00562108 -0.02200000 -0.00070000
v -0.00737556 -0.00425000 -0.00070000
v -0.00737556 -0.00425000 -0.00070000
v -0.00562108 -0.02200000 -0.00070000
v -0.00900000 -0.02200000 -0.00070000
v -0.00737556 -0.00425000 -0.00070000
v -0.00900000 -0.02200000 -0.00070000
v -0.00837190 -0.00401737 -0.00070000
v -0.00837190 -0.00401737 -0.00070000
v -0.00900000 -0.02200000 -0.00070000
v -0.01000000 -0.02100000 -0.00070000
v -0.00837190 -0.00401737 -0.00070000
v -0.01000000 -0.02100000 -0.00070000
v -0.00916223 -0.00336759 -0.00070000
v -0.00916223 -0.00336759 -0.00070000
v -0.01000000 -0.02100000 -0.00070000
v -0.00958310 -0.00243502 -0.00070000
v -0.00709665 0.00309261 -0.00070000
v -0.00780772 0.00264245 -0.00070000
v -0.00914058 0.00314503 -0.00070000
v -0.00914058 0.00314503 -0.00070000
v -0.00780772 0.00264245 -0.00070000
v -0.00830365 0.00196250 -0.00070000
v -0.00914058 0.00314503 -0.00070000
v -0.00830365 0.00196250 -0.00070000
v -0.00977975 0.00189058 -0.00070000
v -0.00977975 0.00189058 -0.00070000
v -0.00830365 0.00196250 -0.00070000
v -0.00900066 0.00030267 -0.00070000
v -0.00977975 0.00189058 -0.00070000
v -0.00900066 0.00030267 -0.00070000
v -0.01000000 0.00050000 -0.00070000
v -0.01000000 0.00050000 -0.00070000
v -0.00900066 0.00030267 -0.00070000
v -0.00954750 -0.00141250 -0.00070000
v -0.01000000 0.00050000 -0.00070000
v -0.00954750 -0.00141250 -0.00070000
v -0.00958310 -0.00243502 -0.00070000
v -0.00814503 0.00414058 -0.00070000
v -0.00689058 0.00477975 -0.00070000
v -0.00626991 0.00325000 -0.00070000
v -0.00626991 0.00325000 -0.00070000
v -0.00689058 0.00477975 -0.00070000
v -0.00550000 0.00500000 -0.00070000
v -0.00626991 0.00325000 -0.00070000
v -0.00550000 0.00500000 -0.00070000
v 0.00893038 0.00325000 -0.00070000
v 0.00893038 0.00325000 -0.00070000
v -0.00550000 0.00500000 -0.00070000
v 0.00536843 0.00500000 -0.00070000
v 0.00893038 0.00325000 -0.00070000
v 0.00536843 0.00500000 -0.00070000
v 0.00802044 0.00413549 -0.00070000
v 0.00802044 0.00413549 -0.00070000
v 0.00536843 0.00500000 -0.00070000
v 0.00676311 0.00477842 -0.00070000
v -0.00900000 -0.02200000 0.03450000
v -0.01000000 -0.02100000 0.03450000
v -0.00900000 -0.02200000 -0.00070000
v -0.00900000 -0.02200000 -0.00070000
v -0.01000000 -0.02100000 0.03450000
v -0.01000000 -0.02100000 -0.00070000
v -0.00927290 -0.02100000 0.03736295
v -0.00830365 -0.00545944 0.03868074
v -0.00840034 -0.00544021 0.03857885
v -0.00759202 -0.00567083 0.03930597
v -0.00824106 -0.02092660 0.03874421
v -0.00716623 -0.00583647 0.03959657
v -0.00716623 -0.00583647 0.03959657
v -0.00824106 -0.02092660 0.03874421
v -0.00804658 -0.02087658 0.03893003
v -0.00804658 -0.02087658 0.03893003
v -0.00775116 -0.02078487 0.03918282
v -0.00716623 -0.00583647 0.03959657
v -0.00716623 -0.00583647 0.03959657
v -0.00775116 -0.02078487 0.03918282
v -0.00717723 -0.02056807 0.03958972
v -0.00716623 -0.00583647 0.03959657
v -0.00717723 -0.02056807 0.03958972
v -0.00685870 -0.00596781 0.03977521
v -0.00927290 -0.02100000 0.03736295
v -0.00880000 -0.02100000 0.03810000
v -0.00830365 -0.00545944 0.03868074
v -0.00830365 -0.00545944 0.03868074
v -0.00880000 -0.02100000 0.03810000
v -0.00830365 -0.02094056 0.03868074
v -0.00830365 -0.00545944 0.03868074
v -0.00830365 -0.02094056 0.03868074
v -0.00824041 -0.00547355 0.03874487
v -0.00824041 -0.00547355 0.03874487
v -0.00830365 -0.02094056 0.03868074
v -0.00824106 -0.02092660 0.03874421
v -0.00824041 -0.00547355 0.03874487
v -0.00824106 -0.02092660 0.03874421
v -0.00775116 -0.00561513 0.03918282
v -0.00775116 -0.00561513 0.03918282
v -0.00824106 -0.02092660 0.03874421
v -0.00759202 -0.00567083 0.03930597
v -0.00592777 -0.00640495 0.04018188
v -0.00655399 -0.02029468 0.03992928
v -0.00599465 -0.02002793 0.04015874
v -0.00592777 -0.00640495 0.04018188
v -0.00599465 -0.02002793 0.04015874
v -0.00541859 -0.00666044 0.04032989
v -0.00717723 -0.02056807 0.03958972
v -0.00685808 -0.02043191 0.03977555
v -0.00685870 -0.00596781 0.03977521
v -0.00685870 -0.00596781 0.03977521
v -0.00685808 -0.02043191 0.03977555
v -0.00655399 -0.02029468 0.03992928
v -0.00685870 -0.00596781 0.03977521
v -0.00655399 -0.02029468 0.03992928
v -0.00655399 -0.00610532 0.03992928
v -0.00655399 -0.00610532 0.03992928
v -0.00655399 -0.02029468 0.03992928
v -0.00592777 -0.00640495 0.04018188
v -0.00599465 -0.02002793 0.04015874
v -0.00524411 -0.01965028 0.04036960
v -0.00541859 -0.00666044 0.04032989
v -0.00541859 -0.00666044 0.04032989
v -0.00524411 -0.01965028 0.04036960
v -0.00475387 -0.01939614 0.04045245
v -0.00541859 -0.00666044 0.04032989
v -0.00475387 -0.01939614 0.04045245
v -0.00465049 -0.00705792 0.04046464
v -0.00465049 -0.00705792 0.04046464
v -0.00475387 -0.01939614 0.04045245
v -0.00400000 -0.01900000 0.04050000
v -0.00465049 -0.00705792 0.04046464
v -0.00400000 -0.01900000 0.04050000
v -0.00400000 -0.00740000 0.04050000
v -0.01000000 -0.00540000 0.03450000
v -0.01000000 -0.02100000 0.03450000
v -0.00986889 -0.02100000 0.03574747
v -0.00840034 -0.00544021 0.03857885
v -0.00880000 -0.00540000 0.03810000
v -0.00927290 -0.02100000 0.03736295
v -0.00927290 -0.02100000 0.03736295
v -0.00880000 -0.00540000 0.03810000
v -0.00927290 -0.00540000 0.03736295
v -0.00927290 -0.02100000 0.03736295
v -0.00927290 -0.00540000 0.03736295
v -0.00945629 -0.02100000 0.03699577
v -0.00945629 -0.02100000 0.03699577
v -0.00927290 -0.00540000 0.03736295
v -0.00945629 -0.00540000 0.03699577
v -0.00945629 -0.02100000 0.03699577
v -0.00945629 -0.00540000 0.03699577
v -0.00986250 -0.02100000 0.03577716
v -0.00986250 -0.02100000 0.03577716
v -0.00945629 -0.00540000 0.03699577
v -0.00986250 -0.00540000 0.03577716
v -0.00986250 -0.02100000 0.03577716
v -0.00986250 -0.00540000 0.03577716
v -0.00986889 -0.02100000 0.03574747
v -0.00986889 -0.02100000 0.03574747
v -0.00986250 -0.00540000 0.03577716
v -0.00986889 -0.00540000 0.03574747
v -0.00986889 -0.02100000 0.03574747
v -0.00986889 -0.00540000 0.03574747
v -0.01000000 -0.00540000 0.03450000
v -0.00276537 -0.00440000 0.01934776
v -0.00341421 -0.00440000 0.01891421
v -0.00900000 -0.00440000 0.03450000
v -0.00854691 -0.00440000 0.03657981
v -0.00800000 -0.00440000 0.03750000
v 0.00000000 -0.00440000 0.03750000
v -0.00854691 -0.00440000 0.03657981
v 0.00000000 -0.00440000 0.03750000
v -0.00888541 -0.00440000 0.03556430
v -0.00326314 -0.00440000 0.01125000
v -0.00238909 -0.00440000 0.01011091
v -0.00900000 -0.00440000 0.00600000
v -0.00000000 -0.00440000 0.02050000
v -0.00013397 -0.00440000 0.02000000
v -0.00050000 -0.00440000 0.01963397
v -0.00326314 -0.00440000 0.01125000
v -0.00900000 -0.00440000 0.00600000
v -0.00381259 -0.00440000 0.01257650
v -0.00238909 -0.00440000 0.01011091
v -0.00125000 -0.00440000 0.00923686
v -0.00900000 -0.00440000 0.00600000
v -0.00900000 -0.00440000 0.00600000
v -0.00125000 -0.00440000 0.00923686
v 0.00007650 -0.00440000 0.00868741
v -0.00900000 -0.00440000 0.00600000
v 0.00007650 -0.00440000 0.00868741
v 0.00437903 -0.00440000 0.00600000
v 0.00437903 -0.00440000 0.00600000
v 0.00007650 -0.00440000 0.00868741
v 0.00150000 -0.00440000 0.00850000
v 0.00437903 -0.00440000 0.00600000
v 0.00150000 -0.00440000 0.00850000
v 0.00437903 -0.00440000 0.00850000
v -0.00276537 -0.00440000 0.01934776
v -0.00900000 -0.00440000 0.03450000
v -0.00200000 -0.00440000 0.01950000
v -0.00050000 -0.00440000 0.01963397
v -0.00100000 -0.00440000 0.01950000
v -0.00000000 -0.00440000 0.02050000
v -0.00000000 -0.00440000 0.02050000
v -0.00100000 -0.00440000 0.01950000
v -0.00200000 -0.00440000 0.01950000
v -0.00000000 -0.00440000 0.02050000
v -0.00200000 -0.00440000 0.01950000
v 0.00000000 -0.00440000 0.03750000
v 0.00000000 -0.00440000 0.03750000
v -0.00200000 -0.00440000 0.01950000
v -0.00900000 -0.00440000 0.03450000
v 0.00000000 -0.00440000 0.03750000
v -0.00900000 -0.00440000 0.03450000
v -0.00888541 -0.00440000 0.03556430
v -0.00341421 -0.00440000 0.01891421
v -0.00384776 -0.00440000 0.01826537
v -0.00900000 -0.00440000 0.03450000
v -0.00900000 -0.00440000 0.03450000
v -0.00384776 -0.00440000 0.01826537
v -0.00400000 -0.00440000 0.01750000
v -0.00900000 -0.00440000 0.03450000
v -0.00400000 -0.00440000 0.01750000
v -0.00900000 -0.00440000 0.00600000
v -0.00900000 -0.00440000 0.00600000
v -0.00400000 -0.00440000 0.01750000
v -0.00400000 -0.00440000 0.01400000
v -0.00900000 -0.00440000 0.00600000
v -0.00400000 -0.00440000 0.01400000
v -0.00381259 -0.00440000 0.01257650
v -0.00811769 0.00180000 0.00600000
v -0.00731404 0.00275776 0.00600000
v -0.00785114 0.00373607 0.00600000
v 0.00584731 -0.00559313 0.00600000
v 0.00858863 -0.00187282 0.00600000
v 0.00583340 -0.00553282 0.00600000
v 0.00583340 -0.00553282 0.00600000
v 0.00858863 -0.00187282 0.00600000
v 0.00553737 -0.00494697 0.00600000
v -0.00785114 0.00373607 0.00600000
v -0.00731404 0.00275776 0.00600000
v -0.00673607 0.00430423 0.00600000
v -0.00673607 0.00430423 0.00600000
v -0.00731404 0.00275776 0.00600000
v -0.00623127 0.00338289 0.00600000
v -0.00673607 0.00430423 0.00600000
v -0.00623127 0.00338289 0.00600000
v -0.00550000 0.00450000 0.00600000
v 0.00858863 -0.00187282 0.00600000
v 0.00916548 -0.00075795 0.00600000
v 0.00854531 -0.00062513 0.00600000
v -0.00623127 0.00338289 0.00600000
v -0.00500000 0.00360000 0.00600000
v -0.00550000 0.00450000 0.00600000
v -0.00550000 0.00450000 0.00600000
v -0.00500000 0.00360000 0.00600000
v -0.00376873 0.00338289 0.00600000
v -0.00550000 0.00450000 0.00600000
v -0.00376873 0.00338289 0.00600000
v 0.00536843 0.00450000 0.00600000
v 0.00536843 0.00450000 0.00600000
v -0.00376873 0.00338289 0.00600000
v -0.00268596 0.00275776 0.00600000
v 0.00536843 0.00450000 0.00600000
v -0.00268596 0.00275776 0.00600000
v -0.00188231 0.00180000 0.00600000
v 0.00437903 -0.00440000 0.00600000
v -0.00188231 -0.00180000 0.00600000
v -0.00268596 -0.00275776 0.00600000
v -0.00731404 -0.00275776 0.00600000
v -0.00811769 -0.00180000 0.00600000
v -0.00900000 -0.00440000 0.00600000
v -0.00900000 -0.00440000 0.00600000
v -0.00811769 -0.00180000 0.00600000
v -0.00950000 0.00050000 0.00600000
v -0.00900000 -0.00440000 0.00600000
v -0.00950000 0.00050000 0.00600000
v -0.00950000 -0.00490000 0.00600000
v -0.00268596 -0.00275776 0.00600000
v -0.00376873 -0.00338289 0.00600000
v 0.00437903 -0.00440000 0.00600000
v 0.00437903 -0.00440000 0.00600000
v -0.00376873 -0.00338289 0.00600000
v -0.00500000 -0.00360000 0.00600000
v 0.00437903 -0.00440000 0.00600000
v -0.00500000 -0.00360000 0.00600000
v -0.00900000 -0.00440000 0.00600000
v -0.00900000 -0.00440000 0.00600000
v -0.00500000 -0.00360000 0.00600000
v -0.00623127 -0.00338289 0.00600000
v -0.00900000 -0.00440000 0.00600000
v -0.00623127 -0.00338289 0.00600000
v -0.00731404 -0.00275776 0.00600000
v 0.00854531 -0.00062513 0.00600000
v 0.00916548 -0.00075795 0.00600000
v 0.00854531 0.00062513 0.00600000
v 0.00854531 0.00062513 0.00600000
v 0.00916548 -0.00075795 0.00600000
v 0.00936838 0.00048081 0.00600000
v 0.00854531 0.00062513 0.00600000
v 0.00936838 0.00048081 0.00600000
v 0.00811769 0.00180000 0.00600000
v 0.00501952 -0.00454362 0.00600000
v 0.00553737 -0.00494697 0.00600000
v 0.00731404 -0.00275776 0.00600000
v 0.00731404 -0.00275776 0.00600000
v 0.00553737 -0.00494697 0.00600000
v 0.00858863 -0.00187282 0.00600000
v 0.00731404 -0.00275776 0.00600000
v 0.00858863 -0.00187282 0.00600000
v 0.00811769 -0.00180000 0.00600000
v 0.00811769 -0.00180000 0.00600000
v 0.00858863 -0.00187282 0.00600000
v 0.00854531 -0.00062513 0.00600000
v 0.00936838 0.00048081 0.00600000
v 0.00917737 0.00172146 0.00600000
v 0.00811769 0.00180000 0.00600000
v 0.00811769 0.00180000 0.00600000
v 0.00917737 0.00172146 0.00600000
v 0.00861125 0.00284182 0.00600000
v 0.00811769 0.00180000 0.00600000
v 0.00861125 0.00284182 0.00600000
v 0.00731404 0.00275776 0.00600000
v 0.00731404 0.00275776 0.00600000
v 0.00861125 0.00284182 0.00600000
v 0.00772577 0.00373155 0.00600000
v 0.00731404 0.00275776 0.00600000
v 0.00772577 0.00373155 0.00600000
v 0.00623127 0.00338289 0.00600000
v 0.00623127 0.00338289 0.00600000
v 0.00772577 0.00373155 0.00600000
v 0.00660814 0.00430304 0.00600000
v 0.00623127 0.00338289 0.00600000
v 0.00660814 0.00430304 0.00600000
v 0.00500000 0.00360000 0.00600000
v 0.00500000 0.00360000 0.00600000
v 0.00660814 0.00430304 0.00600000
v 0.00536843 0.00450000 0.00600000
v 0.00500000 0.00360000 0.00600000
v 0.00536843 0.00450000 0.00600000
v 0.00376873 0.00338289 0.00600000
v 0.00376873 0.00338289 0.00600000
v 0.00536843 0.00450000 0.00600000
v -0.00188231 0.00180000 0.00600000
v 0.00376873 0.00338289 0.00600000
v -0.00188231 0.00180000 0.00600000
v 0.00268596 0.00275776 0.00600000
v -0.00811769 -0.00180000 0.00600000
v -0.00854531 -0.00062513 0.00600000
v -0.00950000 0.00050000 0.00600000
v -0.00950000 0.00050000 0.00600000
v -0.00854531 -0.00062513 0.00600000
v -0.00854531 0.00062513 0.00600000
v -0.00950000 0.00050000 0.00600000
v -0.00854531 0.00062513 0.00600000
v -0.00930423 0.00173607 0.00600000
v -0.00930423 0.00173607 0.00600000
v -0.00854531 0.00062513 0.00600000
v -0.00811769 0.00180000 0.00600000
v -0.00930423 0.00173607 0.00600000
v -0.00811769 0.00180000 0.00600000
v -0.00873607 0.00285114 0.00600000
v -0.00873607 0.00285114 0.00600000
v -0.00811769 0.00180000 0.00600000
v -0.00785114 0.00373607 0.00600000
v 0.00188231 -0.00180000 0.00600000
v 0.00145469 -0.00062513 0.00600000
v -0.00188231 -0.00180000 0.00600000
v 0.00731404 -0.00275776 0.00600000
v 0.00623127 -0.00338289 0.00600000
v 0.00501952 -0.00454362 0.00600000
v 0.00501952 -0.00454362 0.00600000
v 0.00623127 -0.00338289 0.00600000
v 0.00500000 -0.00360000 0.00600000
v 0.00501952 -0.00454362 0.00600000
v 0.00500000 -0.00360000 0.00600000
v 0.00437903 -0.00440000 0.00600000
v 0.00437903 -0.00440000 0.00600000
v 0.00500000 -0.00360000 0.00600000
v 0.00376873 -0.00338289 0.00600000
v 0.00437903 -0.00440000 0.00600000
v 0.00376873 -0.00338289 0.00600000
v -0.00188231 -0.00180000 0.00600000
v -0.00188231 -0.00180000 0.00600000
v 0.00376873 -0.00338289 0.00600000
v 0.00268596 -0.00275776 0.00600000
v -0.00188231 -0.00180000 0.00600000
v 0.00268596 -0.00275776 0.00600000
v 0.00188231 -0.00180000 0.00600000
v 0.00268596 0.00275776 0.00600000
v -0.00188231 0.00180000 0.00600000
v 0.00188231 0.00180000 0.00600000
v 0.00188231 0.00180000 0.00600000
v -0.00188231 0.00180000 0.00600000
v -0.00145469 0.00062513 0.00600000
v 0.00188231 0.00180000 0.00600000
v -0.00145469 0.00062513 0.00600000
v 0.00145469 0.00062513 0.00600000
v 0.00145469 0.00062513 0.00600000
v -0.00145469 0.00062513 0.00600000
v 0.00145469 -0.00062513 0.00600000
v 0.00145469 -0.00062513 0.00600000
v -0.00145469 0.00062513 0.00600000
v -0.00145469 -0.00062513 0.00600000
v 0.00145469 -0.00062513 0.00600000
v -0.00145469 -0.00062513 0.00600000
v -0.00188231 -0.00180000 0.00600000
v 0.00536843 0.00500000 -0.00070000
v -0.00550000 0.00500000 -0.00070000
v 0.00536843 0.00500000 0.00550000
v 0.00536843 0.00500000 0.00550000
v -0.00550000 0.00500000 -0.00070000
v -0.00550000 0.00500000 0.00550000
v -0.00550000 0.00450000 0.00600000
v -0.00550000 0.00500000 0.00550000
v -0.00689058 0.00477975 0.00550000
v -0.00550000 0.00450000 0.00600000
v -0.00689058 0.00477975 0.00550000
v -0.00673607 0.00430423 0.00600000
v -0.00673607 0.00430423 0.00600000
v -0.00689058 0.00477975 0.00550000
v -0.00814503 0.00414058 0.00550000
v -0.00673607 0.00430423 0.00600000
v -0.00814503 0.00414058 0.00550000
v -0.00785114 0.00373607 0.00600000
v -0.00785114 0.00373607 0.00600000
v -0.00814503 0.00414058 0.00550000
v -0.00914058 0.00314503 0.00550000
v -0.00785114 0.00373607 0.00600000
v -0.00914058 0.00314503 0.00550000
v -0.00873607 0.00285114 0.00600000
v -0.00873607 0.00285114 0.00600000
v -0.00914058 0.00314503 0.00550000
v -0.00977975 0.00189058 0.00550000
v -0.00873607 0.00285114 0.00600000
v -0.00977975 0.00189058 0.00550000
v -0.00930423 0.00173607 0.00600000
v -0.00930423 0.00173607 0.00600000
v -0.00977975 0.00189058 0.00550000
v -0.01000000 0.00050000 0.00550000
v -0.00930423 0.00173607 0.00600000
v -0.01000000 0.00050000 0.00550000
v -0.00950000 0.00050000 0.00600000
v -0.00930617 -0.00147778 -0.00045000
v -0.00954750 -0.00141250 -0.00070000
v -0.00876608 0.00021622 -0.00045000
v -0.00876608 0.00021622 -0.00045000
v -0.00954750 -0.00141250 -0.00070000
v -0.00900066 0.00030267 -0.00070000
v -0.00876608 0.00021622 -0.00045000
v -0.00900066 0.00030267 -0.00070000
v -0.00807768 0.00185556 -0.00045000
v -0.00807768 0.00185556 -0.00045000
v -0.00900066 0.00030267 -0.00070000
v -0.00830365 0.00196250 -0.00070000
v -0.00807768 0.00185556 -0.00045000
v -0.00830365 0.00196250 -0.00070000
v -0.00763686 0.00245995 -0.00045000
v -0.00763686 0.00245995 -0.00045000
v -0.00830365 0.00196250 -0.00070000
v -0.00780772 0.00264245 -0.00070000
v -0.00763686 0.00245995 -0.00045000
v -0.00780772 0.00264245 -0.00070000
v -0.00700479 0.00286009 -0.00045000
v -0.00700479 0.00286009 -0.00045000
v -0.00780772 0.00264245 -0.00070000
v -0.00709665 0.00309261 -0.00070000
v -0.00700479 0.00286009 -0.00045000
v -0.00709665 0.00309261 -0.00070000
v -0.00626991 0.00300000 -0.00045000
v -0.00626991 0.00300000 -0.00045000
v -0.00709665 0.00309261 -0.00070000
v -0.00626991 0.00325000 -0.00070000
v 0.00911008 0.00300000 -0.00045000
v -0.00626991 0.00300000 -0.00045000
v 0.00902237 0.00312654 -0.00057654
v 0.00902237 0.00312654 -0.00057654
v -0.00626991 0.00300000 -0.00045000
v -0.00626991 0.00325000 -0.00070000
v 0.00902237 0.00312654 -0.00057654
v -0.00626991 0.00325000 -0.00070000
v 0.00893038 0.00325000 -0.00070000
v 0.00911008 0.00300000 -0.00000000
v 0.00911008 0.00300000 -0.00045000
v 0.00902237 0.00312654 -0.00057654
v 0.00965349 0.00187414 -0.00000000
v 0.00911008 0.00300000 -0.00000000
v 0.00901660 0.00313454 0.00550000
v 0.00901660 0.00313454 0.00550000
v 0.00911008 0.00300000 -0.00000000
v 0.00902237 0.00312654 -0.00057654
v 0.00901660 0.00313454 0.00550000
v 0.00902237 0.00312654 -0.00057654
v 0.00802044 0.00413549 0.00550000
v 0.00802044 0.00413549 0.00550000
v 0.00902237 0.00312654 -0.00057654
v 0.00893038 0.00325000 -0.00070000
v 0.00901660 0.00313454 0.00550000
v 0.00965349 0.00187414 0.00550000
v 0.00965349 0.00187414 -0.00000000
v 0.00965349 0.00187414 -0.00000000
v 0.00965349 0.00187414 0.00550000
v 0.00986838 0.00047841 0.00550000
v 0.00965349 0.00187414 -0.00000000
v 0.00986838 0.00047841 0.00550000
v 0.00986838 0.00047841 -0.00000000
v 0.00986838 0.00047841 -0.00000000
v 0.00986838 0.00047841 0.00550000
v 0.00964011 -0.00091519 0.00550000
v 0.00986838 0.00047841 -0.00000000
v 0.00964011 -0.00091519 0.00550000
v 0.00964011 -0.00091519 -0.00000000
v 0.00964011 -0.00091519 -0.00000000
v 0.00964011 -0.00091519 0.00550000
v 0.00899116 -0.00216942 0.00550000
v 0.00964011 -0.00091519 -0.00000000
v 0.00899116 -0.00216942 0.00550000
v 0.00899116 -0.00216942 -0.00000000
v 0.00893038 0.00325000 -0.00070000
v 0.00802044 0.00413549 -0.00070000
v 0.00802044 0.00413549 0.00550000
v 0.00802044 0.00413549 0.00550000
v 0.00802044 0.00413549 -0.00070000
v 0.00676311 0.00477842 -0.00070000
v 0.00802044 0.00413549 0.00550000
v 0.00676311 0.00477842 -0.00070000
v 0.00676311 0.00477842 0.00550000
v 0.00676311 0.00477842 0.00550000
v 0.00676311 0.00477842 -0.00070000
v 0.00536843 0.00500000 -0.00070000
v 0.00676311 0.00477842 0.00550000
v 0.00536843 0.00500000 -0.00070000
v 0.00536843 0.00500000 0.00550000
v -0.00536848 -0.02200000 0.01825413
v -0.00526269 -0.02200000 0.01838449
v -0.00900000 -0.02200000 0.03450000
v -0.00900000 -0.02200000 -0.00070000
v -0.00562108 -0.02200000 -0.00070000
v -0.00562108 -0.02200000 0.01750000
v -0.00900000 -0.02200000 -0.00070000
v -0.00562108 -0.02200000 0.01750000
v -0.00900000 -0.02200000 0.03450000
v -0.00900000 -0.02200000 0.03450000
v -0.00562108 -0.02200000 0.01750000
v -0.00558918 -0.02200000 0.01777636
v -0.00900000 -0.02200000 0.03450000
v -0.00558918 -0.02200000 0.01777636
v -0.00536848 -0.02200000 0.01825413
v -0.00800000 -0.02200000 0.03750000
v -0.00375784 -0.02200000 0.01900000
v 0.00000000 -0.02200000 0.03750000
v 0.00000000 -0.02200000 0.03750000
v -0.00375784 -0.02200000 0.01900000
v -0.00212132 -0.02200000 0.01900000
v 0.00000000 -0.02200000 0.03750000
v -0.00212132 -0.02200000 0.01900000
v -0.00161395 -0.02200000 0.01904353
v -0.00526269 -0.02200000 0.01838449
v -0.00468662 -0.02200000 0.01880036
v -0.00900000 -0.02200000 0.03450000
v -0.00900000 -0.02200000 0.03450000
v -0.00468662 -0.02200000 0.01880036
v -0.00461450 -0.02200000 0.01883206
v -0.00900000 -0.02200000 0.03450000
v -0.00461450 -0.02200000 0.01883206
v -0.00888541 -0.02200000 0.03556430
v -0.00888541 -0.02200000 0.03556430
v -0.00461450 -0.02200000 0.01883206
v -0.00375784 -0.02200000 0.01900000
v -0.00888541 -0.02200000 0.03556430
v -0.00375784 -0.02200000 0.01900000
v -0.00854691 -0.02200000 0.03657981
v -0.00854691 -0.02200000 0.03657981
v -0.00375784 -0.02200000 0.01900000
v -0.00800000 -0.02200000 0.03750000
v -0.00161395 -0.02200000 0.01904353
v -0.00131820 -0.02200000 0.01911166
v 0.00000000 -0.02200000 0.03750000
v 0.00000000 -0.02200000 0.03750000
v -0.00131820 -0.02200000 0.01911166
v -0.00079473 -0.02200000 0.01932950
v 0.00000000 -0.02200000 0.03750000
v -0.00079473 -0.02200000 0.01932950
v 0.00000000 -0.02200000 0.02050000
v 0.00000000 -0.02200000 0.02050000
v -0.00079473 -0.02200000 0.01932950
v -0.00056739 -0.02200000 0.01947890
v 0.00000000 -0.02200000 0.02050000
v -0.00056739 -0.02200000 0.01947890
v -0.00013244 -0.02200000 0.01997829
v -0.00359747 -0.01925372 0.01400000
v -0.00359747 -0.01925372 0.01750000
v -0.00562108 -0.02200000 0.01750000
v 0.00745808 -0.00425000 -0.00070000
v 0.00764229 -0.00400000 -0.00045000
v -0.00562108 -0.02200000 -0.00070000
v -0.00562108 -0.02200000 -0.00070000
v 0.00764229 -0.00400000 -0.00045000
v 0.00764229 -0.00400000 -0.00000000
v -0.00562108 -0.02200000 -0.00070000
v -0.00349600 -0.01911601 0.01294837
v -0.00562108 -0.02200000 0.01750000
v -0.00562108 -0.02200000 0.01750000
v -0.00349600 -0.01911601 0.01294837
v -0.00357098 -0.01921776 0.01346091
v -0.00562108 -0.02200000 0.01750000
v -0.00357098 -0.01921776 0.01346091
v -0.00359747 -0.01925372 0.01400000
v -0.00267056 -0.01799578 0.01094436
v -0.00313195 -0.01862195 0.01178549
v -0.00562108 -0.02200000 -0.00070000
v -0.00267056 -0.01799578 0.01094436
v -0.00562108 -0.02200000 -0.00070000
v -0.00257785 -0.01786997 0.01080998
v -0.00313195 -0.01862195 0.01178549
v -0.00319390 -0.01870603 0.01193205
v -0.00562108 -0.02200000 -0.00070000
v -0.00562108 -0.02200000 -0.00070000
v -0.00319390 -0.01870603 0.01193205
v -0.00336065 -0.01893232 0.01240343
v -0.00562108 -0.02200000 -0.00070000
v -0.00336065 -0.01893232 0.01240343
v -0.00349600 -0.01911601 0.01294837
v 0.00190253 -0.01178956 0.00850000
v 0.00170432 -0.01205855 0.00850357
v -0.00562108 -0.02200000 -0.00070000
v 0.00170432 -0.01205855 0.00850357
v 0.00082953 -0.01324574 0.00860568
v -0.00562108 -0.02200000 -0.00070000
v -0.00562108 -0.02200000 -0.00070000
v 0.00082953 -0.01324574 0.00860568
v 0.00042477 -0.01379505 0.00870226
v -0.00562108 -0.02200000 -0.00070000
v 0.00042477 -0.01379505 0.00870226
v -0.00020223 -0.01464597 0.00891866
v -0.00020223 -0.01464597 0.00891866
v -0.00076766 -0.01541332 0.00919166
v -0.00562108 -0.02200000 -0.00070000
v -0.00562108 -0.02200000 -0.00070000
v -0.00076766 -0.01541332 0.00919166
v -0.00115311 -0.01593642 0.00942692
v -0.00562108 -0.02200000 -0.00070000
v -0.00115311 -0.01593642 0.00942692
v -0.00158664 -0.01652477 0.00974844
v 0.00899116 -0.00216942 -0.00000000
v 0.00899116 -0.00216942 0.00550000
v 0.00764229 -0.00400000 -0.00000000
v 0.00764229 -0.00400000 -0.00000000
v 0.00899116 -0.00216942 0.00550000
v 0.00558661 -0.00678981 0.00550000
v 0.00764229 -0.00400000 -0.00000000
v 0.00558661 -0.00678981 0.00550000
v -0.00562108 -0.02200000 -0.00070000
v -0.00562108 -0.02200000 -0.00070000
v 0.00558661 -0.00678981 0.00550000
v 0.00558661 -0.00678981 0.00850000
v -0.00562108 -0.02200000 -0.00070000
v 0.00558661 -0.00678981 0.00850000
v 0.00190253 -0.01178956 0.00850000
v -0.00158664 -0.01652477 0.00974844
v -0.00176658 -0.01676898 0.00990273
v -0.00562108 -0.02200000 -0.00070000
v -0.00562108 -0.02200000 -0.00070000
v -0.00176658 -0.01676898 0.00990273
v -0.00198656 -0.01706752 0.01011091
v -0.00562108 -0.02200000 -0.00070000
v -0.00198656 -0.01706752 0.01011091
v -0.00257785 -0.01786997 0.01080998
v -0.00737556 -0.00425000 -0.00070000
v -0.00737556 -0.00400000 -0.00045000
v 0.00745808 -0.00425000 -0.00070000
v 0.00745808 -0.00425000 -0.00070000
v -0.00737556 -0.00400000 -0.00045000
v 0.00764229 -0.00400000 -0.00045000
v -0.00737556 -0.00400000 -0.00045000
v -0.00737556 -0.00425000 -0.00070000
v -0.00826120 -0.00379322 -0.00045000
v -0.00826120 -0.00379322 -0.00045000
v -0.00737556 -0.00425000 -0.00070000
v -0.00837190 -0.00401737 -0.00070000
v -0.00826120 -0.00379322 -0.00045000
v -0.00837190 -0.00401737 -0.00070000
v -0.00896371 -0.00321564 -0.00045000
v -0.00896371 -0.00321564 -0.00045000
v -0.00837190 -0.00401737 -0.00070000
v -0.00916223 -0.00336759 -0.00070000
v -0.00896371 -0.00321564 -0.00045000
v -0.00916223 -0.00336759 -0.00070000
v -0.00933782 -0.00238669 -0.00045000
v -0.00933782 -0.00238669 -0.00045000
v -0.00916223 -0.00336759 -0.00070000
v -0.00958310 -0.00243502 -0.00070000
v -0.00933782 -0.00238669 -0.00045000
v -0.00958310 -0.00243502 -0.00070000
v -0.00930617 -0.00147778 -0.00045000
v -0.00930617 -0.00147778 -0.00045000
v -0.00958310 -0.00243502 -0.00070000
v -0.00954750 -0.00141250 -0.00070000
v -0.01000000 -0.00540000 0.03450000
v -0.00986889 -0.00540000 0.03574747
v -0.00900000 -0.00440000 0.03450000
v -0.00900000 -0.00440000 0.03450000
v -0.00986889 -0.00540000 0.03574747
v -0.00888541 -0.00440000 0.03556430
v -0.00880000 -0.00540000 0.03810000
v -0.00800000 -0.00440000 0.03750000
v -0.00927290 -0.00540000 0.03736295
v -0.00927290 -0.00540000 0.03736295
v -0.00800000 -0.00440000 0.03750000
v -0.00854691 -0.00440000 0.03657981
v -0.00927290 -0.00540000 0.03736295
v -0.00854691 -0.00440000 0.03657981
v -0.00945629 -0.00540000 0.03699577
v -0.00945629 -0.00540000 0.03699577
v -0.00854691 -0.00440000 0.03657981
v -0.00888541 -0.00440000 0.03556430
v -0.00945629 -0.00540000 0.03699577
v -0.00888541 -0.00440000 0.03556430
v -0.00986250 -0.00540000 0.03577716
v -0.00986250 -0.00540000 0.03577716
v -0.00888541 -0.00440000 0.03556430
v -0.00986889 -0.00540000 0.03574747
v -0.00800000 -0.00440000 0.03750000
v -0.00880000 -0.00540000 0.03810000
v -0.00783106 -0.00441705 0.03781942
v -0.00783106 -0.00441705 0.03781942
v -0.00880000 -0.00540000 0.03810000
v -0.00840034 -0.00544021 0.03857885
v -0.00783106 -0.00441705 0.03781942
v -0.00840034 -0.00544021 0.03857885
v -0.00758637 -0.00448915 0.03822593
v -0.00840034 -0.00544021 0.03857885
v -0.00830365 -0.00545944 0.03868074
v -0.00758637 -0.00448915 0.03822593
v -0.00758637 -0.00448915 0.03822593
v -0.00830365 -0.00545944 0.03868074
v -0.00824041 -0.00547355 0.03874487
v -0.00758637 -0.00448915 0.03822593
v -0.00824041 -0.00547355 0.03874487
v -0.00728318 -0.00463190 0.03865656
v -0.00728318 -0.00463190 0.03865656
v -0.00824041 -0.00547355 0.03874487
v -0.00775116 -0.00561513 0.03918282
v -0.00728318 -0.00463190 0.03865656
v -0.00775116 -0.00561513 0.03918282
v -0.00712597 -0.00472269 0.03885353
v -0.00712597 -0.00472269 0.03885353
v -0.00775116 -0.00561513 0.03918282
v -0.00759202 -0.00567083 0.03930597
v -0.00712597 -0.00472269 0.03885353
v -0.00759202 -0.00567083 0.03930597
v -0.00678401 -0.00494894 0.03922985
v -0.00678401 -0.00494894 0.03922985
v -0.00759202 -0.00567083 0.03930597
v -0.00716623 -0.00583647 0.03959657
v -0.00678401 -0.00494894 0.03922985
v -0.00716623 -0.00583647 0.03959657
v -0.00659031 -0.00509078 0.03941507
v -0.00659031 -0.00509078 0.03941507
v -0.00716623 -0.00583647 0.03959657
v -0.00685870 -0.00596781 0.03977521
v -0.00659031 -0.00509078 0.03941507
v -0.00685870 -0.00596781 0.03977521
v -0.00597170 -0.00558970 0.03989224
v -0.00400000 -0.00740000 0.04050000
v -0.00454207 -0.00688688 0.04045579
v -0.00465049 -0.00705792 0.04046464
v -0.00465049 -0.00705792 0.04046464
v -0.00454207 -0.00688688 0.04045579
v -0.00505878 -0.00640423 0.04032992
v -0.00465049 -0.00705792 0.04046464
v -0.00505878 -0.00640423 0.04032992
v -0.00541859 -0.00666044 0.04032989
v -0.00541859 -0.00666044 0.04032989
v -0.00505878 -0.00640423 0.04032992
v -0.00560647 -0.00590742 0.04010234
v -0.00541859 -0.00666044 0.04032989
v -0.00560647 -0.00590742 0.04010234
v -0.00592777 -0.00640495 0.04018188
v -0.00592777 -0.00640495 0.04018188
v -0.00560647 -0.00590742 0.04010234
v -0.00597170 -0.00558970 0.03989224
v -0.00592777 -0.00640495 0.04018188
v -0.00597170 -0.00558970 0.03989224
v -0.00655399 -0.00610532 0.03992928
v -0.00655399 -0.00610532 0.03992928
v -0.00597170 -0.00558970 0.03989224
v -0.00685870 -0.00596781 0.03977521
v 0.00050000 -0.01900000 0.04050000
v 0.00050000 -0.00740000 0.04050000
v -0.00400000 -0.01900000 0.04050000
v -0.00400000 -0.01900000 0.04050000
v 0.00050000 -0.00740000 0.04050000
v -0.00400000 -0.00740000 0.04050000
v -0.00428529 -0.01927048 0.04048778
v -0.00400000 -0.01900000 0.04050000
v -0.00475387 -0.01939614 0.04045245
v -0.00880000 -0.02100000 0.03810000
v -0.00800000 -0.02200000 0.03750000
v -0.00830365 -0.02094056 0.03868074
v -0.00830365 -0.02094056 0.03868074
v -0.00800000 -0.02200000 0.03750000
v -0.00758637 -0.02191085 0.03822593
v -0.00775116 -0.02078487 0.03918282
v -0.00804658 -0.02087658 0.03893003
v -0.00746328 -0.02185881 0.03840951
v -0.00746328 -0.02185881 0.03840951
v -0.00804658 -0.02087658 0.03893003
v -0.00758637 -0.02191085 0.03822593
v -0.00758637 -0.02191085 0.03822593
v -0.00804658 -0.02087658 0.03893003
v -0.00824106 -0.02092660 0.03874421
v -0.00758637 -0.02191085 0.03822593
v -0.00824106 -0.02092660 0.03874421
v -0.00830365 -0.02094056 0.03868074
v -0.00663852 -0.02134530 0.03937071
v -0.00612833 -0.02094202 0.03978660
v -0.00655399 -0.02029468 0.03992928
v -0.00655399 -0.02029468 0.03992928
v -0.00612833 -0.02094202 0.03978660
v -0.00586783 -0.02072134 0.03995703
v -0.00655399 -0.02029468 0.03992928
v -0.00586783 -0.02072134 0.03995703
v -0.00599465 -0.02002793 0.04015874
v -0.00599465 -0.02002793 0.04015874
v -0.00586783 -0.02072134 0.03995703
v -0.00560647 -0.02049258 0.04010234
v -0.00599465 -0.02002793 0.04015874
v -0.00560647 -0.02049258 0.04010234
v -0.00524411 -0.01965028 0.04036960
v -0.00524411 -0.01965028 0.04036960
v -0.00560647 -0.02049258 0.04010234
v -0.00525943 -0.02018003 0.04025819
v -0.00524411 -0.01965028 0.04036960
v -0.00525943 -0.02018003 0.04025819
v -0.00475387 -0.01939614 0.04045245
v -0.00475387 -0.01939614 0.04045245
v -0.00525943 -0.02018003 0.04025819
v -0.00454207 -0.01951312 0.04045579
v -0.00475387 -0.01939614 0.04045245
v -0.00454207 -0.01951312 0.04045579
v -0.00428529 -0.01927048 0.04048778
v -0.00746328 -0.02185881 0.03840951
v -0.00712597 -0.02167731 0.03885353
v -0.00775116 -0.02078487 0.03918282
v -0.00775116 -0.02078487 0.03918282
v -0.00712597 -0.02167731 0.03885353
v -0.00684857 -0.02149636 0.03916383
v -0.00775116 -0.02078487 0.03918282
v -0.00684857 -0.02149636 0.03916383
v -0.00717723 -0.02056807 0.03958972
v -0.00717723 -0.02056807 0.03958972
v -0.00684857 -0.02149636 0.03916383
v -0.00663852 -0.02134530 0.03937071
v -0.00717723 -0.02056807 0.03958972
v -0.00663852 -0.02134530 0.03937071
v -0.00685808 -0.02043191 0.03977555
v -0.00685808 -0.02043191 0.03977555
v -0.00663852 -0.02134530 0.03937071
v -0.00655399 -0.02029468 0.03992928
v -0.00880000 -0.02100000 0.03810000
v -0.00927290 -0.02100000 0.03736295
v -0.00800000 -0.02200000 0.03750000
v -0.00800000 -0.02200000 0.03750000
v -0.00927290 -0.02100000 0.03736295
v -0.00854691 -0.02200000 0.03657981
v -0.01000000 -0.02100000 0.03450000
v -0.00900000 -0.02200000 0.03450000
v -0.00986889 -0.02100000 0.03574747
v -0.00986889 -0.02100000 0.03574747
v -0.00900000 -0.02200000 0.03450000
v -0.00888541 -0.02200000 0.03556430
v -0.00986889 -0.02100000 0.03574747
v -0.00888541 -0.02200000 0.03556430
v -0.00986250 -0.02100000 0.03577716
v -0.00986250 -0.02100000 0.03577716
v -0.00888541 -0.02200000 0.03556430
v -0.00854691 -0.02200000 0.03657981
v -0.00986250 -0.02100000 0.03577716
v -0.00854691 -0.02200000 0.03657981
v -0.00945629 -0.02100000 0.03699577
v -0.00945629 -0.02100000 0.03699577
v -0.00854691 -0.02200000 0.03657981
v -0.00927290 -0.02100000 0.03736295
v -0.00400000 -0.00740000 0.04050000
v 0.00050000 -0.00740000 0.04050000
v -0.00454207 -0.00688688 0.04045579
v -0.00454207 -0.00688688 0.04045579
v 0.00050000 -0.00740000 0.04050000
v 0.00050000 -0.00660838 0.04039367
v 0.00050000 -0.00567498 0.03995445
v -0.00560647 -0.00590742 0.04010234
v 0.00050000 -0.00660838 0.04039367
v 0.00050000 -0.00660838 0.04039367
v -0.00560647 -0.00590742 0.04010234
v -0.00505878 -0.00640423 0.04032992
v 0.00050000 -0.00660838 0.04039367
v -0.00505878 -0.00640423 0.04032992
v -0.00454207 -0.00688688 0.04045579
v -0.00758637 -0.00448915 0.03822593
v -0.00728318 -0.00463190 0.03865656
v 0.00012772 -0.00452772 0.03836603
v 0.00012772 -0.00452772 0.03836603
v -0.00728318 -0.00463190 0.03865656
v -0.00712597 -0.00472269 0.03885353
v 0.00012772 -0.00452772 0.03836603
v -0.00712597 -0.00472269 0.03885353
v 0.00050000 -0.00490000 0.03915831
v 0.00050000 -0.00490000 0.03915831
v -0.00712597 -0.00472269 0.03885353
v -0.00678401 -0.00494894 0.03922985
v 0.00050000 -0.00490000 0.03915831
v -0.00678401 -0.00494894 0.03922985
v 0.00050000 -0.00494555 0.03922502
v 0.00050000 -0.00494555 0.03922502
v -0.00678401 -0.00494894 0.03922985
v -0.00659031 -0.00509078 0.03941507
v 0.00050000 -0.00494555 0.03922502
v -0.00659031 -0.00509078 0.03941507
v 0.00050000 -0.00567498 0.03995445
v 0.00050000 -0.00567498 0.03995445
v -0.00659031 -0.00509078 0.03941507
v -0.00597170 -0.00558970 0.03989224
v 0.00050000 -0.00567498 0.03995445
v -0.00597170 -0.00558970 0.03989224
v -0.00560647 -0.00590742 0.04010234
v -0.00758637 -0.00448915 0.03822593
v 0.00012772 -0.00452772 0.03836603
v -0.00783106 -0.00441705 0.03781942
v -0.00783106 -0.00441705 0.03781942
v 0.00012772 -0.00452772 0.03836603
v 0.00000000 -0.00440000 0.03750000
v -0.00783106 -0.00441705 0.03781942
v 0.00000000 -0.00440000 0.03750000
v -0.00800000 -0.00440000 0.03750000
v 0.00050000 -0.00490000 0.02050000
v -0.00000000 -0.00440000 0.02050000
v 0.00050000 -0.00490000 0.03915831
v 0.00050000 -0.00490000 0.03915831
v -0.00000000 -0.00440000 0.02050000
v 0.00000000 -0.00440000 0.03750000
v 0.00050000 -0.00490000 0.03915831
v 0.00000000 -0.00440000 0.03750000
v 0.00012772 -0.00452772 0.03836603
v -0.00100000 -0.00440000 0.01950000
v -0.00100000 -0.00490000 0.01900000
v -0.00200000 -0.00440000 0.01950000
v -0.00200000 -0.00440000 0.01950000
v -0.00100000 -0.00490000 0.01900000
v -0.00200000 -0.00490000 0.01900000
v -0.00276537 -0.00440000 0.01934776
v -0.00200000 -0.00440000 0.01950000
v -0.00200000 -0.00490000 0.01900000
v -0.00200000 -0.00490000 0.01900000
v -0.00257403 -0.00490000 0.01888582
v -0.00276537 -0.00440000 0.01934776
v -0.00276537 -0.00440000 0.01934776
v -0.00257403 -0.00490000 0.01888582
v -0.00275000 -0.00490000 0.01879904
v -0.00276537 -0.00440000 0.01934776
v -0.00275000 -0.00490000 0.01879904
v -0.00341421 -0.00440000 0.01891421
v -0.00341421 -0.00440000 0.01891421
v -0.00275000 -0.00490000 0.01879904
v -0.00306066 -0.00490000 0.01856066
v -0.00341421 -0.00440000 0.01891421
v -0.00306066 -0.00490000 0.01856066
v -0.00384776 -0.00440000 0.01826537
v -0.00350000 -0.00490000 0.01750000
v -0.00400000 -0.00440000 0.01750000
v -0.00338582 -0.00490000 0.01807402
v -0.00338582 -0.00490000 0.01807402
v -0.00400000 -0.00440000 0.01750000
v -0.00384776 -0.00440000 0.01826537
v -0.00338582 -0.00490000 0.01807402
v -0.00384776 -0.00440000 0.01826537
v -0.00329904 -0.00490000 0.01825000
v -0.00329904 -0.00490000 0.01825000
v -0.00384776 -0.00440000 0.01826537
v -0.00306066 -0.00490000 0.01856066
v -0.00350000 -0.00490000 0.01750000
v -0.00350000 -0.00490000 0.01400000
v -0.00400000 -0.00440000 0.01750000
v -0.00400000 -0.00440000 0.01750000
v -0.00350000 -0.00490000 0.01400000
v -0.00400000 -0.00440000 0.01400000
v -0.00400000 -0.00440000 0.01400000
v -0.00350000 -0.00490000 0.01400000
v -0.00381259 -0.00440000 0.01257650
v -0.00381259 -0.00440000 0.01257650
v -0.00350000 -0.00490000 0.01400000
v -0.00332963 -0.00490000 0.01270590
v -0.00381259 -0.00440000 0.01257650
v -0.00332963 -0.00490000 0.01270590
v -0.00326314 -0.00440000 0.01125000
v 0.00150000 -0.00490000 0.00900000
v 0.00150000 -0.00440000 0.00850000
v 0.00020590 -0.00490000 0.00917037
v 0.00020590 -0.00490000 0.00917037
v 0.00150000 -0.00440000 0.00850000
v 0.00007650 -0.00440000 0.00868741
v 0.00020590 -0.00490000 0.00917037
v 0.00007650 -0.00440000 0.00868741
v -0.00100000 -0.00490000 0.00966987
v -0.00100000 -0.00490000 0.00966987
v 0.00007650 -0.00440000 0.00868741
v -0.00125000 -0.00440000 0.00923686
v -0.00100000 -0.00490000 0.00966987
v -0.00125000 -0.00440000 0.00923686
v -0.00203553 -0.00490000 0.01046447
v -0.00203553 -0.00490000 0.01046447
v -0.00125000 -0.00440000 0.00923686
v -0.00238909 -0.00440000 0.01011091
v -0.00203553 -0.00490000 0.01046447
v -0.00238909 -0.00440000 0.01011091
v -0.00283013 -0.00490000 0.01150000
v -0.00283013 -0.00490000 0.01150000
v -0.00238909 -0.00440000 0.01011091
v -0.00326314 -0.00440000 0.01125000
v -0.00283013 -0.00490000 0.01150000
v -0.00326314 -0.00440000 0.01125000
v -0.00289409 -0.00490000 0.01161421
v -0.00289409 -0.00490000 0.01161421
v -0.00326314 -0.00440000 0.01125000
v -0.00332963 -0.00490000 0.01270590
v 0.00150000 -0.00490000 0.00900000
v 0.00437903 -0.00490000 0.00900000
v 0.00150000 -0.00440000 0.00850000
v 0.00150000 -0.00440000 0.00850000
v 0.00437903 -0.00490000 0.00900000
v 0.00437903 -0.00440000 0.00850000
v 0.00437903 -0.00440000 0.00600000
v 0.00437903 -0.00440000 0.00850000
v 0.00501952 -0.00454362 0.00850000
v 0.00437903 -0.00440000 0.00600000
v 0.00501952 -0.00454362 0.00850000
v 0.00501952 -0.00454362 0.00600000
v 0.00501952 -0.00454362 0.00600000
v 0.00501952 -0.00454362 0.00850000
v 0.00553737 -0.00494697 0.00850000
v 0.00501952 -0.00454362 0.00600000
v 0.00553737 -0.00494697 0.00850000
v 0.00553737 -0.00494697 0.00600000
v 0.00553737 -0.00494697 0.00600000
v 0.00553737 -0.00494697 0.00850000
v 0.00583340 -0.00553282 0.00850000
v 0.00553737 -0.00494697 0.00600000
v 0.00583340 -0.00553282 0.00850000
v 0.00583340 -0.00553282 0.00600000
v 0.00583340 -0.00553282 0.00600000
v 0.00583340 -0.00553282 0.00850000
v 0.00584731 -0.00559313 0.00600000
v 0.00584731 -0.00559313 0.00600000
v 0.00583340 -0.00553282 0.00850000
v 0.00585093 -0.00618898 0.00850000
v 0.00584731 -0.00559313 0.00600000
v 0.00585093 -0.00618898 0.00850000
v 0.00587387 -0.00577560 0.00587038
v 0.00587387 -0.00577560 0.00587038
v 0.00585093 -0.00618898 0.00850000
v 0.00581902 -0.00632004 0.00559157
v 0.00581902 -0.00632004 0.00559157
v 0.00585093 -0.00618898 0.00850000
v 0.00558661 -0.00678981 0.00850000
v 0.00581902 -0.00632004 0.00559157
v 0.00558661 -0.00678981 0.00850000
v 0.00558661 -0.00678981 0.00550000
v 0.00500000 0.00360000 0.00450000
v 0.00500000 0.00360000 0.00600000
v 0.00376873 0.00338289 0.00450000
v 0.00376873 0.00338289 0.00450000
v 0.00500000 0.00360000 0.00600000
v 0.00376873 0.00338289 0.00600000
v 0.00376873 0.00338289 0.00450000
v 0.00376873 0.00338289 0.00600000
v 0.00268596 0.00275776 0.00450000
v 0.00268596 0.00275776 0.00450000
v 0.00376873 0.00338289 0.00600000
v 0.00268596 0.00275776 0.00600000
v 0.00268596 0.00275776 0.00450000
v 0.00268596 0.00275776 0.00600000
v 0.00188231 0.00180000 0.00450000
v 0.00188231 0.00180000 0.00450000
v 0.00268596 0.00275776 0.00600000
v 0.00188231 0.00180000 0.00600000
v 0.00188231 0.00180000 0.00450000
v 0.00188231 0.00180000 0.00600000
v 0.00145469 0.00062513 0.00450000
v 0.00145469 0.00062513 0.00450000
v 0.00188231 0.00180000 0.00600000
v 0.00145469 0.00062513 0.00600000
v 0.00145469 0.00062513 0.00450000
v 0.00145469 0.00062513 0.00600000
v 0.00145469 -0.00062513 0.00450000
v 0.00145469 -0.00062513 0.00450000
v 0.00145469 0.00062513 0.00600000
v 0.00145469 -0.00062513 0.00600000
v 0.00145469 -0.00062513 0.00450000
v 0.00145469 -0.00062513 0.00600000
v 0.00188231 -0.00180000 0.00450000
v 0.00188231 -0.00180000 0.00450000
v 0.00145469 -0.00062513 0.00600000
v 0.00188231 -0.00180000 0.00600000
v 0.00188231 -0.00180000 0.00450000
v 0.00188231 -0.00180000 0.00600000
v 0.00268596 -0.00275776 0.00450000
v 0.00268596 -0.00275776 0.00450000
v 0.00188231 -0.00180000 0.00600000
v 0.00268596 -0.00275776 0.00600000
v 0.00268596 -0.00275776 0.00450000
v 0.00268596 -0.00275776 0.00600000
v 0.00376873 -0.00338289 0.00450000
v 0.00376873 -0.00338289 0.00450000
v 0.00268596 -0.00275776 0.00600000
v 0.00376873 -0.00338289 0.00600000
v 0.00376873 -0.00338289 0.00450000
v 0.00376873 -0.00338289 0.00600000
v 0.00500000 -0.00360000 0.00450000
v 0.00500000 -0.00360000 0.00450000
v 0.00376873 -0.00338289 0.00600000
v 0.00500000 -0.00360000 0.00600000
v -0.00500000 0.00360000 0.00450000
v -0.00500000 0.00360000 0.00600000
v -0.00623127 0.00338289 0.00450000
v -0.00623127 0.00338289 0.00450000
v -0.00500000 0.00360000 0.00600000
v -0.00623127 0.00338289 0.00600000
v -0.00623127 0.00338289 0.00450000
v -0.00623127 0.00338289 0.00600000
v -0.00731404 0.00275776 0.00450000
v -0.00731404 0.00275776 0.00450000
v -0.00623127 0.00338289 0.00600000
v -0.00731404 0.00275776 0.00600000
v -0.00731404 0.00275776 0.00450000
v -0.00731404 0.00275776 0.00600000
v -0.00811769 0.00180000 0.00450000
v -0.00811769 0.00180000 0.00450000
v -0.00731404 0.00275776 0.00600000
v -0.00811769 0.00180000 0.00600000
v -0.00811769 0.00180000 0.00450000
v -0.00811769 0.00180000 0.00600000
v -0.00854531 0.00062513 0.00450000
v -0.00854531 0.00062513 0.00450000
v -0.00811769 0.00180000 0.00600000
v -0.00854531 0.00062513 0.00600000
v -0.00854531 0.00062513 0.00450000
v -0.00854531 0.00062513 0.00600000
v -0.00854531 -0.00062513 0.00450000
v -0.00854531 -0.00062513 0.00450000
v -0.00854531 0.00062513 0.00600000
v -0.00854531 -0.00062513 0.00600000
v -0.00854531 -0.00062513 0.00450000
v -0.00854531 -0.00062513 0.00600000
v -0.00811769 -0.00180000 0.00450000
v -0.00811769 -0.00180000 0.00450000
v -0.00854531 -0.00062513 0.00600000
v -0.00811769 -0.00180000 0.00600000
v -0.00811769 -0.00180000 0.00450000
v -0.00811769 -0.00180000 0.00600000
v -0.00731404 -0.00275776 0.00450000
v -0.00731404 -0.00275776 0.00450000
v -0.00811769 -0.00180000 0.00600000
v -0.00731404 -0.00275776 0.00600000
v -0.00731404 -0.00275776 0.00450000
v -0.00731404 -0.00275776 0.00600000
v -0.00623127 -0.00338289 0.00450000
v -0.00623127 -0.00338289 0.00450000
v -0.00731404 -0.00275776 0.00600000
v -0.00623127 -0.00338289 0.00600000
v -0.00623127 -0.00338289 0.00450000
v -0.00623127 -0.00338289 0.00600000
v -0.00500000 -0.00360000 0.00450000
v -0.00500000 -0.00360000 0.00450000
v -0.00623127 -0.00338289 0.00600000
v -0.00500000 -0.00360000 0.00600000
v -0.00550000 0.00500000 0.00550000
v -0.00550000 0.00450000 0.00600000
v 0.00536843 0.00500000 0.00550000
v 0.00536843 0.00500000 0.00550000
v -0.00550000 0.00450000 0.00600000
v 0.00536843 0.00450000 0.00600000
v 0.00858863 -0.00187282 0.00600000
v 0.00899116 -0.00216942 0.00550000
v 0.00964011 -0.00091519 0.00550000
v 0.00858863 -0.00187282 0.00600000
v 0.00964011 -0.00091519 0.00550000
v 0.00916548 -0.00075795 0.00600000
v 0.00916548 -0.00075795 0.00600000
v 0.00964011 -0.00091519 0.00550000
v 0.00986838 0.00047841 0.00550000
v 0.00916548 -0.00075795 0.00600000
v 0.00986838 0.00047841 0.00550000
v 0.00936838 0.00048081 0.00600000
v 0.00936838 0.00048081 0.00600000
v 0.00986838 0.00047841 0.00550000
v 0.00965349 0.00187414 0.00550000
v 0.00936838 0.00048081 0.00600000
v 0.00965349 0.00187414 0.00550000
v 0.00917737 0.00172146 0.00600000
v 0.00917737 0.00172146 0.00600000
v 0.00965349 0.00187414 0.00550000
v 0.00901660 0.00313454 0.00550000
v 0.00917737 0.00172146 0.00600000
v 0.00901660 0.00313454 0.00550000
v 0.00861125 0.00284182 0.00600000
v 0.00861125 0.00284182 0.00600000
v 0.00901660 0.00313454 0.00550000
v 0.00802044 0.00413549 0.00550000
v 0.00861125 0.00284182 0.00600000
v 0.00802044 0.00413549 0.00550000
v 0.00772577 0.00373155 0.00600000
v 0.00772577 0.00373155 0.00600000
v 0.00802044 0.00413549 0.00550000
v 0.00676311 0.00477842 0.00550000
v 0.00772577 0.00373155 0.00600000
v 0.00676311 0.00477842 0.00550000
v 0.00660814 0.00430304 0.00600000
v 0.00660814 0.00430304 0.00600000
v 0.00676311 0.00477842 0.00550000
v 0.00536843 0.00500000 0.00550000
v 0.00660814 0.00430304 0.00600000
v 0.00536843 0.00500000 0.00550000
v 0.00536843 0.00450000 0.00600000
v 0.00581902 -0.00632004 0.00559157
v 0.00558661 -0.00678981 0.00550000
v 0.00899116 -0.00216942 0.00550000
v 0.00858863 -0.00187282 0.00600000
v 0.00584731 -0.00559313 0.00600000
v 0.00899116 -0.00216942 0.00550000
v 0.00899116 -0.00216942 0.00550000
v 0.00584731 -0.00559313 0.00600000
v 0.00587387 -0.00577560 0.00587038
v 0.00899116 -0.00216942 0.00550000
v 0.00587387 -0.00577560 0.00587038
v 0.00581902 -0.00632004 0.00559157
v -0.00807768 0.00185556 -0.00045000
v -0.00807768 0.00185556 0.00000000
v -0.00876608 0.00021622 -0.00045000
v -0.00876608 0.00021622 -0.00045000
v -0.00807768 0.00185556 0.00000000
v -0.00876608 0.00021622 0.00000000
v -0.00876608 0.00021622 -0.00045000
v -0.00876608 0.00021622 0.00000000
v -0.00930617 -0.00147778 -0.00045000
v -0.00930617 -0.00147778 -0.00045000
v -0.00876608 0.00021622 0.00000000
v -0.00930617 -0.00147778 0.00000000
v -0.00626991 0.00300000 -0.00045000
v -0.00626991 0.00300000 0.00000000
v -0.00700479 0.00286009 -0.00045000
v -0.00700479 0.00286009 -0.00045000
v -0.00626991 0.00300000 0.00000000
v -0.00700479 0.00286009 0.00000000
v -0.00700479 0.00286009 -0.00045000
v -0.00700479 0.00286009 0.00000000
v -0.00763686 0.00245995 -0.00045000
v -0.00763686 0.00245995 -0.00045000
v -0.00700479 0.00286009 0.00000000
v -0.00763686 0.00245995 0.00000000
v -0.00763686 0.00245995 -0.00045000
v -0.00763686 0.00245995 0.00000000
v -0.00807768 0.00185556 -0.00045000
v -0.00807768 0.00185556 -0.00045000
v -0.00763686 0.00245995 0.00000000
v -0.00807768 0.00185556 0.00000000
v 0.00911008 0.00300000 -0.00000000
v -0.00626991 0.00300000 0.00000000
v 0.00911008 0.00300000 -0.00045000
v 0.00911008 0.00300000 -0.00045000
v -0.00626991 0.00300000 0.00000000
v -0.00626991 0.00300000 -0.00045000
v -0.00160215 -0.00092500 0.00000000
v -0.00092500 -0.00160215 0.00000000
v -0.00411054 -0.00184699 0.00000000
v -0.00411054 -0.00184699 0.00000000
v -0.00092500 -0.00160215 0.00000000
v -0.00500000 -0.00205000 0.00000000
v 0.00764229 -0.00400000 -0.00000000
v -0.00737556 -0.00400000 0.00000000
v 0.00000000 -0.00185000 -0.00000000
v -0.00626991 0.00300000 0.00000000
v -0.00092500 0.00160215 0.00000000
v -0.00160215 0.00092500 0.00000000
v -0.00092500 0.00160215 0.00000000
v -0.00626991 0.00300000 0.00000000
v 0.00000000 0.00185000 -0.00000000
v 0.00000000 0.00185000 -0.00000000
v -0.00626991 0.00300000 0.00000000
v 0.00911008 0.00300000 -0.00000000
v 0.00000000 0.00185000 -0.00000000
v 0.00911008 0.00300000 -0.00000000
v 0.00092500 0.00160215 0.00000000
v 0.00000000 -0.00185000 -0.00000000
v 0.00092500 -0.00160215 0.00000000
v 0.00764229 -0.00400000 -0.00000000
v 0.00764229 -0.00400000 -0.00000000
v 0.00092500 -0.00160215 0.00000000
v 0.00160215 -0.00092500 0.00000000
v 0.00764229 -0.00400000 -0.00000000
v 0.00160215 -0.00092500 0.00000000
v 0.00411054 -0.00184699 -0.00000000
v 0.00411054 -0.00184699 -0.00000000
v 0.00160215 -0.00092500 0.00000000
v 0.00339725 -0.00127815 -0.00000000
v -0.00411054 -0.00184699 0.00000000
v -0.00339725 -0.00127815 0.00000000
v -0.00160215 -0.00092500 0.00000000
v -0.00160215 -0.00092500 0.00000000
v -0.00339725 -0.00127815 0.00000000
v -0.00300140 -0.00045617 0.00000000
v -0.00160215 -0.00092500 0.00000000
v -0.00300140 -0.00045617 0.00000000
v -0.00185000 0.00000000 0.00000000
v -0.00185000 0.00000000 0.00000000
v -0.00300140 -0.00045617 0.00000000
v -0.00300140 0.00045617 0.00000000
v -0.00185000 0.00000000 0.00000000
v -0.00300140 0.00045617 0.00000000
v -0.00160215 0.00092500 0.00000000
v -0.00092500 -0.00160215 0.00000000
v 0.00000000 -0.00185000 -0.00000000
v -0.00500000 -0.00205000 0.00000000
v -0.00500000 -0.00205000 0.00000000
v 0.00000000 -0.00185000 -0.00000000
v -0.00737556 -0.00400000 0.00000000
v -0.00500000 -0.00205000 0.00000000
v -0.00737556 -0.00400000 0.00000000
v -0.00588946 -0.00184699 0.00000000
v -0.00588946 -0.00184699 0.00000000
v -0.00737556 -0.00400000 0.00000000
v -0.00826120 -0.00379322 0.00000000
v -0.00588946 -0.00184699 0.00000000
v -0.00826120 -0.00379322 0.00000000
v -0.00660275 -0.00127815 0.00000000
v 0.00411054 -0.00184699 -0.00000000
v 0.00500000 -0.00205000 -0.00000000
v 0.00764229 -0.00400000 -0.00000000
v 0.00764229 -0.00400000 -0.00000000
v 0.00500000 -0.00205000 -0.00000000
v 0.00588946 -0.00184699 -0.00000000
v 0.00764229 -0.00400000 -0.00000000
v 0.00588946 -0.00184699 -0.00000000
v 0.00899116 -0.00216942 -0.00000000
v 0.00899116 -0.00216942 -0.00000000
v 0.00588946 -0.00184699 -0.00000000
v 0.00660275 -0.00127815 -0.00000000
v 0.00899116 -0.00216942 -0.00000000
v 0.00660275 -0.00127815 -0.00000000
v 0.00964011 -0.00091519 -0.00000000
v 0.00964011 -0.00091519 -0.00000000
v 0.00660275 -0.00127815 -0.00000000
v 0.00699860 -0.00045617 -0.00000000
v 0.00964011 -0.00091519 -0.00000000
v 0.00699860 -0.00045617 -0.00000000
v 0.00986838 0.00047841 -0.00000000
v 0.00986838 0.00047841 -0.00000000
v 0.00699860 -0.00045617 -0.00000000
v 0.00699860 0.00045617 -0.00000000
v 0.00986838 0.00047841 -0.00000000
v 0.00699860 0.00045617 -0.00000000
v 0.00965349 0.00187414 -0.00000000
v 0.00965349 0.00187414 -0.00000000
v 0.00699860 0.00045617 -0.00000000
v 0.00660275 0.00127815 -0.00000000
v 0.00965349 0.00187414 -0.00000000
v 0.00660275 0.00127815 -0.00000000
v 0.00911008 0.00300000 -0.00000000
v 0.00660275 0.00127815 -0.00000000
v 0.00588946 0.00184699 -0.00000000
v 0.00911008 0.00300000 -0.00000000
v 0.00911008 0.00300000 -0.00000000
v 0.00588946 0.00184699 -0.00000000
v 0.00500000 0.00205000 -0.00000000
v 0.00911008 0.00300000 -0.00000000
v 0.00500000 0.00205000 -0.00000000
v 0.00092500 0.00160215 0.00000000
v 0.00092500 0.00160215 0.00000000
v 0.00500000 0.00205000 -0.00000000
v 0.00411054 0.00184699 -0.00000000
v 0.00092500 0.00160215 0.00000000
v 0.00411054 0.00184699 -0.00000000
v 0.00160215 0.00092500 -0.00000000
v 0.00160215 0.00092500 -0.00000000
v 0.00411054 0.00184699 -0.00000000
v 0.00339725 0.00127815 -0.00000000
v 0.00160215 0.00092500 -0.00000000
v 0.00339725 0.00127815 -0.00000000
v 0.00185000 0.00000000 -0.00000000
v 0.00185000 0.00000000 -0.00000000
v 0.00339725 0.00127815 -0.00000000
v 0.00300140 0.00045617 -0.00000000
v 0.00185000 0.00000000 -0.00000000
v 0.00300140 0.00045617 -0.00000000
v 0.00160215 -0.00092500 0.00000000
v 0.00160215 -0.00092500 0.00000000
v 0.00300140 0.00045617 -0.00000000
v 0.00300140 -0.00045617 -0.00000000
v 0.00160215 -0.00092500 0.00000000
v 0.00300140 -0.00045617 -0.00000000
v 0.00339725 -0.00127815 -0.00000000
v -0.00626991 0.00300000 0.00000000
v -0.00588946 0.00184699 0.00000000
v -0.00700479 0.00286009 0.00000000
v -0.00700479 0.00286009 0.00000000
v -0.00588946 0.00184699 0.00000000
v -0.00660275 0.00127815 0.00000000
v -0.00700479 0.00286009 0.00000000
v -0.00660275 0.00127815 0.00000000
v -0.00763686 0.00245995 0.00000000
v -0.00300140 0.00045617 0.00000000
v -0.00339725 0.00127815 0.00000000
v -0.00160215 0.00092500 0.00000000
v -0.00160215 0.00092500 0.00000000
v -0.00339725 0.00127815 0.00000000
v -0.00411054 0.00184699 0.00000000
v -0.00160215 0.00092500 0.00000000
v -0.00411054 0.00184699 0.00000000
v -0.00626991 0.00300000 0.00000000
v -0.00626991 0.00300000 0.00000000
v -0.00411054 0.00184699 0.00000000
v -0.00500000 0.00205000 0.00000000
v -0.00626991 0.00300000 0.00000000
v -0.00500000 0.00205000 0.00000000
v -0.00588946 0.00184699 0.00000000
v -0.00826120 -0.00379322 0.00000000
v -0.00896371 -0.00321564 0.00000000
v -0.00660275 -0.00127815 0.00000000
v -0.00660275 -0.00127815 0.00000000
v -0.00896371 -0.00321564 0.00000000
v -0.00933782 -0.00238669 0.00000000
v -0.00660275 -0.00127815 0.00000000
v -0.00933782 -0.00238669 0.00000000
v -0.00699860 -0.00045617 0.00000000
v -0.00699860 -0.00045617 0.00000000
v -0.00933782 -0.00238669 0.00000000
v -0.00930617 -0.00147778 0.00000000
v -0.00699860 -0.00045617 0.00000000
v -0.00930617 -0.00147778 0.00000000
v -0.00699860 0.00045617 0.00000000
v -0.00699860 0.00045617 0.00000000
v -0.00930617 -0.00147778 0.00000000
v -0.00876608 0.00021622 0.00000000
v -0.00699860 0.00045617 0.00000000
v -0.00876608 0.00021622 0.00000000
v -0.00660275 0.00127815 0.00000000
v -0.00660275 0.00127815 0.00000000
v -0.00876608 0.00021622 0.00000000
v -0.00807768 0.00185556 0.00000000
v -0.00660275 0.00127815 0.00000000
v -0.00807768 0.00185556 0.00000000
v -0.00763686 0.00245995 0.00000000
v -0.00454207 -0.01951312 0.04045579
v -0.00525943 -0.02018003 0.04025819
v 0.00050000 -0.01979162 0.04039367
v -0.00663852 -0.02134530 0.03937071
v -0.00684857 -0.02149636 0.03916383
v 0.00050000 -0.02145445 0.03922502
v -0.00712597 -0.02167731 0.03885353
v -0.00746328 -0.02185881 0.03840951
v 0.00012087 -0.02187913 0.03834298
v 0.00012087 -0.02187913 0.03834298
v -0.00746328 -0.02185881 0.03840951
v 0.00000000 -0.02200000 0.03750000
v 0.00000000 -0.02200000 0.03750000
v -0.00746328 -0.02185881 0.03840951
v -0.00758637 -0.02191085 0.03822593
v 0.00000000 -0.02200000 0.03750000
v -0.00758637 -0.02191085 0.03822593
v -0.00800000 -0.02200000 0.03750000
v -0.00712597 -0.02167731 0.03885353
v 0.00012087 -0.02187913 0.03834298
v -0.00684857 -0.02149636 0.03916383
v -0.00684857 -0.02149636 0.03916383
v 0.00012087 -0.02187913 0.03834298
v 0.00050000 -0.02150000 0.03915831
v -0.00684857 -0.02149636 0.03916383
v 0.00050000 -0.02150000 0.03915831
v 0.00050000 -0.02145445 0.03922502
v 0.00050000 -0.01979162 0.04039367
v -0.00525943 -0.02018003 0.04025819
v 0.00050000 -0.02072502 0.03995445
v -0.00525943 -0.02018003 0.04025819
v -0.00560647 -0.02049258 0.04010234
v 0.00050000 -0.02072502 0.03995445
v 0.00050000 -0.02072502 0.03995445
v -0.00560647 -0.02049258 0.04010234
v -0.00586783 -0.02072134 0.03995703
v 0.00050000 -0.02072502 0.03995445
v -0.00586783 -0.02072134 0.03995703
v 0.00050000 -0.02145445 0.03922502
v 0.00050000 -0.02145445 0.03922502
v -0.00586783 -0.02072134 0.03995703
v -0.00612833 -0.02094202 0.03978660
v 0.00050000 -0.02145445 0.03922502
v -0.00612833 -0.02094202 0.03978660
v -0.00663852 -0.02134530 0.03937071
v 0.00050000 -0.01900000 0.04050000
v -0.00400000 -0.01900000 0.04050000
v 0.00050000 -0.01979162 0.04039367
v 0.00050000 -0.01979162 0.04039367
v -0.00400000 -0.01900000 0.04050000
v -0.00428529 -0.01927048 0.04048778
v 0.00050000 -0.01979162 0.04039367
v -0.00428529 -0.01927048 0.04048778
v -0.00454207 -0.01951312 0.04045579
v -0.00562108 -0.02200000 0.01750000
v -0.00359747 -0.01925372 0.01750000
v -0.00558918 -0.02200000 0.01777636
v -0.00558918 -0.02200000 0.01777636
v -0.00359747 -0.01925372 0.01750000
v -0.00357970 -0.01925774 0.01772311
v -0.00558918 -0.02200000 0.01777636
v -0.00357970 -0.01925774 0.01772311
v -0.00536848 -0.02200000 0.01825413
v -0.00357970 -0.01925774 0.01772311
v -0.00347587 -0.01928118 0.01807402
v -0.00536848 -0.02200000 0.01825413
v -0.00536848 -0.02200000 0.01825413
v -0.00347587 -0.01928118 0.01807402
v -0.00338253 -0.01930225 0.01825150
v -0.00536848 -0.02200000 0.01825413
v -0.00338253 -0.01930225 0.01825150
v -0.00526269 -0.02200000 0.01838449
v -0.00526269 -0.02200000 0.01838449
v -0.00338253 -0.01930225 0.01825150
v -0.00329937 -0.01932103 0.01837257
v -0.00526269 -0.02200000 0.01838449
v -0.00329937 -0.01932103 0.01837257
v -0.00468662 -0.02200000 0.01880036
v -0.00329937 -0.01932103 0.01837257
v -0.00312958 -0.01935936 0.01856066
v -0.00468662 -0.02200000 0.01880036
v -0.00468662 -0.02200000 0.01880036
v -0.00312958 -0.01935936 0.01856066
v -0.00279768 -0.01943430 0.01879961
v -0.00468662 -0.02200000 0.01880036
v -0.00279768 -0.01943430 0.01879961
v -0.00461450 -0.02200000 0.01883206
v -0.00461450 -0.02200000 0.01883206
v -0.00279768 -0.01943430 0.01879961
v -0.00273499 -0.01944845 0.01883181
v -0.00461450 -0.02200000 0.01883206
v -0.00273499 -0.01944845 0.01883181
v -0.00375784 -0.02200000 0.01900000
v -0.00375784 -0.02200000 0.01900000
v -0.00273499 -0.01944845 0.01883181
v -0.00261133 -0.01947637 0.01888582
v -0.00375784 -0.02200000 0.01900000
v -0.00261133 -0.01947637 0.01888582
v -0.00200000 -0.01961439 0.01900000
v -0.00161395 -0.02200000 0.01904353
v -0.00212132 -0.02200000 0.01900000
v -0.00100000 -0.02087868 0.01900000
v -0.00161395 -0.02200000 0.01904353
v -0.00100000 -0.02087868 0.01900000
v -0.00131820 -0.02200000 0.01911166
v -0.00131820 -0.02200000 0.01911166
v -0.00100000 -0.02087868 0.01900000
v -0.00030946 -0.02116471 0.01916840
v -0.00131820 -0.02200000 0.01911166
v -0.00030946 -0.02116471 0.01916840
v -0.00079473 -0.02200000 0.01932950
v -0.00079473 -0.02200000 0.01932950
v -0.00030946 -0.02116471 0.01916840
v -0.00025089 -0.02118897 0.01920045
v -0.00079473 -0.02200000 0.01932950
v -0.00025089 -0.02118897 0.01920045
v -0.00056739 -0.02200000 0.01947890
v 0.00029828 -0.02141645 0.01974869
v -0.00013244 -0.02200000 0.01997829
v 0.00022010 -0.02138406 0.01962745
v 0.00022010 -0.02138406 0.01962745
v -0.00013244 -0.02200000 0.01997829
v -0.00056739 -0.02200000 0.01947890
v 0.00022010 -0.02138406 0.01962745
v -0.00056739 -0.02200000 0.01947890
v 0.00005852 -0.02131713 0.01943721
v 0.00005852 -0.02131713 0.01943721
v -0.00056739 -0.02200000 0.01947890
v -0.00025089 -0.02118897 0.01920045
v 0.00050000 -0.02150000 0.02050000
v 0.00000000 -0.02200000 0.02050000
v 0.00047944 -0.02149148 0.02025251
v 0.00047944 -0.02149148 0.02025251
v 0.00000000 -0.02200000 0.02050000
v -0.00013244 -0.02200000 0.01997829
v 0.00047944 -0.02149148 0.02025251
v -0.00013244 -0.02200000 0.01997829
v 0.00038494 -0.02145234 0.01992386
v 0.00038494 -0.02145234 0.01992386
v -0.00013244 -0.02200000 0.01997829
v 0.00029828 -0.02141645 0.01974869
v 0.00000000 -0.02200000 0.02050000
v 0.00050000 -0.02150000 0.02050000
v 0.00000000 -0.02200000 0.03750000
v 0.00000000 -0.02200000 0.03750000
v 0.00050000 -0.02150000 0.02050000
v 0.00050000 -0.02150000 0.03915831
v 0.00000000 -0.02200000 0.03750000
v 0.00050000 -0.02150000 0.03915831
v 0.00012087 -0.02187913 0.03834298
v 0.00518408 -0.00649321 0.00900000
v 0.00150000 -0.01149295 0.00900000
v 0.00558661 -0.00678981 0.00850000
v 0.00558661 -0.00678981 0.00850000
v 0.00150000 -0.01149295 0.00900000
v 0.00190253 -0.01178956 0.00850000
v -0.00211459 -0.01688894 0.01054533
v -0.00265735 -0.01769918 0.01122215
v -0.00267056 -0.01799578 0.01094436
v -0.00267056 -0.01799578 0.01094436
v -0.00265735 -0.01769918 0.01122215
v -0.00281938 -0.01794107 0.01148148
v -0.00267056 -0.01799578 0.01094436
v -0.00281938 -0.01794107 0.01148148
v -0.00313195 -0.01862195 0.01178549
v -0.00313195 -0.01862195 0.01178549
v -0.00281938 -0.01794107 0.01148148
v -0.00289022 -0.01804681 0.01160709
v -0.00313195 -0.01862195 0.01178549
v -0.00289022 -0.01804681 0.01160709
v -0.00319390 -0.01870603 0.01193205
v -0.00319390 -0.01870603 0.01193205
v -0.00289022 -0.01804681 0.01160709
v -0.00311940 -0.01838895 0.01208658
v -0.00319390 -0.01870603 0.01193205
v -0.00311940 -0.01838895 0.01208658
v -0.00336065 -0.01893232 0.01240343
v -0.00336065 -0.01893232 0.01240343
v -0.00311940 -0.01838895 0.01208658
v -0.00325561 -0.01859229 0.01245594
v -0.00336065 -0.01893232 0.01240343
v -0.00325561 -0.01859229 0.01245594
v -0.00349600 -0.01911601 0.01294837
v 0.00190253 -0.01178956 0.00850000
v 0.00150000 -0.01149295 0.00900000
v 0.00170432 -0.01205855 0.00850357
v 0.00170432 -0.01205855 0.00850357
v 0.00150000 -0.01149295 0.00900000
v 0.00052455 -0.01294914 0.00909607
v -0.00099595 -0.01521899 0.00966754
v -0.00076766 -0.01541332 0.00919166
v -0.00041342 -0.01434937 0.00938060
v -0.00041342 -0.01434937 0.00938060
v -0.00076766 -0.01541332 0.00919166
v -0.00020223 -0.01464597 0.00891866
v -0.00041342 -0.01434937 0.00938060
v -0.00020223 -0.01464597 0.00891866
v 0.00020766 -0.01342220 0.00916992
v 0.00020766 -0.01342220 0.00916992
v -0.00020223 -0.01464597 0.00891866
v 0.00042477 -0.01379505 0.00870226
v 0.00020766 -0.01342220 0.00916992
v 0.00042477 -0.01379505 0.00870226
v 0.00052455 -0.01294914 0.00909607
v 0.00052455 -0.01294914 0.00909607
v 0.00042477 -0.01379505 0.00870226
v 0.00082953 -0.01324574 0.00860568
v 0.00052455 -0.01294914 0.00909607
v 0.00082953 -0.01324574 0.00860568
v 0.00170432 -0.01205855 0.00850357
v -0.00350000 -0.01895712 0.01400000
v -0.00359747 -0.01925372 0.01400000
v -0.00346124 -0.01889927 0.01337876
v -0.00346124 -0.01889927 0.01337876
v -0.00359747 -0.01925372 0.01400000
v -0.00357098 -0.01921776 0.01346091
v -0.00346124 -0.01889927 0.01337876
v -0.00357098 -0.01921776 0.01346091
v -0.00340393 -0.01881370 0.01302455
v -0.00340393 -0.01881370 0.01302455
v -0.00357098 -0.01921776 0.01346091
v -0.00349600 -0.01911601 0.01294837
v -0.00340393 -0.01881370 0.01302455
v -0.00349600 -0.01911601 0.01294837
v -0.00338868 -0.01879094 0.01295081
v -0.00338868 -0.01879094 0.01295081
v -0.00349600 -0.01911601 0.01294837
v -0.00325561 -0.01859229 0.01245594
v -0.00267056 -0.01799578 0.01094436
v -0.00257785 -0.01786997 0.01080998
v -0.00211459 -0.01688894 0.01054533
v -0.00211459 -0.01688894 0.01054533
v -0.00257785 -0.01786997 0.01080998
v -0.00198656 -0.01706752 0.01011091
v -0.00211459 -0.01688894 0.01054533
v -0.00198656 -0.01706752 0.01011091
v -0.00200878 -0.01673097 0.01043791
v -0.00200878 -0.01673097 0.01043791
v -0.00198656 -0.01706752 0.01011091
v -0.00167197 -0.01622817 0.01013495
v -0.00198656 -0.01706752 0.01011091
v -0.00176658 -0.01676898 0.00990273
v -0.00167197 -0.01622817 0.01013495
v -0.00167197 -0.01622817 0.01013495
v -0.00176658 -0.01676898 0.00990273
v -0.00158664 -0.01652477 0.00974844
v -0.00167197 -0.01622817 0.01013495
v -0.00158664 -0.01652477 0.00974844
v -0.00099595 -0.01521899 0.00966754
v -0.00099595 -0.01521899 0.00966754
v -0.00158664 -0.01652477 0.00974844
v -0.00115311 -0.01593642 0.00942692
v -0.00099595 -0.01521899 0.00966754
v -0.00115311 -0.01593642 0.00942692
v -0.00076766 -0.01541332 0.00919166
v -0.00359747 -0.01925372 0.01750000
v -0.00359747 -0.01925372 0.01400000
v -0.00354874 -0.01910542 0.01750000
v -0.00354874 -0.01910542 0.01750000
v -0.00359747 -0.01925372 0.01400000
v -0.00350000 -0.01895712 0.01400000
v -0.00354874 -0.01910542 0.01750000
v -0.00350000 -0.01895712 0.01400000
v -0.00352437 -0.01903127 0.01750000
v -0.00352437 -0.01903127 0.01750000
v -0.00350000 -0.01895712 0.01400000
v -0.00350000 -0.01895712 0.01750000
v -0.00737556 -0.00400000 0.00000000
v 0.00764229 -0.00400000 -0.00000000
v -0.00737556 -0.00400000 -0.00045000
v -0.00737556 -0.00400000 -0.00045000
v 0.00764229 -0.00400000 -0.00000000
v 0.00764229 -0.00400000 -0.00045000
v -0.00930617 -0.00147778 -0.00045000
v -0.00930617 -0.00147778 0.00000000
v -0.00933782 -0.00238669 -0.00045000
v -0.00933782 -0.00238669 -0.00045000
v -0.00930617 -0.00147778 0.00000000
v -0.00933782 -0.00238669 0.00000000
v -0.00933782 -0.00238669 -0.00045000
v -0.00933782 -0.00238669 0.00000000
v -0.00896371 -0.00321564 -0.00045000
v -0.00896371 -0.00321564 -0.00045000
v -0.00933782 -0.00238669 0.00000000
v -0.00896371 -0.00321564 0.00000000
v -0.00896371 -0.00321564 -0.00045000
v -0.00896371 -0.00321564 0.00000000
v -0.00826120 -0.00379322 -0.00045000
v -0.00826120 -0.00379322 -0.00045000
v -0.00896371 -0.00321564 0.00000000
v -0.00826120 -0.00379322 0.00000000
v -0.00826120 -0.00379322 -0.00045000
v -0.00826120 -0.00379322 0.00000000
v -0.00737556 -0.00400000 -0.00045000
v -0.00737556 -0.00400000 -0.00045000
v -0.00826120 -0.00379322 0.00000000
v -0.00737556 -0.00400000 0.00000000
v 0.00050000 -0.00740000 0.02050000
v 0.00050000 -0.00490000 0.02050000
v 0.00050000 -0.00663463 0.02065224
v 0.00050000 -0.00663463 0.02065224
v 0.00050000 -0.00490000 0.02050000
v 0.00050000 -0.00598579 0.02108579
v 0.00050000 -0.01900000 0.02050000
v 0.00050000 -0.01976537 0.02065224
v 0.00050000 -0.02150000 0.02050000
v 0.00050000 -0.02150000 0.02050000
v 0.00050000 -0.01976537 0.02065224
v 0.00050000 -0.02041421 0.02108579
v 0.00050000 -0.02041421 0.02108579
v 0.00050000 -0.02084776 0.02173463
v 0.00050000 -0.02150000 0.02050000
v 0.00050000 -0.02150000 0.02050000
v 0.00050000 -0.02084776 0.02173463
v 0.00050000 -0.02100000 0.02250000
v 0.00050000 -0.02150000 0.02050000
v 0.00050000 -0.02100000 0.02250000
v 0.00050000 -0.02150000 0.03915831
v 0.00050000 -0.02150000 0.03915831
v 0.00050000 -0.02100000 0.02250000
v 0.00050000 -0.02100000 0.03750000
v 0.00050000 -0.02150000 0.03915831
v 0.00050000 -0.02100000 0.03750000
v 0.00050000 -0.02084776 0.03826537
v 0.00050000 -0.00598579 0.03891421
v 0.00050000 -0.00555224 0.03826537
v 0.00050000 -0.00490000 0.03915831
v 0.00050000 -0.00490000 0.03915831
v 0.00050000 -0.00494555 0.03922502
v 0.00050000 -0.00598579 0.03891421
v 0.00050000 -0.00598579 0.03891421
v 0.00050000 -0.00494555 0.03922502
v 0.00050000 -0.00567498 0.03995445
v 0.00050000 -0.00598579 0.03891421
v 0.00050000 -0.00567498 0.03995445
v 0.00050000 -0.00663463 0.03934776
v 0.00050000 -0.00663463 0.03934776
v 0.00050000 -0.00567498 0.03995445
v 0.00050000 -0.00660838 0.04039367
v 0.00050000 -0.00663463 0.03934776
v 0.00050000 -0.00660838 0.04039367
v 0.00050000 -0.00740000 0.03950000
v 0.00050000 -0.00740000 0.03950000
v 0.00050000 -0.00660838 0.04039367
v 0.00050000 -0.00740000 0.04050000
v 0.00050000 -0.00740000 0.03950000
v 0.00050000 -0.00740000 0.04050000
v 0.00050000 -0.01900000 0.03950000
v 0.00050000 -0.01900000 0.03950000
v 0.00050000 -0.00740000 0.04050000
v 0.00050000 -0.01900000 0.04050000
v 0.00050000 -0.01900000 0.03950000
v 0.00050000 -0.01900000 0.04050000
v 0.00050000 -0.01976537 0.03934776
v 0.00050000 -0.01976537 0.03934776
v 0.00050000 -0.01900000 0.04050000
v 0.00050000 -0.01979162 0.04039367
v 0.00050000 -0.01976537 0.03934776
v 0.00050000 -0.01979162 0.04039367
v 0.00050000 -0.02041421 0.03891421
v 0.00050000 -0.02041421 0.03891421
v 0.00050000 -0.01979162 0.04039367
v 0.00050000 -0.02072502 0.03995445
v 0.00050000 -0.02041421 0.03891421
v 0.00050000 -0.02072502 0.03995445
v 0.00050000 -0.02084776 0.03826537
v 0.00050000 -0.02084776 0.03826537
v 0.00050000 -0.02072502 0.03995445
v 0.00050000 -0.02145445 0.03922502
v 0.00050000 -0.02084776 0.03826537
v 0.00050000 -0.02145445 0.03922502
v 0.00050000 -0.02150000 0.03915831
v 0.00050000 -0.00555224 0.03826537
v 0.00050000 -0.00540000 0.03750000
v 0.00050000 -0.00490000 0.03915831
v 0.00050000 -0.00490000 0.03915831
v 0.00050000 -0.00540000 0.03750000
v 0.00050000 -0.00540000 0.02250000
v 0.00050000 -0.00490000 0.03915831
v 0.00050000 -0.00540000 0.02250000
v 0.00050000 -0.00490000 0.02050000
v 0.00050000 -0.00490000 0.02050000
v 0.00050000 -0.00540000 0.02250000
v 0.00050000 -0.00555224 0.02173463
v 0.00050000 -0.00490000 0.02050000
v 0.00050000 -0.00555224 0.02173463
v 0.00050000 -0.00598579 0.02108579
v -0.00338582 -0.01900715 0.01807402
v -0.00350000 -0.01895712 0.01750000
v -0.00350000 -0.00490000 0.01750000
v -0.00329796 -0.01904565 0.01825185
v -0.00335489 -0.01902071 0.01814364
v -0.00329904 -0.00490000 0.01825000
v -0.00329904 -0.00490000 0.01825000
v -0.00335489 -0.01902071 0.01814364
v -0.00338582 -0.01900715 0.01807402
v -0.00329904 -0.00490000 0.01825000
v -0.00338582 -0.01900715 0.01807402
v -0.00338582 -0.00490000 0.01807402
v -0.00338582 -0.00490000 0.01807402
v -0.00338582 -0.01900715 0.01807402
v -0.00350000 -0.00490000 0.01750000
v -0.00306066 -0.01914963 0.01856066
v -0.00275000 -0.00490000 0.01879904
v -0.00292178 -0.01921049 0.01868336
v -0.00292178 -0.01921049 0.01868336
v -0.00275000 -0.00490000 0.01879904
v -0.00274801 -0.01928663 0.01880018
v -0.00329796 -0.01904565 0.01825185
v -0.00329904 -0.00490000 0.01825000
v -0.00306066 -0.01914963 0.01856066
v -0.00306066 -0.01914963 0.01856066
v -0.00329904 -0.00490000 0.01825000
v -0.00306066 -0.00490000 0.01856066
v -0.00306066 -0.01914963 0.01856066
v -0.00306066 -0.00490000 0.01856066
v -0.00275000 -0.00490000 0.01879904
v -0.00200000 -0.01961439 0.01900000
v -0.00228914 -0.01948770 0.01897187
v -0.00200000 -0.00490000 0.01900000
v -0.00200000 -0.00490000 0.01900000
v -0.00228914 -0.01948770 0.01897187
v -0.00257403 -0.01936287 0.01888582
v -0.00274801 -0.01928663 0.01880018
v -0.00275000 -0.00490000 0.01879904
v -0.00257403 -0.01936287 0.01888582
v -0.00257403 -0.01936287 0.01888582
v -0.00275000 -0.00490000 0.01879904
v -0.00257403 -0.00490000 0.01888582
v -0.00257403 -0.01936287 0.01888582
v -0.00257403 -0.00490000 0.01888582
v -0.00200000 -0.00490000 0.01900000
v -0.00350000 -0.01895712 0.01750000
v -0.00350000 -0.01895712 0.01400000
v -0.00350000 -0.00490000 0.01750000
v -0.00350000 -0.00490000 0.01750000
v -0.00350000 -0.01895712 0.01400000
v -0.00350000 -0.00490000 0.01400000
v -0.00338868 -0.01879094 0.01295081
v -0.00332963 -0.00490000 0.01270590
v -0.00340393 -0.01881370 0.01302455
v -0.00340393 -0.01881370 0.01302455
v -0.00332963 -0.00490000 0.01270590
v -0.00350000 -0.00490000 0.01400000
v -0.00340393 -0.01881370 0.01302455
v -0.00350000 -0.00490000 0.01400000
v -0.00346124 -0.01889927 0.01337876
v -0.00346124 -0.01889927 0.01337876
v -0.00350000 -0.00490000 0.01400000
v -0.00350000 -0.01895712 0.01400000
v 0.00150000 -0.01149295 0.00900000
v 0.00150000 -0.00490000 0.00900000
v 0.00052455 -0.01294914 0.00909607
v 0.00052455 -0.01294914 0.00909607
v 0.00150000 -0.00490000 0.00900000
v 0.00020590 -0.00490000 0.00917037
v 0.00052455 -0.01294914 0.00909607
v 0.00020590 -0.00490000 0.00917037
v 0.00020766 -0.01342220 0.00916992
v 0.00020766 -0.01342220 0.00916992
v 0.00020590 -0.00490000 0.00917037
v -0.00041342 -0.01434937 0.00938060
v -0.00041342 -0.01434937 0.00938060
v 0.00020590 -0.00490000 0.00917037
v -0.00100000 -0.00490000 0.00966987
v -0.00041342 -0.01434937 0.00938060
v -0.00100000 -0.00490000 0.00966987
v -0.00099595 -0.01521899 0.00966754
v -0.00099595 -0.01521899 0.00966754
v -0.00100000 -0.00490000 0.00966987
v -0.00167197 -0.01622817 0.01013495
v -0.00167197 -0.01622817 0.01013495
v -0.00100000 -0.00490000 0.00966987
v -0.00203553 -0.00490000 0.01046447
v -0.00167197 -0.01622817 0.01013495
v -0.00203553 -0.00490000 0.01046447
v -0.00200878 -0.01673097 0.01043791
v -0.00200878 -0.01673097 0.01043791
v -0.00203553 -0.00490000 0.01046447
v -0.00211459 -0.01688894 0.01054533
v -0.00211459 -0.01688894 0.01054533
v -0.00203553 -0.00490000 0.01046447
v -0.00283013 -0.00490000 0.01150000
v -0.00211459 -0.01688894 0.01054533
v -0.00283013 -0.00490000 0.01150000
v -0.00265735 -0.01769918 0.01122215
v -0.00338868 -0.01879094 0.01295081
v -0.00325561 -0.01859229 0.01245594
v -0.00332963 -0.00490000 0.01270590
v -0.00332963 -0.00490000 0.01270590
v -0.00325561 -0.01859229 0.01245594
v -0.00311940 -0.01838895 0.01208658
v -0.00332963 -0.00490000 0.01270590
v -0.00311940 -0.01838895 0.01208658
v -0.00289409 -0.00490000 0.01161421
v -0.00289409 -0.00490000 0.01161421
v -0.00311940 -0.01838895 0.01208658
v -0.00289022 -0.01804681 0.01160709
v -0.00289409 -0.00490000 0.01161421
v -0.00289022 -0.01804681 0.01160709
v -0.00283013 -0.00490000 0.01150000
v -0.00283013 -0.00490000 0.01150000
v -0.00289022 -0.01804681 0.01160709
v -0.00281938 -0.01794107 0.01148148
v -0.00283013 -0.00490000 0.01150000
v -0.00281938 -0.01794107 0.01148148
v -0.00265735 -0.01769918 0.01122215
v 0.00437903 -0.00490000 0.00900000
v 0.00150000 -0.00490000 0.00900000
v 0.00518408 -0.00649321 0.00900000
v 0.00518408 -0.00649321 0.00900000
v 0.00150000 -0.00490000 0.00900000
v 0.00150000 -0.01149295 0.00900000
v 0.00515126 -0.00526465 0.00900000
v 0.00480603 -0.00499575 0.00900000
v 0.00534861 -0.00565522 0.00900000
v 0.00534861 -0.00565522 0.00900000
v 0.00480603 -0.00499575 0.00900000
v 0.00437903 -0.00490000 0.00900000
v 0.00534861 -0.00565522 0.00900000
v 0.00437903 -0.00490000 0.00900000
v 0.00536030 -0.00609266 0.00900000
v 0.00536030 -0.00609266 0.00900000
v 0.00437903 -0.00490000 0.00900000
v 0.00518408 -0.00649321 0.00900000
v 0.00518408 -0.00649321 0.00900000
v 0.00558661 -0.00678981 0.00850000
v 0.00585093 -0.00618898 0.00850000
v 0.00518408 -0.00649321 0.00900000
v 0.00585093 -0.00618898 0.00850000
v 0.00536030 -0.00609266 0.00900000
v 0.00536030 -0.00609266 0.00900000
v 0.00585093 -0.00618898 0.00850000
v 0.00583340 -0.00553282 0.00850000
v 0.00536030 -0.00609266 0.00900000
v 0.00583340 -0.00553282 0.00850000
v 0.00534861 -0.00565522 0.00900000
v 0.00534861 -0.00565522 0.00900000
v 0.00583340 -0.00553282 0.00850000
v 0.00553737 -0.00494697 0.00850000
v 0.00534861 -0.00565522 0.00900000
v 0.00553737 -0.00494697 0.00850000
v 0.00515126 -0.00526465 0.00900000
v 0.00515126 -0.00526465 0.00900000
v 0.00553737 -0.00494697 0.00850000
v 0.00501952 -0.00454362 0.00850000
v 0.00515126 -0.00526465 0.00900000
v 0.00501952 -0.00454362 0.00850000
v 0.00480603 -0.00499575 0.00900000
v 0.00480603 -0.00499575 0.00900000
v 0.00501952 -0.00454362 0.00850000
v 0.00437903 -0.00440000 0.00850000
v 0.00480603 -0.00499575 0.00900000
v 0.00437903 -0.00440000 0.00850000
v 0.00437903 -0.00490000 0.00900000
v 0.00660275 0.00127815 0.00450000
v 0.00731404 0.00275776 0.00450000
v 0.00588946 0.00184699 0.00450000
v 0.00588946 0.00184699 0.00450000
v 0.00731404 0.00275776 0.00450000
v 0.00623127 0.00338289 0.00450000
v 0.00588946 0.00184699 0.00450000
v 0.00623127 0.00338289 0.00450000
v 0.00500000 0.00205000 0.00450000
v 0.00500000 0.00205000 0.00450000
v 0.00623127 0.00338289 0.00450000
v 0.00500000 0.00360000 0.00450000
v 0.00500000 0.00205000 0.00450000
v 0.00500000 0.00360000 0.00450000
v 0.00411054 0.00184699 0.00450000
v 0.00588946 -0.00184699 0.00450000
v 0.00731404 -0.00275776 0.00450000
v 0.00660275 -0.00127815 0.00450000
v 0.00660275 -0.00127815 0.00450000
v 0.00731404 -0.00275776 0.00450000
v 0.00811769 -0.00180000 0.00450000
v 0.00660275 -0.00127815 0.00450000
v 0.00811769 -0.00180000 0.00450000
v 0.00699860 -0.00045617 0.00450000
v 0.00699860 -0.00045617 0.00450000
v 0.00811769 -0.00180000 0.00450000
v 0.00854531 -0.00062513 0.00450000
v 0.00699860 -0.00045617 0.00450000
v 0.00854531 -0.00062513 0.00450000
v 0.00699860 0.00045617 0.00450000
v 0.00699860 0.00045617 0.00450000
v 0.00854531 -0.00062513 0.00450000
v 0.00854531 0.00062513 0.00450000
v 0.00699860 0.00045617 0.00450000
v 0.00854531 0.00062513 0.00450000
v 0.00660275 0.00127815 0.00450000
v 0.00660275 0.00127815 0.00450000
v 0.00854531 0.00062513 0.00450000
v 0.00811769 0.00180000 0.00450000
v 0.00660275 0.00127815 0.00450000
v 0.00811769 0.00180000 0.00450000
v 0.00731404 0.00275776 0.00450000
v 0.00500000 0.00360000 0.00450000
v 0.00376873 0.00338289 0.00450000
v 0.00411054 0.00184699 0.00450000
v 0.00411054 0.00184699 0.00450000
v 0.00376873 0.00338289 0.00450000
v 0.00268596 0.00275776 0.00450000
v 0.00411054 0.00184699 0.00450000
v 0.00268596 0.00275776 0.00450000
v 0.00339725 0.00127815 0.00450000
v 0.00339725 0.00127815 0.00450000
v 0.00268596 0.00275776 0.00450000
v 0.00188231 0.00180000 0.00450000
v 0.00339725 0.00127815 0.00450000
v 0.00188231 0.00180000 0.00450000
v 0.00300140 0.00045617 0.00450000
v 0.00300140 0.00045617 0.00450000
v 0.00188231 0.00180000 0.00450000
v 0.00145469 0.00062513 0.00450000
v 0.00300140 0.00045617 0.00450000
v 0.00145469 0.00062513 0.00450000
v 0.00300140 -0.00045617 0.00450000
v 0.00300140 -0.00045617 0.00450000
v 0.00145469 0.00062513 0.00450000
v 0.00145469 -0.00062513 0.00450000
v 0.00300140 -0.00045617 0.00450000
v 0.00145469 -0.00062513 0.00450000
v 0.00339725 -0.00127815 0.00450000
v 0.00145469 -0.00062513 0.00450000
v 0.00188231 -0.00180000 0.00450000
v 0.00339725 -0.00127815 0.00450000
v 0.00339725 -0.00127815 0.00450000
v 0.00188231 -0.00180000 0.00450000
v 0.00268596 -0.00275776 0.00450000
v 0.00339725 -0.00127815 0.00450000
v 0.00268596 -0.00275776 0.00450000
v 0.00411054 -0.00184699 0.00450000
v 0.00411054 -0.00184699 0.00450000
v 0.00268596 -0.00275776 0.00450000
v 0.00376873 -0.00338289 0.00450000
v 0.00411054 -0.00184699 0.00450000
v 0.00376873 -0.00338289 0.00450000
v 0.00500000 -0.00205000 0.00450000
v 0.00500000 -0.00205000 0.00450000
v 0.00376873 -0.00338289 0.00450000
v 0.00500000 -0.00360000 0.00450000
v 0.00500000 -0.00205000 0.00450000
v 0.00500000 -0.00360000 0.00450000
v 0.00588946 -0.00184699 0.00450000
v 0.00588946 -0.00184699 0.00450000
v 0.00500000 -0.00360000 0.00450000
v 0.00623127 -0.00338289 0.00450000
v 0.00588946 -0.00184699 0.00450000
v 0.00623127 -0.00338289 0.00450000
v 0.00731404 -0.00275776 0.00450000
v -0.00411054 -0.00184699 0.00450000
v -0.00268596 -0.00275776 0.00450000
v -0.00339725 -0.00127815 0.00450000
v -0.00339725 -0.00127815 0.00450000
v -0.00268596 -0.00275776 0.00450000
v -0.00188231 -0.00180000 0.00450000
v -0.00339725 -0.00127815 0.00450000
v -0.00188231 -0.00180000 0.00450000
v -0.00300140 -0.00045617 0.00450000
v -0.00300140 -0.00045617 0.00450000
v -0.00188231 -0.00180000 0.00450000
v -0.00145469 -0.00062513 0.00450000
v -0.00300140 -0.00045617 0.00450000
v -0.00145469 -0.00062513 0.00450000
v -0.00300140 0.00045617 0.00450000
v -0.00300140 0.00045617 0.00450000
v -0.00145469 -0.00062513 0.00450000
v -0.00145469 0.00062513 0.00450000
v -0.00300140 0.00045617 0.00450000
v -0.00145469 0.00062513 0.00450000
v -0.00339725 0.00127815 0.00450000
v -0.00588946 0.00184699 0.00450000
v -0.00731404 0.00275776 0.00450000
v -0.00660275 0.00127815 0.00450000
v -0.00660275 0.00127815 0.00450000
v -0.00731404 0.00275776 0.00450000
v -0.00811769 0.00180000 0.00450000
v -0.00660275 0.00127815 0.00450000
v -0.00811769 0.00180000 0.00450000
v -0.00699860 0.00045617 0.00450000
v -0.00699860 0.00045617 0.00450000
v -0.00811769 0.00180000 0.00450000
v -0.00854531 0.00062513 0.00450000
v -0.00699860 0.00045617 0.00450000
v -0.00854531 0.00062513 0.00450000
v -0.00699860 -0.00045617 0.00450000
v -0.00699860 -0.00045617 0.00450000
v -0.00854531 0.00062513 0.00450000
v -0.00854531 -0.00062513 0.00450000
v -0.00699860 -0.00045617 0.00450000
v -0.00854531 -0.00062513 0.00450000
v -0.00660275 -0.00127815 0.00450000
v -0.00145469 0.00062513 0.00450000
v -0.00188231 0.00180000 0.00450000
v -0.00339725 0.00127815 0.00450000
v -0.00339725 0.00127815 0.00450000
v -0.00188231 0.00180000 0.00450000
v -0.00268596 0.00275776 0.00450000
v -0.00339725 0.00127815 0.00450000
v -0.00268596 0.00275776 0.00450000
v -0.00411054 0.00184699 0.00450000
v -0.00411054 0.00184699 0.00450000
v -0.00268596 0.00275776 0.00450000
v -0.00376873 0.00338289 0.00450000
v -0.00411054 0.00184699 0.00450000
v -0.00376873 0.00338289 0.00450000
v -0.00500000 0.00205000 0.00450000
v -0.00500000 0.00205000 0.00450000
v -0.00376873 0.00338289 0.00450000
v -0.00500000 0.00360000 0.00450000
v -0.00500000 0.00205000 0.00450000
v -0.00500000 0.00360000 0.00450000
v -0.00588946 0.00184699 0.00450000
v -0.00588946 0.00184699 0.00450000
v -0.00500000 0.00360000 0.00450000
v -0.00623127 0.00338289 0.00450000
v -0.00588946 0.00184699 0.00450000
v -0.00623127 0.00338289 0.00450000
v -0.00731404 0.00275776 0.00450000
v -0.00854531 -0.00062513 0.00450000
v -0.00811769 -0.00180000 0.00450000
v -0.00660275 -0.00127815 0.00450000
v -0.00660275 -0.00127815 0.00450000
v -0.00811769 -0.00180000 0.00450000
v -0.00731404 -0.00275776 0.00450000
v -0.00660275 -0.00127815 0.00450000
v -0.00731404 -0.00275776 0.00450000
v -0.00588946 -0.00184699 0.00450000
v -0.00588946 -0.00184699 0.00450000
v -0.00731404 -0.00275776 0.00450000
v -0.00623127 -0.00338289 0.00450000
v -0.00588946 -0.00184699 0.00450000
v -0.00623127 -0.00338289 0.00450000
v -0.00500000 -0.00205000 0.00450000
v -0.00500000 -0.00205000 0.00450000
v -0.00623127 -0.00338289 0.00450000
v -0.00500000 -0.00360000 0.00450000
v -0.00500000 -0.00205000 0.00450000
v -0.00500000 -0.00360000 0.00450000
v -0.00411054 -0.00184699 0.00450000
v -0.00411054 -0.00184699 0.00450000
v -0.00500000 -0.00360000 0.00450000
v -0.00376873 -0.00338289 0.00450000
v -0.00411054 -0.00184699 0.00450000
v -0.00376873 -0.00338289 0.00450000
v -0.00268596 -0.00275776 0.00450000
v 0.00500000 -0.00205000 0.00450000
v 0.00500000 -0.00205000 -0.00000000
v 0.00411054 -0.00184699 0.00450000
v 0.00411054 -0.00184699 0.00450000
v 0.00500000 -0.00205000 -0.00000000
v 0.00411054 -0.00184699 -0.00000000
v 0.00411054 -0.00184699 0.00450000
v 0.00411054 -0.00184699 -0.00000000
v 0.00339725 -0.00127815 0.00450000
v 0.00339725 -0.00127815 0.00450000
v 0.00411054 -0.00184699 -0.00000000
v 0.00339725 -0.00127815 -0.00000000
v 0.00339725 -0.00127815 0.00450000
v 0.00339725 -0.00127815 -0.00000000
v 0.00300140 -0.00045617 0.00450000
v 0.00300140 -0.00045617 0.00450000
v 0.00339725 -0.00127815 -0.00000000
v 0.00300140 -0.00045617 -0.00000000
v 0.00300140 -0.00045617 0.00450000
v 0.00300140 -0.00045617 -0.00000000
v 0.00300140 0.00045617 0.00450000
v 0.00300140 0.00045617 0.00450000
v 0.00300140 -0.00045617 -0.00000000
v 0.00300140 0.00045617 -0.00000000
v 0.00300140 0.00045617 0.00450000
v 0.00300140 0.00045617 -0.00000000
v 0.00339725 0.00127815 0.00450000
v 0.00339725 0.00127815 0.00450000
v 0.00300140 0.00045617 -0.00000000
v 0.00339725 0.00127815 -0.00000000
v 0.00339725 0.00127815 0.00450000
v 0.00339725 0.00127815 -0.00000000
v 0.00411054 0.00184699 0.00450000
v 0.00411054 0.00184699 0.00450000
v 0.00339725 0.00127815 -0.00000000
v 0.00411054 0.00184699 -0.00000000
v 0.00411054 0.00184699 0.00450000
v 0.00411054 0.00184699 -0.00000000
v 0.00500000 0.00205000 0.00450000
v 0.00500000 0.00205000 0.00450000
v 0.00411054 0.00184699 -0.00000000
v 0.00500000 0.00205000 -0.00000000
v -0.00500000 -0.00205000 0.00450000
v -0.00500000 -0.00205000 0.00000000
v -0.00588946 -0.00184699 0.00450000
v -0.00588946 -0.00184699 0.00450000
v -0.00500000 -0.00205000 0.00000000
v -0.00588946 -0.00184699 0.00000000
v -0.00588946 -0.00184699 0.00450000
v -0.00588946 -0.00184699 0.00000000
v -0.00660275 -0.00127815 0.00450000
v -0.00660275 -0.00127815 0.00450000
v -0.00588946 -0.00184699 0.00000000
v -0.00660275 -0.00127815 0.00000000
v -0.00660275 -0.00127815 0.00450000
v -0.00660275 -0.00127815 0.00000000
v -0.00699860 -0.00045617 0.00450000
v -0.00699860 -0.00045617 0.00450000
v -0.00660275 -0.00127815 0.00000000
v -0.00699860 -0.00045617 0.00000000
v -0.00699860 -0.00045617 0.00450000
v -0.00699860 -0.00045617 0.00000000
v -0.00699860 0.00045617 0.00450000
v -0.00699860 0.00045617 0.00450000
v -0.00699860 -0.00045617 0.00000000
v -0.00699860 0.00045617 0.00000000
v -0.00699860 0.00045617 0.00450000
v -0.00699860 0.00045617 0.00000000
v -0.00660275 0.00127815 0.00450000
v -0.00660275 0.00127815 0.00450000
v -0.00699860 0.00045617 0.00000000
v -0.00660275 0.00127815 0.00000000
v -0.00660275 0.00127815 0.00450000
v -0.00660275 0.00127815 0.00000000
v -0.00588946 0.00184699 0.00450000
v -0.00588946 0.00184699 0.00450000
v -0.00660275 0.00127815 0.00000000
v -0.00588946 0.00184699 0.00000000
v -0.00588946 0.00184699 0.00450000
v -0.00588946 0.00184699 0.00000000
v -0.00500000 0.00205000 0.00450000
v -0.00500000 0.00205000 0.00450000
v -0.00588946 0.00184699 0.00000000
v -0.00500000 0.00205000 0.00000000
v 0.00000000 -0.00150000 0.00035000
v 0.00000000 -0.00185000 -0.00000000
v -0.00075000 -0.00129904 0.00035000
v -0.00075000 -0.00129904 0.00035000
v 0.00000000 -0.00185000 -0.00000000
v -0.00092500 -0.00160215 -0.00000000
v -0.00075000 -0.00129904 0.00035000
v -0.00092500 -0.00160215 -0.00000000
v -0.00129904 -0.00075000 0.00035000
v -0.00129904 -0.00075000 0.00035000
v -0.00092500 -0.00160215 -0.00000000
v -0.00160215 -0.00092500 -0.00000000
v -0.00129904 -0.00075000 0.00035000
v -0.00160215 -0.00092500 -0.00000000
v -0.00150000 0.00000000 0.00035000
v -0.00150000 0.00000000 0.00035000
v -0.00160215 -0.00092500 -0.00000000
v -0.00185000 0.00000000 -0.00000000
v -0.00150000 0.00000000 0.00035000
v -0.00185000 0.00000000 -0.00000000
v -0.00129904 0.00075000 0.00035000
v -0.00129904 0.00075000 0.00035000
v -0.00185000 0.00000000 -0.00000000
v -0.00160215 0.00092500 -0.00000000
v -0.00129904 0.00075000 0.00035000
v -0.00160215 0.00092500 -0.00000000
v -0.00075000 0.00129904 0.00035000
v -0.00075000 0.00129904 0.00035000
v -0.00160215 0.00092500 -0.00000000
v -0.00092500 0.00160215 -0.00000000
v -0.00075000 0.00129904 0.00035000
v -0.00092500 0.00160215 -0.00000000
v 0.00000000 0.00150000 0.00035000
v 0.00000000 0.00150000 0.00035000
v -0.00092500 0.00160215 -0.00000000
v 0.00000000 0.00185000 -0.00000000
v -0.00259268 -0.01941962 0.01888582
v -0.00200000 -0.01961439 0.01900000
v -0.00261133 -0.01947637 0.01888582
v -0.00338253 -0.01930225 0.01825150
v -0.00347587 -0.01928118 0.01807402
v -0.00343085 -0.01914417 0.01807402
v -0.00357970 -0.01925774 0.01772311
v -0.00359747 -0.01925372 0.01750000
v -0.00354874 -0.01910542 0.01750000
v -0.00350000 -0.01895712 0.01750000
v -0.00338582 -0.01900715 0.01807402
v -0.00340833 -0.01907566 0.01807402
v -0.00257403 -0.01936287 0.01888582
v -0.00258335 -0.01939124 0.01888582
v -0.00274801 -0.01928663 0.01880018
v -0.00274801 -0.01928663 0.01880018
v -0.00258335 -0.01939124 0.01888582
v -0.00307789 -0.01920206 0.01856066
v -0.00274801 -0.01928663 0.01880018
v -0.00307789 -0.01920206 0.01856066
v -0.00292177 -0.01921049 0.01868335
v -0.00338582 -0.01900715 0.01807402
v -0.00335489 -0.01902071 0.01814364
v -0.00340833 -0.01907566 0.01807402
v -0.00340833 -0.01907566 0.01807402
v -0.00335489 -0.01902071 0.01814364
v -0.00329796 -0.01904565 0.01825185
v -0.00340833 -0.01907566 0.01807402
v -0.00329796 -0.01904565 0.01825185
v -0.00307789 -0.01920206 0.01856066
v -0.00307789 -0.01920206 0.01856066
v -0.00329796 -0.01904565 0.01825185
v -0.00306066 -0.01914963 0.01856066
v -0.00307789 -0.01920206 0.01856066
v -0.00306066 -0.01914963 0.01856066
v -0.00292177 -0.01921049 0.01868335
v -0.00343085 -0.01914417 0.01807402
v -0.00340833 -0.01907566 0.01807402
v -0.00309512 -0.01925450 0.01856066
v -0.00309512 -0.01925450 0.01856066
v -0.00340833 -0.01907566 0.01807402
v -0.00307789 -0.01920206 0.01856066
v -0.00309512 -0.01925450 0.01856066
v -0.00307789 -0.01920206 0.01856066
v -0.00259268 -0.01941962 0.01888582
v -0.00259268 -0.01941962 0.01888582
v -0.00307789 -0.01920206 0.01856066
v -0.00258335 -0.01939124 0.01888582
v -0.00259268 -0.01941962 0.01888582
v -0.00258335 -0.01939124 0.01888582
v -0.00200000 -0.01961439 0.01900000
v -0.00350000 -0.01895712 0.01750000
v -0.00340833 -0.01907566 0.01807402
v -0.00352437 -0.01903127 0.01750000
v -0.00352437 -0.01903127 0.01750000
v -0.00340833 -0.01907566 0.01807402
v -0.00343085 -0.01914417 0.01807402
v -0.00352437 -0.01903127 0.01750000
v -0.00343085 -0.01914417 0.01807402
v -0.00354874 -0.01910542 0.01750000
v -0.00354874 -0.01910542 0.01750000
v -0.00343085 -0.01914417 0.01807402
v -0.00347587 -0.01928118 0.01807402
v -0.00354874 -0.01910542 0.01750000
v -0.00347587 -0.01928118 0.01807402
v -0.00357970 -0.01925774 0.01772311
v -0.00261133 -0.01947637 0.01888582
v -0.00273498 -0.01944845 0.01883180
v -0.00259268 -0.01941962 0.01888582
v -0.00259268 -0.01941962 0.01888582
v -0.00273498 -0.01944845 0.01883180
v -0.00279768 -0.01943430 0.01879961
v -0.00259268 -0.01941962 0.01888582
v -0.00279768 -0.01943430 0.01879961
v -0.00309512 -0.01925450 0.01856066
v -0.00309512 -0.01925450 0.01856066
v -0.00279768 -0.01943430 0.01879961
v -0.00312958 -0.01935936 0.01856066
v -0.00309512 -0.01925450 0.01856066
v -0.00312958 -0.01935936 0.01856066
v -0.00343085 -0.01914417 0.01807402
v -0.00343085 -0.01914417 0.01807402
v -0.00312958 -0.01935936 0.01856066
v -0.00329937 -0.01932103 0.01837257
v -0.00343085 -0.01914417 0.01807402
v -0.00329937 -0.01932103 0.01837257
v -0.00338253 -0.01930225 0.01825150
v -0.00257403 -0.01936287 0.01888582
v -0.00228914 -0.01948770 0.01897187
v -0.00258335 -0.01939124 0.01888582
v -0.00258335 -0.01939124 0.01888582
v -0.00228914 -0.01948770 0.01897187
v -0.00200000 -0.01961439 0.01900000
v -0.00200000 -0.00490000 0.01900000
v -0.00100000 -0.00490000 0.01900000
v -0.00200000 -0.01961439 0.01900000
v -0.00200000 -0.01961439 0.01900000
v -0.00100000 -0.00490000 0.01900000
v -0.00100000 -0.02087868 0.01900000
v -0.00200000 -0.01961439 0.01900000
v -0.00100000 -0.02087868 0.01900000
v -0.00375784 -0.02200000 0.01900000
v -0.00375784 -0.02200000 0.01900000
v -0.00100000 -0.02087868 0.01900000
v -0.00212132 -0.02200000 0.01900000
v -0.00100000 -0.02087868 0.01900000
v -0.00100000 -0.00490000 0.01900000
v -0.00030946 -0.02116471 0.01916840
v -0.00030946 -0.02116471 0.01916840
v -0.00100000 -0.00490000 0.01900000
v -0.00025000 -0.00490000 0.01920096
v -0.00030946 -0.02116471 0.01916840
v -0.00025000 -0.00490000 0.01920096
v -0.00025089 -0.02118897 0.01920045
v -0.00025089 -0.02118897 0.01920045
v -0.00025000 -0.00490000 0.01920096
v 0.00005852 -0.02131713 0.01943721
v 0.00005852 -0.02131713 0.01943721
v -0.00025000 -0.00490000 0.01920096
v 0.00029904 -0.00490000 0.01975000
v 0.00005852 -0.02131713 0.01943721
v 0.00029904 -0.00490000 0.01975000
v 0.00022010 -0.02138406 0.01962745
v 0.00029904 -0.00490000 0.01975000
v 0.00050000 -0.00490000 0.02050000
v 0.00050000 -0.00740000 0.02050000
v 0.00022010 -0.02138406 0.01962745
v 0.00029904 -0.00490000 0.01975000
v 0.00029828 -0.02141645 0.01974869
v 0.00029828 -0.02141645 0.01974869
v 0.00029904 -0.00490000 0.01975000
v 0.00050000 -0.00740000 0.02050000
v 0.00029828 -0.02141645 0.01974869
v 0.00050000 -0.00740000 0.02050000
v 0.00050000 -0.01900000 0.02050000
v 0.00050000 -0.02150000 0.02050000
v 0.00047944 -0.02149148 0.02025251
v 0.00050000 -0.01900000 0.02050000
v 0.00050000 -0.01900000 0.02050000
v 0.00047944 -0.02149148 0.02025251
v 0.00038494 -0.02145234 0.01992386
v 0.00050000 -0.01900000 0.02050000
v 0.00038494 -0.02145234 0.01992386
v 0.00029828 -0.02141645 0.01974869
v 0.00150000 -0.00540000 0.03750000
v 0.00150000 -0.00540000 0.02250000
v 0.00050000 -0.00540000 0.03750000
v 0.00050000 -0.00540000 0.03750000
v 0.00150000 -0.00540000 0.02250000
v 0.00050000 -0.00540000 0.02250000
v 0.00150000 -0.00740000 0.02050000
v 0.00050000 -0.00740000 0.02050000
v 0.00050000 -0.00663463 0.02065224
v 0.00150000 -0.00740000 0.02050000
v 0.00050000 -0.00663463 0.02065224
v 0.00150000 -0.00663463 0.02065224
v 0.00150000 -0.00663463 0.02065224
v 0.00050000 -0.00663463 0.02065224
v 0.00050000 -0.00598579 0.02108579
v 0.00150000 -0.00663463 0.02065224
v 0.00050000 -0.00598579 0.02108579
v 0.00150000 -0.00598579 0.02108579
v 0.00150000 -0.00598579 0.02108579
v 0.00050000 -0.00598579 0.02108579
v 0.00050000 -0.00555224 0.02173463
v 0.00150000 -0.00598579 0.02108579
v 0.00050000 -0.00555224 0.02173463
v 0.00150000 -0.00555224 0.02173463
v 0.00150000 -0.00555224 0.02173463
v 0.00050000 -0.00555224 0.02173463
v 0.00050000 -0.00540000 0.02250000
v 0.00150000 -0.00555224 0.02173463
v 0.00050000 -0.00540000 0.02250000
v 0.00150000 -0.00540000 0.02250000
v 0.00150000 -0.02100000 0.02250000
v 0.00050000 -0.02100000 0.02250000
v 0.00050000 -0.02084776 0.02173463
v 0.00150000 -0.02100000 0.02250000
v 0.00050000 -0.02084776 0.02173463
v 0.00150000 -0.02084776 0.02173463
v 0.00150000 -0.02084776 0.02173463
v 0.00050000 -0.02084776 0.02173463
v 0.00050000 -0.02041421 0.02108579
v 0.00150000 -0.02084776 0.02173463
v 0.00050000 -0.02041421 0.02108579
v 0.00150000 -0.02041421 0.02108579
v 0.00150000 -0.02041421 0.02108579
v 0.00050000 -0.02041421 0.02108579
v 0.00050000 -0.01976537 0.02065224
v 0.00150000 -0.02041421 0.02108579
v 0.00050000 -0.01976537 0.02065224
v 0.00150000 -0.01976537 0.02065224
v 0.00150000 -0.01976537 0.02065224
v 0.00050000 -0.01976537 0.02065224
v 0.00050000 -0.01900000 0.02050000
v 0.00150000 -0.01976537 0.02065224
v 0.00050000 -0.01900000 0.02050000
v 0.00150000 -0.01900000 0.02050000
v 0.00150000 -0.02100000 0.02250000
v 0.00150000 -0.02100000 0.03750000
v 0.00050000 -0.02100000 0.02250000
v 0.00050000 -0.02100000 0.02250000
v 0.00150000 -0.02100000 0.03750000
v 0.00050000 -0.02100000 0.03750000
v 0.00150000 -0.01900000 0.03950000
v 0.00050000 -0.01900000 0.03950000
v 0.00050000 -0.01976537 0.03934776
v 0.00150000 -0.01900000 0.03950000
v 0.00050000 -0.01976537 0.03934776
v 0.00150000 -0.01976537 0.03934776
v 0.00150000 -0.01976537 0.03934776
v 0.00050000 -0.01976537 0.03934776
v 0.00050000 -0.02041421 0.03891421
v 0.00150000 -0.01976537 0.03934776
v 0.00050000 -0.02041421 0.03891421
v 0.00150000 -0.02041421 0.03891421
v 0.00150000 -0.02041421 0.03891421
v 0.00050000 -0.02041421 0.03891421
v 0.00050000 -0.02084776 0.03826537
v 0.00150000 -0.02041421 0.03891421
v 0.00050000 -0.02084776 0.03826537
v 0.00150000 -0.02084776 0.03826537
v 0.00150000 -0.02084776 0.03826537
v 0.00050000 -0.02084776 0.03826537
v 0.00050000 -0.02100000 0.03750000
v 0.00150000 -0.02084776 0.03826537
v 0.00050000 -0.02100000 0.03750000
v 0.00150000 -0.02100000 0.03750000
v 0.00150000 -0.01900000 0.03950000
v 0.00150000 -0.00740000 0.03950000
v 0.00050000 -0.01900000 0.03950000
v 0.00050000 -0.01900000 0.03950000
v 0.00150000 -0.00740000 0.03950000
v 0.00050000 -0.00740000 0.03950000
v 0.00150000 -0.00540000 0.03750000
v 0.00050000 -0.00540000 0.03750000
v 0.00050000 -0.00555224 0.03826537
v 0.00150000 -0.00540000 0.03750000
v 0.00050000 -0.00555224 0.03826537
v 0.00150000 -0.00555224 0.03826537
v 0.00150000 -0.00555224 0.03826537
v 0.00050000 -0.00555224 0.03826537
v 0.00050000 -0.00598579 0.03891421
v 0.00150000 -0.00555224 0.03826537
v 0.00050000 -0.00598579 0.03891421
v 0.00150000 -0.00598579 0.03891421
v 0.00150000 -0.00598579 0.03891421
v 0.00050000 -0.00598579 0.03891421
v 0.00050000 -0.00663463 0.03934776
v 0.00150000 -0.00598579 0.03891421
v 0.00050000 -0.00663463 0.03934776
v 0.00150000 -0.00663463 0.03934776
v 0.00150000 -0.00663463 0.03934776
v 0.00050000 -0.00663463 0.03934776
v 0.00050000 -0.00740000 0.03950000
v 0.00150000 -0.00663463 0.03934776
v 0.00050000 -0.00740000 0.03950000
v 0.00150000 -0.00740000 0.03950000
v 0.00000000 -0.00150000 0.00270000
v 0.00000000 -0.00150000 0.00035000
v -0.00075000 -0.00129904 0.00270000
v -0.00075000 -0.00129904 0.00270000
v 0.00000000 -0.00150000 0.00035000
v -0.00075000 -0.00129904 0.00035000
v -0.00075000 -0.00129904 0.00270000
v -0.00075000 -0.00129904 0.00035000
v -0.00129904 -0.00075000 0.00270000
v -0.00129904 -0.00075000 0.00270000
v -0.00075000 -0.00129904 0.00035000
v -0.00129904 -0.00075000 0.00035000
v -0.00129904 -0.00075000 0.00270000
v -0.00129904 -0.00075000 0.00035000
v -0.00150000 0.00000000 0.00270000
v -0.00150000 0.00000000 0.00270000
v -0.00129904 -0.00075000 0.00035000
v -0.00150000 0.00000000 0.00035000
v -0.00150000 0.00000000 0.00270000
v -0.00150000 0.00000000 0.00035000
v -0.00129904 0.00075000 0.00270000
v -0.00129904 0.00075000 0.00270000
v -0.00150000 0.00000000 0.00035000
v -0.00129904 0.00075000 0.00035000
v -0.00129904 0.00075000 0.00270000
v -0.00129904 0.00075000 0.00035000
v -0.00075000 0.00129904 0.00270000
v -0.00075000 0.00129904 0.00270000
v -0.00129904 0.00075000 0.00035000
v -0.00075000 0.00129904 0.00035000
v -0.00075000 0.00129904 0.00270000
v -0.00075000 0.00129904 0.00035000
v 0.00000000 0.00150000 0.00270000
v 0.00000000 0.00150000 0.00270000
v -0.00075000 0.00129904 0.00035000
v 0.00000000 0.00150000 0.00035000
v 0.00150000 -0.01900000 0.02050000
v 0.00050000 -0.01900000 0.02050000
v 0.00150000 -0.00740000 0.02050000
v 0.00150000 -0.00740000 0.02050000
v 0.00050000 -0.01900000 0.02050000
v 0.00050000 -0.00740000 0.02050000
v -0.00000000 -0.00440000 0.02050000
v 0.00050000 -0.00490000 0.02050000
v 0.00029904 -0.00490000 0.01975000
v -0.00000000 -0.00440000 0.02050000
v 0.00029904 -0.00490000 0.01975000
v -0.00013397 -0.00440000 0.02000000
v -0.00013397 -0.00440000 0.02000000
v 0.00029904 -0.00490000 0.01975000
v -0.00025000 -0.00490000 0.01920096
v -0.00013397 -0.00440000 0.02000000
v -0.00025000 -0.00490000 0.01920096
v -0.00050000 -0.00440000 0.01963397
v -0.00050000 -0.00440000 0.01963397
v -0.00025000 -0.00490000 0.01920096
v -0.00100000 -0.00490000 0.01900000
v -0.00050000 -0.00440000 0.01963397
v -0.00100000 -0.00490000 0.01900000
v -0.00100000 -0.00440000 0.01950000
v 0.00150000 -0.02041421 0.03891421
v 0.00150000 -0.02084776 0.03826537
v 0.00150000 -0.02100000 0.03750000
v 0.00150000 -0.01900000 0.03950000
v 0.00150000 -0.01900000 0.02050000
v 0.00150000 -0.00740000 0.03950000
v 0.00150000 -0.00740000 0.03950000
v 0.00150000 -0.01900000 0.02050000
v 0.00150000 -0.00740000 0.02050000
v 0.00150000 -0.02041421 0.03891421
v 0.00150000 -0.02100000 0.03750000
v 0.00150000 -0.01976537 0.03934776
v 0.00150000 -0.02100000 0.02250000
v 0.00150000 -0.01900000 0.02050000
v 0.00150000 -0.02100000 0.03750000
v 0.00150000 -0.02100000 0.03750000
v 0.00150000 -0.01900000 0.02050000
v 0.00150000 -0.01900000 0.03950000
v 0.00150000 -0.02100000 0.03750000
v 0.00150000 -0.01900000 0.03950000
v 0.00150000 -0.01976537 0.03934776
v 0.00150000 -0.02100000 0.02250000
v 0.00150000 -0.02084776 0.02173463
v 0.00150000 -0.01900000 0.02050000
v 0.00150000 -0.01900000 0.02050000
v 0.00150000 -0.02084776 0.02173463
v 0.00150000 -0.02041421 0.02108579
v 0.00150000 -0.01900000 0.02050000
v 0.00150000 -0.02041421 0.02108579
v 0.00150000 -0.01976537 0.02065224
v 0.00150000 -0.00598579 0.02108579
v 0.00150000 -0.00555224 0.02173463
v 0.00150000 -0.00663463 0.02065224
v 0.00150000 -0.00663463 0.02065224
v 0.00150000 -0.00555224 0.02173463
v 0.00150000 -0.00540000 0.02250000
v 0.00150000 -0.00540000 0.03750000
v 0.00150000 -0.00740000 0.03950000
v 0.00150000 -0.00540000 0.02250000
v 0.00150000 -0.00540000 0.02250000
v 0.00150000 -0.00740000 0.03950000
v 0.00150000 -0.00740000 0.02050000
v 0.00150000 -0.00540000 0.02250000
v 0.00150000 -0.00740000 0.02050000
v 0.00150000 -0.00663463 0.02065224
v 0.00150000 -0.00540000 0.03750000
v 0.00150000 -0.00555224 0.03826537
v 0.00150000 -0.00740000 0.03950000
v 0.00150000 -0.00740000 0.03950000
v 0.00150000 -0.00555224 0.03826537
v 0.00150000 -0.00598579 0.03891421
v 0.00150000 -0.00740000 0.03950000
v 0.00150000 -0.00598579 0.03891421
v 0.00150000 -0.00663463 0.03934776
v -0.00129904 -0.00075000 0.00270000
v 0.00075000 0.00129904 0.00270000
v -0.00075000 -0.00129904 0.00270000
v -0.00075000 -0.00129904 0.00270000
v 0.00075000 0.00129904 0.00270000
v 0.00129904 0.00075000 0.00270000
v 0.00075000 -0.00129904 0.00270000
v 0.00000000 -0.00150000 0.00270000
v 0.00129904 -0.00075000 0.00270000
v 0.00129904 -0.00075000 0.00270000
v 0.00000000 -0.00150000 0.00270000
v -0.00075000 -0.00129904 0.00270000
v 0.00129904 -0.00075000 0.00270000
v -0.00075000 -0.00129904 0.00270000
v 0.00150000 0.00000000 0.00270000
v 0.00150000 0.00000000 0.00270000
v -0.00075000 -0.00129904 0.00270000
v 0.00129904 0.00075000 0.00270000
v -0.00075000 0.00129904 0.00270000
v 0.00000000 0.00150000 0.00270000
v -0.00129904 0.00075000 0.00270000
v -0.00129904 0.00075000 0.00270000
v 0.00000000 0.00150000 0.00270000
v 0.00075000 0.00129904 0.00270000
v -0.00129904 0.00075000 0.00270000
v 0.00075000 0.00129904 0.00270000
v -0.00150000 0.00000000 0.00270000
v -0.00150000 0.00000000 0.00270000
v 0.00075000 0.00129904 0.00270000
v -0.00129904 -0.00075000 0.00270000
vn 0.03275098 -0.99946354 0.00000000
vn 0.03275098 -0.99946354 0.00000000
vn 0.03275098 -0.99946354 0.00000000
vn 0.06546375 -0.99781131 -0.00933238
vn 0.06546375 -0.99781131 -0.00933238
vn 0.06546375 -0.99781131 -0.00933238
vn 0.09811176 -0.99517540 0.00000000
vn 0.09811176 -0.99517540 0.00000000
vn 0.09811176 -0.99517540 0.00000000
vn 0.03275078 -0.99946355 0.00000000
vn 0.03275078 -0.99946355 0.00000000
vn 0.03275078 -0.99946355 0.00000000
vn 0.06546375 -0.99781131 -0.00933250
vn 0.06546375 -0.99781131 -0.00933250
vn 0.06546375 -0.99781131 -0.00933250
vn 0.09811235 -0.99517534 0.00000000
vn 0.09811235 -0.99517534 0.00000000
vn 0.09811235 -0.99517534 0.00000000
vn 0.70021470 -0.13927939 0.70021470
vn 0.70021470 -0.13927939 0.70021470
vn 0.70021470 -0.13927939 0.70021470
vn 0.70021476 -0.13927934 0.70021465
vn 0.70021476 -0.13927934 0.70021465
vn 0.70021476 -0.13927934 0.70021465
vn 0.63486441 -0.31308481 0.70634629
vn 0.63486441 -0.31308481 0.70634629
vn 0.63486441 -0.31308481 0.70634629
vn 0.61569281 -0.41138854 0.67207279
vn 0.61569281 -0.41138854 0.67207279
vn 0.61569281 -0.41138854 0.67207279
vn 0.56338524 -0.43230468 0.70406657
vn 0.56338524 -0.43230468 0.70406657
vn 0.56338524 -0.43230468 0.70406657
vn 0.39663495 -0.59361227 0.70021796
vn 0.39663495 -0.59361227 0.70021796
vn 0.39663495 -0.59361227 0.70021796
vn 0.13927933 -0.70021471 0.70021471
vn 0.13927933 -0.70021471 0.70021471
vn 0.13927933 -0.70021471 0.70021471
vn 0.13927939 -0.70021474 0.70021465
vn 0.13927939 -0.70021474 0.70021465
vn 0.13927939 -0.70021474 0.70021465
vn 0.31308481 -0.63486441 0.70634629
vn 0.31308481 -0.63486441 0.70634629
vn 0.31308481 -0.63486441 0.70634629
vn 0.46234433 -0.60253330 0.65053158
vn 0.46234433 -0.60253330 0.65053158
vn 0.46234433 -0.60253330 0.65053158
vn -0.15933308 -0.69807341 0.69807341
vn -0.15933308 -0.69807341 0.69807341
vn -0.15933308 -0.69807341 0.69807341
vn -0.15933014 -0.69807858 0.69806891
vn -0.15933014 -0.69807858 0.69806891
vn -0.15933014 -0.69807858 0.69806891
vn -0.33054622 -0.62537785 0.70685341
vn -0.33054622 -0.62537785 0.70685341
vn -0.33054622 -0.62537785 0.70685341
vn -0.46027087 -0.57717143 0.67455457
vn -0.46027087 -0.57717143 0.67455457
vn -0.46027087 -0.57717143 0.67455457
vn -0.46527152 -0.54065811 0.70086462
vn -0.46527152 -0.54065811 0.70086462
vn -0.46527152 -0.54065811 0.70086462
vn -0.58505551 -0.39888060 0.70611919
vn -0.58505551 -0.39888060 0.70611919
vn -0.58505551 -0.39888060 0.70611919
vn -0.67740402 -0.32621712 0.65932252
vn -0.67740402 -0.32621712 0.65932252
vn -0.67740402 -0.32621712 0.65932252
vn -0.66191291 -0.25978318 0.70312445
vn -0.66191291 -0.25978318 0.70312445
vn -0.66191291 -0.25978318 0.70312445
vn -0.71602400 0.00000000 0.69807566
vn -0.71602400 0.00000000 0.69807566
vn -0.71602400 0.00000000 0.69807566
vn -0.80465839 -0.09066543 0.58677480
vn -0.80465839 -0.09066543 0.58677480
vn -0.80465839 -0.09066543 0.58677480
vn -0.70487154 0.07942187 0.70487466
vn -0.70487154 0.07942187 0.70487466
vn -0.70487154 0.07942187 0.70487466
vn -0.64511849 0.31066940 0.69807353
vn -0.64511849 0.31066940 0.69807353
vn -0.64511849 0.31066940 0.69807353
vn -0.72361307 0.28399885 0.62906977
vn -0.72361307 0.28399885 0.62906977
vn -0.72361307 0.28399885 0.62906977
vn -0.58505551 0.39888060 0.70611919
vn -0.58505551 0.39888060 0.70611919
vn -0.58505551 0.39888060 0.70611919
vn -0.44642875 0.55981367 0.69807595
vn -0.44642875 0.55981367 0.69807595
vn -0.44642875 0.55981367 0.69807595
vn -0.15932906 0.69807387 0.69807387
vn -0.15932906 0.69807387 0.69807387
vn -0.15932906 0.69807387 0.69807387
vn -0.15933396 0.69807725 0.69806937
vn -0.15933396 0.69807725 0.69806937
vn -0.15933396 0.69807725 0.69806937
vn -0.33054622 0.62537785 0.70685341
vn -0.33054622 0.62537785 0.70685341
vn -0.33054622 0.62537785 0.70685341
vn -0.48660219 0.56544492 0.66595072
vn -0.48660219 0.56544492 0.66595072
vn -0.48660219 0.56544492 0.66595072
vn -0.15933308 -0.69807341 0.69807341
vn -0.15933308 -0.69807341 0.69807341
vn -0.15933308 -0.69807341 0.69807341
vn -0.15933014 -0.69807858 0.69806891
vn -0.15933014 -0.69807858 0.69806891
vn -0.15933014 -0.69807858 0.69806891
vn -0.33054622 -0.62537785 0.70685341
vn -0.33054622 -0.62537785 0.70685341
vn -0.33054622 -0.62537785 0.70685341
vn -0.46027087 -0.57717143 0.67455457
vn -0.46027087 -0.57717143 0.67455457
vn -0.46027087 -0.57717143 0.67455457
vn -0.46527028 -0.54066830 0.70085759
vn -0.46527028 -0.54066830 0.70085759
vn -0.46527028 -0.54066830 0.70085759
vn -0.58507605 -0.39886589 0.70611048
vn -0.58507605 -0.39886589 0.70611048
vn -0.58507605 -0.39886589 0.70611048
vn -0.67740402 -0.32621712 0.65932252
vn -0.67740402 -0.32621712 0.65932252
vn -0.67740402 -0.32621712 0.65932252
vn -0.66191291 -0.25978318 0.70312445
vn -0.66191291 -0.25978318 0.70312445
vn -0.66191291 -0.25978318 0.70312445
vn -0.71602400 0.00000000 0.69807566
vn -0.71602400 0.00000000 0.69807566
vn -0.71602400 0.00000000 0.69807566
vn -0.80465839 -0.09066543 0.58677480
vn -0.80465839 -0.09066543 0.58677480
vn -0.80465839 -0.09066543 0.58677480
vn -0.70487154 0.07942187 0.70487466
vn -0.70487154 0.07942187 0.70487466
vn -0.70487154 0.07942187 0.70487466
vn -0.64511849 0.31066940 0.69807353
vn -0.64511849 0.31066940 0.69807353
vn -0.64511849 0.31066940 0.69807353
vn -0.72361307 0.28399885 0.62906977
vn -0.72361307 0.28399885 0.62906977
vn -0.72361307 0.28399885 0.62906977
vn -0.58507605 0.39886589 0.70611048
vn -0.58507605 0.39886589 0.70611048
vn -0.58507605 0.39886589 0.70611048
vn -0.44643246 0.55981832 0.69806984
vn -0.44643246 0.55981832 0.69806984
vn -0.44643246 0.55981832 0.69806984
vn -0.15932906 0.69807387 0.69807387
vn -0.15932906 0.69807387 0.69807387
vn -0.15932906 0.69807387 0.69807387
vn -0.15933396 0.69807725 0.69806937
vn -0.15933396 0.69807725 0.69806937
vn -0.15933396 0.69807725 0.69806937
vn -0.33054622 0.62537785 0.70685341
vn -0.33054622 0.62537785 0.70685341
vn -0.33054622 0.62537785 0.70685341
vn -0.48659468 0.56544836 0.66595327
vn -0.48659468 0.56544836 0.66595327
vn -0.48659468 0.56544836 0.66595327
vn 0.04634156 0.70634710 0.70634710
vn 0.04634156 0.70634710 0.70634710
vn 0.04634156 0.70634710 0.70634710
vn 0.04634123 0.70634845 0.70634577
vn 0.04634123 0.70634845 0.70634577
vn 0.04634123 0.70634845 0.70634577
vn 0.19508758 -0.98078583 0.00000000
vn 0.19508758 -0.98078583 0.00000000
vn 0.19508758 -0.98078583 0.00000000
vn 0.25879766 -0.96585512 0.01215120
vn 0.25879766 -0.96585512 0.01215120
vn 0.25879766 -0.96585512 0.01215120
vn 0.44229361 -0.89687032 0.00000000
vn 0.44229361 -0.89687032 0.00000000
vn 0.44229361 -0.89687032 0.00000000
vn 0.60876496 -0.79335063 0.00000000
vn 0.60876496 -0.79335063 0.00000000
vn 0.60876496 -0.79335063 0.00000000
vn 0.70701372 -0.70701372 0.01622316
vn 0.70701372 -0.70701372 0.01622316
vn 0.70701372 -0.70701372 0.01622316
vn 0.98078583 -0.19508758 0.00000000
vn 0.98078583 -0.19508758 0.00000000
vn 0.98078583 -0.19508758 0.00000000
vn 0.96585512 -0.25879766 0.01215120
vn 0.96585512 -0.25879766 0.01215120
vn 0.96585512 -0.25879766 0.01215120
vn 0.89687032 -0.44229361 0.00000000
vn 0.89687032 -0.44229361 0.00000000
vn 0.89687032 -0.44229361 0.00000000
vn 0.79335063 -0.60876496 0.00000000
vn 0.79335063 -0.60876496 0.00000000
vn 0.79335063 -0.60876496 0.00000000
vn -0.22251862 0.97492844 0.00000000
vn -0.22251862 0.97492844 0.00000000
vn -0.22251862 0.97492844 0.00000000
vn -0.25882011 0.96592141 0.00282369
vn -0.25882011 0.96592141 0.00282369
vn -0.25882011 0.96592141 0.00282369
vn -0.46729556 0.88410116 0.00000000
vn -0.46729556 0.88410116 0.00000000
vn -0.46729556 0.88410116 0.00000000
vn -0.65228547 0.75797339 0.00000000
vn -0.65228547 0.75797339 0.00000000
vn -0.65228547 0.75797339 0.00000000
vn -0.70709892 0.70709892 0.00471448
vn -0.70709892 0.70709892 0.00471448
vn -0.70709892 0.70709892 0.00471448
vn -0.82624107 0.56331669 0.00000000
vn -0.82624107 0.56331669 0.00000000
vn -0.82624107 0.56331669 0.00000000
vn -0.93087303 0.36534286 0.00000000
vn -0.93087303 0.36534286 0.00000000
vn -0.93087303 0.36534286 0.00000000
vn -0.96590978 0.25881699 0.00566247
vn -0.96590978 0.25881699 0.00566247
vn -0.96590978 0.25881699 0.00566247
vn -0.99371191 0.11196716 0.00000000
vn -0.99371191 0.11196716 0.00000000
vn -0.99371191 0.11196716 0.00000000
vn -0.99371191 -0.11196716 0.00000000
vn -0.99371191 -0.11196716 0.00000000
vn -0.99371191 -0.11196716 0.00000000
vn -0.96590978 -0.25881699 0.00566247
vn -0.96590978 -0.25881699 0.00566247
vn -0.96590978 -0.25881699 0.00566247
vn -0.93087303 -0.36534286 0.00000000
vn -0.93087303 -0.36534286 0.00000000
vn -0.93087303 -0.36534286 0.00000000
vn -0.82624107 -0.56331669 0.00000000
vn -0.82624107 -0.56331669 0.00000000
vn -0.82624107 -0.56331669 0.00000000
vn -0.70709892 -0.70709892 0.00471448
vn -0.70709892 -0.70709892 0.00471448
vn -0.70709892 -0.70709892 0.00471448
vn -0.22251862 -0.97492844 0.00000000
vn -0.22251862 -0.97492844 0.00000000
vn -0.22251862 -0.97492844 0.00000000
vn -0.25882011 -0.96592141 0.00282369
vn -0.25882011 -0.96592141 0.00282369
vn -0.25882011 -0.96592141 0.00282369
vn -0.46729556 -0.88410116 0.00000000
vn -0.46729556 -0.88410116 0.00000000
vn -0.46729556 -0.88410116 0.00000000
vn -0.65228547 -0.75797339 0.00000000
vn -0.65228547 -0.75797339 0.00000000
vn -0.65228547 -0.75797339 0.00000000
vn -0.22251862 0.97492844 0.00000000
vn -0.22251862 0.97492844 0.00000000
vn -0.22251862 0.97492844 0.00000000
vn -0.25882011 0.96592141 0.00282369
vn -0.25882011 0.96592141 0.00282369
vn -0.25882011 0.96592141 0.00282369
vn -0.46729556 0.88410116 0.00000000
vn -0.46729556 0.88410116 0.00000000
vn -0.46729556 0.88410116 0.00000000
vn -0.65227742 0.75798033 0.00000000
vn -0.65227742 0.75798033 0.00000000
vn -0.65227742 0.75798033 0.00000000
vn -0.70709892 0.70709892 0.00471520
vn -0.70709892 0.70709892 0.00471520
vn -0.70709892 0.70709892 0.00471520
vn -0.82625994 0.56328901 0.00000000
vn -0.82625994 0.56328901 0.00000000
vn -0.82625994 0.56328901 0.00000000
vn -0.93087303 0.36534286 0.00000000
vn -0.93087303 0.36534286 0.00000000
vn -0.93087303 0.36534286 0.00000000
vn -0.96590978 0.25881699 0.00566247
vn -0.96590978 0.25881699 0.00566247
vn -0.96590978 0.25881699 0.00566247
vn -0.99371191 0.11196716 0.00000000
vn -0.99371191 0.11196716 0.00000000
vn -0.99371191 0.11196716 0.00000000
vn -0.99371191 -0.11196716 0.00000000
vn -0.99371191 -0.11196716 0.00000000
vn -0.99371191 -0.11196716 0.00000000
vn -0.96590978 -0.25881699 0.00566247
vn -0.96590978 -0.25881699 0.00566247
vn -0.96590978 -0.25881699 0.00566247
vn -0.93087303 -0.36534286 0.00000000
vn -0.93087303 -0.36534286 0.00000000
vn -0.93087303 -0.36534286 0.00000000
vn -0.82625994 -0.56328901 0.00000000
vn -0.82625994 -0.56328901 0.00000000
vn -0.82625994 -0.56328901 0.00000000
vn -0.70709892 -0.70709892 0.00471520
vn -0.70709892 -0.70709892 0.00471520
vn -0.70709892 -0.70709892 0.00471520
vn -0.22251862 -0.97492844 0.00000000
vn -0.22251862 -0.97492844 0.00000000
vn -0.22251862 -0.97492844 0.00000000
vn -0.25882011 -0.96592141 0.00282369
vn -0.25882011 -0.96592141 0.00282369
vn -0.25882011 -0.96592141 0.00282369
vn -0.46729556 -0.88410116 0.00000000
vn -0.46729556 -0.88410116 0.00000000
vn -0.46729556 -0.88410116 0.00000000
vn -0.65227742 -0.75798033 0.00000000
vn -0.65227742 -0.75798033 0.00000000
vn -0.65227742 -0.75798033 0.00000000
vn 0.03275098 0.99946354 0.00000000
vn 0.03275098 0.99946354 0.00000000
vn 0.03275098 0.99946354 0.00000000
vn 0.06545912 0.99774068 0.01512068
vn 0.06545912 0.99774068 0.01512068
vn 0.06545912 0.99774068 0.01512068
vn 0.09811176 0.99517540 0.00000000
vn 0.09811176 0.99517540 0.00000000
vn 0.09811176 0.99517540 0.00000000
vn 0.03275078 0.99946355 0.00000000
vn 0.03275078 0.99946355 0.00000000
vn 0.03275078 0.99946355 0.00000000
vn 0.06545912 0.99774068 0.01512086
vn 0.06545912 0.99774068 0.01512086
vn 0.06545912 0.99774068 0.01512086
vn 0.09811235 0.99517534 0.00000000
vn 0.09811235 0.99517534 0.00000000
vn 0.09811235 0.99517534 0.00000000
vn -0.51020247 0.13670952 0.84911951
vn -0.51020247 0.13670952 0.84911951
vn -0.51020247 0.13670952 0.84911951
vn -0.37349442 0.37349442 0.84911945
vn -0.37349442 0.37349442 0.84911945
vn -0.37349442 0.37349442 0.84911945
vn -0.13670952 0.51020247 0.84911951
vn -0.13670952 0.51020247 0.84911951
vn -0.13670952 0.51020247 0.84911951
vn -0.13670952 -0.51020247 0.84911951
vn -0.13670952 -0.51020247 0.84911951
vn -0.13670952 -0.51020247 0.84911951
vn -0.37349442 -0.37349442 0.84911945
vn -0.37349442 -0.37349442 0.84911945
vn -0.37349442 -0.37349442 0.84911945
vn -0.51020247 -0.13670952 0.84911951
vn -0.51020247 -0.13670952 0.84911951
vn -0.51020247 -0.13670952 0.84911951
vn -0.51020247 0.13670952 0.84911951
vn -0.51020247 0.13670952 0.84911951
vn -0.51020247 0.13670952 0.84911951
vn -0.37349442 0.37349442 0.84911945
vn -0.37349442 0.37349442 0.84911945
vn -0.37349442 0.37349442 0.84911945
vn -0.13670952 0.51020247 0.84911951
vn -0.13670952 0.51020247 0.84911951
vn -0.13670952 0.51020247 0.84911951
vn -0.13670952 -0.51020247 0.84911951
vn -0.13670952 -0.51020247 0.84911951
vn -0.13670952 -0.51020247 0.84911951
vn -0.37349442 -0.37349442 0.84911945
vn -0.37349442 -0.37349442 0.84911945
vn -0.37349442 -0.37349442 0.84911945
vn -0.51020247 -0.13670952 0.84911951
vn -0.51020247 -0.13670952 0.84911951
vn -0.51020247 -0.13670952 0.84911951
vn 0.00000000 -1.00000000 0.00000000
vn 0.00000000 -1.00000000 0.00000000
vn 0.00000000 -1.00000000 0.00000000
vn 0.00000000 -1.00000000 0.00000000
vn 0.00000000 -1.00000000 0.00000000
vn 0.00000000 -1.00000000 0.00000000
vn 0.00000000 -1.00000000 0.00000000
vn 0.00000000 -1.00000000 0.00000000
vn 0.00000000 -1.00000000 0.00000000
vn 0.00000000 -1.00000000 0.00000000
vn 0.00000000 -1.00000000 0.00000000
vn 0.00000000 -1.00000000 0.00000000
vn 0.00000000 -1.00000000 0.00000000
vn 0.00000000 -1.00000000 0.00000000
vn 0.00000000 -1.00000000 0.00000000
vn 0.00000000 -1.00000000 0.00000000
vn 0.00000000 -1.00000000 0.00000000
vn 0.00000000 -1.00000000 0.00000000
vn 0.00000000 -1.00000000 0.00000000
vn 0.00000000 -1.00000000 0.00000000
vn 0.00000000 -1.00000000 0.00000000
vn 0.00000000 -1.00000000 0.00000000
vn 0.00000000 -1.00000000 0.00000000
vn 0.00000000 -1.00000000 0.00000000
vn 0.00000000 -1.00000000 0.00000000
vn 0.00000000 -1.00000000 0.00000000
vn 0.00000000 -1.00000000 0.00000000
vn 0.00000000 -1.00000000 0.00000000
vn 0.00000000 -1.00000000 0.00000000
vn 0.00000000 -1.00000000 0.00000000
vn 0.00000000 -1.00000000 0.00000000
vn 0.00000000 -1.00000000 0.00000000
vn 0.00000000 -1.00000000 0.00000000
vn 0.00000000 -1.00000000 0.00000000
vn 0.00000000 -1.00000000 0.00000000
vn 0.00000000 -1.00000000 0.00000000
vn 0.00000000 -1.00000000 0.00000000
vn 0.00000000 -1.00000000 0.00000000
vn 0.00000000 -1.00000000 0.00000000
vn 0.00000000 -1.00000000 0.00000000
vn 0.00000000 -1.00000000 0.00000000
vn 0.00000000 -1.00000000 0.00000000
vn 0.00000000 -0.08715476 0.99619478
vn 0.00000000 -0.08715476 0.99619478
vn 0.00000000 -0.08715476 0.99619478
vn 0.00000106 -0.08714693 0.99619547
vn 0.00000106 -0.08714693 0.99619547
vn 0.00000106 -0.08714693 0.99619547
vn 0.00000000 -0.08716356 0.99619401
vn 0.00000000 -0.08716356 0.99619401
vn 0.00000000 -0.08716356 0.99619401
vn 0.00000000 -0.08715476 0.99619478
vn 0.00000000 -0.08715476 0.99619478
vn 0.00000000 -0.08715476 0.99619478
vn -0.00000704 -0.08716086 0.99619425
vn -0.00000704 -0.08716086 0.99619425
vn -0.00000704 -0.08716086 0.99619425
vn -0.00000866 -0.08716277 0.99619408
vn -0.00000866 -0.08716277 0.99619408
vn -0.00000866 -0.08716277 0.99619408
vn -0.00002011 -0.08717792 0.99619276
vn -0.00002011 -0.08717792 0.99619276
vn -0.00002011 -0.08717792 0.99619276
vn 0.00000011 -0.08715627 0.99619465
vn 0.00000011 -0.08715627 0.99619465
vn 0.00000011 -0.08715627 0.99619465
vn 0.00000000 -0.08715467 0.99619479
vn 0.00000000 -0.08715467 0.99619479
vn 0.00000000 -0.08715467 0.99619479
vn 0.00001148 -0.08717419 0.99619308
vn 0.00001148 -0.08717419 0.99619308
vn 0.00001148 -0.08717419 0.99619308
vn 0.09811176 0.00000000 0.99517540
vn 0.09811176 0.00000000 0.99517540
vn 0.09811176 0.00000000 0.99517540
vn -0.12070146 0.00000000 0.99268885
vn -0.12070146 0.00000000 0.99268885
vn -0.12070146 0.00000000 0.99268885
vn -0.09840771 -0.00303576 0.99514155
vn -0.09840771 -0.00303576 0.99514155
vn -0.09840771 -0.00303576 0.99514155
vn 0.11131692 -0.00684697 0.99376137
vn 0.11131692 -0.00684697 0.99376137
vn 0.11131692 -0.00684697 0.99376137
vn 0.09754839 -0.00278224 0.99522689
vn 0.09754839 -0.00278224 0.99522689
vn 0.09754839 -0.00278224 0.99522689
vn 0.03253732 0.00650595 0.99944935
vn 0.03253732 0.00650595 0.99944935
vn 0.03253732 0.00650595 0.99944935
vn 0.04542024 0.00000000 0.99896797
vn 0.04542024 0.00000000 0.99896797
vn 0.04542024 0.00000000 0.99896797
vn -0.03275098 0.00000000 0.99946354
vn -0.03275098 0.00000000 0.99946354
vn -0.03275098 0.00000000 0.99946354
vn -0.04541955 0.00466919 0.99895709
vn -0.04541955 0.00466919 0.99895709
vn -0.04541955 0.00466919 0.99895709
vn -0.09754984 -0.00278266 0.99522675
vn -0.09754984 -0.00278266 0.99522675
vn -0.09754984 -0.00278266 0.99522675
vn 0.00000020 -0.08717057 0.99619340
vn 0.00000020 -0.08717057 0.99619340
vn 0.00000020 -0.08717057 0.99619340
vn 0.00000062 -0.08714661 0.99619550
vn 0.00000062 -0.08714661 0.99619550
vn 0.00000062 -0.08714661 0.99619550
vn 0.00000080 -0.08715377 0.99619487
vn 0.00000080 -0.08715377 0.99619487
vn 0.00000080 -0.08715377 0.99619487
vn -0.00000050 -0.08716320 0.99619405
vn -0.00000050 -0.08716320 0.99619405
vn -0.00000050 -0.08716320 0.99619405
vn 0.00000000 -0.08715476 0.99619478
vn 0.00000000 -0.08715476 0.99619478
vn 0.00000000 -0.08715476 0.99619478
vn -0.00000030 -0.08715015 0.99619519
vn -0.00000030 -0.08715015 0.99619519
vn -0.00000030 -0.08715015 0.99619519
vn 0.00000000 -0.08715467 0.99619479
vn 0.00000000 -0.08715467 0.99619479
vn 0.00000000 -0.08715467 0.99619479
vn 0.00001147 -0.08717419 0.99619308
vn 0.00001147 -0.08717419 0.99619308
vn 0.00001147 -0.08717419 0.99619308
vn 1.00000000 0.00000000 0.00000000
vn 1.00000000 0.00000000 0.00000000
vn 1.00000000 0.00000000 0.00000000
vn 1.00000000 0.00000000 0.00000000
vn 1.00000000 0.00000000 0.00000000
vn 1.00000000 0.00000000 0.00000000
vn 0.00000000 -0.08715014 -0.99619519
vn 0.00000000 -0.08715014 -0.99619519
vn 0.00000000 -0.08715014 -0.99619519
vn 0.00000884 -0.08716468 -0.99619392
vn 0.00000884 -0.08716468 -0.99619392
vn 0.00000884 -0.08716468 -0.99619392
vn 0.00000038 -0.08714226 -0.99619588
vn 0.00000038 -0.08714226 -0.99619588
vn 0.00000038 -0.08714226 -0.99619588
vn 0.00000018 -0.08715483 -0.99619478
vn 0.00000018 -0.08715483 -0.99619478
vn 0.00000018 -0.08715483 -0.99619478
vn 0.00000122 -0.08717056 -0.99619340
vn 0.00000122 -0.08717056 -0.99619340
vn 0.00000122 -0.08717056 -0.99619340
vn 0.00000107 -0.08716432 -0.99619395
vn 0.00000107 -0.08716432 -0.99619395
vn 0.00000107 -0.08716432 -0.99619395
vn 0.00000006 -0.08715377 -0.99619487
vn 0.00000006 -0.08715377 -0.99619487
vn 0.00000006 -0.08715377 -0.99619487
vn 0.00000000 -0.08715476 -0.99619478
vn 0.00000000 -0.08715476 -0.99619478
vn 0.00000000 -0.08715476 -0.99619478
vn 0.02789424 0.00000149 -0.99961088
vn 0.02789424 0.00000149 -0.99961088
vn 0.02789424 0.00000149 -0.99961088
vn -0.01881266 -0.00000100 -0.99982303
vn -0.01881266 -0.00000100 -0.99982303
vn -0.01881266 -0.00000100 -0.99982303
vn -0.04536748 -0.04809671 -0.99781186
vn -0.04536748 -0.04809671 -0.99781186
vn -0.04536748 -0.04809671 -0.99781186
vn -0.05711717 0.00804170 -0.99833509
vn -0.05711717 0.00804170 -0.99833509
vn -0.05711717 0.00804170 -0.99833509
vn -0.10244930 -0.01330580 -0.99464923
vn -0.10244930 -0.01330580 -0.99464923
vn -0.10244930 -0.01330580 -0.99464923
vn -0.08422541 0.00000000 -0.99644673
vn -0.08422541 0.00000000 -0.99644673
vn -0.08422541 0.00000000 -0.99644673
vn 0.12070146 0.00000000 -0.99268885
vn 0.12070146 0.00000000 -0.99268885
vn 0.12070146 0.00000000 -0.99268885
vn 0.09361202 -0.00368770 -0.99560192
vn 0.09361202 -0.00368770 -0.99560192
vn 0.09361202 -0.00368770 -0.99560192
vn 0.09566910 -0.00442150 -0.99540337
vn 0.09566910 -0.00442150 -0.99540337
vn 0.09566910 -0.00442150 -0.99540337
vn 0.04541956 0.00548307 -0.99895295
vn 0.04541956 0.00548307 -0.99895295
vn 0.04541956 0.00548307 -0.99895295
vn 0.00000000 -0.08715476 -0.99619478
vn 0.00000000 -0.08715476 -0.99619478
vn 0.00000000 -0.08715476 -0.99619478
vn -0.00000106 -0.08714693 -0.99619547
vn -0.00000106 -0.08714693 -0.99619547
vn -0.00000106 -0.08714693 -0.99619547
vn 0.00000000 -0.08716356 -0.99619401
vn 0.00000000 -0.08716356 -0.99619401
vn 0.00000000 -0.08716356 -0.99619401
vn 0.00000000 -0.08715476 -0.99619478
vn 0.00000000 -0.08715476 -0.99619478
vn 0.00000000 -0.08715476 -0.99619478
vn 0.00000704 -0.08716086 -0.99619425
vn 0.00000704 -0.08716086 -0.99619425
vn 0.00000704 -0.08716086 -0.99619425
vn 0.00000866 -0.08716277 -0.99619408
vn 0.00000866 -0.08716277 -0.99619408
vn 0.00000866 -0.08716277 -0.99619408
vn 0.00002011 -0.08717792 -0.99619276
vn 0.00002011 -0.08717792 -0.99619276
vn 0.00002011 -0.08717792 -0.99619276
vn -0.00000011 -0.08715627 -0.99619465
vn -0.00000011 -0.08715627 -0.99619465
vn -0.00000011 -0.08715627 -0.99619465
vn 0.00000000 -0.08715467 -0.99619479
vn 0.00000000 -0.08715467 -0.99619479
vn 0.00000000 -0.08715467 -0.99619479
vn -0.00001148 -0.08717419 -0.99619308
vn -0.00001148 -0.08717419 -0.99619308
vn -0.00001148 -0.08717419 -0.99619308
vn 0.02789404 0.00000149 -0.99961089
vn 0.02789404 0.00000149 -0.99961089
vn 0.02789404 0.00000149 -0.99961089
vn -0.01881266 -0.00000100 -0.99982303
vn -0.01881266 -0.00000100 -0.99982303
vn -0.01881266 -0.00000100 -0.99982303
vn -0.04536748 -0.04809671 -0.99781186
vn -0.04536748 -0.04809671 -0.99781186
vn -0.04536748 -0.04809671 -0.99781186
vn -0.05711717 0.00804170 -0.99833509
vn -0.05711717 0.00804170 -0.99833509
vn -0.05711717 0.00804170 -0.99833509
vn -0.10244930 -0.01330580 -0.99464923
vn -0.10244930 -0.01330580 -0.99464923
vn -0.10244930 -0.01330580 -0.99464923
vn -0.08422541 0.00000000 -0.99644673
vn -0.08422541 0.00000000 -0.99644673
vn -0.08422541 0.00000000 -0.99644673
vn 0.12070146 0.00000000 -0.99268885
vn 0.12070146 0.00000000 -0.99268885
vn 0.12070146 0.00000000 -0.99268885
vn 0.09361251 -0.00368763 -0.99560188
vn 0.09361251 -0.00368763 -0.99560188
vn 0.09361251 -0.00368763 -0.99560188
vn 0.09567065 -0.00442181 -0.99540322
vn 0.09567065 -0.00442181 -0.99540322
vn 0.09567065 -0.00442181 -0.99540322
vn 0.04541936 0.00548311 -0.99895296
vn 0.04541936 0.00548311 -0.99895296
vn 0.04541936 0.00548311 -0.99895296
vn 0.00000000 -0.08715476 -0.99619478
vn 0.00000000 -0.08715476 -0.99619478
vn 0.00000000 -0.08715476 -0.99619478
vn 0.00000050 -0.08716320 -0.99619405
vn 0.00000050 -0.08716320 -0.99619405
vn 0.00000050 -0.08716320 -0.99619405
vn -0.00001147 -0.08717419 -0.99619308
vn -0.00001147 -0.08717419 -0.99619308
vn -0.00001147 -0.08717419 -0.99619308
vn -0.00000085 -0.08715340 -0.99619490
vn -0.00000085 -0.08715340 -0.99619490
vn -0.00000085 -0.08715340 -0.99619490
vn -0.00000073 -0.08715847 -0.99619446
vn -0.00000073 -0.08715847 -0.99619446
vn -0.00000073 -0.08715847 -0.99619446
vn -0.00000022 -0.08714631 -0.99619552
vn -0.00000022 -0.08714631 -0.99619552
vn -0.00000022 -0.08714631 -0.99619552
vn -0.00000022 -0.08715786 -0.99619451
vn -0.00000022 -0.08715786 -0.99619451
vn -0.00000022 -0.08715786 -0.99619451
vn 0.00000000 -0.08715467 -0.99619479
vn 0.00000000 -0.08715467 -0.99619479
vn 0.00000000 -0.08715467 -0.99619479
vn -1.00000000 0.00000000 0.00000000
vn -1.00000000 0.00000000 0.00000000
vn -1.00000000 0.00000000 0.00000000
vn -1.00000000 0.00000000 0.00000000
vn -1.00000000 0.00000000 0.00000000
vn -1.00000000 0.00000000 0.00000000
vn -1.00000000 0.00000000 0.00000000
vn -1.00000000 0.00000000 0.00000000
vn -1.00000000 0.00000000 0.00000000
vn -1.00000000 0.00000000 0.00000000
vn -1.00000000 0.00000000 0.00000000
vn -1.00000000 0.00000000 0.00000000
vn 0.00000000 -0.08715014 0.99619519
vn 0.00000000 -0.08715014 0.99619519
vn 0.00000000 -0.08715014 0.99619519
vn -0.00000884 -0.08716468 0.99619392
vn -0.00000884 -0.08716468 0.99619392
vn -0.00000884 -0.08716468 0.99619392
vn -0.00000038 -0.08714226 0.99619588
vn -0.00000038 -0.08714226 0.99619588
vn -0.00000038 -0.08714226 0.99619588
vn -0.00000018 -0.08715483 0.99619478
vn -0.00000018 -0.08715483 0.99619478
vn -0.00000018 -0.08715483 0.99619478
vn -0.00000122 -0.08717056 0.99619340
vn -0.00000122 -0.08717056 0.99619340
vn -0.00000122 -0.08717056 0.99619340
vn -0.00000107 -0.08716432 0.99619395
vn -0.00000107 -0.08716432 0.99619395
vn -0.00000107 -0.08716432 0.99619395
vn -0.00000006 -0.08715377 0.99619487
vn -0.00000006 -0.08715377 0.99619487
vn -0.00000006 -0.08715377 0.99619487
vn 0.00000000 -0.08715476 0.99619478
vn 0.00000000 -0.08715476 0.99619478
vn 0.00000000 -0.08715476 0.99619478
vn 0.09811235 0.00000000 0.99517534
vn 0.09811235 0.00000000 0.99517534
vn 0.09811235 0.00000000 0.99517534
vn -0.12070146 0.00000000 0.99268885
vn -0.12070146 0.00000000 0.99268885
vn -0.12070146 0.00000000 0.99268885
vn -0.09840830 -0.00303568 0.99514149
vn -0.09840830 -0.00303568 0.99514149
vn -0.09840830 -0.00303568 0.99514149
vn 0.11131720 -0.00684676 0.99376134
vn 0.11131720 -0.00684676 0.99376134
vn 0.11131720 -0.00684676 0.99376134
vn 0.09755005 -0.00278247 0.99522673
vn 0.09755005 -0.00278247 0.99522673
vn 0.09755005 -0.00278247 0.99522673
vn 0.03253712 0.00650597 0.99944935
vn 0.03253712 0.00650597 0.99944935
vn 0.03253712 0.00650597 0.99944935
vn 0.04542004 0.00000000 0.99896798
vn 0.04542004 0.00000000 0.99896798
vn 0.04542004 0.00000000 0.99896798
vn -0.03275078 0.00000000 0.99946355
vn -0.03275078 0.00000000 0.99946355
vn -0.03275078 0.00000000 0.99946355
vn -0.04541955 0.00466929 0.99895709
vn -0.04541955 0.00466929 0.99895709
vn -0.04541955 0.00466929 0.99895709
vn -0.09755005 -0.00278247 0.99522673
vn -0.09755005 -0.00278247 0.99522673
vn -0.09755005 -0.00278247 0.99522673
vn 0.00000000 0.00000000 1.00000000
vn 0.00000000 0.00000000 1.00000000
vn 0.00000000 0.00000000 1.00000000
vn 0.00000000 0.00000000 1.00000000
vn 0.00000000 0.00000000 1.00000000
vn 0.00000000 0.00000000 1.00000000
vn 0.03274803 0.00000000 0.99946364
vn 0.03274803 0.00000000 0.99946364
vn 0.03274803 0.00000000 0.99946364
vn 0.00898799 0.00789494 0.99992844
vn 0.00898799 0.00789494 0.99992844
vn 0.00898799 0.00789494 0.99992844
vn 0.09950867 -0.01446356 0.99493157
vn 0.09950867 -0.01446356 0.99493157
vn 0.09950867 -0.01446356 0.99493157
vn 0.04777444 0.01448339 0.99875314
vn 0.04777444 0.01448339 0.99875314
vn 0.04777444 0.01448339 0.99875314
vn 0.09811861 0.00000000 0.99517473
vn 0.09811861 0.00000000 0.99517473
vn 0.09811861 0.00000000 0.99517473
vn -0.02195071 0.00000000 0.99975905
vn -0.02195071 0.00000000 0.99975905
vn -0.02195071 0.00000000 0.99975905
vn -0.11621842 0.00000000 0.99322368
vn -0.11621842 0.00000000 0.99322368
vn -0.11621842 0.00000000 0.99322368
vn -0.07653740 0.00440615 0.99705698
vn -0.07653740 0.00440615 0.99705698
vn -0.07653740 0.00440615 0.99705698
vn -0.09855117 -0.00456089 0.99512153
vn -0.09855117 -0.00456089 0.99512153
vn -0.09855117 -0.00456089 0.99512153
vn -0.03267310 0.00228647 0.99946348
vn -0.03267310 0.00228647 0.99946348
vn -0.03267310 0.00228647 0.99946348
vn -0.09811176 -0.99517540 0.00000000
vn -0.09811176 -0.99517540 0.00000000
vn -0.09811176 -0.99517540 0.00000000
vn -0.06546375 -0.99781131 -0.00933238
vn -0.06546375 -0.99781131 -0.00933238
vn -0.06546375 -0.99781131 -0.00933238
vn -0.03275098 -0.99946354 0.00000000
vn -0.03275098 -0.99946354 0.00000000
vn -0.03275098 -0.99946354 0.00000000
vn -0.02195021 0.00000000 0.99975907
vn -0.02195021 0.00000000 0.99975907
vn -0.02195021 0.00000000 0.99975907
vn -0.11621445 0.00000000 0.99322414
vn -0.11621445 0.00000000 0.99322414
vn -0.11621445 0.00000000 0.99322414
vn -0.07653838 0.00440575 0.99705690
vn -0.07653838 0.00440575 0.99705690
vn -0.07653838 0.00440575 0.99705690
vn -0.09855117 -0.00456089 0.99512153
vn -0.09855117 -0.00456089 0.99512153
vn -0.09855117 -0.00456089 0.99512153
vn -0.03267260 0.00228652 0.99946349
vn -0.03267260 0.00228652 0.99946349
vn -0.03267260 0.00228652 0.99946349
vn 0.00000000 0.00000000 1.00000000
vn 0.00000000 0.00000000 1.00000000
vn 0.00000000 0.00000000 1.00000000
vn 0.00000000 0.00000000 1.00000000
vn 0.00000000 0.00000000 1.00000000
vn 0.00000000 0.00000000 1.00000000
vn 0.00000000 0.00000000 1.00000000
vn 0.00000000 0.00000000 1.00000000
vn 0.00000000 0.00000000 1.00000000
vn 0.97763066 0.20139308 0.06065573
vn 0.97763066 0.20139308 0.06065573
vn 0.97763066 0.20139308 0.06065573
vn 0.98581148 0.16785628 0.00000000
vn 0.98581148 0.16785628 0.00000000
vn 0.98581148 0.16785628 0.00000000
vn 0.99049827 0.13752520 0.00000000
vn 0.99049827 0.13752520 0.00000000
vn 0.99049827 0.13752520 0.00000000
vn 0.97333272 0.22928359 -0.00724212
vn 0.97333272 0.22928359 -0.00724212
vn 0.97333272 0.22928359 -0.00724212
vn 0.98581148 0.16785628 0.00000000
vn 0.98581148 0.16785628 0.00000000
vn 0.98581148 0.16785628 0.00000000
vn 0.99117727 0.13254289 0.00000000
vn 0.99117727 0.13254289 0.00000000
vn 0.99117727 0.13254289 0.00000000
vn 0.99117727 0.13254289 0.00000000
vn 0.99117727 0.13254289 0.00000000
vn 0.99117727 0.13254289 0.00000000
vn 0.99647788 0.08385600 0.00000000
vn 0.99647788 0.08385600 0.00000000
vn 0.99647788 0.08385600 0.00000000
vn 0.99647788 0.08385600 0.00000000
vn 0.99647788 0.08385600 0.00000000
vn 0.99647788 0.08385600 0.00000000
vn 0.99960434 0.02812745 0.00000000
vn 0.99960434 0.02812745 0.00000000
vn 0.99960434 0.02812745 0.00000000
vn 0.99960434 0.02812745 0.00000000
vn 0.99960434 0.02812745 0.00000000
vn 0.99960434 0.02812745 0.00000000
vn 0.99995596 0.00938450 0.00000000
vn 0.99995596 0.00938450 0.00000000
vn 0.99995596 0.00938450 0.00000000
vn 0.99995596 0.00938450 0.00000000
vn 0.99995596 0.00938450 0.00000000
vn 0.99995596 0.00938450 0.00000000
vn 0.89989844 0.43609601 0.00175143
vn 0.89989844 0.43609601 0.00175143
vn 0.89989844 0.43609601 0.00175143
vn 0.87588971 0.48251136 0.00000000
vn 0.87588971 0.48251136 0.00000000
vn 0.87588971 0.48251136 0.00000000
vn 0.87079964 0.49163807 0.00000000
vn 0.87079964 0.49163807 0.00000000
vn 0.87079964 0.49163807 0.00000000
vn 0.91113672 0.41208418 -0.00406278
vn 0.91113672 0.41208418 -0.00406278
vn 0.91113672 0.41208418 -0.00406278
vn 0.88334298 0.46872720 0.00000000
vn 0.88334298 0.46872720 0.00000000
vn 0.88334298 0.46872720 0.00000000
vn 0.88334298 0.46872720 0.00000000
vn 0.88334298 0.46872720 0.00000000
vn 0.88334298 0.46872720 0.00000000
vn 0.71291063 0.70125490 0.00000000
vn 0.71291063 0.70125490 0.00000000
vn 0.71291063 0.70125490 0.00000000
vn 0.71291063 0.70125490 0.00000000
vn 0.71291063 0.70125490 0.00000000
vn 0.71291063 0.70125490 0.00000000
vn 0.72016815 0.69379956 0.00000000
vn 0.72016815 0.69379956 0.00000000
vn 0.72016815 0.69379956 0.00000000
vn 0.76047428 0.64936547 0.00183275
vn 0.76047428 0.64936547 0.00183275
vn 0.76047428 0.64936547 0.00183275
vn 0.87079964 0.49163807 0.00000000
vn 0.87079964 0.49163807 0.00000000
vn 0.87079964 0.49163807 0.00000000
vn 0.83270554 0.55371607 0.00000000
vn 0.83270554 0.55371607 0.00000000
vn 0.83270554 0.55371607 0.00000000
vn 0.83270554 0.55371607 0.00000000
vn 0.83270554 0.55371607 0.00000000
vn 0.83270554 0.55371607 0.00000000
vn 0.75706485 0.65333974 0.00000000
vn 0.75706485 0.65333974 0.00000000
vn 0.75706485 0.65333974 0.00000000
vn 0.75785300 0.64712718 -0.08297742
vn 0.75785300 0.64712718 -0.08297742
vn 0.75785300 0.64712718 -0.08297742
vn 0.98183304 0.18974037 0.00157174
vn 0.98183304 0.18974037 0.00157174
vn 0.98183304 0.18974037 0.00157174
vn 0.97994043 0.19929061 0.00000000
vn 0.97994043 0.19929061 0.00000000
vn 0.97994043 0.19929061 0.00000000
vn 0.96217480 0.27243285 0.00000000
vn 0.96217480 0.27243285 0.00000000
vn 0.96217480 0.27243285 0.00000000
vn 0.94732638 0.32026342 -0.00201774
vn 0.94732638 0.32026342 -0.00201774
vn 0.94732638 0.32026342 -0.00201774
vn 0.94421096 0.32934042 -0.00073651
vn 0.94421096 0.32934042 -0.00073651
vn 0.94421096 0.32934042 -0.00073651
vn 0.90343207 0.42873043 0.00084423
vn 0.90343207 0.42873043 0.00084423
vn 0.90343207 0.42873043 0.00084423
vn 0.88196367 0.47124732 0.00812671
vn 0.88196367 0.47124732 0.00812671
vn 0.88196367 0.47124732 0.00812671
vn -0.03274753 0.00000000 -0.99946366
vn -0.03274753 0.00000000 -0.99946366
vn -0.03274753 0.00000000 -0.99946366
vn -0.00898798 0.00789490 -0.99992844
vn -0.00898798 0.00789490 -0.99992844
vn -0.00898798 0.00789490 -0.99992844
vn -0.09950872 -0.01446407 -0.99493156
vn -0.09950872 -0.01446407 -0.99493156
vn -0.09950872 -0.01446407 -0.99493156
vn -0.04777435 0.01448321 -0.99875315
vn -0.04777435 0.01448321 -0.99875315
vn -0.04777435 0.01448321 -0.99875315
vn -0.09811712 0.00000000 -0.99517487
vn -0.09811712 0.00000000 -0.99517487
vn -0.09811712 0.00000000 -0.99517487
vn 0.00000000 0.00000000 -1.00000000
vn 0.00000000 0.00000000 -1.00000000
vn 0.00000000 0.00000000 -1.00000000
vn 0.00000000 0.00000000 -1.00000000
vn 0.00000000 0.00000000 -1.00000000
vn 0.00000000 0.00000000 -1.00000000
vn 0.00000000 0.00000000 -1.00000000
vn 0.00000000 0.00000000 -1.00000000
vn 0.00000000 0.00000000 -1.00000000
vn 0.09327021 -0.99564083 0.00000000
vn 0.09327021 -0.99564083 0.00000000
vn 0.09327021 -0.99564083 0.00000000
vn 0.06545951 -0.99774656 0.01472602
vn 0.06545951 -0.99774656 0.01472602
vn 0.06545951 -0.99774656 0.01472602
vn 0.02789423 -0.99961088 0.00000186
vn 0.02789423 -0.99961088 0.00000186
vn 0.02789423 -0.99961088 0.00000186
vn -0.01881267 -0.99982303 -0.00000125
vn -0.01881267 -0.99982303 -0.00000125
vn -0.01881267 -0.99982303 -0.00000125
vn -0.06546169 -0.99777982 0.01225546
vn -0.06546169 -0.99777982 0.01225546
vn -0.06546169 -0.99777982 0.01225546
vn -0.08422541 -0.99644673 0.00000000
vn -0.08422541 -0.99644673 0.00000000
vn -0.08422541 -0.99644673 0.00000000
vn 0.02195071 0.00000000 -0.99975905
vn 0.02195071 0.00000000 -0.99975905
vn 0.02195071 0.00000000 -0.99975905
vn 0.11621842 0.00000000 -0.99322368
vn 0.11621842 0.00000000 -0.99322368
vn 0.11621842 0.00000000 -0.99322368
vn 0.07653740 0.00440615 -0.99705698
vn 0.07653740 0.00440615 -0.99705698
vn 0.07653740 0.00440615 -0.99705698
vn 0.09855117 -0.00456089 -0.99512153
vn 0.09855117 -0.00456089 -0.99512153
vn 0.09855117 -0.00456089 -0.99512153
vn 0.03267310 0.00228647 -0.99946348
vn 0.03267310 0.00228647 -0.99946348
vn 0.03267310 0.00228647 -0.99946348
vn -0.03274803 0.00000000 -0.99946364
vn -0.03274803 0.00000000 -0.99946364
vn -0.03274803 0.00000000 -0.99946364
vn -0.00898799 0.00789494 -0.99992844
vn -0.00898799 0.00789494 -0.99992844
vn -0.00898799 0.00789494 -0.99992844
vn -0.09950867 -0.01446356 -0.99493157
vn -0.09950867 -0.01446356 -0.99493157
vn -0.09950867 -0.01446356 -0.99493157
vn -0.04777444 0.01448339 -0.99875314
vn -0.04777444 0.01448339 -0.99875314
vn -0.04777444 0.01448339 -0.99875314
vn -0.09811861 0.00000000 -0.99517473
vn -0.09811861 0.00000000 -0.99517473
vn -0.09811861 0.00000000 -0.99517473
vn 0.00000000 0.00000000 -1.00000000
vn 0.00000000 0.00000000 -1.00000000
vn 0.00000000 0.00000000 -1.00000000
vn 0.00000000 0.00000000 -1.00000000
vn 0.00000000 0.00000000 -1.00000000
vn 0.00000000 0.00000000 -1.00000000
vn 0.09327070 -0.99564079 0.00000000
vn 0.09327070 -0.99564079 0.00000000
vn 0.09327070 -0.99564079 0.00000000
vn 0.06545951 -0.99774656 0.01472621
vn 0.06545951 -0.99774656 0.01472621
vn 0.06545951 -0.99774656 0.01472621
vn 0.02789403 -0.99961089 0.00000186
vn 0.02789403 -0.99961089 0.00000186
vn 0.02789403 -0.99961089 0.00000186
vn -0.01881267 -0.99982303 -0.00000125
vn -0.01881267 -0.99982303 -0.00000125
vn -0.01881267 -0.99982303 -0.00000125
vn -0.06546169 -0.99777982 0.01225546
vn -0.06546169 -0.99777982 0.01225546
vn -0.06546169 -0.99777982 0.01225546
vn -0.08422541 -0.99644673 0.00000000
vn -0.08422541 -0.99644673 0.00000000
vn -0.08422541 -0.99644673 0.00000000
vn 0.02195021 0.00000000 -0.99975907
vn 0.02195021 0.00000000 -0.99975907
vn 0.02195021 0.00000000 -0.99975907
vn 0.11621842 0.00000000 -0.99322368
vn 0.11621842 0.00000000 -0.99322368
vn 0.11621842 0.00000000 -0.99322368
vn 0.07653740 0.00440615 -0.99705698
vn 0.07653740 0.00440615 -0.99705698
vn 0.07653740 0.00440615 -0.99705698
vn 0.09855117 -0.00456089 -0.99512153
vn 0.09855117 -0.00456089 -0.99512153
vn 0.09855117 -0.00456089 -0.99512153
vn 0.03267260 0.00228652 -0.99946349
vn 0.03267260 0.00228652 -0.99946349
vn 0.03267260 0.00228652 -0.99946349
vn 0.00000000 0.00000000 -1.00000000
vn 0.00000000 0.00000000 -1.00000000
vn 0.00000000 0.00000000 -1.00000000
vn 0.00000000 0.00000000 -1.00000000
vn 0.00000000 0.00000000 -1.00000000
vn 0.00000000 0.00000000 -1.00000000
vn 0.00000000 0.00000000 -1.00000000
vn 0.00000000 0.00000000 -1.00000000
vn 0.00000000 0.00000000 -1.00000000
vn -0.98092963 0.19436107 0.00090946
vn -0.98092963 0.19436107 0.00090946
vn -0.98092963 0.19436107 0.00090946
vn -0.99051175 0.13742806 0.00000000
vn -0.99051175 0.13742806 0.00000000
vn -0.99051175 0.13742806 0.00000000
vn -0.94678751 0.32185931 0.00000000
vn -0.94678751 0.32185931 0.00000000
vn -0.94678751 0.32185931 0.00000000
vn -0.94678751 0.32185931 0.00000000
vn -0.94678751 0.32185931 0.00000000
vn -0.94678751 0.32185931 0.00000000
vn -0.96560799 0.25952572 -0.01573593
vn -0.96560799 0.25952572 -0.01573593
vn -0.96560799 0.25952572 -0.01573593
vn -0.94732714 0.32026752 0.00000000
vn -0.94732714 0.32026752 0.00000000
vn -0.94732714 0.32026752 0.00000000
vn -0.98044031 0.19681664 0.00000000
vn -0.98044031 0.19681664 0.00000000
vn -0.98044031 0.19681664 0.00000000
vn -0.97942800 0.20176333 0.00351512
vn -0.97942800 0.20176333 0.00351512
vn -0.97942800 0.20176333 0.00351512
vn -0.98976060 0.14273729 0.00015473
vn -0.98976060 0.14273729 0.00015473
vn -0.98976060 0.14273729 0.00015473
vn -0.99647763 0.08385598 -0.00071094
vn -0.99647763 0.08385598 -0.00071094
vn -0.99647763 0.08385598 -0.00071094
vn -0.99538269 0.09594701 0.00273291
vn -0.99538269 0.09594701 0.00273291
vn -0.99538269 0.09594701 0.00273291
vn -0.99960119 0.02821970 -0.00105550
vn -0.99960119 0.02821970 -0.00105550
vn -0.99960119 0.02821970 -0.00105550
vn -0.99959665 0.02838047 -0.00103770
vn -0.99959665 0.02838047 -0.00103770
vn -0.99959665 0.02838047 -0.00103770
vn -0.99995596 0.00938450 0.00000000
vn -0.99995596 0.00938450 0.00000000
vn -0.99995596 0.00938450 0.00000000
vn -0.91446483 0.40466537 0.00000000
vn -0.91446483 0.40466537 0.00000000
vn -0.91446483 0.40466537 0.00000000
vn -0.90169363 0.42790544 0.06201237
vn -0.90169363 0.42790544 0.06201237
vn -0.90169363 0.42790544 0.06201237
vn -0.90224478 0.43122016 0.00187736
vn -0.90224478 0.43122016 0.00187736
vn -0.90224478 0.43122016 0.00187736
vn -0.87588971 0.48251136 0.00000000
vn -0.87588971 0.48251136 0.00000000
vn -0.87588971 0.48251136 0.00000000
vn -0.91446483 0.40466537 0.00000000
vn -0.91446483 0.40466537 0.00000000
vn -0.91446483 0.40466537 0.00000000
vn -0.88613351 0.46338711 -0.00630735
vn -0.88613351 0.46338711 -0.00630735
vn -0.88613351 0.46338711 -0.00630735
vn -0.90306141 0.42950031 0.00309464
vn -0.90306141 0.42950031 0.00309464
vn -0.90306141 0.42950031 0.00309464
vn -0.83270123 0.55371321 -0.00321657
vn -0.83270123 0.55371321 -0.00321657
vn -0.83270123 0.55371321 -0.00321657
vn -0.84087980 0.54121312 0.00308452
vn -0.84087980 0.54121312 0.00308452
vn -0.84087980 0.54121312 0.00308452
vn -0.76047067 0.64936696 -0.00262944
vn -0.76047067 0.64936696 -0.00262944
vn -0.76047067 0.64936696 -0.00262944
vn -0.72958368 0.68362199 -0.01919996
vn -0.72958368 0.68362199 -0.01919996
vn -0.72958368 0.68362199 -0.01919996
vn -0.75945567 0.64345697 0.09586563
vn -0.75945567 0.64345697 0.09586563
vn -0.75945567 0.64345697 0.09586563
vn -0.76068360 0.64912246 -0.00070033
vn -0.76068360 0.64912246 -0.00070033
vn -0.76068360 0.64912246 -0.00070033
vn -0.71168945 0.70249422 0.00005453
vn -0.71168945 0.70249422 0.00005453
vn -0.71168945 0.70249422 0.00005453
vn -0.71288675 0.70127917 0.00000000
vn -0.71288675 0.70127917 0.00000000
vn -0.71288675 0.70127917 0.00000000
vn 0.03274753 0.00000000 0.99946366
vn 0.03274753 0.00000000 0.99946366
vn 0.03274753 0.00000000 0.99946366
vn 0.00898745 0.00789507 0.99992844
vn 0.00898745 0.00789507 0.99992844
vn 0.00898745 0.00789507 0.99992844
vn 0.09950867 -0.01446356 0.99493157
vn 0.09950867 -0.01446356 0.99493157
vn 0.09950867 -0.01446356 0.99493157
vn 0.04777444 0.01448339 0.99875314
vn 0.04777444 0.01448339 0.99875314
vn 0.04777444 0.01448339 0.99875314
vn 0.09811861 0.00000000 0.99517473
vn 0.09811861 0.00000000 0.99517473
vn 0.09811861 0.00000000 0.99517473
vn 0.00000000 0.00000000 1.00000000
vn 0.00000000 0.00000000 1.00000000
vn 0.00000000 0.00000000 1.00000000
vn 0.00000000 0.00000000 1.00000000
vn 0.00000000 0.00000000 1.00000000
vn 0.00000000 0.00000000 1.00000000
vn 0.00000000 0.00000000 1.00000000
vn 0.00000000 0.00000000 1.00000000
vn 0.00000000 0.00000000 1.00000000
vn 0.00000000 0.00000000 1.00000000
vn 0.00000000 0.00000000 1.00000000
vn 0.00000000 0.00000000 1.00000000
vn 0.00000000 0.00000000 1.00000000
vn 0.00000000 0.00000000 1.00000000
vn 0.00000000 0.00000000 1.00000000
vn 0.00000000 0.00000000 1.00000000
vn 0.00000000 0.00000000 1.00000000
vn 0.00000000 0.00000000 1.00000000
vn 0.00000000 0.00000000 1.00000000
vn 0.00000000 0.00000000 1.00000000
vn 0.00000000 0.00000000 1.00000000
vn 0.00000000 0.00000000 1.00000000
vn 0.00000000 0.00000000 1.00000000
vn 0.00000000 0.00000000 1.00000000
vn -0.09811235 -0.99517534 0.00000000
vn -0.09811235 -0.99517534 0.00000000
vn -0.09811235 -0.99517534 0.00000000
vn -0.06546375 -0.99781131 -0.00933250
vn -0.06546375 -0.99781131 -0.00933250
vn -0.06546375 -0.99781131 -0.00933250
vn -0.03275078 -0.99946355 0.00000000
vn -0.03275078 -0.99946355 0.00000000
vn -0.03275078 -0.99946355 0.00000000
vn 0.00000000 -1.00000000 0.00000000
vn 0.00000000 -1.00000000 0.00000000
vn 0.00000000 -1.00000000 0.00000000
vn 0.00000000 -1.00000000 0.00000000
vn 0.00000000 -1.00000000 0.00000000
vn 0.00000000 -1.00000000 0.00000000
vn -0.03274753 -0.99946366 0.00000000
vn -0.03274753 -0.99946366 0.00000000
vn -0.03274753 -0.99946366 0.00000000
vn -0.06546155 -0.99784753 0.00388507
vn -0.06546155 -0.99784753 0.00388507
vn -0.06546155 -0.99784753 0.00388507
vn -0.09810690 -0.99517588 0.00000000
vn -0.09810690 -0.99517588 0.00000000
vn -0.09810690 -0.99517588 0.00000000
vn 0.00000000 0.00000000 1.00000000
vn 0.00000000 0.00000000 1.00000000
vn 0.00000000 0.00000000 1.00000000
vn 0.00000000 0.00000000 1.00000000
vn 0.00000000 0.00000000 1.00000000
vn 0.00000000 0.00000000 1.00000000
vn 0.00000000 0.00000000 1.00000000
vn 0.00000000 0.00000000 1.00000000
vn 0.00000000 0.00000000 1.00000000
vn 0.00000000 0.00000000 1.00000000
vn 0.00000000 0.00000000 1.00000000
vn 0.00000000 0.00000000 1.00000000
vn 0.00000000 0.00000000 1.00000000
vn 0.00000000 0.00000000 1.00000000
vn 0.00000000 0.00000000 1.00000000
vn 0.00000000 0.00000000 1.00000000
vn 0.00000000 0.00000000 1.00000000
vn 0.00000000 0.00000000 1.00000000
vn 0.00000000 0.00000000 1.00000000
vn 0.00000000 0.00000000 1.00000000
vn 0.00000000 0.00000000 1.00000000
vn 0.00000000 0.00000000 1.00000000
vn 0.00000000 0.00000000 1.00000000
vn 0.00000000 0.00000000 1.00000000
vn 0.00000000 0.00000000 1.00000000
vn 0.00000000 0.00000000 1.00000000
vn 0.00000000 0.00000000 1.00000000
vn 0.00000000 0.00000000 1.00000000
vn 0.00000000 0.00000000 1.00000000
vn 0.00000000 0.00000000 1.00000000
vn 0.00000000 0.00000000 1.00000000
vn 0.00000000 0.00000000 1.00000000
vn 0.00000000 0.00000000 1.00000000
vn 0.00000000 0.00000000 1.00000000
vn 0.00000000 0.00000000 1.00000000
vn 0.00000000 0.00000000 1.00000000
vn 0.00000000 0.00000000 1.00000000
vn 0.00000000 0.00000000 1.00000000
vn 0.00000000 0.00000000 1.00000000
vn 0.00000000 0.00000000 1.00000000
vn 0.00000000 0.00000000 1.00000000
vn 0.00000000 0.00000000 1.00000000
vn 0.00000000 0.00000000 1.00000000
vn 0.00000000 0.00000000 1.00000000
vn 0.00000000 0.00000000 1.00000000
vn 0.00000000 0.00000000 1.00000000
vn 0.00000000 0.00000000 1.00000000
vn 0.00000000 0.00000000 1.00000000
vn 0.00000000 0.00000000 1.00000000
vn 0.00000000 0.00000000 1.00000000
vn 0.00000000 0.00000000 1.00000000
vn 0.00000000 0.00000000 1.00000000
vn 0.00000000 0.00000000 1.00000000
vn 0.00000000 0.00000000 1.00000000
vn 0.00000000 0.00000000 1.00000000
vn 0.00000000 0.00000000 1.00000000
vn 0.00000000 0.00000000 1.00000000
vn 0.00000000 0.00000000 1.00000000
vn 0.00000000 0.00000000 1.00000000
vn 0.00000000 0.00000000 1.00000000
vn 0.00000000 0.00000000 1.00000000
vn 0.00000000 0.00000000 1.00000000
vn 0.00000000 0.00000000 1.00000000
vn 0.00000000 0.00000000 1.00000000
vn 0.00000000 0.00000000 1.00000000
vn 0.00000000 0.00000000 1.00000000
vn 0.00000000 0.00000000 1.00000000
vn 0.00000000 0.00000000 1.00000000
vn 0.00000000 0.00000000 1.00000000
vn 0.00000000 0.00000000 1.00000000
vn 0.00000000 0.00000000 1.00000000
vn 0.00000000 0.00000000 1.00000000
vn 0.00000000 0.00000000 1.00000000
vn 0.00000000 0.00000000 1.00000000
vn 0.00000000 0.00000000 1.00000000
vn 0.00000000 0.00000000 1.00000000
vn 0.00000000 0.00000000 1.00000000
vn 0.00000000 0.00000000 1.00000000
vn 0.00000000 0.00000000 1.00000000
vn 0.00000000 0.00000000 1.00000000
vn 0.00000000 0.00000000 1.00000000
vn 0.00000000 0.00000000 1.00000000
vn 0.00000000 0.00000000 1.00000000
vn 0.00000000 0.00000000 1.00000000
vn 0.00000000 0.00000000 1.00000000
vn 0.00000000 0.00000000 1.00000000
vn 0.00000000 0.00000000 1.00000000
vn 0.00000000 0.00000000 1.00000000
vn 0.00000000 0.00000000 1.00000000
vn 0.00000000 0.00000000 1.00000000
vn 0.00000000 0.00000000 1.00000000
vn 0.00000000 0.00000000 1.00000000
vn 0.00000000 0.00000000 1.00000000
vn 0.00000000 0.00000000 1.00000000
vn 0.00000000 0.00000000 1.00000000
vn 0.00000000 0.00000000 1.00000000
vn 0.00000000 0.00000000 1.00000000
vn 0.00000000 0.00000000 1.00000000
vn 0.00000000 0.00000000 1.00000000
vn 0.00000000 0.00000000 1.00000000
vn 0.00000000 0.00000000 1.00000000
vn 0.00000000 0.00000000 1.00000000
vn 0.00000000 0.00000000 1.00000000
vn 0.00000000 0.00000000 1.00000000
vn 0.00000000 0.00000000 1.00000000
vn 0.00000000 0.00000000 1.00000000
vn 0.00000000 0.00000000 1.00000000
vn 0.00000000 0.00000000 1.00000000
vn 0.00000000 0.00000000 1.00000000
vn 0.00000000 0.00000000 1.00000000
vn 0.00000000 0.00000000 1.00000000
vn 0.00000000 0.00000000 1.00000000
vn 0.00000000 0.00000000 1.00000000
vn 0.00000000 0.00000000 1.00000000
vn 0.00000000 0.00000000 1.00000000
vn 0.00000000 0.00000000 1.00000000
vn 0.00000000 0.00000000 1.00000000
vn 0.00000000 0.00000000 1.00000000
vn 0.00000000 0.00000000 1.00000000
vn 0.00000000 0.00000000 1.00000000
vn 0.00000000 0.00000000 1.00000000
vn 0.00000000 0.00000000 1.00000000
vn 0.00000000 0.00000000 1.00000000
vn 0.00000000 0.00000000 1.00000000
vn 0.00000000 0.00000000 1.00000000
vn 0.00000000 0.00000000 1.00000000
vn 0.00000000 0.00000000 1.00000000
vn 0.00000000 0.00000000 1.00000000
vn 0.00000000 0.00000000 1.00000000
vn 0.00000000 0.00000000 1.00000000
vn 0.00000000 0.00000000 1.00000000
vn 0.00000000 0.00000000 1.00000000
vn 0.00000000 0.00000000 1.00000000
vn 0.00000000 0.00000000 1.00000000
vn 0.00000000 0.00000000 1.00000000
vn 0.00000000 0.00000000 1.00000000
vn 0.00000000 0.00000000 1.00000000
vn 0.00000000 0.00000000 1.00000000
vn 0.00000000 0.00000000 1.00000000
vn 0.00000000 0.00000000 1.00000000
vn 0.00000000 0.00000000 1.00000000
vn 0.00000000 0.00000000 1.00000000
vn 0.00000000 0.00000000 1.00000000
vn 0.00000000 0.00000000 1.00000000
vn 0.00000000 0.00000000 1.00000000
vn 0.00000000 0.00000000 1.00000000
vn 0.00000000 0.00000000 1.00000000
vn 0.00000000 0.00000000 1.00000000
vn 0.00000000 0.00000000 1.00000000
vn 0.00000000 0.00000000 1.00000000
vn 0.00000000 0.00000000 1.00000000
vn 0.00000000 0.00000000 1.00000000
vn 0.00000000 0.00000000 1.00000000
vn 0.00000000 0.00000000 1.00000000
vn 0.00000000 0.00000000 1.00000000
vn 0.00000000 0.00000000 1.00000000
vn 0.00000000 0.00000000 1.00000000
vn 0.00000000 0.00000000 1.00000000
vn 0.00000000 0.00000000 1.00000000
vn 0.00000000 0.00000000 1.00000000
vn 0.00000000 0.00000000 1.00000000
vn 0.00000000 0.00000000 1.00000000
vn 0.00000000 0.00000000 1.00000000
vn 0.00000000 0.00000000 1.00000000
vn 0.00000000 0.00000000 1.00000000
vn 0.00000000 0.00000000 1.00000000
vn 0.00000000 0.00000000 1.00000000
vn 0.00000000 0.00000000 1.00000000
vn 0.00000000 0.00000000 1.00000000
vn 0.00000000 0.00000000 1.00000000
vn 0.00000000 0.00000000 1.00000000
vn 0.00000000 0.00000000 1.00000000
vn 0.00000000 0.00000000 1.00000000
vn 0.00000000 0.00000000 1.00000000
vn 0.00000000 0.00000000 1.00000000
vn 0.00000000 0.00000000 1.00000000
vn 0.00000000 0.00000000 1.00000000
vn 0.00000000 0.00000000 1.00000000
vn 0.00000000 0.00000000 1.00000000
vn 0.00000000 0.00000000 1.00000000
vn 0.00000000 0.00000000 1.00000000
vn 0.00000000 0.00000000 1.00000000
vn 0.00000000 0.00000000 1.00000000
vn 0.00000000 0.00000000 1.00000000
vn 0.00000000 0.00000000 1.00000000
vn 0.00000000 0.00000000 1.00000000
vn 0.00000000 0.00000000 1.00000000
vn 0.00000000 0.00000000 1.00000000
vn 0.00000000 0.00000000 1.00000000
vn 0.00000000 0.00000000 1.00000000
vn 0.00000000 0.00000000 1.00000000
vn 0.00000000 0.00000000 1.00000000
vn 0.00000000 0.00000000 1.00000000
vn 0.00000000 0.00000000 1.00000000
vn 0.00000000 0.00000000 1.00000000
vn 0.00000000 0.00000000 1.00000000
vn 0.00000000 0.00000000 1.00000000
vn 0.00000000 0.00000000 1.00000000
vn 0.00000000 0.00000000 1.00000000
vn 0.00000000 0.00000000 1.00000000
vn 0.00000000 0.00000000 1.00000000
vn 0.00000000 0.00000000 1.00000000
vn 0.00000000 0.00000000 1.00000000
vn 0.00000000 0.00000000 1.00000000
vn 0.00000000 0.00000000 1.00000000
vn 0.00000000 0.00000000 1.00000000
vn 0.00000000 0.00000000 1.00000000
vn 0.00000000 0.00000000 1.00000000
vn 0.00000000 0.00000000 1.00000000
vn 0.00000000 0.00000000 1.00000000
vn 0.00000000 0.00000000 1.00000000
vn 0.00000000 0.00000000 1.00000000
vn 0.00000000 0.00000000 1.00000000
vn 0.00000000 0.00000000 1.00000000
vn 0.00000000 0.00000000 1.00000000
vn 0.00000000 0.00000000 1.00000000
vn 0.00000000 0.00000000 1.00000000
vn 0.00000000 0.00000000 1.00000000
vn 0.00000000 0.00000000 1.00000000
vn 0.00000000 0.00000000 1.00000000
vn 0.00000000 0.00000000 1.00000000
vn 0.00000000 0.00000000 1.00000000
vn 0.00000000 0.00000000 1.00000000
vn 0.00000000 0.00000000 1.00000000
vn 0.00000000 0.00000000 1.00000000
vn 0.00000000 0.00000000 1.00000000
vn 0.00000000 0.00000000 1.00000000
vn 0.00000000 0.00000000 1.00000000
vn 0.00000000 0.00000000 1.00000000
vn 0.00000000 0.00000000 1.00000000
vn 0.00000000 0.00000000 1.00000000
vn 0.00000000 0.00000000 1.00000000
vn 0.00000000 0.00000000 1.00000000
vn 0.00000000 0.00000000 1.00000000
vn 0.00000000 0.00000000 1.00000000
vn 0.00000000 0.00000000 1.00000000
vn 0.00000000 0.00000000 1.00000000
vn 0.00000000 0.00000000 1.00000000
vn 0.00000000 0.00000000 1.00000000
vn 0.00000000 0.00000000 1.00000000
vn 0.00000000 0.00000000 1.00000000
vn 0.00000000 0.00000000 1.00000000
vn 0.00000000 0.00000000 1.00000000
vn 0.00000000 0.00000000 1.00000000
vn 0.00000000 0.00000000 1.00000000
vn 0.00000000 0.00000000 1.00000000
vn 0.00000000 0.00000000 1.00000000
vn 0.00000000 0.00000000 1.00000000
vn 0.00000000 0.00000000 1.00000000
vn 0.00000000 0.00000000 1.00000000
vn 0.00000000 0.00000000 1.00000000
vn 0.00000000 0.00000000 1.00000000
vn 0.00000000 0.00000000 1.00000000
vn 0.00000000 0.00000000 1.00000000
vn 0.00000000 0.00000000 1.00000000
vn 0.06546254 -0.99785503 0.00000000
vn 0.06546254 -0.99785503 0.00000000
vn 0.06546254 -0.99785503 0.00000000
vn 0.03300024 -0.99942541 0.00773569
vn 0.03300024 -0.99942541 0.00773569
vn 0.03300024 -0.99942541 0.00773569
vn 0.09810690 -0.99517588 0.00000000
vn 0.09810690 -0.99517588 0.00000000
vn 0.09810690 -0.99517588 0.00000000
vn 0.00000000 -1.00000000 0.00000000
vn 0.00000000 -1.00000000 0.00000000
vn 0.00000000 -1.00000000 0.00000000
vn 0.00000000 -1.00000000 0.00000000
vn 0.00000000 -1.00000000 0.00000000
vn 0.00000000 -1.00000000 0.00000000
vn 0.00147697 -0.99999875 0.00056340
vn 0.00147697 -0.99999875 0.00056340
vn 0.00147697 -0.99999875 0.00056340
vn 0.00090595 -0.99999952 0.00037886
vn 0.00090595 -0.99999952 0.00037886
vn 0.00090595 -0.99999952 0.00037886
vn -0.00246762 -0.99999642 -0.00103194
vn -0.00246762 -0.99999642 -0.00103194
vn -0.00246762 -0.99999642 -0.00103194
vn -0.00055320 -0.99999985 -0.00004033
vn -0.00055320 -0.99999985 -0.00004033
vn -0.00055320 -0.99999985 -0.00004033
vn 0.00134808 -0.99999816 0.00136120
vn 0.00134808 -0.99999816 0.00136120
vn 0.00134808 -0.99999816 0.00136120
vn 0.00000000 -1.00000000 0.00000000
vn 0.00000000 -1.00000000 0.00000000
vn 0.00000000 -1.00000000 0.00000000
vn 0.00000000 0.00000000 -1.00000000
vn 0.00000000 0.00000000 -1.00000000
vn 0.00000000 0.00000000 -1.00000000
vn 0.00000000 0.00000000 -1.00000000
vn 0.00000000 0.00000000 -1.00000000
vn 0.00000000 0.00000000 -1.00000000
vn 0.00000000 0.00000000 -1.00000000
vn 0.00000000 0.00000000 -1.00000000
vn 0.00000000 0.00000000 -1.00000000
vn 0.00000000 0.00000000 -1.00000000
vn 0.00000000 0.00000000 -1.00000000
vn 0.00000000 0.00000000 -1.00000000
vn 0.00000000 0.00000000 -1.00000000
vn 0.00000000 0.00000000 -1.00000000
vn 0.00000000 0.00000000 -1.00000000
vn 0.00000000 0.00000000 -1.00000000
vn 0.00000000 0.00000000 -1.00000000
vn 0.00000000 0.00000000 -1.00000000
vn 0.00000000 0.00000000 -1.00000000
vn 0.00000000 0.00000000 -1.00000000
vn 0.00000000 0.00000000 -1.00000000
vn 0.00000000 0.00000000 -1.00000000
vn 0.00000000 0.00000000 -1.00000000
vn 0.00000000 0.00000000 -1.00000000
vn 0.00000000 0.00000000 -1.00000000
vn 0.00000000 0.00000000 -1.00000000
vn 0.00000000 0.00000000 -1.00000000
vn 0.00000000 0.00000000 -1.00000000
vn 0.00000000 0.00000000 -1.00000000
vn 0.00000000 0.00000000 -1.00000000
vn 0.00000000 0.00000000 -1.00000000
vn 0.00000000 0.00000000 -1.00000000
vn 0.00000000 0.00000000 -1.00000000
vn 0.00000000 0.00000000 -1.00000000
vn 0.00000000 0.00000000 -1.00000000
vn 0.00000000 0.00000000 -1.00000000
vn 0.00000000 0.00000000 -1.00000000
vn 0.00000000 0.00000000 -1.00000000
vn 0.00000000 0.00000000 -1.00000000
vn 0.00000000 0.00000000 -1.00000000
vn 0.00000000 0.00000000 -1.00000000
vn 0.00000000 0.00000000 -1.00000000
vn 0.00000000 0.00000000 -1.00000000
vn 0.00000000 0.00000000 -1.00000000
vn 0.00000000 0.00000000 -1.00000000
vn 0.00000000 0.00000000 -1.00000000
vn 0.00000000 0.00000000 -1.00000000
vn 0.00000000 0.00000000 -1.00000000
vn 0.00000000 0.00000000 -1.00000000
vn 0.00000000 0.00000000 -1.00000000
vn 0.00000000 0.00000000 -1.00000000
vn 0.00000000 0.00000000 -1.00000000
vn 0.00000000 0.00000000 -1.00000000
vn 0.00000000 0.00000000 -1.00000000
vn 0.00000000 0.00000000 -1.00000000
vn 0.00000000 0.00000000 -1.00000000
vn 0.00000000 0.00000000 -1.00000000
vn 0.00000000 0.00000000 -1.00000000
vn 0.00000000 0.00000000 -1.00000000
vn 0.00000000 0.00000000 -1.00000000
vn 0.00000000 0.00000000 -1.00000000
vn 0.00000000 0.00000000 -1.00000000
vn 0.00000000 0.00000000 -1.00000000
vn 0.00000000 0.00000000 -1.00000000
vn 0.00000000 0.00000000 -1.00000000
vn 0.00000000 0.00000000 -1.00000000
vn 0.00000000 0.00000000 -1.00000000
vn 0.00000000 0.00000000 -1.00000000
vn 0.00000000 0.00000000 -1.00000000
vn 0.00000000 0.00000000 -1.00000000
vn 0.00000000 0.00000000 -1.00000000
vn 0.00000000 0.00000000 -1.00000000
vn 0.00000000 0.00000000 -1.00000000
vn 0.00000000 0.00000000 -1.00000000
vn 0.00000000 0.00000000 -1.00000000
vn 0.00000000 0.00000000 -1.00000000
vn 0.00000000 0.00000000 -1.00000000
vn 0.00000000 0.00000000 -1.00000000
vn 0.00000000 -1.00000000 0.00000000
vn 0.00000000 -1.00000000 0.00000000
vn 0.00000000 -1.00000000 0.00000000
vn 0.00000000 -1.00000000 0.00000000
vn 0.00000000 -1.00000000 0.00000000
vn 0.00000000 -1.00000000 0.00000000
vn 0.67406711 0.36142888 0.64420703
vn 0.67406711 0.36142888 0.64420703
vn 0.67406711 0.36142888 0.64420703
vn 0.92953429 0.32422136 0.17563176
vn 0.92953429 0.32422136 0.17563176
vn 0.92953429 0.32422136 0.17563176
vn 0.89698165 0.40568219 0.17562995
vn 0.89698165 0.40568219 0.17562995
vn 0.89698165 0.40568219 0.17562995
vn 0.89697860 0.40568355 0.17564239
vn 0.89697860 0.40568355 0.17564239
vn 0.89697860 0.40568355 0.17564239
vn 0.86958842 0.46142863 0.17578283
vn 0.86958842 0.46142863 0.17578283
vn 0.86958842 0.46142863 0.17578283
vn 0.87834524 0.45317627 0.15212134
vn 0.87834524 0.45317627 0.15212134
vn 0.87834524 0.45317627 0.15212134
vn 0.94293066 0.22212191 0.24807988
vn 0.94293066 0.22212191 0.24807988
vn 0.94293066 0.22212191 0.24807988
vn 0.94719321 0.26819092 0.17578013
vn 0.94719321 0.26819092 0.17578013
vn 0.94719321 0.26819092 0.17578013
vn 0.92953446 0.32422126 0.17563105
vn 0.92953446 0.32422126 0.17563105
vn 0.92953446 0.32422126 0.17563105
vn 0.95470876 0.24018430 0.17562088
vn 0.95470876 0.24018430 0.17562088
vn 0.95470876 0.24018430 0.17562088
vn 0.96942724 0.17126297 0.17572657
vn 0.96942724 0.17126297 0.17572657
vn 0.96942724 0.17126297 0.17572657
vn 0.97478372 0.16597856 0.14915701
vn 0.97478372 0.16597856 0.14915701
vn 0.97478372 0.16597856 0.14915701
vn 0.75373888 0.12910988 0.64436662
vn 0.75373888 0.12910988 0.64436662
vn 0.75373888 0.12910988 0.64436662
vn 0.44475714 0.07179166 0.89276931
vn 0.44475714 0.07179166 0.89276931
vn 0.44475714 0.07179166 0.89276931
vn 0.15256057 0.02653962 0.98793771
vn 0.15256057 0.02653962 0.98793771
vn 0.15256057 0.02653962 0.98793771
vn 0.17217326 0.03553986 0.98442536
vn 0.17217326 0.03553986 0.98442536
vn 0.17217326 0.03553986 0.98442536
vn 0.17065451 0.04293234 0.98439517
vn 0.17065451 0.04293234 0.98439517
vn 0.17065451 0.04293234 0.98439517
vn 0.17065225 0.04293225 0.98439557
vn 0.17065225 0.04293225 0.98439557
vn 0.17065225 0.04293225 0.98439557
vn 0.16615225 0.05795460 0.98439560
vn 0.16615225 0.05795460 0.98439560
vn 0.16615225 0.05795460 0.98439560
vn 0.16615359 0.05795478 0.98439536
vn 0.16615359 0.05795478 0.98439536
vn 0.16615359 0.05795478 0.98439536
vn 0.16033459 0.07251589 0.98439538
vn 0.16033459 0.07251589 0.98439538
vn 0.16033459 0.07251589 0.98439538
vn 0.16033503 0.07251598 0.98439530
vn 0.16033503 0.07251598 0.98439530
vn 0.16033503 0.07251598 0.98439530
vn 0.59212580 0.24849348 0.76657552
vn 0.59212580 0.24849348 0.76657552
vn 0.59212580 0.24849348 0.76657552
vn 0.43101071 0.23163908 0.87210842
vn 0.43101071 0.23163908 0.87210842
vn 0.43101071 0.23163908 0.87210842
vn 0.15353296 0.08593124 0.98440005
vn 0.15353296 0.08593124 0.98440005
vn 0.15353296 0.08593124 0.98440005
vn 0.18919852 0.09171911 0.97764591
vn 0.18919852 0.09171911 0.97764591
vn 0.18919852 0.09171911 0.97764591
vn 0.03176692 0.01745999 0.99934279
vn 0.03176692 0.01745999 0.99934279
vn 0.03176692 0.01745999 0.99934279
vn 0.81012115 0.37623320 0.44961351
vn 0.81012115 0.37623320 0.44961351
vn 0.81012115 0.37623320 0.44961351
vn 0.73595009 0.40990406 0.53884703
vn 0.73595009 0.40990406 0.53884703
vn 0.73595009 0.40990406 0.53884703
vn 0.76760220 0.34717175 0.53875657
vn 0.76760220 0.34717175 0.53875657
vn 0.76760220 0.34717175 0.53875657
vn 0.76760724 0.34717175 0.53874938
vn 0.76760724 0.34717175 0.53874938
vn 0.76760724 0.34717175 0.53874938
vn 0.79546735 0.27745436 0.53874926
vn 0.79546735 0.27745436 0.53874926
vn 0.79546735 0.27745436 0.53874926
vn 0.79545710 0.27745526 0.53876394
vn 0.79545710 0.27745526 0.53876394
vn 0.79545710 0.27745526 0.53876394
vn 0.81699835 0.20554124 0.53876386
vn 0.81699835 0.20554124 0.53876386
vn 0.81699835 0.20554124 0.53876386
vn 0.81700284 0.20554044 0.53875735
vn 0.81700284 0.20554044 0.53875735
vn 0.81700284 0.20554044 0.53875735
vn 0.82716136 0.15864103 0.53910769
vn 0.82716136 0.15864103 0.53910769
vn 0.82716136 0.15864103 0.53910769
vn 0.88471930 0.14549126 0.44283638
vn 0.88471930 0.14549126 0.44283638
vn 0.88471930 0.14549126 0.44283638
vn 0.47544726 0.25437874 0.84216469
vn 0.47544726 0.25437874 0.84216469
vn 0.47544726 0.25437874 0.84216469
vn 0.49156918 0.22232616 0.84198029
vn 0.49156918 0.22232616 0.84198029
vn 0.49156918 0.22232616 0.84198029
vn 0.49156551 0.22232565 0.84198258
vn 0.49156551 0.22232565 0.84198258
vn 0.49156551 0.22232565 0.84198258
vn 0.50940562 0.17768282 0.84198262
vn 0.50940562 0.17768282 0.84198262
vn 0.50940562 0.17768282 0.84198262
vn 0.50942283 0.17768371 0.84197202
vn 0.50942283 0.17768371 0.84197202
vn 0.50942283 0.17768371 0.84197202
vn 0.52321809 0.13162837 0.84197197
vn 0.52321809 0.13162837 0.84197197
vn 0.52321809 0.13162837 0.84197197
vn 0.52320656 0.13162881 0.84197907
vn 0.52320656 0.13162881 0.84197907
vn 0.52320656 0.13162881 0.84197907
vn 0.52809999 0.10849631 0.84222263
vn 0.52809999 0.10849631 0.84222263
vn 0.52809999 0.10849631 0.84222263
vn 0.63981725 0.10961302 0.76067001
vn 0.63981725 0.10961302 0.76067001
vn 0.63981725 0.10961302 0.76067001
vn 0.00000000 1.00000000 0.00000000
vn 0.00000000 1.00000000 0.00000000
vn 0.00000000 1.00000000 0.00000000
vn 0.00000000 1.00000000 0.00000000
vn 0.00000000 1.00000000 0.00000000
vn 0.00000000 1.00000000 0.00000000
vn -0.00046900 0.99999989 -0.00009831
vn -0.00046900 0.99999989 -0.00009831
vn -0.00046900 0.99999989 -0.00009831
vn 0.00000000 1.00000000 0.00000000
vn 0.00000000 1.00000000 0.00000000
vn 0.00000000 1.00000000 0.00000000
vn -0.00044008 0.99999988 -0.00020939
vn -0.00044008 0.99999988 -0.00020939
vn -0.00044008 0.99999988 -0.00020939
vn -0.00007999 0.99999999 -0.00008142
vn -0.00007999 0.99999999 -0.00008142
vn -0.00007999 0.99999999 -0.00008142
vn 0.00012440 0.99999999 0.00001687
vn 0.00012440 0.99999999 0.00001687
vn 0.00012440 0.99999999 0.00001687
vn -0.00007124 1.00000000 -0.00000966
vn -0.00007124 1.00000000 -0.00000966
vn -0.00007124 1.00000000 -0.00000966
vn 0.00021280 0.99999998 0.00001377
vn 0.00021280 0.99999998 0.00001377
vn 0.00021280 0.99999998 0.00001377
vn 0.00000000 0.00000000 1.00000000
vn 0.00000000 0.00000000 1.00000000
vn 0.00000000 0.00000000 1.00000000
vn 0.00000000 0.00000000 1.00000000
vn 0.00000000 0.00000000 1.00000000
vn 0.00000000 0.00000000 1.00000000
vn 0.00000000 0.00000000 1.00000000
vn 0.00000000 0.00000000 1.00000000
vn 0.00000000 0.00000000 1.00000000
vn 0.00000000 0.00000000 1.00000000
vn 0.00000000 0.00000000 1.00000000
vn 0.00000000 0.00000000 1.00000000
vn 0.00000000 1.00000000 0.00000000
vn 0.00000000 1.00000000 0.00000000
vn 0.00000000 1.00000000 0.00000000
vn 0.00000000 1.00000000 0.00000000
vn 0.00000000 1.00000000 0.00000000
vn 0.00000000 1.00000000 0.00000000
vn 0.00000000 1.00000000 0.00000000
vn 0.00000000 1.00000000 0.00000000
vn 0.00000000 1.00000000 0.00000000
vn 0.00000000 1.00000000 0.00000000
vn 0.00000000 1.00000000 0.00000000
vn 0.00000000 1.00000000 0.00000000
vn 0.00000000 1.00000000 0.00000000
vn 0.00000000 1.00000000 0.00000000
vn 0.00000000 1.00000000 0.00000000
vn 0.00000000 1.00000000 0.00000000
vn 0.00000000 1.00000000 0.00000000
vn 0.00000000 1.00000000 0.00000000
vn 0.00000000 1.00000000 0.00000000
vn 0.00000000 1.00000000 0.00000000
vn 0.00000000 1.00000000 0.00000000
vn 0.00000000 1.00000000 0.00000000
vn 0.00000000 1.00000000 0.00000000
vn 0.00000000 1.00000000 0.00000000
vn 0.00000000 1.00000000 0.00000000
vn 0.00000000 1.00000000 0.00000000
vn 0.00000000 1.00000000 0.00000000
vn 0.00000000 1.00000000 0.00000000
vn 0.00000000 1.00000000 0.00000000
vn 0.00000000 1.00000000 0.00000000
vn 0.00000000 1.00000000 0.00000000
vn 0.00000000 1.00000000 0.00000000
vn 0.00000000 1.00000000 0.00000000
vn 0.00000000 1.00000000 0.00000000
vn 0.00000000 1.00000000 0.00000000
vn 0.00000000 1.00000000 0.00000000
vn 0.00000000 1.00000000 0.00000000
vn 0.00000000 1.00000000 0.00000000
vn 0.00000000 1.00000000 0.00000000
vn 0.00000000 1.00000000 0.00000000
vn 0.00000000 1.00000000 0.00000000
vn 0.00000000 1.00000000 0.00000000
vn 0.00000000 1.00000000 0.00000000
vn 0.00000000 1.00000000 0.00000000
vn 0.00000000 1.00000000 0.00000000
vn 0.00000000 1.00000000 0.00000000
vn 0.00000000 1.00000000 0.00000000
vn 0.00000000 1.00000000 0.00000000
vn 0.00000000 1.00000000 0.00000000
vn 0.00000000 1.00000000 0.00000000
vn 0.00000000 1.00000000 0.00000000
vn 0.00000000 1.00000000 0.00000000
vn 0.00000000 1.00000000 0.00000000
vn 0.00000000 1.00000000 0.00000000
vn 0.00000000 1.00000000 0.00000000
vn 0.00000000 1.00000000 0.00000000
vn 0.00000000 1.00000000 0.00000000
vn 0.00000000 1.00000000 0.00000000
vn 0.00000000 1.00000000 0.00000000
vn 0.00000000 1.00000000 0.00000000
vn 0.00000000 1.00000000 0.00000000
vn 0.00000000 1.00000000 0.00000000
vn 0.00000000 1.00000000 0.00000000
vn 0.00000000 1.00000000 0.00000000
vn 0.00000000 1.00000000 0.00000000
vn 0.00000000 1.00000000 0.00000000
vn 0.00000000 0.00000000 -1.00000000
vn 0.00000000 0.00000000 -1.00000000
vn 0.00000000 0.00000000 -1.00000000
vn 0.00000000 0.00000000 -1.00000000
vn 0.00000000 0.00000000 -1.00000000
vn 0.00000000 0.00000000 -1.00000000
vn 0.00000000 0.00000000 -1.00000000
vn 0.00000000 0.00000000 -1.00000000
vn 0.00000000 0.00000000 -1.00000000
vn 0.00000000 0.00000000 -1.00000000
vn 0.00000000 0.00000000 -1.00000000
vn 0.00000000 0.00000000 -1.00000000
vn 0.00000000 1.00000000 0.00000000
vn 0.00000000 1.00000000 0.00000000
vn 0.00000000 1.00000000 0.00000000
vn 0.00000000 1.00000000 0.00000000
vn 0.00000000 1.00000000 0.00000000
vn 0.00000000 1.00000000 0.00000000
vn 0.04634106 -0.70633949 -0.70635475
vn 0.04634106 -0.70633949 -0.70635475
vn 0.04634106 -0.70633949 -0.70635475
vn 0.04634064 -0.70634713 -0.70634713
vn 0.04634064 -0.70634713 -0.70634713
vn 0.04634064 -0.70634713 -0.70634713
vn -0.04634156 -0.70634710 -0.70634710
vn -0.04634156 -0.70634710 -0.70634710
vn -0.04634156 -0.70634710 -0.70634710
vn -0.04634014 -0.70633958 -0.70635472
vn -0.04634014 -0.70633958 -0.70635472
vn -0.04634014 -0.70633958 -0.70635472
vn -0.06546204 -0.99785506 0.00000000
vn -0.06546204 -0.99785506 0.00000000
vn -0.06546204 -0.99785506 0.00000000
vn -0.03316463 -0.99936760 -0.01282612
vn -0.03316463 -0.99936760 -0.01282612
vn -0.03316463 -0.99936760 -0.01282612
vn -0.09810690 -0.99517588 0.00000000
vn -0.09810690 -0.99517588 0.00000000
vn -0.09810690 -0.99517588 0.00000000
vn 0.03274803 -0.99946364 0.00000000
vn 0.03274803 -0.99946364 0.00000000
vn 0.03274803 -0.99946364 0.00000000
vn 0.06546118 -0.99783422 -0.00645821
vn 0.06546118 -0.99783422 -0.00645821
vn 0.06546118 -0.99783422 -0.00645821
vn 0.09810690 -0.99517588 0.00000000
vn 0.09810690 -0.99517588 0.00000000
vn 0.09810690 -0.99517588 0.00000000
vn 0.00000000 -1.00000000 0.00000000
vn 0.00000000 -1.00000000 0.00000000
vn 0.00000000 -1.00000000 0.00000000
vn 0.00000000 -1.00000000 0.00000000
vn 0.00000000 -1.00000000 0.00000000
vn 0.00000000 -1.00000000 0.00000000
vn 0.04634106 -0.70633949 -0.70635475
vn 0.04634106 -0.70633949 -0.70635475
vn 0.04634106 -0.70633949 -0.70635475
vn 0.04634064 -0.70634713 -0.70634713
vn 0.04634064 -0.70634713 -0.70634713
vn 0.04634064 -0.70634713 -0.70634713
vn -0.04634156 -0.70634710 -0.70634710
vn -0.04634156 -0.70634710 -0.70634710
vn -0.04634156 -0.70634710 -0.70634710
vn -0.04634014 -0.70633958 -0.70635472
vn -0.04634014 -0.70633958 -0.70635472
vn -0.04634014 -0.70633958 -0.70635472
vn -0.06546254 -0.99785503 0.00000000
vn -0.06546254 -0.99785503 0.00000000
vn -0.06546254 -0.99785503 0.00000000
vn -0.03316513 -0.99936758 -0.01282603
vn -0.03316513 -0.99936758 -0.01282603
vn -0.03316513 -0.99936758 -0.01282603
vn -0.09810690 -0.99517588 0.00000000
vn -0.09810690 -0.99517588 0.00000000
vn -0.09810690 -0.99517588 0.00000000
vn 0.03274753 -0.99946366 0.00000000
vn 0.03274753 -0.99946366 0.00000000
vn 0.03274753 -0.99946366 0.00000000
vn 0.06546068 -0.99783425 -0.00645831
vn 0.06546068 -0.99783425 -0.00645831
vn 0.06546068 -0.99783425 -0.00645831
vn 0.09810690 -0.99517588 0.00000000
vn 0.09810690 -0.99517588 0.00000000
vn 0.09810690 -0.99517588 0.00000000
vn -0.70221223 0.06768770 -0.70874280
vn -0.70221223 0.06768770 -0.70874280
vn -0.70221223 0.06768770 -0.70874280
vn -0.70409557 0.06811283 -0.70683101
vn -0.70409557 0.06811283 -0.70683101
vn -0.70409557 0.06811283 -0.70683101
vn -0.70633122 0.03338289 -0.70709390
vn -0.70633122 0.03338289 -0.70709390
vn -0.70633122 0.03338289 -0.70709390
vn -0.73213403 0.02106659 -0.68083475
vn -0.73213403 0.02106659 -0.68083475
vn -0.73213403 0.02106659 -0.68083475
vn -0.66159422 -0.01269644 -0.74975455
vn -0.66159422 -0.01269644 -0.74975455
vn -0.66159422 -0.01269644 -0.74975455
vn -0.69653352 -0.00403973 -0.71751288
vn -0.69653352 -0.00403973 -0.71751288
vn -0.69653352 -0.00403973 -0.71751288
vn -0.73503317 0.02086900 -0.67770991
vn -0.73503317 0.02086900 -0.67770991
vn -0.73503317 0.02086900 -0.67770991
vn 0.00000000 -1.00000000 0.00000000
vn 0.00000000 -1.00000000 0.00000000
vn 0.00000000 -1.00000000 0.00000000
vn 0.00000000 -1.00000000 0.00000000
vn 0.00000000 -1.00000000 0.00000000
vn 0.00000000 -1.00000000 0.00000000
vn 0.00000000 -1.00000000 0.00000000
vn 0.00000000 -1.00000000 0.00000000
vn 0.00000000 -1.00000000 0.00000000
vn -0.99939427 0.03480084 0.00000000
vn -0.99939427 0.03480084 0.00000000
vn -0.99939427 0.03480084 0.00000000
vn -0.99939427 0.03480084 0.00000000
vn -0.99939427 0.03480084 0.00000000
vn -0.99939427 0.03480084 0.00000000
vn -0.91147555 -0.41135426 0.00000000
vn -0.91147555 -0.41135426 0.00000000
vn -0.91147555 -0.41135426 0.00000000
vn -0.91147555 -0.41135426 0.00000000
vn -0.91147555 -0.41135426 0.00000000
vn -0.91147555 -0.41135426 0.00000000
vn -0.63507960 -0.77244670 0.00000000
vn -0.63507960 -0.77244670 0.00000000
vn -0.63507960 -0.77244670 0.00000000
vn -0.63507960 -0.77244670 0.00000000
vn -0.63507960 -0.77244670 0.00000000
vn -0.63507960 -0.77244670 0.00000000
vn -0.22736587 -0.97380941 0.00000000
vn -0.22736587 -0.97380941 0.00000000
vn -0.22736587 -0.97380941 0.00000000
vn -0.22736587 -0.97380941 0.00000000
vn -0.22736587 -0.97380941 0.00000000
vn -0.22736587 -0.97380941 0.00000000
vn 0.00000000 1.00000000 0.00000000
vn 0.00000000 1.00000000 0.00000000
vn 0.00000000 1.00000000 0.00000000
vn 0.00000000 1.00000000 0.00000000
vn 0.00000000 1.00000000 0.00000000
vn 0.00000000 1.00000000 0.00000000
vn 0.00000000 1.00000000 0.00000000
vn 0.00000000 1.00000000 0.00000000
vn 0.00000000 1.00000000 0.00000000
vn 0.00000000 1.00000000 0.00000000
vn 0.00000000 1.00000000 0.00000000
vn 0.00000000 1.00000000 0.00000000
vn -0.60596227 0.39001381 -0.69332456
vn -0.60596227 0.39001381 -0.69332456
vn -0.60596227 0.39001381 -0.69332456
vn -0.54805472 0.46334729 -0.69638015
vn -0.54805472 0.46334729 -0.69638015
vn -0.54805472 0.46334729 -0.69638015
vn -0.60556345 0.39095051 -0.69314544
vn -0.60556345 0.39095051 -0.69314544
vn -0.60556345 0.39095051 -0.69314544
vn -0.59496741 0.38351869 -0.70634778
vn -0.59496741 0.38351869 -0.70634778
vn -0.59496741 0.38351869 -0.70634778
vn -0.54032342 0.45730381 -0.70634540
vn -0.54032342 0.45730381 -0.70634540
vn -0.54032342 0.45730381 -0.70634540
vn -0.54754624 0.46391443 -0.69640256
vn -0.54754624 0.46391443 -0.69640256
vn -0.54754624 0.46391443 -0.69640256
vn 0.00000000 0.00000000 1.00000000
vn 0.00000000 0.00000000 1.00000000
vn 0.00000000 0.00000000 1.00000000
vn 0.00000000 0.00000000 1.00000000
vn 0.00000000 0.00000000 1.00000000
vn 0.00000000 0.00000000 1.00000000
vn 0.00000000 0.00000000 1.00000000
vn 0.00000000 0.00000000 1.00000000
vn 0.00000000 0.00000000 1.00000000
vn 0.00000000 0.00000000 1.00000000
vn 0.00000000 0.00000000 1.00000000
vn 0.00000000 0.00000000 1.00000000
vn 0.00000000 0.00000000 1.00000000
vn 0.00000000 0.00000000 1.00000000
vn 0.00000000 0.00000000 1.00000000
vn 0.00000000 0.00000000 1.00000000
vn 0.00000000 0.00000000 1.00000000
vn 0.00000000 0.00000000 1.00000000
vn 0.00000000 0.00000000 1.00000000
vn 0.00000000 0.00000000 1.00000000
vn 0.00000000 0.00000000 1.00000000
vn -0.18702550 0.98235506 0.00000000
vn -0.18702550 0.98235506 0.00000000
vn -0.18702550 0.98235506 0.00000000
vn -0.18702550 0.98235506 0.00000000
vn -0.18702550 0.98235506 0.00000000
vn -0.18702550 0.98235506 0.00000000
vn -0.53489497 0.84491856 0.00000000
vn -0.53489497 0.84491856 0.00000000
vn -0.53489497 0.84491856 0.00000000
vn -0.53489497 0.84491856 0.00000000
vn -0.53489497 0.84491856 0.00000000
vn -0.53489497 0.84491856 0.00000000
vn -0.80792546 0.58928470 0.00000000
vn -0.80792546 0.58928470 0.00000000
vn -0.80792546 0.58928470 0.00000000
vn -0.80792546 0.58928470 0.00000000
vn -0.80792546 0.58928470 0.00000000
vn -0.80792546 0.58928470 0.00000000
vn 0.00000000 -1.00000000 0.00000000
vn 0.00000000 -1.00000000 0.00000000
vn 0.00000000 -1.00000000 0.00000000
vn 0.00000000 -1.00000000 0.00000000
vn 0.00000000 -1.00000000 0.00000000
vn 0.00000000 -1.00000000 0.00000000
vn -0.03274803 -0.99946364 0.00000000
vn -0.03274803 -0.99946364 0.00000000
vn -0.03274803 -0.99946364 0.00000000
vn -0.06546205 -0.99784750 0.00388501
vn -0.06546205 -0.99784750 0.00388501
vn -0.06546205 -0.99784750 0.00388501
vn -0.09810690 -0.99517588 0.00000000
vn -0.09810690 -0.99517588 0.00000000
vn -0.09810690 -0.99517588 0.00000000
vn 0.06546204 -0.99785506 0.00000000
vn 0.06546204 -0.99785506 0.00000000
vn 0.06546204 -0.99785506 0.00000000
vn 0.03299974 -0.99942542 0.00773575
vn 0.03299974 -0.99942542 0.00773575
vn 0.03299974 -0.99942542 0.00773575
vn 0.09810690 -0.99517588 0.00000000
vn 0.09810690 -0.99517588 0.00000000
vn 0.09810690 -0.99517588 0.00000000
vn -0.13927746 -0.70021489 0.70021489
vn -0.13927746 -0.70021489 0.70021489
vn -0.13927746 -0.70021489 0.70021489
vn -0.13927895 -0.70021281 0.70021668
vn -0.13927895 -0.70021281 0.70021668
vn -0.13927895 -0.70021281 0.70021668
vn -0.31308283 -0.63486040 0.70635078
vn -0.31308283 -0.63486040 0.70635078
vn -0.31308283 -0.63486040 0.70635078
vn -0.41139121 -0.61568655 0.67207689
vn -0.41139121 -0.61568655 0.67207689
vn -0.41139121 -0.61568655 0.67207689
vn -0.43230468 -0.56338524 0.70406657
vn -0.43230468 -0.56338524 0.70406657
vn -0.43230468 -0.56338524 0.70406657
vn -0.59361227 -0.39663495 0.70021796
vn -0.59361227 -0.39663495 0.70021796
vn -0.59361227 -0.39663495 0.70021796
vn -0.70021471 -0.13927933 0.70021471
vn -0.70021471 -0.13927933 0.70021471
vn -0.70021471 -0.13927933 0.70021471
vn -0.70021474 -0.13927939 0.70021465
vn -0.70021474 -0.13927939 0.70021465
vn -0.70021474 -0.13927939 0.70021465
vn -0.63486441 -0.31308481 0.70634629
vn -0.63486441 -0.31308481 0.70634629
vn -0.63486441 -0.31308481 0.70634629
vn -0.60253330 -0.46234433 0.65053158
vn -0.60253330 -0.46234433 0.65053158
vn -0.60253330 -0.46234433 0.65053158
vn -0.70710678 0.00000000 0.70710678
vn -0.70710678 0.00000000 0.70710678
vn -0.70710678 0.00000000 0.70710678
vn -0.70710678 0.00000000 0.70710678
vn -0.70710678 0.00000000 0.70710678
vn -0.70710678 0.00000000 0.70710678
vn -0.69807333 0.15933375 0.69807333
vn -0.69807333 0.15933375 0.69807333
vn -0.69807333 0.15933375 0.69807333
vn -0.69807407 0.15933332 0.69807269
vn -0.69807407 0.15933332 0.69807269
vn -0.69807407 0.15933332 0.69807269
vn -0.62539302 0.33051173 0.70685612
vn -0.62539302 0.33051173 0.70685612
vn -0.62539302 0.33051173 0.70685612
vn -0.57671876 0.45990748 0.67518929
vn -0.57671876 0.45990748 0.67518929
vn -0.57671876 0.45990748 0.67518929
vn -0.54065157 0.46527368 0.70086823
vn -0.54065157 0.46527368 0.70086823
vn -0.54065157 0.46527368 0.70086823
vn -0.39888734 0.58504950 0.70612037
vn -0.39888734 0.58504950 0.70612037
vn -0.39888734 0.58504950 0.70612037
vn -0.32580773 0.67655060 0.66040034
vn -0.32580773 0.67655060 0.66040034
vn -0.32580773 0.67655060 0.66040034
vn -0.25977421 0.66191136 0.70312923
vn -0.25977421 0.66191136 0.70312923
vn -0.25977421 0.66191136 0.70312923
vn 0.00000000 0.71602059 0.69807916
vn 0.00000000 0.71602059 0.69807916
vn 0.00000000 0.71602059 0.69807916
vn -0.09042267 0.80248017 0.58978752
vn -0.09042267 0.80248017 0.58978752
vn -0.09042267 0.80248017 0.58978752
vn 0.07942377 0.70486751 0.70487847
vn 0.07942377 0.70486751 0.70487847
vn 0.07942377 0.70486751 0.70487847
vn 0.31066884 0.64511420 0.69807774
vn 0.31066884 0.64511420 0.69807774
vn 0.31066884 0.64511420 0.69807774
vn 0.28346572 0.72227795 0.63084210
vn 0.28346572 0.72227795 0.63084210
vn 0.28346572 0.72227795 0.63084210
vn 0.39887622 0.58506478 0.70611399
vn 0.39887622 0.58506478 0.70611399
vn 0.39887622 0.58506478 0.70611399
vn 0.55981862 0.44643037 0.69807094
vn 0.55981862 0.44643037 0.69807094
vn 0.55981862 0.44643037 0.69807094
vn 0.69807459 0.15932271 0.69807459
vn 0.69807459 0.15932271 0.69807459
vn 0.69807459 0.15932271 0.69807459
vn 0.69808360 0.15933609 0.69806253
vn 0.69808360 0.15933609 0.69806253
vn 0.69808360 0.15933609 0.69806253
vn 0.62537579 0.33056568 0.70684613
vn 0.62537579 0.33056568 0.70684613
vn 0.62537579 0.33056568 0.70684613
vn 0.56491554 0.48614140 0.66673606
vn 0.56491554 0.48614140 0.66673606
vn 0.56491554 0.48614140 0.66673606
vn 0.70710678 0.00000000 0.70710678
vn 0.70710678 0.00000000 0.70710678
vn 0.70710678 0.00000000 0.70710678
vn 0.70710678 0.00000000 0.70710678
vn 0.70710678 0.00000000 0.70710678
vn 0.70710678 0.00000000 0.70710678
vn 0.15933132 0.69807361 0.69807361
vn 0.15933132 0.69807361 0.69807361
vn 0.15933132 0.69807361 0.69807361
vn 0.15932967 0.69807651 0.69807109
vn 0.15932967 0.69807651 0.69807109
vn 0.15932967 0.69807651 0.69807109
vn 0.33054416 0.62537395 0.70685782
vn 0.33054416 0.62537395 0.70685782
vn 0.33054416 0.62537395 0.70685782
vn 0.46027192 0.57716455 0.67455974
vn 0.46027192 0.57716455 0.67455974
vn 0.46027192 0.57716455 0.67455974
vn 0.46527152 0.54065811 0.70086462
vn 0.46527152 0.54065811 0.70086462
vn 0.46527152 0.54065811 0.70086462
vn 0.58505551 0.39888060 0.70611919
vn 0.58505551 0.39888060 0.70611919
vn 0.58505551 0.39888060 0.70611919
vn 0.67740402 0.32621712 0.65932252
vn 0.67740402 0.32621712 0.65932252
vn 0.67740402 0.32621712 0.65932252
vn 0.66191291 0.25978318 0.70312445
vn 0.66191291 0.25978318 0.70312445
vn 0.66191291 0.25978318 0.70312445
vn 0.71602400 0.00000000 0.69807566
vn 0.71602400 0.00000000 0.69807566
vn 0.71602400 0.00000000 0.69807566
vn 0.80465839 0.09066543 0.58677480
vn 0.80465839 0.09066543 0.58677480
vn 0.80465839 0.09066543 0.58677480
vn 0.70487154 -0.07942187 0.70487466
vn 0.70487154 -0.07942187 0.70487466
vn 0.70487154 -0.07942187 0.70487466
vn 0.64511849 -0.31066940 0.69807353
vn 0.64511849 -0.31066940 0.69807353
vn 0.64511849 -0.31066940 0.69807353
vn 0.72361307 -0.28399885 0.62906977
vn 0.72361307 -0.28399885 0.62906977
vn 0.72361307 -0.28399885 0.62906977
vn 0.58505551 -0.39888060 0.70611919
vn 0.58505551 -0.39888060 0.70611919
vn 0.58505551 -0.39888060 0.70611919
vn 0.44643228 -0.55981015 0.69807651
vn 0.44643228 -0.55981015 0.69807651
vn 0.44643228 -0.55981015 0.69807651
vn 0.15932906 -0.69807387 0.69807387
vn 0.15932906 -0.69807387 0.69807387
vn 0.15932906 -0.69807387 0.69807387
vn 0.15933181 -0.69807576 0.69807135
vn 0.15933181 -0.69807576 0.69807135
vn 0.15933181 -0.69807576 0.69807135
vn 0.33054416 -0.62537395 0.70685782
vn 0.33054416 -0.62537395 0.70685782
vn 0.33054416 -0.62537395 0.70685782
vn 0.48659798 -0.56544003 0.66595794
vn 0.48659798 -0.56544003 0.66595794
vn 0.48659798 -0.56544003 0.66595794
vn 0.15933132 0.69807361 0.69807361
vn 0.15933132 0.69807361 0.69807361
vn 0.15933132 0.69807361 0.69807361
vn 0.15932967 0.69807651 0.69807109
vn 0.15932967 0.69807651 0.69807109
vn 0.15932967 0.69807651 0.69807109
vn 0.33054416 0.62537395 0.70685782
vn 0.33054416 0.62537395 0.70685782
vn 0.33054416 0.62537395 0.70685782
vn 0.46027192 0.57716455 0.67455974
vn 0.46027192 0.57716455 0.67455974
vn 0.46027192 0.57716455 0.67455974
vn 0.46527152 0.54065811 0.70086462
vn 0.46527152 0.54065811 0.70086462
vn 0.46527152 0.54065811 0.70086462
vn 0.58505551 0.39888060 0.70611919
vn 0.58505551 0.39888060 0.70611919
vn 0.58505551 0.39888060 0.70611919
vn 0.67740402 0.32621712 0.65932252
vn 0.67740402 0.32621712 0.65932252
vn 0.67740402 0.32621712 0.65932252
vn 0.66191291 0.25978318 0.70312445
vn 0.66191291 0.25978318 0.70312445
vn 0.66191291 0.25978318 0.70312445
vn 0.71602400 0.00000000 0.69807566
vn 0.71602400 0.00000000 0.69807566
vn 0.71602400 0.00000000 0.69807566
vn 0.80465839 0.09066543 0.58677480
vn 0.80465839 0.09066543 0.58677480
vn 0.80465839 0.09066543 0.58677480
vn 0.70487154 -0.07942187 0.70487466
vn 0.70487154 -0.07942187 0.70487466
vn 0.70487154 -0.07942187 0.70487466
vn 0.64511849 -0.31066940 0.69807353
vn 0.64511849 -0.31066940 0.69807353
vn 0.64511849 -0.31066940 0.69807353
vn 0.72361307 -0.28399885 0.62906977
vn 0.72361307 -0.28399885 0.62906977
vn 0.72361307 -0.28399885 0.62906977
vn 0.58505551 -0.39888060 0.70611919
vn 0.58505551 -0.39888060 0.70611919
vn 0.58505551 -0.39888060 0.70611919
vn 0.44643228 -0.55981015 0.69807651
vn 0.44643228 -0.55981015 0.69807651
vn 0.44643228 -0.55981015 0.69807651
vn 0.15932906 -0.69807387 0.69807387
vn 0.15932906 -0.69807387 0.69807387
vn 0.15932906 -0.69807387 0.69807387
vn 0.15933181 -0.69807576 0.69807135
vn 0.15933181 -0.69807576 0.69807135
vn 0.15933181 -0.69807576 0.69807135
vn 0.33054416 -0.62537395 0.70685782
vn 0.33054416 -0.62537395 0.70685782
vn 0.33054416 -0.62537395 0.70685782
vn 0.48659798 -0.56544003 0.66595794
vn 0.48659798 -0.56544003 0.66595794
vn 0.48659798 -0.56544003 0.66595794
vn 0.08422541 0.99644673 0.00000000
vn 0.08422541 0.99644673 0.00000000
vn 0.08422541 0.99644673 0.00000000
vn 0.06546472 0.99782600 -0.00759296
vn 0.06546472 0.99782600 -0.00759296
vn 0.06546472 0.99782600 -0.00759296
vn 0.01881266 0.99982303 0.00000078
vn 0.01881266 0.99982303 0.00000078
vn 0.01881266 0.99982303 0.00000078
vn -0.02789405 0.99961089 -0.00000115
vn -0.02789405 0.99961089 -0.00000115
vn -0.02789405 0.99961089 -0.00000115
vn -0.06546389 0.99781341 -0.00910331
vn -0.06546389 0.99781341 -0.00910331
vn -0.06546389 0.99781341 -0.00910331
vn -0.09327070 0.99564079 0.00000000
vn -0.09327070 0.99564079 0.00000000
vn -0.09327070 0.99564079 0.00000000
vn 0.00000000 1.00000000 0.00000000
vn 0.00000000 1.00000000 0.00000000
vn 0.00000000 1.00000000 0.00000000
vn 0.00000000 1.00000000 0.00000000
vn 0.00000000 1.00000000 0.00000000
vn 0.00000000 1.00000000 0.00000000
vn 0.08422541 0.99644673 0.00000000
vn 0.08422541 0.99644673 0.00000000
vn 0.08422541 0.99644673 0.00000000
vn 0.06546472 0.99782600 -0.00759296
vn 0.06546472 0.99782600 -0.00759296
vn 0.06546472 0.99782600 -0.00759296
vn 0.01881266 0.99982303 0.00000078
vn 0.01881266 0.99982303 0.00000078
vn 0.01881266 0.99982303 0.00000078
vn -0.02789405 0.99961089 -0.00000115
vn -0.02789405 0.99961089 -0.00000115
vn -0.02789405 0.99961089 -0.00000115
vn -0.06546389 0.99781341 -0.00910331
vn -0.06546389 0.99781341 -0.00910331
vn -0.06546389 0.99781341 -0.00910331
vn -0.09327070 0.99564079 0.00000000
vn -0.09327070 0.99564079 0.00000000
vn -0.09327070 0.99564079 0.00000000
vn 0.00000000 1.00000000 0.00000000
vn 0.00000000 1.00000000 0.00000000
vn 0.00000000 1.00000000 0.00000000
vn 0.00000000 1.00000000 0.00000000
vn 0.00000000 1.00000000 0.00000000
vn 0.00000000 1.00000000 0.00000000
vn 0.00000000 0.70710678 -0.70710678
vn 0.00000000 0.70710678 -0.70710678
vn 0.00000000 0.70710678 -0.70710678
vn 0.00000000 0.70710678 -0.70710678
vn 0.00000000 0.70710678 -0.70710678
vn 0.00000000 0.70710678 -0.70710678
vn 0.04633868 0.70634720 -0.70634720
vn 0.04633868 0.70634720 -0.70634720
vn 0.04633868 0.70634720 -0.70634720
vn 0.04634050 0.70633955 -0.70635473
vn 0.04634050 0.70633955 -0.70635473
vn 0.04634050 0.70633955 -0.70635473
vn -0.04634106 0.70633949 -0.70635475
vn -0.04634106 0.70633949 -0.70635475
vn -0.04634106 0.70633949 -0.70635475
vn -0.04634064 0.70634713 -0.70634713
vn -0.04634064 0.70634713 -0.70634713
vn -0.04634064 0.70634713 -0.70634713
vn 0.04634156 0.70634710 -0.70634710
vn 0.04634156 0.70634710 -0.70634710
vn 0.04634156 0.70634710 -0.70634710
vn 0.04634014 0.70633958 -0.70635472
vn 0.04634014 0.70633958 -0.70635472
vn 0.04634014 0.70633958 -0.70635472
vn -0.04633784 0.70633981 -0.70635464
vn -0.04633784 0.70633981 -0.70635464
vn -0.04633784 0.70633981 -0.70635464
vn -0.04634064 0.70634713 -0.70634713
vn -0.04634064 0.70634713 -0.70634713
vn -0.04634064 0.70634713 -0.70634713
vn 0.00000000 0.70710678 -0.70710678
vn 0.00000000 0.70710678 -0.70710678
vn 0.00000000 0.70710678 -0.70710678
vn 0.00000000 0.70710678 -0.70710678
vn 0.00000000 0.70710678 -0.70710678
vn 0.00000000 0.70710678 -0.70710678
vn 0.00000000 0.70710678 -0.70710678
vn 0.00000000 0.70710678 -0.70710678
vn 0.00000000 0.70710678 -0.70710678
vn 0.00000000 -0.70710678 -0.70710678
vn 0.00000000 -0.70710678 -0.70710678
vn 0.00000000 -0.70710678 -0.70710678
vn 0.00000000 -0.70710678 -0.70710678
vn 0.00000000 -0.70710678 -0.70710678
vn 0.00000000 -0.70710678 -0.70710678
vn 0.00000000 -0.70710678 -0.70710678
vn 0.00000000 -0.70710678 -0.70710678
vn 0.00000000 -0.70710678 -0.70710678
vn -0.04633832 -0.70634721 -0.70634721
vn -0.04633832 -0.70634721 -0.70634721
vn -0.04633832 -0.70634721 -0.70634721
vn -0.04634014 -0.70633958 -0.70635472
vn -0.04634014 -0.70633958 -0.70635472
vn -0.04634014 -0.70633958 -0.70635472
vn 0.04633819 -0.70633977 -0.70635465
vn 0.04633819 -0.70633977 -0.70635465
vn 0.04633819 -0.70633977 -0.70635465
vn 0.04634100 -0.70634712 -0.70634712
vn 0.04634100 -0.70634712 -0.70634712
vn 0.04634100 -0.70634712 -0.70634712
vn 0.00000000 -0.70710678 -0.70710678
vn 0.00000000 -0.70710678 -0.70710678
vn 0.00000000 -0.70710678 -0.70710678
vn 0.00000000 -0.70710678 -0.70710678
vn 0.00000000 -0.70710678 -0.70710678
vn 0.00000000 -0.70710678 -0.70710678
vn -0.04633868 -0.70634720 -0.70634720
vn -0.04633868 -0.70634720 -0.70634720
vn -0.04633868 -0.70634720 -0.70634720
vn -0.04634050 -0.70633955 -0.70635473
vn -0.04634050 -0.70633955 -0.70635473
vn -0.04634050 -0.70633955 -0.70635473
vn 0.04633784 -0.70633981 -0.70635464
vn 0.04633784 -0.70633981 -0.70635464
vn 0.04633784 -0.70633981 -0.70635464
vn 0.04634064 -0.70634713 -0.70634713
vn 0.04634064 -0.70634713 -0.70634713
vn 0.04634064 -0.70634713 -0.70634713
vn 0.00000000 -0.70710678 -0.70710678
vn 0.00000000 -0.70710678 -0.70710678
vn 0.00000000 -0.70710678 -0.70710678
vn -0.00000000 -0.70710678 -0.70710678
vn -0.00000000 -0.70710678 -0.70710678
vn -0.00000000 -0.70710678 -0.70710678
vn 0.00000000 -0.70710678 -0.70710678
vn 0.00000000 -0.70710678 -0.70710678
vn 0.00000000 -0.70710678 -0.70710678
vn 0.00000000 0.70710678 -0.70710678
vn 0.00000000 0.70710678 -0.70710678
vn 0.00000000 0.70710678 -0.70710678
vn -0.00000000 0.70710678 -0.70710678
vn -0.00000000 0.70710678 -0.70710678
vn -0.00000000 0.70710678 -0.70710678
vn 0.00000000 0.70710678 -0.70710678
vn 0.00000000 0.70710678 -0.70710678
vn 0.00000000 0.70710678 -0.70710678
vn 0.04633832 0.70634721 -0.70634721
vn 0.04633832 0.70634721 -0.70634721
vn 0.04633832 0.70634721 -0.70634721
vn 0.04634014 0.70633958 -0.70635472
vn 0.04634014 0.70633958 -0.70635472
vn 0.04634014 0.70633958 -0.70635472
vn -0.04634106 0.70633949 -0.70635475
vn -0.04634106 0.70633949 -0.70635475
vn -0.04634106 0.70633949 -0.70635475
vn -0.04634064 0.70634713 -0.70634713
vn -0.04634064 0.70634713 -0.70634713
vn -0.04634064 0.70634713 -0.70634713
vn 0.04634156 0.70634710 -0.70634710
vn 0.04634156 0.70634710 -0.70634710
vn 0.04634156 0.70634710 -0.70634710
vn 0.04634014 0.70633958 -0.70635472
vn 0.04634014 0.70633958 -0.70635472
vn 0.04634014 0.70633958 -0.70635472
vn -0.04633819 0.70633977 -0.70635465
vn -0.04633819 0.70633977 -0.70635465
vn -0.04633819 0.70633977 -0.70635465
vn -0.04634100 0.70634712 -0.70634712
vn -0.04634100 0.70634712 -0.70634712
vn -0.04634100 0.70634712 -0.70634712
vn -0.06546204 0.99785506 0.00000000
vn -0.06546204 0.99785506 0.00000000
vn -0.06546204 0.99785506 0.00000000
vn -0.03299974 0.99942542 0.00773575
vn -0.03299974 0.99942542 0.00773575
vn -0.03299974 0.99942542 0.00773575
vn -0.09810690 0.99517588 0.00000000
vn -0.09810690 0.99517588 0.00000000
vn -0.09810690 0.99517588 0.00000000
vn 0.00000000 0.70710678 0.70710678
vn 0.00000000 0.70710678 0.70710678
vn 0.00000000 0.70710678 0.70710678
vn 0.00000000 0.70710678 0.70710678
vn 0.00000000 0.70710678 0.70710678
vn 0.00000000 0.70710678 0.70710678
vn 0.00000000 0.70710678 0.70710678
vn 0.00000000 0.70710678 0.70710678
vn 0.00000000 0.70710678 0.70710678
vn -0.03274753 0.00000000 0.99946366
vn -0.03274753 0.00000000 0.99946366
vn -0.03274753 0.00000000 0.99946366
vn -0.06546115 0.00520475 0.99784154
vn -0.06546115 0.00520475 0.99784154
vn -0.06546115 0.00520475 0.99784154
vn -0.09810690 0.00000000 0.99517588
vn -0.09810690 0.00000000 0.99517588
vn -0.09810690 0.00000000 0.99517588
vn -0.04634147 0.70634846 0.70634575
vn -0.04634147 0.70634846 0.70634575
vn -0.04634147 0.70634846 0.70634575
vn -0.04634131 0.70634711 0.70634711
vn -0.04634131 0.70634711 0.70634711
vn -0.04634131 0.70634711 0.70634711
vn 0.04634156 0.70634710 0.70634710
vn 0.04634156 0.70634710 0.70634710
vn 0.04634156 0.70634710 0.70634710
vn 0.04634123 0.70634845 0.70634577
vn 0.04634123 0.70634845 0.70634577
vn 0.04634123 0.70634845 0.70634577
vn -0.04633860 0.70634837 0.70634603
vn -0.04633860 0.70634837 0.70634603
vn -0.04633860 0.70634837 0.70634603
vn -0.04633923 0.70634718 0.70634718
vn -0.04633923 0.70634718 0.70634718
vn -0.04633923 0.70634718 0.70634718
vn 0.00000000 0.70710678 0.70710678
vn 0.00000000 0.70710678 0.70710678
vn 0.00000000 0.70710678 0.70710678
vn 0.00000000 0.70710678 0.70710678
vn 0.00000000 0.70710678 0.70710678
vn 0.00000000 0.70710678 0.70710678
vn 0.04633868 0.70634720 0.70634720
vn 0.04633868 0.70634720 0.70634720
vn 0.04633868 0.70634720 0.70634720
vn 0.04633915 0.70634839 0.70634598
vn 0.04633915 0.70634839 0.70634598
vn 0.04633915 0.70634839 0.70634598
vn -0.04634147 0.70634846 0.70634575
vn -0.04634147 0.70634846 0.70634575
vn -0.04634147 0.70634846 0.70634575
vn -0.04634131 0.70634711 0.70634711
vn -0.04634131 0.70634711 0.70634711
vn -0.04634131 0.70634711 0.70634711
vn -0.04633825 0.70634836 0.70634607
vn -0.04633825 0.70634836 0.70634607
vn -0.04633825 0.70634836 0.70634607
vn -0.04633886 0.70634719 0.70634719
vn -0.04633886 0.70634719 0.70634719
vn -0.04633886 0.70634719 0.70634719
vn 0.00000000 0.70710678 -0.70710678
vn 0.00000000 0.70710678 -0.70710678
vn 0.00000000 0.70710678 -0.70710678
vn 0.00000000 0.70710678 -0.70710678
vn 0.00000000 0.70710678 -0.70710678
vn 0.00000000 0.70710678 -0.70710678
vn 0.00000000 0.70710678 -0.70710678
vn 0.00000000 0.70710678 -0.70710678
vn 0.00000000 0.70710678 -0.70710678
vn -0.04633832 0.70634721 -0.70634721
vn -0.04633832 0.70634721 -0.70634721
vn -0.04633832 0.70634721 -0.70634721
vn -0.04633879 0.70634837 -0.70634601
vn -0.04633879 0.70634837 -0.70634601
vn -0.04633879 0.70634837 -0.70634601
vn 0.04634147 0.70634846 -0.70634575
vn 0.04634147 0.70634846 -0.70634575
vn 0.04634147 0.70634846 -0.70634575
vn 0.04634131 0.70634711 -0.70634711
vn 0.04634131 0.70634711 -0.70634711
vn 0.04634131 0.70634711 -0.70634711
vn -0.04634156 0.70634710 -0.70634710
vn -0.04634156 0.70634710 -0.70634710
vn -0.04634156 0.70634710 -0.70634710
vn -0.04634123 0.70634845 -0.70634577
vn -0.04634123 0.70634845 -0.70634577
vn -0.04634123 0.70634845 -0.70634577
vn 0.04633860 0.70634837 -0.70634603
vn 0.04633860 0.70634837 -0.70634603
vn 0.04633860 0.70634837 -0.70634603
vn 0.04633923 0.70634718 -0.70634718
vn 0.04633923 0.70634718 -0.70634718
vn 0.04633923 0.70634718 -0.70634718
vn 0.00000000 0.70710678 -0.70710678
vn 0.00000000 0.70710678 -0.70710678
vn 0.00000000 0.70710678 -0.70710678
vn 0.00000000 0.70710678 -0.70710678
vn 0.00000000 0.70710678 -0.70710678
vn 0.00000000 0.70710678 -0.70710678
vn -0.04633868 0.70634720 -0.70634720
vn -0.04633868 0.70634720 -0.70634720
vn -0.04633868 0.70634720 -0.70634720
vn -0.04633915 0.70634839 -0.70634598
vn -0.04633915 0.70634839 -0.70634598
vn -0.04633915 0.70634839 -0.70634598
vn 0.04634147 0.70634846 -0.70634575
vn 0.04634147 0.70634846 -0.70634575
vn 0.04634147 0.70634846 -0.70634575
vn 0.04634131 0.70634711 -0.70634711
vn 0.04634131 0.70634711 -0.70634711
vn 0.04634131 0.70634711 -0.70634711
vn -0.04634156 0.70634710 -0.70634710
vn -0.04634156 0.70634710 -0.70634710
vn -0.04634156 0.70634710 -0.70634710
vn -0.04634123 0.70634845 -0.70634577
vn -0.04634123 0.70634845 -0.70634577
vn -0.04634123 0.70634845 -0.70634577
vn 0.04633825 0.70634836 -0.70634607
vn 0.04633825 0.70634836 -0.70634607
vn 0.04633825 0.70634836 -0.70634607
vn 0.04633886 0.70634719 -0.70634719
vn 0.04633886 0.70634719 -0.70634719
vn 0.04633886 0.70634719 -0.70634719
vn 0.00000000 0.70710678 -0.70710678
vn 0.00000000 0.70710678 -0.70710678
vn 0.00000000 0.70710678 -0.70710678
vn -0.00000000 0.70710678 -0.70710678
vn -0.00000000 0.70710678 -0.70710678
vn -0.00000000 0.70710678 -0.70710678
vn -0.00000000 0.70710678 -0.70710678
vn -0.00000000 0.70710678 -0.70710678
vn -0.00000000 0.70710678 -0.70710678
vn 0.00000000 0.70710678 -0.70710678
vn 0.00000000 0.70710678 -0.70710678
vn 0.00000000 0.70710678 -0.70710678
vn 0.00000000 0.70710678 -0.70710678
vn 0.00000000 0.70710678 -0.70710678
vn 0.00000000 0.70710678 -0.70710678
vn 0.00000000 0.70710678 0.70710678
vn 0.00000000 0.70710678 0.70710678
vn 0.00000000 0.70710678 0.70710678
vn -0.00000000 0.70710678 0.70710678
vn -0.00000000 0.70710678 0.70710678
vn -0.00000000 0.70710678 0.70710678
vn 0.00000000 0.70710678 0.70710678
vn 0.00000000 0.70710678 0.70710678
vn 0.00000000 0.70710678 0.70710678
vn 0.04633832 0.70634721 0.70634721
vn 0.04633832 0.70634721 0.70634721
vn 0.04633832 0.70634721 0.70634721
vn 0.04633879 0.70634837 0.70634601
vn 0.04633879 0.70634837 0.70634601
vn 0.04633879 0.70634837 0.70634601
vn -0.06546204 0.00000000 -0.99785506
vn -0.06546204 0.00000000 -0.99785506
vn -0.06546204 0.00000000 -0.99785506
vn -0.03308451 0.01034965 -0.99939897
vn -0.03308451 0.01034965 -0.99939897
vn -0.03308451 0.01034965 -0.99939897
vn -0.09810690 0.00000000 -0.99517588
vn -0.09810690 0.00000000 -0.99517588
vn -0.09810690 0.00000000 -0.99517588
vn -0.03274753 0.99946366 0.00000000
vn -0.03274753 0.99946366 0.00000000
vn -0.03274753 0.99946366 0.00000000
vn -0.06546068 0.99783425 -0.00645831
vn -0.06546068 0.99783425 -0.00645831
vn -0.06546068 0.99783425 -0.00645831
vn -0.09810690 0.99517588 0.00000000
vn -0.09810690 0.99517588 0.00000000
vn -0.09810690 0.99517588 0.00000000
vn 0.06546204 0.99785506 0.00000000
vn 0.06546204 0.99785506 0.00000000
vn 0.06546204 0.99785506 0.00000000
vn 0.03316463 0.99936760 -0.01282612
vn 0.03316463 0.99936760 -0.01282612
vn 0.03316463 0.99936760 -0.01282612
vn 0.09810690 0.99517588 0.00000000
vn 0.09810690 0.99517588 0.00000000
vn 0.09810690 0.99517588 0.00000000
vn 0.00000000 0.00000000 -1.00000000
vn 0.00000000 0.00000000 -1.00000000
vn 0.00000000 0.00000000 -1.00000000
vn 0.00000000 0.00000000 -1.00000000
vn 0.00000000 0.00000000 -1.00000000
vn 0.00000000 0.00000000 -1.00000000
vn 0.00000000 0.00000000 -1.00000000
vn 0.00000000 0.00000000 -1.00000000
vn 0.00000000 0.00000000 -1.00000000
vn 0.06546204 0.00000000 0.99785506
vn 0.06546204 0.00000000 0.99785506
vn 0.06546204 0.00000000 0.99785506
vn 0.03308451 0.01034965 0.99939897
vn 0.03308451 0.01034965 0.99939897
vn 0.03308451 0.01034965 0.99939897
vn 0.09810690 0.00000000 0.99517588
vn 0.09810690 0.00000000 0.99517588
vn 0.09810690 0.00000000 0.99517588
vn -0.98078583 -0.19508758 0.00000000
vn -0.98078583 -0.19508758 0.00000000
vn -0.98078583 -0.19508758 0.00000000
vn -0.96585512 -0.25879766 0.01215120
vn -0.96585512 -0.25879766 0.01215120
vn -0.96585512 -0.25879766 0.01215120
vn -0.89687032 -0.44229361 0.00000000
vn -0.89687032 -0.44229361 0.00000000
vn -0.89687032 -0.44229361 0.00000000
vn -0.79335063 -0.60876496 0.00000000
vn -0.79335063 -0.60876496 0.00000000
vn -0.79335063 -0.60876496 0.00000000
vn -0.70701372 -0.70701372 0.01622316
vn -0.70701372 -0.70701372 0.01622316
vn -0.70701372 -0.70701372 0.01622316
vn -0.19508758 -0.98078583 0.00000000
vn -0.19508758 -0.98078583 0.00000000
vn -0.19508758 -0.98078583 0.00000000
vn -0.25879766 -0.96585512 0.01215120
vn -0.25879766 -0.96585512 0.01215120
vn -0.25879766 -0.96585512 0.01215120
vn -0.44229361 -0.89687032 0.00000000
vn -0.44229361 -0.89687032 0.00000000
vn -0.44229361 -0.89687032 0.00000000
vn -0.60876496 -0.79335063 0.00000000
vn -0.60876496 -0.79335063 0.00000000
vn -0.60876496 -0.79335063 0.00000000
vn 0.97493041 0.22250997 0.00000000
vn 0.97493041 0.22250997 0.00000000
vn 0.97493041 0.22250997 0.00000000
vn 0.96589610 0.25880864 0.00792578
vn 0.96589610 0.25880864 0.00792578
vn 0.96589610 0.25880864 0.00792578
vn 0.88408915 0.46731828 0.00000000
vn 0.88408915 0.46731828 0.00000000
vn 0.88408915 0.46731828 0.00000000
vn 0.75797686 0.65228144 0.00000000
vn 0.75797686 0.65228144 0.00000000
vn 0.75797686 0.65228144 0.00000000
vn 0.70704488 0.70704488 0.01323184
vn 0.70704488 0.70704488 0.01323184
vn 0.70704488 0.70704488 0.01323184
vn 0.56330638 0.82624810 0.00000000
vn 0.56330638 0.82624810 0.00000000
vn 0.56330638 0.82624810 0.00000000
vn 0.36533267 0.93087703 0.00000000
vn 0.36533267 0.93087703 0.00000000
vn 0.36533267 0.93087703 0.00000000
vn 0.25878409 0.96580449 0.01588986
vn 0.25878409 0.96580449 0.01588986
vn 0.25878409 0.96580449 0.01588986
vn 0.11197043 0.99371154 0.00000000
vn 0.11197043 0.99371154 0.00000000
vn 0.11197043 0.99371154 0.00000000
vn -0.11197043 0.99371154 0.00000000
vn -0.11197043 0.99371154 0.00000000
vn -0.11197043 0.99371154 0.00000000
vn -0.25878409 0.96580449 0.01588986
vn -0.25878409 0.96580449 0.01588986
vn -0.25878409 0.96580449 0.01588986
vn -0.36533267 0.93087703 0.00000000
vn -0.36533267 0.93087703 0.00000000
vn -0.36533267 0.93087703 0.00000000
vn -0.56332714 0.82623395 0.00000000
vn -0.56332714 0.82623395 0.00000000
vn -0.56332714 0.82623395 0.00000000
vn -0.70704490 0.70704490 0.01322960
vn -0.70704490 0.70704490 0.01322960
vn -0.70704490 0.70704490 0.01322960
vn -0.97492716 0.22252421 0.00000000
vn -0.97492716 0.22252421 0.00000000
vn -0.97492716 0.22252421 0.00000000
vn -0.96589612 0.25880865 0.00792272
vn -0.96589612 0.25880865 0.00792272
vn -0.96589612 0.25880865 0.00792272
vn -0.88412598 0.46724859 0.00000000
vn -0.88412598 0.46724859 0.00000000
vn -0.88412598 0.46724859 0.00000000
vn -0.75796799 0.65229175 0.00000000
vn -0.75796799 0.65229175 0.00000000
vn -0.75796799 0.65229175 0.00000000
vn 0.22251862 -0.97492844 0.00000000
vn 0.22251862 -0.97492844 0.00000000
vn 0.22251862 -0.97492844 0.00000000
vn 0.25882011 -0.96592141 0.00282369
vn 0.25882011 -0.96592141 0.00282369
vn 0.25882011 -0.96592141 0.00282369
vn 0.46729556 -0.88410116 0.00000000
vn 0.46729556 -0.88410116 0.00000000
vn 0.46729556 -0.88410116 0.00000000
vn 0.65228547 -0.75797339 0.00000000
vn 0.65228547 -0.75797339 0.00000000
vn 0.65228547 -0.75797339 0.00000000
vn 0.70709892 -0.70709892 0.00471448
vn 0.70709892 -0.70709892 0.00471448
vn 0.70709892 -0.70709892 0.00471448
vn 0.82624107 -0.56331669 0.00000000
vn 0.82624107 -0.56331669 0.00000000
vn 0.82624107 -0.56331669 0.00000000
vn 0.93087303 -0.36534286 0.00000000
vn 0.93087303 -0.36534286 0.00000000
vn 0.93087303 -0.36534286 0.00000000
vn 0.96590978 -0.25881699 0.00566247
vn 0.96590978 -0.25881699 0.00566247
vn 0.96590978 -0.25881699 0.00566247
vn 0.99371191 -0.11196716 0.00000000
vn 0.99371191 -0.11196716 0.00000000
vn 0.99371191 -0.11196716 0.00000000
vn 0.99371191 0.11196716 0.00000000
vn 0.99371191 0.11196716 0.00000000
vn 0.99371191 0.11196716 0.00000000
vn 0.96590978 0.25881699 0.00566247
vn 0.96590978 0.25881699 0.00566247
vn 0.96590978 0.25881699 0.00566247
vn 0.93087303 0.36534286 0.00000000
vn 0.93087303 0.36534286 0.00000000
vn 0.93087303 0.36534286 0.00000000
vn 0.82624107 0.56331669 0.00000000
vn 0.82624107 0.56331669 0.00000000
vn 0.82624107 0.56331669 0.00000000
vn 0.70709892 0.70709892 0.00471448
vn 0.70709892 0.70709892 0.00471448
vn 0.70709892 0.70709892 0.00471448
vn 0.22251862 0.97492844 0.00000000
vn 0.22251862 0.97492844 0.00000000
vn 0.22251862 0.97492844 0.00000000
vn 0.25882011 0.96592141 0.00282369
vn 0.25882011 0.96592141 0.00282369
vn 0.25882011 0.96592141 0.00282369
vn 0.46729556 0.88410116 0.00000000
vn 0.46729556 0.88410116 0.00000000
vn 0.46729556 0.88410116 0.00000000
vn 0.65228547 0.75797339 0.00000000
vn 0.65228547 0.75797339 0.00000000
vn 0.65228547 0.75797339 0.00000000
vn 0.22251862 -0.97492844 0.00000000
vn 0.22251862 -0.97492844 0.00000000
vn 0.22251862 -0.97492844 0.00000000
vn 0.25882011 -0.96592141 0.00282369
vn 0.25882011 -0.96592141 0.00282369
vn 0.25882011 -0.96592141 0.00282369
vn 0.46729556 -0.88410116 0.00000000
vn 0.46729556 -0.88410116 0.00000000
vn 0.46729556 -0.88410116 0.00000000
vn 0.65228547 -0.75797339 0.00000000
vn 0.65228547 -0.75797339 0.00000000
vn 0.65228547 -0.75797339 0.00000000
vn 0.70709892 -0.70709892 0.00471448
vn 0.70709892 -0.70709892 0.00471448
vn 0.70709892 -0.70709892 0.00471448
vn 0.82624107 -0.56331669 0.00000000
vn 0.82624107 -0.56331669 0.00000000
vn 0.82624107 -0.56331669 0.00000000
vn 0.93087303 -0.36534286 0.00000000
vn 0.93087303 -0.36534286 0.00000000
vn 0.93087303 -0.36534286 0.00000000
vn 0.96590978 -0.25881699 0.00566247
vn 0.96590978 -0.25881699 0.00566247
vn 0.96590978 -0.25881699 0.00566247
vn 0.99371191 -0.11196716 0.00000000
vn 0.99371191 -0.11196716 0.00000000
vn 0.99371191 -0.11196716 0.00000000
vn 0.99371191 0.11196716 0.00000000
vn 0.99371191 0.11196716 0.00000000
vn 0.99371191 0.11196716 0.00000000
vn 0.96590978 0.25881699 0.00566247
vn 0.96590978 0.25881699 0.00566247
vn 0.96590978 0.25881699 0.00566247
vn 0.93087303 0.36534286 0.00000000
vn 0.93087303 0.36534286 0.00000000
vn 0.93087303 0.36534286 0.00000000
vn 0.82624107 0.56331669 0.00000000
vn 0.82624107 0.56331669 0.00000000
vn 0.82624107 0.56331669 0.00000000
vn 0.70709892 0.70709892 0.00471448
vn 0.70709892 0.70709892 0.00471448
vn 0.70709892 0.70709892 0.00471448
vn 0.22251862 0.97492844 0.00000000
vn 0.22251862 0.97492844 0.00000000
vn 0.22251862 0.97492844 0.00000000
vn 0.25882011 0.96592141 0.00282369
vn 0.25882011 0.96592141 0.00282369
vn 0.25882011 0.96592141 0.00282369
vn 0.46729556 0.88410116 0.00000000
vn 0.46729556 0.88410116 0.00000000
vn 0.46729556 0.88410116 0.00000000
vn 0.65228547 0.75797339 0.00000000
vn 0.65228547 0.75797339 0.00000000
vn 0.65228547 0.75797339 0.00000000
vn 0.03274803 0.99946364 0.00000000
vn 0.03274803 0.99946364 0.00000000
vn 0.03274803 0.99946364 0.00000000
vn 0.06546205 0.99784750 0.00388501
vn 0.06546205 0.99784750 0.00388501
vn 0.06546205 0.99784750 0.00388501
vn 0.09810690 0.99517588 0.00000000
vn 0.09810690 0.99517588 0.00000000
vn 0.09810690 0.99517588 0.00000000
vn -0.09327070 0.00000000 0.99564079
vn -0.09327070 0.00000000 0.99564079
vn -0.09327070 0.00000000 0.99564079
vn -0.06546187 -0.01202527 0.99778261
vn -0.06546187 -0.01202527 0.99778261
vn -0.06546187 -0.01202527 0.99778261
vn -0.02789404 -0.00000152 0.99961089
vn -0.02789404 -0.00000152 0.99961089
vn -0.02789404 -0.00000152 0.99961089
vn 0.01881266 0.00000103 0.99982303
vn 0.01881266 0.00000103 0.99982303
vn 0.01881266 0.00000103 0.99982303
vn 0.06546332 -0.01001845 0.99780468
vn 0.06546332 -0.01001845 0.99780468
vn 0.06546332 -0.01001845 0.99780468
vn 0.08422541 0.00000000 0.99644673
vn 0.08422541 0.00000000 0.99644673
vn 0.08422541 0.00000000 0.99644673
vn -0.06546254 0.99785503 0.00000000
vn -0.06546254 0.99785503 0.00000000
vn -0.06546254 0.99785503 0.00000000
vn -0.03300024 0.99942541 0.00773569
vn -0.03300024 0.99942541 0.00773569
vn -0.03300024 0.99942541 0.00773569
vn -0.09810690 0.99517588 0.00000000
vn -0.09810690 0.99517588 0.00000000
vn -0.09810690 0.99517588 0.00000000
vn 0.00000000 0.00000000 1.00000000
vn 0.00000000 0.00000000 1.00000000
vn 0.00000000 0.00000000 1.00000000
vn 0.00000000 0.00000000 1.00000000
vn 0.00000000 0.00000000 1.00000000
vn 0.00000000 0.00000000 1.00000000
vn 0.03274753 0.99946366 0.00000000
vn 0.03274753 0.99946366 0.00000000
vn 0.03274753 0.99946366 0.00000000
vn 0.06546155 0.99784753 0.00388507
vn 0.06546155 0.99784753 0.00388507
vn 0.06546155 0.99784753 0.00388507
vn 0.09810690 0.99517588 0.00000000
vn 0.09810690 0.99517588 0.00000000
vn 0.09810690 0.99517588 0.00000000
vn -0.09327070 0.00000000 0.99564079
vn -0.09327070 0.00000000 0.99564079
vn -0.09327070 0.00000000 0.99564079
vn -0.06546187 -0.01202527 0.99778261
vn -0.06546187 -0.01202527 0.99778261
vn -0.06546187 -0.01202527 0.99778261
vn -0.02789404 -0.00000152 0.99961089
vn -0.02789404 -0.00000152 0.99961089
vn -0.02789404 -0.00000152 0.99961089
vn 0.01881266 0.00000103 0.99982303
vn 0.01881266 0.00000103 0.99982303
vn 0.01881266 0.00000103 0.99982303
vn 0.06546332 -0.01001845 0.99780468
vn 0.06546332 -0.01001845 0.99780468
vn 0.06546332 -0.01001845 0.99780468
vn 0.08422541 0.00000000 0.99644673
vn 0.08422541 0.00000000 0.99644673
vn 0.08422541 0.00000000 0.99644673
vn 0.00000000 1.00000000 0.00000000
vn 0.00000000 1.00000000 0.00000000
vn 0.00000000 1.00000000 0.00000000
vn 0.00000000 1.00000000 0.00000000
vn 0.00000000 1.00000000 0.00000000
vn 0.00000000 1.00000000 0.00000000
vn -0.09811176 0.99517540 0.00000000
vn -0.09811176 0.99517540 0.00000000
vn -0.09811176 0.99517540 0.00000000
vn -0.06545912 0.99774068 0.01512068
vn -0.06545912 0.99774068 0.01512068
vn -0.06545912 0.99774068 0.01512068
vn -0.03275098 0.99946354 0.00000000
vn -0.03275098 0.99946354 0.00000000
vn -0.03275098 0.99946354 0.00000000
vn -0.09811235 0.99517534 0.00000000
vn -0.09811235 0.99517534 0.00000000
vn -0.09811235 0.99517534 0.00000000
vn -0.06545912 0.99774068 0.01512086
vn -0.06545912 0.99774068 0.01512086
vn -0.06545912 0.99774068 0.01512086
vn -0.03275078 0.99946355 0.00000000
vn -0.03275078 0.99946355 0.00000000
vn -0.03275078 0.99946355 0.00000000
vn 0.09811176 0.00000000 -0.99517540
vn 0.09811176 0.00000000 -0.99517540
vn 0.09811176 0.00000000 -0.99517540
vn 0.06546162 -0.01233801 -0.99777881
vn 0.06546162 -0.01233801 -0.99777881
vn 0.06546162 -0.01233801 -0.99777881
vn 0.03275098 0.00000000 -0.99946354
vn 0.03275098 0.00000000 -0.99946354
vn 0.03275098 0.00000000 -0.99946354
vn -0.03275098 0.00000000 -0.99946354
vn -0.03275098 0.00000000 -0.99946354
vn -0.03275098 0.00000000 -0.99946354
vn -0.06546162 -0.01233801 -0.99777881
vn -0.06546162 -0.01233801 -0.99777881
vn -0.06546162 -0.01233801 -0.99777881
vn -0.09811176 0.00000000 -0.99517540
vn -0.09811176 0.00000000 -0.99517540
vn -0.09811176 0.00000000 -0.99517540
vn 0.00000000 0.00000000 -1.00000000
vn 0.00000000 0.00000000 -1.00000000
vn 0.00000000 0.00000000 -1.00000000
vn 0.00000000 0.00000000 -1.00000000
vn 0.00000000 0.00000000 -1.00000000
vn 0.00000000 0.00000000 -1.00000000
vn 0.09811235 0.00000000 -0.99517534
vn 0.09811235 0.00000000 -0.99517534
vn 0.09811235 0.00000000 -0.99517534
vn 0.06546162 -0.01233817 -0.99777881
vn 0.06546162 -0.01233817 -0.99777881
vn 0.06546162 -0.01233817 -0.99777881
vn 0.03275078 0.00000000 -0.99946355
vn 0.03275078 0.00000000 -0.99946355
vn 0.03275078 0.00000000 -0.99946355
vn -0.03275078 0.00000000 -0.99946355
vn -0.03275078 0.00000000 -0.99946355
vn -0.03275078 0.00000000 -0.99946355
vn -0.06546162 -0.01233817 -0.99777881
vn -0.06546162 -0.01233817 -0.99777881
vn -0.06546162 -0.01233817 -0.99777881
vn -0.09811235 0.00000000 -0.99517534
vn -0.09811235 0.00000000 -0.99517534
vn -0.09811235 0.00000000 -0.99517534
vn 0.03274753 0.00000000 -0.99946366
vn 0.03274753 0.00000000 -0.99946366
vn 0.03274753 0.00000000 -0.99946366
vn 0.06546115 0.00520475 -0.99784154
vn 0.06546115 0.00520475 -0.99784154
vn 0.06546115 0.00520475 -0.99784154
vn 0.09810690 0.00000000 -0.99517588
vn 0.09810690 0.00000000 -0.99517588
vn 0.09810690 0.00000000 -0.99517588
vn 1.00000000 0.00000000 0.00000000
vn 1.00000000 0.00000000 0.00000000
vn 1.00000000 0.00000000 0.00000000
vn 1.00000000 0.00000000 0.00000000
vn 1.00000000 0.00000000 0.00000000
vn 1.00000000 0.00000000 0.00000000
vn 0.00000000 0.00000000 1.00000000
vn 0.00000000 0.00000000 1.00000000
vn 0.00000000 0.00000000 1.00000000
vn 0.00000000 0.00000000 1.00000000
vn 0.00000000 0.00000000 1.00000000
vn 0.00000000 0.00000000 1.00000000
vn 0.00000000 0.00000000 1.00000000
vn 0.00000000 0.00000000 1.00000000
vn 0.00000000 0.00000000 1.00000000
vn 0.00000000 0.00000000 1.00000000
vn 0.00000000 0.00000000 1.00000000
vn 0.00000000 0.00000000 1.00000000
vn 0.00000000 0.00000000 1.00000000
vn 0.00000000 0.00000000 1.00000000
vn 0.00000000 0.00000000 1.00000000
vn 0.00000000 0.00000000 1.00000000
vn 0.00000000 0.00000000 1.00000000
vn 0.00000000 0.00000000 1.00000000
vn 0.00000000 0.00000000 1.00000000
vn 0.00000000 0.00000000 1.00000000
vn 0.00000000 0.00000000 1.00000000
vn 0.00000000 0.00000000 1.00000000
vn 0.00000000 0.00000000 1.00000000
vn 0.00000000 0.00000000 1.00000000
vn 0.00000000 0.00000000 1.00000000
vn 0.00000000 0.00000000 1.00000000
vn 0.00000000 0.00000000 1.00000000
vn 0.00000000 0.00000000 1.00000000
vn 0.00000000 0.00000000 1.00000000
vn 0.00000000 0.00000000 1.00000000
vn 0.00000000 0.00000000 1.00000000
vn 0.00000000 0.00000000 1.00000000
vn 0.00000000 0.00000000 1.00000000
vn 0.00000000 0.00000000 1.00000000
vn 0.00000000 0.00000000 1.00000000
vn 0.00000000 0.00000000 1.00000000
vn -1.00000000 0.00000000 0.00000000
vn -1.00000000 0.00000000 0.00000000
vn -1.00000000 0.00000000 0.00000000
vn -1.00000000 0.00000000 0.00000000
vn -1.00000000 0.00000000 0.00000000
vn -1.00000000 0.00000000 0.00000000
vn 0.51020247 -0.13670952 0.84911951
vn 0.51020247 -0.13670952 0.84911951
vn 0.51020247 -0.13670952 0.84911951
vn 0.37349442 -0.37349442 0.84911945
vn 0.37349442 -0.37349442 0.84911945
vn 0.37349442 -0.37349442 0.84911945
vn 0.13670952 -0.51020247 0.84911951
vn 0.13670952 -0.51020247 0.84911951
vn 0.13670952 -0.51020247 0.84911951
vn 0.13670952 0.51020247 0.84911951
vn 0.13670952 0.51020247 0.84911951
vn 0.13670952 0.51020247 0.84911951
vn 0.37349442 0.37349442 0.84911945
vn 0.37349442 0.37349442 0.84911945
vn 0.37349442 0.37349442 0.84911945
vn 0.51020247 0.13670952 0.84911951
vn 0.51020247 0.13670952 0.84911951
vn 0.51020247 0.13670952 0.84911951
vn 0.51020247 -0.13670952 0.84911951
vn 0.51020247 -0.13670952 0.84911951
vn 0.51020247 -0.13670952 0.84911951
vn 0.37349442 -0.37349442 0.84911945
vn 0.37349442 -0.37349442 0.84911945
vn 0.37349442 -0.37349442 0.84911945
vn 0.13670952 -0.51020247 0.84911951
vn 0.13670952 -0.51020247 0.84911951
vn 0.13670952 -0.51020247 0.84911951
vn 0.13670952 0.51020247 0.84911951
vn 0.13670952 0.51020247 0.84911951
vn 0.13670952 0.51020247 0.84911951
vn 0.37349442 0.37349442 0.84911945
vn 0.37349442 0.37349442 0.84911945
vn 0.37349442 0.37349442 0.84911945
vn 0.51020247 0.13670952 0.84911951
vn 0.51020247 0.13670952 0.84911951
vn 0.51020247 0.13670952 0.84911951
vn 0.06546254 0.00000000 0.99785503
vn 0.06546254 0.00000000 0.99785503
vn 0.06546254 0.00000000 0.99785503
vn 0.03308502 0.01034957 0.99939895
vn 0.03308502 0.01034957 0.99939895
vn 0.03308502 0.01034957 0.99939895
vn 0.09810690 0.00000000 0.99517588
vn 0.09810690 0.00000000 0.99517588
vn 0.09810690 0.00000000 0.99517588
vn -0.03274803 0.00000000 0.99946364
vn -0.03274803 0.00000000 0.99946364
vn -0.03274803 0.00000000 0.99946364
vn -0.06546165 0.00520467 0.99784151
vn -0.06546165 0.00520467 0.99784151
vn -0.06546165 0.00520467 0.99784151
vn -0.09810690 0.00000000 0.99517588
vn -0.09810690 0.00000000 0.99517588
vn -0.09810690 0.00000000 0.99517588
vn -0.03274803 0.99946364 0.00000000
vn -0.03274803 0.99946364 0.00000000
vn -0.03274803 0.99946364 0.00000000
vn -0.06546118 0.99783422 -0.00645821
vn -0.06546118 0.99783422 -0.00645821
vn -0.06546118 0.99783422 -0.00645821
vn -0.09810690 0.99517588 0.00000000
vn -0.09810690 0.99517588 0.00000000
vn -0.09810690 0.99517588 0.00000000
vn 0.06546254 0.99785503 0.00000000
vn 0.06546254 0.99785503 0.00000000
vn 0.06546254 0.99785503 0.00000000
vn 0.03316513 0.99936758 -0.01282603
vn 0.03316513 0.99936758 -0.01282603
vn 0.03316513 0.99936758 -0.01282603
vn 0.09810690 0.99517588 0.00000000
vn 0.09810690 0.99517588 0.00000000
vn 0.09810690 0.99517588 0.00000000
vn 0.03274803 0.00000000 -0.99946364
vn 0.03274803 0.00000000 -0.99946364
vn 0.03274803 0.00000000 -0.99946364
vn 0.06546165 0.00520467 -0.99784151
vn 0.06546165 0.00520467 -0.99784151
vn 0.06546165 0.00520467 -0.99784151
vn 0.09810690 0.00000000 -0.99517588
vn 0.09810690 0.00000000 -0.99517588
vn 0.09810690 0.00000000 -0.99517588
vn -0.06546254 0.00000000 -0.99785503
vn -0.06546254 0.00000000 -0.99785503
vn -0.06546254 0.00000000 -0.99785503
vn -0.03308502 0.01034957 -0.99939895
vn -0.03308502 0.01034957 -0.99939895
vn -0.03308502 0.01034957 -0.99939895
vn -0.09810690 0.00000000 -0.99517588
vn -0.09810690 0.00000000 -0.99517588
vn -0.09810690 0.00000000 -0.99517588
vn -0.17365119 0.98480722 0.00000000
vn -0.17365119 0.98480722 0.00000000
vn -0.17365119 0.98480722 0.00000000
vn -0.17365119 0.98480722 0.00000000
vn -0.17365119 0.98480722 0.00000000
vn -0.17365119 0.98480722 0.00000000
vn -0.49999547 0.86602802 0.00000000
vn -0.49999547 0.86602802 0.00000000
vn -0.49999547 0.86602802 0.00000000
vn -0.49999547 0.86602802 0.00000000
vn -0.49999547 0.86602802 0.00000000
vn -0.49999547 0.86602802 0.00000000
vn -0.76604683 0.64278476 0.00000000
vn -0.76604683 0.64278476 0.00000000
vn -0.76604683 0.64278476 0.00000000
vn -0.76604683 0.64278476 0.00000000
vn -0.76604683 0.64278476 0.00000000
vn -0.76604683 0.64278476 0.00000000
vn -0.93969203 0.34202176 0.00000000
vn -0.93969203 0.34202176 0.00000000
vn -0.93969203 0.34202176 0.00000000
vn -0.93969203 0.34202176 0.00000000
vn -0.93969203 0.34202176 0.00000000
vn -0.93969203 0.34202176 0.00000000
vn -1.00000000 0.00000000 0.00000000
vn -1.00000000 0.00000000 0.00000000
vn -1.00000000 0.00000000 0.00000000
vn -1.00000000 0.00000000 0.00000000
vn -1.00000000 0.00000000 0.00000000
vn -1.00000000 0.00000000 0.00000000
vn -0.93969203 -0.34202176 0.00000000
vn -0.93969203 -0.34202176 0.00000000
vn -0.93969203 -0.34202176 0.00000000
vn -0.93969203 -0.34202176 0.00000000
vn -0.93969203 -0.34202176 0.00000000
vn -0.93969203 -0.34202176 0.00000000
vn -0.76604683 -0.64278476 0.00000000
vn -0.76604683 -0.64278476 0.00000000
vn -0.76604683 -0.64278476 0.00000000
vn -0.76604683 -0.64278476 0.00000000
vn -0.76604683 -0.64278476 0.00000000
vn -0.76604683 -0.64278476 0.00000000
vn -0.49999547 -0.86602802 0.00000000
vn -0.49999547 -0.86602802 0.00000000
vn -0.49999547 -0.86602802 0.00000000
vn -0.49999547 -0.86602802 0.00000000
vn -0.49999547 -0.86602802 0.00000000
vn -0.49999547 -0.86602802 0.00000000
vn -0.17365119 -0.98480722 0.00000000
vn -0.17365119 -0.98480722 0.00000000
vn -0.17365119 -0.98480722 0.00000000
vn -0.17365119 -0.98480722 0.00000000
vn -0.17365119 -0.98480722 0.00000000
vn -0.17365119 -0.98480722 0.00000000
vn -0.17365119 0.98480722 0.00000000
vn -0.17365119 0.98480722 0.00000000
vn -0.17365119 0.98480722 0.00000000
vn -0.17365119 0.98480722 0.00000000
vn -0.17365119 0.98480722 0.00000000
vn -0.17365119 0.98480722 0.00000000
vn -0.49999547 0.86602802 0.00000000
vn -0.49999547 0.86602802 0.00000000
vn -0.49999547 0.86602802 0.00000000
vn -0.49999547 0.86602802 0.00000000
vn -0.49999547 0.86602802 0.00000000
vn -0.49999547 0.86602802 0.00000000
vn -0.76604683 0.64278476 0.00000000
vn -0.76604683 0.64278476 0.00000000
vn -0.76604683 0.64278476 0.00000000
vn -0.76604683 0.64278476 0.00000000
vn -0.76604683 0.64278476 0.00000000
vn -0.76604683 0.64278476 0.00000000
vn -0.93969203 0.34202176 0.00000000
vn -0.93969203 0.34202176 0.00000000
vn -0.93969203 0.34202176 0.00000000
vn -0.93969203 0.34202176 0.00000000
vn -0.93969203 0.34202176 0.00000000
vn -0.93969203 0.34202176 0.00000000
vn -1.00000000 0.00000000 0.00000000
vn -1.00000000 0.00000000 0.00000000
vn -1.00000000 0.00000000 0.00000000
vn -1.00000000 0.00000000 0.00000000
vn -1.00000000 0.00000000 0.00000000
vn -1.00000000 0.00000000 0.00000000
vn -0.93969203 -0.34202176 0.00000000
vn -0.93969203 -0.34202176 0.00000000
vn -0.93969203 -0.34202176 0.00000000
vn -0.93969203 -0.34202176 0.00000000
vn -0.93969203 -0.34202176 0.00000000
vn -0.93969203 -0.34202176 0.00000000
vn -0.76604683 -0.64278476 0.00000000
vn -0.76604683 -0.64278476 0.00000000
vn -0.76604683 -0.64278476 0.00000000
vn -0.76604683 -0.64278476 0.00000000
vn -0.76604683 -0.64278476 0.00000000
vn -0.76604683 -0.64278476 0.00000000
vn -0.49999547 -0.86602802 0.00000000
vn -0.49999547 -0.86602802 0.00000000
vn -0.49999547 -0.86602802 0.00000000
vn -0.49999547 -0.86602802 0.00000000
vn -0.49999547 -0.86602802 0.00000000
vn -0.49999547 -0.86602802 0.00000000
vn -0.17365119 -0.98480722 0.00000000
vn -0.17365119 -0.98480722 0.00000000
vn -0.17365119 -0.98480722 0.00000000
vn -0.17365119 -0.98480722 0.00000000
vn -0.17365119 -0.98480722 0.00000000
vn -0.17365119 -0.98480722 0.00000000
vn -0.22251735 -0.97492873 0.00000000
vn -0.22251735 -0.97492873 0.00000000
vn -0.22251735 -0.97492873 0.00000000
vn -0.22251735 -0.97492873 0.00000000
vn -0.22251735 -0.97492873 0.00000000
vn -0.22251735 -0.97492873 0.00000000
vn -0.62349664 -0.78182603 0.00000000
vn -0.62349664 -0.78182603 0.00000000
vn -0.62349664 -0.78182603 0.00000000
vn -0.62349664 -0.78182603 0.00000000
vn -0.62349664 -0.78182603 0.00000000
vn -0.62349664 -0.78182603 0.00000000
vn -0.90096660 -0.43388845 0.00000000
vn -0.90096660 -0.43388845 0.00000000
vn -0.90096660 -0.43388845 0.00000000
vn -0.90096660 -0.43388845 0.00000000
vn -0.90096660 -0.43388845 0.00000000
vn -0.90096660 -0.43388845 0.00000000
vn -1.00000000 0.00000000 0.00000000
vn -1.00000000 0.00000000 0.00000000
vn -1.00000000 0.00000000 0.00000000
vn -1.00000000 0.00000000 0.00000000
vn -1.00000000 0.00000000 0.00000000
vn -1.00000000 0.00000000 0.00000000
vn -0.90096660 0.43388845 0.00000000
vn -0.90096660 0.43388845 0.00000000
vn -0.90096660 0.43388845 0.00000000
vn -0.90096660 0.43388845 0.00000000
vn -0.90096660 0.43388845 0.00000000
vn -0.90096660 0.43388845 0.00000000
vn -0.62349664 0.78182603 0.00000000
vn -0.62349664 0.78182603 0.00000000
vn -0.62349664 0.78182603 0.00000000
vn -0.62349664 0.78182603 0.00000000
vn -0.62349664 0.78182603 0.00000000
vn -0.62349664 0.78182603 0.00000000
vn -0.22251735 0.97492873 0.00000000
vn -0.22251735 0.97492873 0.00000000
vn -0.22251735 0.97492873 0.00000000
vn -0.22251735 0.97492873 0.00000000
vn -0.22251735 0.97492873 0.00000000
vn -0.22251735 0.97492873 0.00000000
vn -0.22251735 -0.97492873 0.00000000
vn -0.22251735 -0.97492873 0.00000000
vn -0.22251735 -0.97492873 0.00000000
vn -0.22251735 -0.97492873 0.00000000
vn -0.22251735 -0.97492873 0.00000000
vn -0.22251735 -0.97492873 0.00000000
vn -0.62349664 -0.78182603 0.00000000
vn -0.62349664 -0.78182603 0.00000000
vn -0.62349664 -0.78182603 0.00000000
vn -0.62349664 -0.78182603 0.00000000
vn -0.62349664 -0.78182603 0.00000000
vn -0.62349664 -0.78182603 0.00000000
vn -0.90096660 -0.43388845 0.00000000
vn -0.90096660 -0.43388845 0.00000000
vn -0.90096660 -0.43388845 0.00000000
vn -0.90096660 -0.43388845 0.00000000
vn -0.90096660 -0.43388845 0.00000000
vn -0.90096660 -0.43388845 0.00000000
vn -1.00000000 0.00000000 0.00000000
vn -1.00000000 0.00000000 0.00000000
vn -1.00000000 0.00000000 0.00000000
vn -1.00000000 0.00000000 0.00000000
vn -1.00000000 0.00000000 0.00000000
vn -1.00000000 0.00000000 0.00000000
vn -0.90096660 0.43388845 0.00000000
vn -0.90096660 0.43388845 0.00000000
vn -0.90096660 0.43388845 0.00000000
vn -0.90096660 0.43388845 0.00000000
vn -0.90096660 0.43388845 0.00000000
vn -0.90096660 0.43388845 0.00000000
vn -0.62349664 0.78182603 0.00000000
vn -0.62349664 0.78182603 0.00000000
vn -0.62349664 0.78182603 0.00000000
vn -0.62349664 0.78182603 0.00000000
vn -0.62349664 0.78182603 0.00000000
vn -0.62349664 0.78182603 0.00000000
vn -0.22251735 0.97492873 0.00000000
vn -0.22251735 0.97492873 0.00000000
vn -0.22251735 0.97492873 0.00000000
vn -0.22251735 0.97492873 0.00000000
vn -0.22251735 0.97492873 0.00000000
vn -0.22251735 0.97492873 0.00000000
vn -0.18615509 -0.69474682 -0.69474682
vn -0.18615509 -0.69474682 -0.69474682
vn -0.18615509 -0.69474682 -0.69474682
vn -0.18615447 -0.69474636 -0.69474744
vn -0.18615447 -0.69474636 -0.69474744
vn -0.18615447 -0.69474636 -0.69474744
vn -0.50858923 -0.50858923 -0.69474742
vn -0.50858923 -0.50858923 -0.69474742
vn -0.50858923 -0.50858923 -0.69474742
vn -0.50858923 -0.50858923 -0.69474742
vn -0.50858923 -0.50858923 -0.69474742
vn -0.50858923 -0.50858923 -0.69474742
vn -0.69474618 -0.18615492 -0.69474750
vn -0.69474618 -0.18615492 -0.69474750
vn -0.69474618 -0.18615492 -0.69474750
vn -0.69474688 -0.18615461 -0.69474688
vn -0.69474688 -0.18615461 -0.69474688
vn -0.69474688 -0.18615461 -0.69474688
vn -0.69474682 0.18615509 -0.69474682
vn -0.69474682 0.18615509 -0.69474682
vn -0.69474682 0.18615509 -0.69474682
vn -0.69474636 0.18615447 -0.69474744
vn -0.69474636 0.18615447 -0.69474744
vn -0.69474636 0.18615447 -0.69474744
vn -0.50858923 0.50858923 -0.69474742
vn -0.50858923 0.50858923 -0.69474742
vn -0.50858923 0.50858923 -0.69474742
vn -0.50858923 0.50858923 -0.69474742
vn -0.50858923 0.50858923 -0.69474742
vn -0.50858923 0.50858923 -0.69474742
vn -0.18615492 0.69474618 -0.69474750
vn -0.18615492 0.69474618 -0.69474750
vn -0.18615492 0.69474618 -0.69474750
vn -0.18615461 0.69474688 -0.69474688
vn -0.18615461 0.69474688 -0.69474688
vn -0.18615461 0.69474688 -0.69474688
vn -0.25881677 -0.96592644 0.00000000
vn -0.25881677 -0.96592644 0.00000000
vn -0.25881677 -0.96592644 0.00000000
vn -0.25881677 -0.96592644 0.00000000
vn -0.25881677 -0.96592644 0.00000000
vn -0.25881677 -0.96592644 0.00000000
vn -0.70710678 -0.70710678 0.00000000
vn -0.70710678 -0.70710678 0.00000000
vn -0.70710678 -0.70710678 0.00000000
vn -0.70710678 -0.70710678 0.00000000
vn -0.70710678 -0.70710678 0.00000000
vn -0.70710678 -0.70710678 0.00000000
vn -0.96592644 -0.25881677 0.00000000
vn -0.96592644 -0.25881677 0.00000000
vn -0.96592644 -0.25881677 0.00000000
vn -0.96592644 -0.25881677 0.00000000
vn -0.96592644 -0.25881677 0.00000000
vn -0.96592644 -0.25881677 0.00000000
vn -0.96592644 0.25881677 0.00000000
vn -0.96592644 0.25881677 0.00000000
vn -0.96592644 0.25881677 0.00000000
vn -0.96592644 0.25881677 0.00000000
vn -0.96592644 0.25881677 0.00000000
vn -0.96592644 0.25881677 0.00000000
vn -0.70710678 0.70710678 0.00000000
vn -0.70710678 0.70710678 0.00000000
vn -0.70710678 0.70710678 0.00000000
vn -0.70710678 0.70710678 0.00000000
vn -0.70710678 0.70710678 0.00000000
vn -0.70710678 0.70710678 0.00000000
vn -0.25881677 0.96592644 0.00000000
vn -0.25881677 0.96592644 0.00000000
vn -0.25881677 0.96592644 0.00000000
vn -0.25881677 0.96592644 0.00000000
vn -0.25881677 0.96592644 0.00000000
vn -0.25881677 0.96592644 0.00000000
vn -1.00000000 0.00000000 0.00000000
vn -1.00000000 0.00000000 0.00000000
vn -1.00000000 0.00000000 0.00000000
vn -1.00000000 0.00000000 0.00000000
vn -1.00000000 0.00000000 0.00000000
vn -1.00000000 0.00000000 0.00000000
vn -1.00000000 0.00000000 0.00000000
vn -1.00000000 0.00000000 0.00000000
vn -1.00000000 0.00000000 0.00000000
vn -1.00000000 0.00000000 0.00000000
vn -1.00000000 0.00000000 0.00000000
vn -1.00000000 0.00000000 0.00000000
vn -0.70710678 0.70710678 0.00000000
vn -0.70710678 0.70710678 0.00000000
vn -0.70710678 0.70710678 0.00000000
vn -0.70710678 0.70710678 0.00000000
vn -0.70710678 0.70710678 0.00000000
vn -0.70710678 0.70710678 0.00000000
vn -0.70710678 0.70710678 0.00000000
vn -0.70710678 0.70710678 0.00000000
vn -0.70710678 0.70710678 0.00000000
vn -0.70710678 0.00000000 0.70710678
vn -0.70710678 0.00000000 0.70710678
vn -0.70710678 0.00000000 0.70710678
vn -0.70710678 0.00000000 0.70710678
vn -0.70710678 0.00000000 0.70710678
vn -0.70710678 0.00000000 0.70710678
vn -0.15643707 0.98768793 0.00000000
vn -0.15643707 0.98768793 0.00000000
vn -0.15643707 0.98768793 0.00000000
vn -0.15643707 0.98768793 0.00000000
vn -0.15643707 0.98768793 0.00000000
vn -0.15643707 0.98768793 0.00000000
vn -0.45398813 0.89100773 0.00000000
vn -0.45398813 0.89100773 0.00000000
vn -0.45398813 0.89100773 0.00000000
vn -0.45398813 0.89100773 0.00000000
vn -0.45398813 0.89100773 0.00000000
vn -0.45398813 0.89100773 0.00000000
vn -0.70710678 0.70710678 0.00000000
vn -0.70710678 0.70710678 0.00000000
vn -0.70710678 0.70710678 0.00000000
vn -0.70710678 0.70710678 0.00000000
vn -0.70710678 0.70710678 0.00000000
vn -0.70710678 0.70710678 0.00000000
vn -0.89100773 0.45398813 0.00000000
vn -0.89100773 0.45398813 0.00000000
vn -0.89100773 0.45398813 0.00000000
vn -0.89100773 0.45398813 0.00000000
vn -0.89100773 0.45398813 0.00000000
vn -0.89100773 0.45398813 0.00000000
vn -0.98768793 0.15643707 0.00000000
vn -0.98768793 0.15643707 0.00000000
vn -0.98768793 0.15643707 0.00000000
vn -0.98768793 0.15643707 0.00000000
vn -0.98768793 0.15643707 0.00000000
vn -0.98768793 0.15643707 0.00000000
vn 0.00000000 0.00000000 -1.00000000
vn 0.00000000 0.00000000 -1.00000000
vn 0.00000000 0.00000000 -1.00000000
vn 0.00000000 0.00000000 -1.00000000
vn 0.00000000 0.00000000 -1.00000000
vn 0.00000000 0.00000000 -1.00000000
vn 0.00000000 0.00000000 -1.00000000
vn 0.00000000 0.00000000 -1.00000000
vn 0.00000000 0.00000000 -1.00000000
vn 0.00000000 0.00000000 -1.00000000
vn 0.00000000 0.00000000 -1.00000000
vn 0.00000000 0.00000000 -1.00000000
vn 0.00000000 0.00000000 -1.00000000
vn 0.00000000 0.00000000 -1.00000000
vn 0.00000000 0.00000000 -1.00000000
vn 0.00000000 0.00000000 -1.00000000
vn 0.00000000 0.00000000 -1.00000000
vn 0.00000000 0.00000000 -1.00000000
vn 0.00000000 0.00000000 -1.00000000
vn 0.00000000 0.00000000 -1.00000000
vn 0.00000000 0.00000000 -1.00000000
vn 0.00000000 0.00000000 -1.00000000
vn 0.00000000 0.00000000 -1.00000000
vn 0.00000000 0.00000000 -1.00000000
vn 0.00000000 0.00000000 -1.00000000
vn 0.00000000 0.00000000 -1.00000000
vn 0.00000000 0.00000000 -1.00000000
vn 0.00000000 0.00000000 -1.00000000
vn 0.00000000 0.00000000 -1.00000000
vn 0.00000000 0.00000000 -1.00000000
vn 0.00000000 0.00000000 -1.00000000
vn 0.00000000 0.00000000 -1.00000000
vn 0.00000000 0.00000000 -1.00000000
vn 0.00000000 0.00000000 -1.00000000
vn 0.00000000 0.00000000 -1.00000000
vn 0.00000000 0.00000000 -1.00000000
vn 0.00000000 0.00000000 -1.00000000
vn 0.00000000 0.00000000 -1.00000000
vn 0.00000000 0.00000000 -1.00000000
vn 0.00000000 0.00000000 -1.00000000
vn 0.00000000 0.00000000 -1.00000000
vn 0.00000000 0.00000000 -1.00000000
vn 0.00000000 0.00000000 -1.00000000
vn 0.00000000 0.00000000 -1.00000000
vn 0.00000000 0.00000000 -1.00000000
vn 0.00000000 0.00000000 -1.00000000
vn 0.00000000 0.00000000 -1.00000000
vn 0.00000000 0.00000000 -1.00000000
vn 0.00000000 0.00000000 -1.00000000
vn 0.00000000 0.00000000 -1.00000000
vn 0.00000000 0.00000000 -1.00000000
vn 0.00000000 0.00000000 -1.00000000
vn 0.00000000 0.00000000 -1.00000000
vn 0.00000000 0.00000000 -1.00000000
vn 0.00000000 0.00000000 -1.00000000
vn 0.00000000 0.00000000 -1.00000000
vn 0.00000000 0.00000000 -1.00000000
vn 0.00000000 0.00000000 -1.00000000
vn 0.00000000 0.00000000 -1.00000000
vn 0.00000000 0.00000000 -1.00000000
vn 0.00000000 0.00000000 -1.00000000
vn 0.00000000 0.00000000 -1.00000000
vn 0.00000000 0.00000000 -1.00000000
vn 0.00000000 0.00000000 -1.00000000
vn 0.00000000 0.00000000 -1.00000000
vn 0.00000000 0.00000000 -1.00000000
vn -0.70710678 -0.70710678 0.00000000
vn -0.70710678 -0.70710678 0.00000000
vn -0.70710678 -0.70710678 0.00000000
vn -0.70710678 -0.70710678 0.00000000
vn -0.70710678 -0.70710678 0.00000000
vn -0.70710678 -0.70710678 0.00000000
vn -0.72653220 -0.01294318 0.68701051
vn -0.72653220 -0.01294318 0.68701051
vn -0.72653220 -0.01294318 0.68701051
vn -0.56538334 -0.00631797 0.82480407
vn -0.56538334 -0.00631797 0.82480407
vn -0.56538334 -0.00631797 0.82480407
vn -0.69194401 0.00850905 0.72190102
vn -0.69194401 0.00850905 0.72190102
vn -0.69194401 0.00850905 0.72190102
vn -0.65095044 0.00446067 0.75910713
vn -0.65095044 0.00446067 0.75910713
vn -0.65095044 0.00446067 0.75910713
vn -0.57837715 0.00005255 0.81576949
vn -0.57837715 0.00005255 0.81576949
vn -0.57837715 0.00005255 0.81576949
vn -0.50230015 -0.00002701 0.86469333
vn -0.50230015 -0.00002701 0.86469333
vn -0.50230015 -0.00002701 0.86469333
vn -0.84163601 0.00670145 0.54000362
vn -0.84163601 0.00670145 0.54000362
vn -0.84163601 0.00670145 0.54000362
vn -0.76017890 0.00000000 0.64971381
vn -0.76017890 0.00000000 0.64971381
vn -0.76017890 0.00000000 0.64971381
vn -0.71203032 0.00000000 0.70214872
vn -0.71203032 0.00000000 0.70214872
vn -0.71203032 0.00000000 0.70214872
vn -0.71202560 -0.00000004 0.70215350
vn -0.71202560 -0.00000004 0.70215350
vn -0.71202560 -0.00000004 0.70215350
vn -0.66696461 -0.00000377 0.74508940
vn -0.66696461 -0.00000377 0.74508940
vn -0.66696461 -0.00000377 0.74508940
vn -0.61266366 -0.00303734 0.79033791
vn -0.61266366 -0.00303734 0.79033791
vn -0.61266366 -0.00303734 0.79033791
vn -0.37965757 0.00029245 0.92512704
vn -0.37965757 0.00029245 0.92512704
vn -0.37965757 0.00029245 0.92512704
vn -0.27924975 -0.00026009 0.96021847
vn -0.27924975 -0.00026009 0.96021847
vn -0.27924975 -0.00026009 0.96021847
vn -0.50318188 -0.00000125 0.86418053
vn -0.50318188 -0.00000125 0.86418053
vn -0.50318188 -0.00000125 0.86418053
vn -0.45116591 0.00000164 0.89244010
vn -0.45116591 0.00000164 0.89244010
vn -0.45116591 0.00000164 0.89244010
vn -0.45122728 0.00000000 0.89240907
vn -0.45122728 0.00000000 0.89240907
vn -0.45122728 0.00000000 0.89240907
vn -0.37408544 0.00000000 0.92739424
vn -0.37408544 0.00000000 0.92739424
vn -0.37408544 0.00000000 0.92739424
vn -0.27015320 -0.00068537 0.96281710
vn -0.27015320 -0.00068537 0.96281710
vn -0.27015320 -0.00068537 0.96281710
vn -0.16702431 0.00077058 0.98595248
vn -0.16702431 0.00077058 0.98595248
vn -0.16702431 0.00077058 0.98595248
vn -0.17255671 0.00047266 0.98499947
vn -0.17255671 0.00047266 0.98499947
vn -0.17255671 0.00047266 0.98499947
vn -0.06270835 -0.00046062 0.99803179
vn -0.06270835 -0.00046062 0.99803179
vn -0.06270835 -0.00046062 0.99803179
vn -0.05427889 0.00000000 0.99852581
vn -0.05427889 0.00000000 0.99852581
vn -0.05427889 0.00000000 0.99852581
vn -0.99452226 0.00000000 0.10452501
vn -0.99452226 0.00000000 0.10452501
vn -0.99452226 0.00000000 0.10452501
vn -0.76800291 -0.00697592 0.64040836
vn -0.76800291 -0.00697592 0.64040836
vn -0.76800291 -0.00697592 0.64040836
vn -0.84165491 0.00000000 0.54001575
vn -0.84165491 0.00000000 0.54001575
vn -0.84165491 0.00000000 0.54001575
vn -0.89462202 0.00000000 0.44682372
vn -0.89462202 0.00000000 0.44682372
vn -0.89462202 0.00000000 0.44682372
vn -0.89462202 0.00000000 0.44682372
vn -0.89462202 0.00000000 0.44682372
vn -0.89462202 0.00000000 0.44682372
vn -0.94868174 0.00000000 0.31623244
vn -0.94868174 0.00000000 0.31623244
vn -0.94868174 0.00000000 0.31623244
vn -0.94868174 0.00000000 0.31623244
vn -0.94868174 0.00000000 0.31623244
vn -0.94868174 0.00000000 0.31623244
vn -0.97761409 0.00000000 0.21040600
vn -0.97761409 0.00000000 0.21040600
vn -0.97761409 0.00000000 0.21040600
vn -0.97761409 0.00000000 0.21040600
vn -0.97761409 0.00000000 0.21040600
vn -0.97761409 0.00000000 0.21040600
vn -0.99452226 0.00000000 0.10452501
vn -0.99452226 0.00000000 0.10452501
vn -0.99452226 0.00000000 0.10452501
vn 0.00000000 1.00000000 0.00000000
vn 0.00000000 1.00000000 0.00000000
vn 0.00000000 1.00000000 0.00000000
vn 0.00000000 1.00000000 0.00000000
vn 0.00000000 1.00000000 0.00000000
vn 0.00000000 1.00000000 0.00000000
vn 0.00000000 1.00000000 0.00000000
vn 0.00000000 1.00000000 0.00000000
vn 0.00000000 1.00000000 0.00000000
vn 0.00000000 1.00000000 0.00000000
vn 0.00000000 1.00000000 0.00000000
vn 0.00000000 1.00000000 0.00000000
vn 0.00000000 1.00000000 0.00000000
vn 0.00000000 1.00000000 0.00000000
vn 0.00000000 1.00000000 0.00000000
vn 0.00000000 1.00000000 0.00000000
vn 0.00000000 1.00000000 0.00000000
vn 0.00000000 1.00000000 0.00000000
vn 0.00000000 1.00000000 0.00000000
vn 0.00000000 1.00000000 0.00000000
vn 0.00000000 1.00000000 0.00000000
vn 0.00000000 1.00000000 0.00000000
vn 0.00000000 1.00000000 0.00000000
vn 0.00000000 1.00000000 0.00000000
vn 0.00000000 1.00000000 0.00000000
vn 0.00000000 1.00000000 0.00000000
vn 0.00000000 1.00000000 0.00000000
vn 0.00000000 1.00000000 0.00000000
vn 0.00000000 1.00000000 0.00000000
vn 0.00000000 1.00000000 0.00000000
vn 0.00000000 1.00000000 0.00000000
vn 0.00000000 1.00000000 0.00000000
vn 0.00000000 1.00000000 0.00000000
vn 0.00000000 1.00000000 0.00000000
vn 0.00000000 1.00000000 0.00000000
vn 0.00000000 1.00000000 0.00000000
vn 0.00000000 1.00000000 0.00000000
vn 0.00000000 1.00000000 0.00000000
vn 0.00000000 1.00000000 0.00000000
vn 0.00000000 1.00000000 0.00000000
vn 0.00000000 1.00000000 0.00000000
vn 0.00000000 1.00000000 0.00000000
vn 0.00000000 1.00000000 0.00000000
vn 0.00000000 1.00000000 0.00000000
vn 0.00000000 1.00000000 0.00000000
vn 0.00000000 1.00000000 0.00000000
vn 0.00000000 1.00000000 0.00000000
vn 0.00000000 1.00000000 0.00000000
vn 0.00000000 1.00000000 0.00000000
vn 0.00000000 1.00000000 0.00000000
vn 0.00000000 1.00000000 0.00000000
vn 0.00000000 1.00000000 0.00000000
vn 0.00000000 1.00000000 0.00000000
vn 0.00000000 1.00000000 0.00000000
vn 0.00000000 1.00000000 0.00000000
vn 0.00000000 1.00000000 0.00000000
vn 0.00000000 1.00000000 0.00000000
vn 0.00000000 1.00000000 0.00000000
vn 0.00000000 1.00000000 0.00000000
vn 0.00000000 1.00000000 0.00000000
vn 0.00000000 1.00000000 0.00000000
vn 0.00000000 1.00000000 0.00000000
vn 0.00000000 1.00000000 0.00000000
vn 0.00000000 1.00000000 0.00000000
vn 0.00000000 1.00000000 0.00000000
vn 0.00000000 1.00000000 0.00000000
vn 0.00000000 0.00000000 1.00000000
vn 0.00000000 0.00000000 1.00000000
vn 0.00000000 0.00000000 1.00000000
vn 0.00000000 0.00000000 1.00000000
vn 0.00000000 0.00000000 1.00000000
vn 0.00000000 0.00000000 1.00000000
vn 0.00000000 0.00000000 1.00000000
vn 0.00000000 0.00000000 1.00000000
vn 0.00000000 0.00000000 1.00000000
vn 0.00000000 0.00000000 1.00000000
vn 0.00000000 0.00000000 1.00000000
vn 0.00000000 0.00000000 1.00000000
vn 0.00000000 0.00000000 1.00000000
vn 0.00000000 0.00000000 1.00000000
vn 0.00000000 0.00000000 1.00000000
vn 0.00000000 0.00000000 1.00000000
vn 0.00000000 0.00000000 1.00000000
vn 0.00000000 0.00000000 1.00000000
vn 0.00000000 0.00000000 1.00000000
vn 0.00000000 0.00000000 1.00000000
vn 0.00000000 0.00000000 1.00000000
vn 0.00000000 0.00000000 1.00000000
vn 0.00000000 0.00000000 1.00000000
vn 0.00000000 0.00000000 1.00000000
vn 0.00000000 0.00000000 1.00000000
vn 0.00000000 0.00000000 1.00000000
vn 0.00000000 0.00000000 1.00000000
vn 0.00000000 0.00000000 1.00000000
vn 0.00000000 0.00000000 1.00000000
vn 0.00000000 0.00000000 1.00000000
vn 0.00000000 0.00000000 1.00000000
vn 0.00000000 0.00000000 1.00000000
vn 0.00000000 0.00000000 1.00000000
vn 0.00000000 0.00000000 1.00000000
vn 0.00000000 0.00000000 1.00000000
vn 0.00000000 0.00000000 1.00000000
vn 0.00000000 0.00000000 1.00000000
vn 0.00000000 0.00000000 1.00000000
vn 0.00000000 0.00000000 1.00000000
vn 0.00000000 0.00000000 1.00000000
vn 0.00000000 0.00000000 1.00000000
vn 0.00000000 0.00000000 1.00000000
vn 0.00000000 0.00000000 1.00000000
vn 0.00000000 0.00000000 1.00000000
vn 0.00000000 0.00000000 1.00000000
vn 0.00000000 0.00000000 1.00000000
vn 0.00000000 0.00000000 1.00000000
vn 0.00000000 0.00000000 1.00000000
vn 0.00000000 0.00000000 1.00000000
vn 0.00000000 0.00000000 1.00000000
vn 0.00000000 0.00000000 1.00000000
vn 0.00000000 0.00000000 1.00000000
vn 0.00000000 0.00000000 1.00000000
vn 0.00000000 0.00000000 1.00000000
vn 0.00000000 0.00000000 1.00000000
vn 0.00000000 0.00000000 1.00000000
vn 0.00000000 0.00000000 1.00000000
vn 0.00000000 0.00000000 1.00000000
vn 0.00000000 0.00000000 1.00000000
vn 0.00000000 0.00000000 1.00000000
vn 0.00000000 0.00000000 1.00000000
vn 0.00000000 0.00000000 1.00000000
vn 0.00000000 0.00000000 1.00000000
vn 0.00000000 0.00000000 1.00000000
vn 0.00000000 0.00000000 1.00000000
vn 0.00000000 0.00000000 1.00000000
vn 0.00000000 0.00000000 1.00000000
vn 0.00000000 0.00000000 1.00000000
vn 0.00000000 0.00000000 1.00000000
vn 0.00000000 0.00000000 1.00000000
vn 0.00000000 0.00000000 1.00000000
vn 0.00000000 0.00000000 1.00000000
vn 0.00000000 0.00000000 1.00000000
vn 0.00000000 0.00000000 1.00000000
vn 0.00000000 0.00000000 1.00000000
vn 0.00000000 0.00000000 1.00000000
vn 0.00000000 0.00000000 1.00000000
vn 0.00000000 0.00000000 1.00000000
vn 0.00000000 0.00000000 1.00000000
vn 0.00000000 0.00000000 1.00000000
vn 0.00000000 0.00000000 1.00000000
vn 0.00000000 0.00000000 1.00000000
vn 0.00000000 0.00000000 1.00000000
vn 0.00000000 0.00000000 1.00000000
vn 0.00000000 0.00000000 1.00000000
vn 0.00000000 0.00000000 1.00000000
vn 0.00000000 0.00000000 1.00000000
vn 0.00000000 0.00000000 1.00000000
vn 0.00000000 0.00000000 1.00000000
vn 0.00000000 0.00000000 1.00000000
vn 0.00000000 0.00000000 1.00000000
vn 0.00000000 0.00000000 1.00000000
vn 0.00000000 0.00000000 1.00000000
vn 0.00000000 0.00000000 1.00000000
vn 0.00000000 0.00000000 1.00000000
vn 0.00000000 0.00000000 1.00000000
vn 0.00000000 0.00000000 1.00000000
vn 0.00000000 0.00000000 1.00000000
vn 0.00000000 0.00000000 1.00000000
vn 0.00000000 0.00000000 1.00000000
vn 0.00000000 0.00000000 1.00000000
vn 0.00000000 0.00000000 1.00000000
vn 0.00000000 0.00000000 1.00000000
vn 0.00000000 0.00000000 1.00000000
vn 0.00000000 0.00000000 1.00000000
vn 0.00000000 0.00000000 1.00000000
vn 0.00000000 0.00000000 1.00000000
vn 0.00000000 0.00000000 1.00000000
vn 0.00000000 0.00000000 1.00000000
vn 0.00000000 0.00000000 1.00000000
vn 0.00000000 0.00000000 1.00000000
vn 0.00000000 0.00000000 1.00000000
vn 0.00000000 0.00000000 1.00000000
vn 0.00000000 0.00000000 1.00000000
vn 0.00000000 0.00000000 1.00000000
vn 0.00000000 0.00000000 1.00000000
vn 0.00000000 0.00000000 1.00000000
vn 0.00000000 0.00000000 1.00000000
vn 0.00000000 0.00000000 1.00000000
vn 0.00000000 0.00000000 1.00000000
vn 0.00000000 0.00000000 1.00000000
vn 0.00000000 0.00000000 1.00000000
vn 0.00000000 0.00000000 1.00000000
vn 0.00000000 0.00000000 1.00000000
vn 0.00000000 0.00000000 1.00000000
vn 0.00000000 0.00000000 1.00000000
vn 0.00000000 0.00000000 1.00000000
vn 0.00000000 0.00000000 1.00000000
vn 0.00000000 0.00000000 1.00000000
vn 0.00000000 0.00000000 1.00000000
vn 0.00000000 0.00000000 1.00000000
vn 0.00000000 0.00000000 1.00000000
vn 0.00000000 0.00000000 1.00000000
vn 0.00000000 0.00000000 1.00000000
vn 0.00000000 0.00000000 1.00000000
vn 0.00000000 0.00000000 1.00000000
vn 0.00000000 0.00000000 1.00000000
vn 0.00000000 0.00000000 1.00000000
vn 0.00000000 0.00000000 1.00000000
vn 0.00000000 0.00000000 1.00000000
vn 0.00000000 0.00000000 1.00000000
vn 0.00000000 0.00000000 1.00000000
vn 0.00000000 0.00000000 1.00000000
vn 0.00000000 0.00000000 1.00000000
vn 0.00000000 0.00000000 1.00000000
vn 0.00000000 0.00000000 1.00000000
vn 0.00000000 0.00000000 1.00000000
vn 0.00000000 0.00000000 1.00000000
vn 0.00000000 0.00000000 1.00000000
vn 0.00000000 0.00000000 1.00000000
vn 0.00000000 0.00000000 1.00000000
vn 0.00000000 0.00000000 1.00000000
vn 0.00000000 0.00000000 1.00000000
vn 0.00000000 0.00000000 1.00000000
vn 0.00000000 0.00000000 1.00000000
vn 0.00000000 0.00000000 1.00000000
vn 0.00000000 0.00000000 1.00000000
vn 0.00000000 0.00000000 1.00000000
vn 0.00000000 0.00000000 1.00000000
vn 0.00000000 0.00000000 1.00000000
vn 0.00000000 0.00000000 1.00000000
vn 0.00000000 0.00000000 1.00000000
vn 0.00000000 0.00000000 1.00000000
vn 0.00000000 0.00000000 1.00000000
vn 0.00000000 0.00000000 1.00000000
vn 0.00000000 0.00000000 1.00000000
vn 0.00000000 0.00000000 1.00000000
vn 0.00000000 0.00000000 1.00000000
vn 0.00000000 0.00000000 1.00000000
vn 0.00000000 0.00000000 1.00000000
vn 0.00000000 0.00000000 1.00000000
vn 0.00000000 0.00000000 1.00000000
vn 0.00000000 0.00000000 1.00000000
vn 0.00000000 0.00000000 1.00000000
vn 0.00000000 0.00000000 1.00000000
vn 0.00000000 0.00000000 1.00000000
vn 0.00000000 0.00000000 1.00000000
vn 0.00000000 1.00000000 0.00000000
vn 0.00000000 1.00000000 0.00000000
vn 0.00000000 1.00000000 0.00000000
vn 0.00000000 1.00000000 0.00000000
vn 0.00000000 1.00000000 0.00000000
vn 0.00000000 1.00000000 0.00000000
vn -0.11130077 0.70271336 0.70271336
vn -0.11130077 0.70271336 0.70271336
vn -0.11130077 0.70271336 0.70271336
vn -0.11129744 0.70271964 0.70270762
vn -0.11129744 0.70271964 0.70270762
vn -0.11129744 0.70271964 0.70270762
vn -0.32300235 0.63393198 0.70270885
vn -0.32300235 0.63393198 0.70270885
vn -0.32300235 0.63393198 0.70270885
vn -0.32300340 0.63392601 0.70271376
vn -0.32300340 0.63392601 0.70271376
vn -0.32300340 0.63392601 0.70271376
vn -0.50308773 0.50308773 0.70271294
vn -0.50308773 0.50308773 0.70271294
vn -0.50308773 0.50308773 0.70271294
vn -0.50308773 0.50308773 0.70271294
vn -0.50308773 0.50308773 0.70271294
vn -0.50308773 0.50308773 0.70271294
vn -0.63392791 0.32300028 0.70271347
vn -0.63392791 0.32300028 0.70271347
vn -0.63392791 0.32300028 0.70271347
vn -0.63393058 0.32300573 0.70270856
vn -0.63393058 0.32300573 0.70270856
vn -0.63393058 0.32300573 0.70270856
vn -0.70271864 0.11130160 0.70270795
vn -0.70271864 0.11130160 0.70270795
vn -0.70271864 0.11130160 0.70270795
vn -0.70271370 0.11129650 0.70271370
vn -0.70271370 0.11129650 0.70271370
vn -0.70271370 0.11129650 0.70271370
vn 0.67402340 -0.21489569 -0.70676184
vn 0.67402340 -0.21489569 -0.70676184
vn 0.67402340 -0.21489569 -0.70676184
vn 0.67402395 -0.21489605 -0.70676121
vn 0.67402395 -0.21489605 -0.70676121
vn 0.67402395 -0.21489605 -0.70676121
vn 0.65227609 -0.27390710 -0.70676078
vn 0.65227609 -0.27390710 -0.70676078
vn 0.65227609 -0.27390710 -0.70676078
vn 0.65228214 -0.27391189 -0.70675334
vn 0.65228214 -0.27391189 -0.70675334
vn 0.65228214 -0.27391189 -0.70675334
vn 0.57636006 -0.42037598 -0.70078036
vn 0.57636006 -0.42037598 -0.70078036
vn 0.57636006 -0.42037598 -0.70078036
vn 0.57635972 -0.42037514 -0.70078114
vn 0.57635972 -0.42037514 -0.70078114
vn 0.57635972 -0.42037514 -0.70078114
vn 0.38157451 -0.60274354 -0.70078607
vn 0.38157451 -0.60274354 -0.70078607
vn 0.38157451 -0.60274354 -0.70078607
vn 0.38157448 -0.60273273 -0.70079538
vn 0.38157448 -0.60273273 -0.70079538
vn 0.38157448 -0.60273273 -0.70079538
vn 0.13341655 -0.70077302 -0.70079755
vn 0.13341655 -0.70077302 -0.70079755
vn 0.13341655 -0.70077302 -0.70079755
vn 0.13341156 -0.70078576 -0.70078576
vn 0.13341156 -0.70078576 -0.70078576
vn 0.13341156 -0.70078576 -0.70078576
vn 0.00000000 -0.70710678 -0.70710678
vn 0.00000000 -0.70710678 -0.70710678
vn 0.00000000 -0.70710678 -0.70710678
vn 0.00000000 -0.70710678 -0.70710678
vn 0.00000000 -0.70710678 -0.70710678
vn 0.00000000 -0.70710678 -0.70710678
vn 0.00000000 -0.70710678 -0.70710678
vn 0.00000000 -0.70710678 -0.70710678
vn 0.00000000 -0.70710678 -0.70710678
vn 0.82187173 0.56967259 0.00000000
vn 0.82187173 0.56967259 0.00000000
vn 0.82187173 0.56967259 0.00000000
vn 0.90057582 0.43467385 0.00467360
vn 0.90057582 0.43467385 0.00467360
vn 0.90057582 0.43467385 0.00467360
vn 0.82180723 0.56976563 0.00003023
vn 0.82180723 0.56976563 0.00003023
vn 0.82180723 0.56976563 0.00003023
vn 0.70880069 0.70540876 -0.00025565
vn 0.70880069 0.70540876 -0.00025565
vn 0.70880069 0.70540876 -0.00025565
vn 0.78804194 0.61499252 0.02782277
vn 0.78804194 0.61499252 0.02782277
vn 0.78804194 0.61499252 0.02782277
vn 0.89252421 0.45099948 0.00000000
vn 0.89252421 0.45099948 0.00000000
vn 0.89252421 0.45099948 0.00000000
vn 0.98835442 0.15216946 0.00000000
vn 0.98835442 0.15216946 0.00000000
vn 0.98835442 0.15216946 0.00000000
vn 0.98835442 0.15216946 0.00000000
vn 0.98835442 0.15216946 0.00000000
vn 0.98835442 0.15216946 0.00000000
vn 0.98684902 -0.16164468 0.00000000
vn 0.98684902 -0.16164468 0.00000000
vn 0.98684902 -0.16164468 0.00000000
vn 0.98684902 -0.16164468 0.00000000
vn 0.98684902 -0.16164468 0.00000000
vn 0.98684902 -0.16164468 0.00000000
vn 0.88815685 -0.45954043 0.00000000
vn 0.88815685 -0.45954043 0.00000000
vn 0.88815685 -0.45954043 0.00000000
vn 0.88815685 -0.45954043 0.00000000
vn 0.88815685 -0.45954043 0.00000000
vn 0.88815685 -0.45954043 0.00000000
vn 0.69741280 0.71666965 0.00000000
vn 0.69741280 0.71666965 0.00000000
vn 0.69741280 0.71666965 0.00000000
vn 0.45527649 0.89035011 0.00000000
vn 0.45527649 0.89035011 0.00000000
vn 0.45527649 0.89035011 0.00000000
vn 0.45527649 0.89035011 0.00000000
vn 0.45527649 0.89035011 0.00000000
vn 0.45527649 0.89035011 0.00000000
vn 0.15690722 0.98761335 0.00000000
vn 0.15690722 0.98761335 0.00000000
vn 0.15690722 0.98761335 0.00000000
vn 0.15690722 0.98761335 0.00000000
vn 0.15690722 0.98761335 0.00000000
vn 0.15690722 0.98761335 0.00000000
vn 0.00000000 -1.00000000 0.00000000
vn 0.00000000 -1.00000000 0.00000000
vn 0.00000000 -1.00000000 0.00000000
vn 0.00000000 -1.00000000 0.00000000
vn 0.00000000 -1.00000000 0.00000000
vn 0.00000000 -1.00000000 0.00000000
vn 0.00000000 -1.00000000 0.00000000
vn 0.00000000 -1.00000000 0.00000000
vn 0.00000000 -1.00000000 0.00000000
vn 0.00000000 -1.00000000 0.00000000
vn 0.00000000 -1.00000000 0.00000000
vn 0.00000000 -1.00000000 0.00000000
vn 0.00000000 -1.00000000 0.00000000
vn 0.00000000 -1.00000000 0.00000000
vn 0.00000000 -1.00000000 0.00000000
vn 0.00000000 -1.00000000 0.00000000
vn 0.00000000 -1.00000000 0.00000000
vn 0.00000000 -1.00000000 0.00000000
vn 0.00000000 -1.00000000 0.00000000
vn 0.00000000 -1.00000000 0.00000000
vn 0.00000000 -1.00000000 0.00000000
vn 0.00000000 -1.00000000 0.00000000
vn 0.00000000 -1.00000000 0.00000000
vn 0.00000000 -1.00000000 0.00000000
vn 0.00000000 -1.00000000 0.00000000
vn 0.00000000 -1.00000000 0.00000000
vn 0.00000000 -1.00000000 0.00000000
vn 0.00000000 -1.00000000 0.00000000
vn 0.00000000 -1.00000000 0.00000000
vn 0.00000000 -1.00000000 0.00000000
vn 0.00000000 -1.00000000 0.00000000
vn 0.00000000 -1.00000000 0.00000000
vn 0.00000000 -1.00000000 0.00000000
vn 0.00000000 -1.00000000 0.00000000
vn 0.00000000 -1.00000000 0.00000000
vn 0.00000000 -1.00000000 0.00000000
vn 0.00000000 -1.00000000 0.00000000
vn 0.00000000 -1.00000000 0.00000000
vn 0.00000000 -1.00000000 0.00000000
vn 0.00000000 -1.00000000 0.00000000
vn 0.00000000 -1.00000000 0.00000000
vn 0.00000000 -1.00000000 0.00000000
vn 0.00000000 -1.00000000 0.00000000
vn 0.00000000 -1.00000000 0.00000000
vn 0.00000000 -1.00000000 0.00000000
vn 0.00000000 -1.00000000 0.00000000
vn 0.00000000 -1.00000000 0.00000000
vn 0.00000000 -1.00000000 0.00000000
vn 0.00000000 -1.00000000 0.00000000
vn 0.00000000 -1.00000000 0.00000000
vn 0.00000000 -1.00000000 0.00000000
vn 0.00000000 -1.00000000 0.00000000
vn 0.00000000 -1.00000000 0.00000000
vn 0.00000000 -1.00000000 0.00000000
vn 0.00000000 -1.00000000 0.00000000
vn 0.00000000 -1.00000000 0.00000000
vn 0.00000000 -1.00000000 0.00000000
vn 0.80505090 -0.59320574 0.00000000
vn 0.80505090 -0.59320574 0.00000000
vn 0.80505090 -0.59320574 0.00000000
vn 0.80505123 -0.59320529 0.00001134
vn 0.80505123 -0.59320529 0.00001134
vn 0.80505123 -0.59320529 0.00001134
vn 0.80505131 -0.59320519 0.00000000
vn 0.80505131 -0.59320519 0.00000000
vn 0.80505131 -0.59320519 0.00000000
vn 0.80505121 -0.59320532 0.00000000
vn 0.80505121 -0.59320532 0.00000000
vn 0.80505121 -0.59320532 0.00000000
vn 0.80505998 -0.59319341 0.00001164
vn 0.80505998 -0.59319341 0.00001164
vn 0.80505998 -0.59319341 0.00001164
vn 0.80504365 -0.59321558 -0.00001192
vn 0.80504365 -0.59321558 -0.00001192
vn 0.80504365 -0.59321558 -0.00001192
vn 0.80505390 -0.59320167 -0.00000151
vn 0.80505390 -0.59320167 -0.00000151
vn 0.80505390 -0.59320167 -0.00000151
vn 0.80503711 -0.59322446 0.00001058
vn 0.80503711 -0.59322446 0.00001058
vn 0.80503711 -0.59322446 0.00001058
vn 0.80506581 -0.59318551 -0.00000826
vn 0.80506581 -0.59318551 -0.00000826
vn 0.80506581 -0.59318551 -0.00000826
vn 0.80504301 -0.59321644 0.00000419
vn 0.80504301 -0.59321644 0.00000419
vn 0.80504301 -0.59321644 0.00000419
vn 0.80505473 -0.59320054 -0.00000156
vn 0.80505473 -0.59320054 -0.00000156
vn 0.80505473 -0.59320054 -0.00000156
vn 0.80504613 -0.59321221 0.00001137
vn 0.80504613 -0.59321221 0.00001137
vn 0.80504613 -0.59321221 0.00001137
vn 0.80504998 -0.59320699 0.00000266
vn 0.80504998 -0.59320699 0.00000266
vn 0.80504998 -0.59320699 0.00000266
vn 0.80505204 -0.59320420 -0.00000139
vn 0.80505204 -0.59320420 -0.00000139
vn 0.80505204 -0.59320420 -0.00000139
vn 0.80505267 -0.59320333 -0.00000256
vn 0.80505267 -0.59320333 -0.00000256
vn 0.80505267 -0.59320333 -0.00000256
vn 0.80504922 -0.59320802 0.00000297
vn 0.80504922 -0.59320802 0.00000297
vn 0.80504922 -0.59320802 0.00000297
vn 0.80505034 -0.59320650 0.00000141
vn 0.80505034 -0.59320650 0.00000141
vn 0.80505034 -0.59320650 0.00000141
vn 0.80505035 -0.59320648 0.00000139
vn 0.80505035 -0.59320648 0.00000139
vn 0.80505035 -0.59320648 0.00000139
vn 0.80505131 -0.59320519 0.00000000
vn 0.80505131 -0.59320519 0.00000000
vn 0.80505131 -0.59320519 0.00000000
vn 0.80505150 -0.59320492 -0.00000014
vn 0.80505150 -0.59320492 -0.00000014
vn 0.80505150 -0.59320492 -0.00000014
vn 0.80505131 -0.59320518 -0.00000034
vn 0.80505131 -0.59320518 -0.00000034
vn 0.80505131 -0.59320518 -0.00000034
vn 0.80505125 -0.59320527 0.00000000
vn 0.80505125 -0.59320527 0.00000000
vn 0.80505125 -0.59320527 0.00000000
vn 0.80505171 -0.59320464 -0.00000160
vn 0.80505171 -0.59320464 -0.00000160
vn 0.80505171 -0.59320464 -0.00000160
vn 0.80505977 -0.59319370 -0.00000894
vn 0.80505977 -0.59319370 -0.00000894
vn 0.80505977 -0.59319370 -0.00000894
vn 0.80505160 -0.59320478 -0.00000050
vn 0.80505160 -0.59320478 -0.00000050
vn 0.80505160 -0.59320478 -0.00000050
vn 0.80505069 -0.59320602 0.00000037
vn 0.80505069 -0.59320602 0.00000037
vn 0.80505069 -0.59320602 0.00000037
vn 0.00000000 0.70710678 -0.70710678
vn 0.00000000 0.70710678 -0.70710678
vn 0.00000000 0.70710678 -0.70710678
vn 0.00000000 0.70710678 -0.70710678
vn 0.00000000 0.70710678 -0.70710678
vn 0.00000000 0.70710678 -0.70710678
vn 0.16289090 0.69766272 -0.69766272
vn 0.16289090 0.69766272 -0.69766272
vn 0.16289090 0.69766272 -0.69766272
vn 0.16289444 0.69766686 -0.69765776
vn 0.16289444 0.69766686 -0.69765776
vn 0.16289444 0.69766686 -0.69765776
vn 0.45499241 0.55340683 -0.69765520
vn 0.45499241 0.55340683 -0.69765520
vn 0.45499241 0.55340683 -0.69765520
vn 0.45498956 0.55340561 -0.69765804
vn 0.45498956 0.55340561 -0.69765804
vn 0.45498956 0.55340561 -0.69765804
vn 0.65300634 0.29470559 -0.69766133
vn 0.65300634 0.29470559 -0.69766133
vn 0.65300634 0.29470559 -0.69766133
vn 0.65301232 0.29470527 -0.69765587
vn 0.65301232 0.29470527 -0.69765587
vn 0.65301232 0.29470527 -0.69765587
vn 0.71599647 -0.02493238 -0.69765853
vn 0.71599647 -0.02493238 -0.69765853
vn 0.71599647 -0.02493238 -0.69765853
vn 0.71598835 -0.02492781 -0.69766703
vn 0.71598835 -0.02492781 -0.69766703
vn 0.71598835 -0.02492781 -0.69766703
vn -0.70516213 0.70516213 0.07411305
vn -0.70516213 0.70516213 0.07411305
vn -0.70516213 0.70516213 0.07411305
vn -0.70394522 0.70619880 0.07579168
vn -0.70394522 0.70619880 0.07579168
vn -0.70394522 0.70619880 0.07579168
vn -0.59593393 0.70616210 0.38235826
vn -0.59593393 0.70616210 0.38235826
vn -0.59593393 0.70616210 0.38235826
vn -0.60053974 0.71551011 0.35692758
vn -0.60053974 0.71551011 0.35692758
vn -0.60053974 0.71551011 0.35692758
vn -0.63277926 0.70689886 0.31604496
vn -0.63277926 0.70689886 0.31604496
vn -0.63277926 0.70689886 0.31604496
vn -0.67275196 0.70506556 0.22424844
vn -0.67275196 0.70506556 0.22424844
vn -0.67275196 0.70506556 0.22424844
vn -0.67274707 0.70506887 0.22425270
vn -0.67274707 0.70506887 0.22425270
vn -0.67274707 0.70506887 0.22425270
vn -0.69127618 0.70710819 0.14877921
vn -0.69127618 0.70710819 0.14877921
vn -0.69127618 0.70710819 0.14877921
vn -0.61071892 0.70495677 0.36063605
vn -0.61071892 0.70495677 0.36063605
vn -0.61071892 0.70495677 0.36063605
vn -0.53790649 0.67455997 0.50559416
vn -0.53790649 0.67455997 0.50559416
vn -0.53790649 0.67455997 0.50559416
vn -0.57874248 0.66859457 0.46694587
vn -0.57874248 0.66859457 0.46694587
vn -0.57874248 0.66859457 0.46694587
vn -0.49306824 0.64048168 0.58878428
vn -0.49306824 0.64048168 0.58878428
vn -0.49306824 0.64048168 0.58878428
vn -0.47483325 0.63610240 0.60819990
vn -0.47483325 0.63610240 0.60819990
vn -0.47483325 0.63610240 0.60819990
vn -0.51103584 0.64127057 0.57237612
vn -0.51103584 0.64127057 0.57237612
vn -0.51103584 0.64127057 0.57237612
vn -0.44505905 0.57794879 0.68403044
vn -0.44505905 0.57794879 0.68403044
vn -0.44505905 0.57794879 0.68403044
vn -0.48438421 0.58075025 0.65429434
vn -0.48438421 0.58075025 0.65429434
vn -0.48438421 0.58075025 0.65429434
vn -0.38554317 0.54484619 0.74464696
vn -0.38554317 0.54484619 0.74464696
vn -0.38554317 0.54484619 0.74464696
vn -0.42505773 0.55145406 0.71779130
vn -0.42505773 0.55145406 0.71779130
vn -0.42505773 0.55145406 0.71779130
vn -0.35705209 0.48389578 0.79897352
vn -0.35705209 0.48389578 0.79897352
vn -0.35705209 0.48389578 0.79897352
vn -0.38800673 0.48971301 0.78078931
vn -0.38800673 0.48971301 0.78078931
vn -0.38800673 0.48971301 0.78078931
vn -0.30316779 0.43989782 0.84532787
vn -0.30316779 0.43989782 0.84532787
vn -0.30316779 0.43989782 0.84532787
vn -0.29905047 0.43935521 0.84707486
vn -0.29905047 0.43935521 0.84707486
vn -0.29905047 0.43935521 0.84707486
vn -0.02031473 0.06450107 0.99771084
vn -0.02031473 0.06450107 0.99771084
vn -0.02031473 0.06450107 0.99771084
vn -0.12074212 0.12747530 0.98446503
vn -0.12074212 0.12747530 0.98446503
vn -0.12074212 0.12747530 0.98446503
vn -0.10010980 0.14047444 0.98501013
vn -0.10010980 0.14047444 0.98501013
vn -0.10010980 0.14047444 0.98501013
vn -0.17433863 0.24472179 0.95379101
vn -0.17433863 0.24472179 0.95379101
vn -0.17433863 0.24472179 0.95379101
vn -0.15196221 0.25096999 0.95599244
vn -0.15196221 0.25096999 0.95599244
vn -0.15196221 0.25096999 0.95599244
vn -0.25561576 0.31139588 0.91525580
vn -0.25561576 0.31139588 0.91525580
vn -0.25561576 0.31139588 0.91525580
vn -0.22103695 0.31589913 0.92268652
vn -0.22103695 0.31589913 0.92268652
vn -0.22103695 0.31589913 0.92268652
vn -0.27710733 0.37644228 0.88402643
vn -0.27710733 0.37644228 0.88402643
vn -0.27710733 0.37644228 0.88402643
vn 0.00000000 0.00000000 1.00000000
vn 0.00000000 0.00000000 1.00000000
vn 0.00000000 0.00000000 1.00000000
vn 0.00000000 0.00000000 1.00000000
vn 0.00000000 0.00000000 1.00000000
vn 0.00000000 0.00000000 1.00000000
vn -0.08780061 0.04765515 0.99499751
vn -0.08780061 0.04765515 0.99499751
vn -0.08780061 0.04765515 0.99499751
vn -0.50302217 -0.70358098 0.50193874
vn -0.50302217 -0.70358098 0.50193874
vn -0.50302217 -0.70358098 0.50193874
vn -0.61645308 -0.65824403 0.43208841
vn -0.61645308 -0.65824403 0.43208841
vn -0.61645308 -0.65824403 0.43208841
vn -0.40187315 -0.60357691 0.68861665
vn -0.40187315 -0.60357691 0.68861665
vn -0.40187315 -0.60357691 0.68861665
vn -0.55710163 -0.62226505 0.54993089
vn -0.55710163 -0.62226505 0.54993089
vn -0.55710163 -0.62226505 0.54993089
vn -0.44509332 -0.63076687 0.63562968
vn -0.44509332 -0.63076687 0.63562968
vn -0.44509332 -0.63076687 0.63562968
vn -0.47485325 -0.63610741 0.60817905
vn -0.47485325 -0.63610741 0.60817905
vn -0.47485325 -0.63610741 0.60817905
vn -0.35322074 -0.41686154 0.83753302
vn -0.35322074 -0.41686154 0.83753302
vn -0.35322074 -0.41686154 0.83753302
vn -0.26699357 -0.37154919 0.88919381
vn -0.26699357 -0.37154919 0.88919381
vn -0.26699357 -0.37154919 0.88919381
vn -0.23031502 -0.31041036 0.92228000
vn -0.23031502 -0.31041036 0.92228000
vn -0.23031502 -0.31041036 0.92228000
vn -0.23894321 -0.31126510 0.91979355
vn -0.23894321 -0.31126510 0.91979355
vn -0.23894321 -0.31126510 0.91979355
vn -0.14848641 -0.24048201 0.95922896
vn -0.14848641 -0.24048201 0.95922896
vn -0.14848641 -0.24048201 0.95922896
vn -0.25282379 -0.19211136 0.94824752
vn -0.25282379 -0.19211136 0.94824752
vn -0.25282379 -0.19211136 0.94824752
vn -0.05950085 -0.20379196 0.97720442
vn -0.05950085 -0.20379196 0.97720442
vn -0.05950085 -0.20379196 0.97720442
vn -0.11018601 -0.17154688 0.97899475
vn -0.11018601 -0.17154688 0.97899475
vn -0.11018601 -0.17154688 0.97899475
vn -0.05567518 -0.07237097 0.99582263
vn -0.05567518 -0.07237097 0.99582263
vn -0.05567518 -0.07237097 0.99582263
vn -0.50954629 -0.58855302 0.62766864
vn -0.50954629 -0.58855302 0.62766864
vn -0.50954629 -0.58855302 0.62766864
vn -0.42726203 -0.56094640 0.70907425
vn -0.42726203 -0.56094640 0.70907425
vn -0.42726203 -0.56094640 0.70907425
vn -0.37176378 -0.49261746 0.78684162
vn -0.37176378 -0.49261746 0.78684162
vn -0.37176378 -0.49261746 0.78684162
vn -0.40195506 -0.49556441 0.76996626
vn -0.40195506 -0.49556441 0.76996626
vn -0.40195506 -0.49556441 0.76996626
vn -0.30063612 -0.44593664 0.84306491
vn -0.30063612 -0.44593664 0.84306491
vn -0.30063612 -0.44593664 0.84306491
vn -0.23849827 -0.44085963 0.86530998
vn -0.23849827 -0.44085963 0.86530998
vn -0.23849827 -0.44085963 0.86530998
vn -0.59593393 -0.70616210 0.38235826
vn -0.59593393 -0.70616210 0.38235826
vn -0.59593393 -0.70616210 0.38235826
vn -0.60053974 -0.71551011 0.35692758
vn -0.60053974 -0.71551011 0.35692758
vn -0.60053974 -0.71551011 0.35692758
vn -0.70516213 -0.70516213 0.07411305
vn -0.70516213 -0.70516213 0.07411305
vn -0.70516213 -0.70516213 0.07411305
vn -0.70394522 -0.70619880 0.07579168
vn -0.70394522 -0.70619880 0.07579168
vn -0.70394522 -0.70619880 0.07579168
vn -0.69127618 -0.70710819 0.14877921
vn -0.69127618 -0.70710819 0.14877921
vn -0.69127618 -0.70710819 0.14877921
vn -0.67274855 -0.70506917 0.22424731
vn -0.67274855 -0.70506917 0.22424731
vn -0.67274855 -0.70506917 0.22424731
vn -0.67274991 -0.70506586 0.22425365
vn -0.67274991 -0.70506586 0.22425365
vn -0.67274991 -0.70506586 0.22425365
vn -0.63277926 -0.70689886 0.31604496
vn -0.63277926 -0.70689886 0.31604496
vn -0.63277926 -0.70689886 0.31604496
vn 0.00000000 0.08584116 0.99630884
vn 0.00000000 0.08584116 0.99630884
vn 0.00000000 0.08584116 0.99630884
vn 0.00485748 0.13312240 0.99108770
vn 0.00485748 0.13312240 0.99108770
vn 0.00485748 0.13312240 0.99108770
vn 0.00570662 0.42576863 0.90481407
vn 0.00570662 0.42576863 0.90481407
vn 0.00570662 0.42576863 0.90481407
vn 0.00506206 0.42106818 0.90701486
vn 0.00506206 0.42106818 0.90701486
vn 0.00506206 0.42106818 0.90701486
vn -0.00190533 0.25043842 0.96813066
vn -0.00190533 0.25043842 0.96813066
vn -0.00190533 0.25043842 0.96813066
vn -0.00098096 0.94899966 0.31527557
vn -0.00098096 0.94899966 0.31527557
vn -0.00098096 0.94899966 0.31527557
vn 0.00353745 0.90923312 0.41627229
vn 0.00353745 0.90923312 0.41627229
vn 0.00353745 0.90923312 0.41627229
vn 0.00412770 0.90580141 0.42368239
vn 0.00412770 0.90580141 0.42368239
vn 0.00412770 0.90580141 0.42368239
vn -0.00069120 0.85675472 0.51572364
vn -0.00069120 0.85675472 0.51572364
vn -0.00069120 0.85675472 0.51572364
vn -0.00001044 0.82584738 0.56389369
vn -0.00001044 0.82584738 0.56389369
vn -0.00001044 0.82584738 0.56389369
vn 0.00003363 0.79395852 0.60797193
vn 0.00003363 0.79395852 0.60797193
vn 0.00003363 0.79395852 0.60797193
vn 0.00446979 0.70709972 0.70709972
vn 0.00446979 0.70709972 0.70709972
vn 0.00446979 0.70709972 0.70709972
vn 0.00219279 0.69259588 0.72132249
vn 0.00219279 0.69259588 0.72132249
vn 0.00219279 0.69259588 0.72132249
vn -0.00076158 0.55097285 0.83452282
vn -0.00076158 0.55097285 0.83452282
vn -0.00076158 0.55097285 0.83452282
vn 0.00177109 0.98481397 0.17360389
vn 0.00177109 0.98481397 0.17360389
vn 0.00177109 0.98481397 0.17360389
vn 0.00377472 0.98937257 0.14535358
vn 0.00377472 0.98937257 0.14535358
vn 0.00377472 0.98937257 0.14535358
vn 0.00000000 0.99857843 0.05330212
vn 0.00000000 0.99857843 0.05330212
vn 0.00000000 0.99857843 0.05330212
vn 0.70710678 0.70710678 0.00000000
vn 0.70710678 0.70710678 0.00000000
vn 0.70710678 0.70710678 0.00000000
vn 0.70710678 0.70710678 0.00000000
vn 0.70710678 0.70710678 0.00000000
vn 0.70710678 0.70710678 0.00000000
vn 0.70710678 0.70710678 -0.00000000
vn 0.70710678 0.70710678 -0.00000000
vn 0.70710678 0.70710678 -0.00000000
vn 0.00000000 0.70710678 -0.70710678
vn 0.00000000 0.70710678 -0.70710678
vn 0.00000000 0.70710678 -0.70710678
vn 0.00000000 0.70710678 -0.70710678
vn 0.00000000 0.70710678 -0.70710678
vn 0.00000000 0.70710678 -0.70710678
vn 0.13927993 0.70021465 -0.70021465
vn 0.13927993 0.70021465 -0.70021465
vn 0.13927993 0.70021465 -0.70021465
vn 0.13927942 0.70021423 -0.70021516
vn 0.13927942 0.70021423 -0.70021516
vn 0.13927942 0.70021423 -0.70021516
vn 0.31308403 0.70634806 -0.63486283
vn 0.31308403 0.70634806 -0.63486283
vn 0.31308403 0.70634806 -0.63486283
vn 0.40692330 0.68084007 -0.60899115
vn 0.40692330 0.68084007 -0.60899115
vn 0.40692330 0.68084007 -0.60899115
vn 0.43230901 0.70405940 -0.56339088
vn 0.43230901 0.70405940 -0.56339088
vn 0.43230901 0.70405940 -0.56339088
vn 0.59361164 0.70021176 -0.39664683
vn 0.59361164 0.70021176 -0.39664683
vn 0.59361164 0.70021176 -0.39664683
vn 0.70021447 0.70021447 -0.13928171
vn 0.70021447 0.70021447 -0.13928171
vn 0.70021447 0.70021447 -0.13928171
vn 0.70021362 0.70021571 -0.13927972
vn 0.70021362 0.70021571 -0.13927972
vn 0.70021362 0.70021571 -0.13927972
vn 0.63486661 0.70635172 -0.31306810
vn 0.63486661 0.70635172 -0.31306810
vn 0.63486661 0.70635172 -0.31306810
vn 0.59281656 0.66456387 -0.45488834
vn 0.59281656 0.66456387 -0.45488834
vn 0.59281656 0.66456387 -0.45488834
vn 0.70710678 0.70710678 0.00000000
vn 0.70710678 0.70710678 0.00000000
vn 0.70710678 0.70710678 0.00000000
vn 0.70710678 0.70710678 0.00000000
vn 0.70710678 0.70710678 0.00000000
vn 0.70710678 0.70710678 0.00000000
vn 0.70406251 0.70406251 0.09269291
vn 0.70406251 0.70406251 0.09269291
vn 0.70406251 0.70406251 0.09269291
vn 0.70406566 0.70405958 0.09269119
vn 0.70406566 0.70405958 0.09269119
vn 0.70406566 0.70405958 0.09269119
vn 0.65608668 0.70405818 0.27175788
vn 0.65608668 0.70405818 0.27175788
vn 0.65608668 0.70405818 0.27175788
vn 0.09269079 0.70406265 0.70406265
vn 0.09269079 0.70406265 0.70406265
vn 0.09269079 0.70406265 0.70406265
vn 0.09269327 0.70405972 0.70406525
vn 0.09269327 0.70405972 0.70406525
vn 0.09269327 0.70405972 0.70406525
vn 0.27175967 0.70405806 0.65608607
vn 0.27175967 0.70405806 0.65608607
vn 0.27175967 0.70405806 0.65608607
vn 0.27175693 0.70406068 0.65608440
vn 0.27175693 0.70406068 0.65608440
vn 0.27175693 0.70406068 0.65608440
vn 0.43230906 0.70406078 0.56338912
vn 0.43230906 0.70406078 0.56338912
vn 0.43230906 0.70406078 0.56338912
vn 0.43229924 0.70406911 0.56338624
vn 0.43229924 0.70406911 0.56338624
vn 0.43229924 0.70406911 0.56338624
vn 0.56338225 0.70406951 0.43230378
vn 0.56338225 0.70406951 0.43230378
vn 0.56338225 0.70406951 0.43230378
vn 0.56339248 0.70406117 0.43230403
vn 0.56339248 0.70406117 0.43230403
vn 0.56339248 0.70406117 0.43230403
vn 0.61697729 0.70707480 0.34552025
vn 0.61697729 0.70707480 0.34552025
vn 0.61697729 0.70707480 0.34552025
vn 0.67154747 0.69082760 0.26792018
vn 0.67154747 0.69082760 0.26792018
vn 0.67154747 0.69082760 0.26792018
vn 0.00000000 0.70710678 0.70710678
vn 0.00000000 0.70710678 0.70710678
vn 0.00000000 0.70710678 0.70710678
vn 0.00000000 0.70710678 0.70710678
vn 0.00000000 0.70710678 0.70710678
vn 0.00000000 0.70710678 0.70710678
vn 0.21880124 0.97576945 0.00000000
vn 0.21880124 0.97576945 0.00000000
vn 0.21880124 0.97576945 0.00000000
vn 0.21880124 0.97576945 0.00000000
vn 0.21880124 0.97576945 0.00000000
vn 0.21880124 0.97576945 0.00000000
vn 0.61448891 0.78892546 0.00000000
vn 0.61448891 0.78892546 0.00000000
vn 0.61448891 0.78892546 0.00000000
vn 0.61448891 0.78892546 0.00000000
vn 0.61448891 0.78892546 0.00000000
vn 0.61448891 0.78892546 0.00000000
vn 0.89252703 0.45099390 0.00000000
vn 0.89252703 0.45099390 0.00000000
vn 0.89252703 0.45099390 0.00000000
vn 0.89252703 0.45099390 0.00000000
vn 0.89252703 0.45099390 0.00000000
vn 0.89252703 0.45099390 0.00000000
vn 0.97441842 0.22474151 0.00000000
vn 0.97441842 0.22474151 0.00000000
vn 0.97441842 0.22474151 0.00000000
vn 0.99963123 0.02670619 0.00491769
vn 0.99963123 0.02670619 0.00491769
vn 0.99963123 0.02670619 0.00491769
vn 0.99183903 0.12433892 0.02819875
vn 0.99183903 0.12433892 0.02819875
vn 0.99183903 0.12433892 0.02819875
vn 0.99527122 -0.09691373 -0.00655254
vn 0.99527122 -0.09691373 -0.00655254
vn 0.99527122 -0.09691373 -0.00655254
vn 0.91531037 -0.40266770 0.00810268
vn 0.91531037 -0.40266770 0.00810268
vn 0.91531037 -0.40266770 0.00810268
vn 0.89630811 -0.44343182 0.00000000
vn 0.89630811 -0.44343182 0.00000000
vn 0.89630811 -0.44343182 0.00000000
vn 0.17365119 -0.98480722 0.00000000
vn 0.17365119 -0.98480722 0.00000000
vn 0.17365119 -0.98480722 0.00000000
vn 0.17365119 -0.98480722 0.00000000
vn 0.17365119 -0.98480722 0.00000000
vn 0.17365119 -0.98480722 0.00000000
vn 0.49999547 -0.86602802 0.00000000
vn 0.49999547 -0.86602802 0.00000000
vn 0.49999547 -0.86602802 0.00000000
vn 0.49999547 -0.86602802 0.00000000
vn 0.49999547 -0.86602802 0.00000000
vn 0.49999547 -0.86602802 0.00000000
vn 0.76604683 -0.64278476 0.00000000
vn 0.76604683 -0.64278476 0.00000000
vn 0.76604683 -0.64278476 0.00000000
vn 0.76604683 -0.64278476 0.00000000
vn 0.76604683 -0.64278476 0.00000000
vn 0.76604683 -0.64278476 0.00000000
vn 0.93969203 -0.34202176 0.00000000
vn 0.93969203 -0.34202176 0.00000000
vn 0.93969203 -0.34202176 0.00000000
vn 0.93969203 -0.34202176 0.00000000
vn 0.93969203 -0.34202176 0.00000000
vn 0.93969203 -0.34202176 0.00000000
vn 1.00000000 0.00000000 0.00000000
vn 1.00000000 0.00000000 0.00000000
vn 1.00000000 0.00000000 0.00000000
vn 1.00000000 0.00000000 0.00000000
vn 1.00000000 0.00000000 0.00000000
vn 1.00000000 0.00000000 0.00000000
vn 0.93969203 0.34202176 0.00000000
vn 0.93969203 0.34202176 0.00000000
vn 0.93969203 0.34202176 0.00000000
vn 0.93969203 0.34202176 0.00000000
vn 0.93969203 0.34202176 0.00000000
vn 0.93969203 0.34202176 0.00000000
vn 0.76604683 0.64278476 0.00000000
vn 0.76604683 0.64278476 0.00000000
vn 0.76604683 0.64278476 0.00000000
vn 0.76604683 0.64278476 0.00000000
vn 0.76604683 0.64278476 0.00000000
vn 0.76604683 0.64278476 0.00000000
vn 0.49999547 0.86602802 0.00000000
vn 0.49999547 0.86602802 0.00000000
vn 0.49999547 0.86602802 0.00000000
vn 0.49999547 0.86602802 0.00000000
vn 0.49999547 0.86602802 0.00000000
vn 0.49999547 0.86602802 0.00000000
vn 0.17365119 0.98480722 0.00000000
vn 0.17365119 0.98480722 0.00000000
vn 0.17365119 0.98480722 0.00000000
vn 0.17365119 0.98480722 0.00000000
vn 0.17365119 0.98480722 0.00000000
vn 0.17365119 0.98480722 0.00000000
vn 0.17365119 -0.98480722 0.00000000
vn 0.17365119 -0.98480722 0.00000000
vn 0.17365119 -0.98480722 0.00000000
vn 0.17365119 -0.98480722 0.00000000
vn 0.17365119 -0.98480722 0.00000000
vn 0.17365119 -0.98480722 0.00000000
vn 0.49999547 -0.86602802 0.00000000
vn 0.49999547 -0.86602802 0.00000000
vn 0.49999547 -0.86602802 0.00000000
vn 0.49999547 -0.86602802 0.00000000
vn 0.49999547 -0.86602802 0.00000000
vn 0.49999547 -0.86602802 0.00000000
vn 0.76604683 -0.64278476 0.00000000
vn 0.76604683 -0.64278476 0.00000000
vn 0.76604683 -0.64278476 0.00000000
vn 0.76604683 -0.64278476 0.00000000
vn 0.76604683 -0.64278476 0.00000000
vn 0.76604683 -0.64278476 0.00000000
vn 0.93969203 -0.34202176 0.00000000
vn 0.93969203 -0.34202176 0.00000000
vn 0.93969203 -0.34202176 0.00000000
vn 0.93969203 -0.34202176 0.00000000
vn 0.93969203 -0.34202176 0.00000000
vn 0.93969203 -0.34202176 0.00000000
vn 1.00000000 0.00000000 0.00000000
vn 1.00000000 0.00000000 0.00000000
vn 1.00000000 0.00000000 0.00000000
vn 1.00000000 0.00000000 0.00000000
vn 1.00000000 0.00000000 0.00000000
vn 1.00000000 0.00000000 0.00000000
vn 0.93969203 0.34202176 0.00000000
vn 0.93969203 0.34202176 0.00000000
vn 0.93969203 0.34202176 0.00000000
vn 0.93969203 0.34202176 0.00000000
vn 0.93969203 0.34202176 0.00000000
vn 0.93969203 0.34202176 0.00000000
vn 0.76604683 0.64278476 0.00000000
vn 0.76604683 0.64278476 0.00000000
vn 0.76604683 0.64278476 0.00000000
vn 0.76604683 0.64278476 0.00000000
vn 0.76604683 0.64278476 0.00000000
vn 0.76604683 0.64278476 0.00000000
vn 0.49999547 0.86602802 0.00000000
vn 0.49999547 0.86602802 0.00000000
vn 0.49999547 0.86602802 0.00000000
vn 0.49999547 0.86602802 0.00000000
vn 0.49999547 0.86602802 0.00000000
vn 0.49999547 0.86602802 0.00000000
vn 0.17365119 0.98480722 0.00000000
vn 0.17365119 0.98480722 0.00000000
vn 0.17365119 0.98480722 0.00000000
vn 0.17365119 0.98480722 0.00000000
vn 0.17365119 0.98480722 0.00000000
vn 0.17365119 0.98480722 0.00000000
vn 0.00000000 0.70710678 0.70710678
vn 0.00000000 0.70710678 0.70710678
vn 0.00000000 0.70710678 0.70710678
vn 0.00000000 0.70710678 0.70710678
vn 0.00000000 0.70710678 0.70710678
vn 0.00000000 0.70710678 0.70710678
vn 0.63192148 -0.32696192 0.70268851
vn 0.63192148 -0.32696192 0.70268851
vn 0.63192148 -0.32696192 0.70268851
vn 0.63192372 -0.32696655 0.70268435
vn 0.63192372 -0.32696655 0.70268435
vn 0.63192372 -0.32696655 0.70268435
vn 0.70214375 -0.11501030 0.70268541
vn 0.70214375 -0.11501030 0.70268541
vn 0.70214375 -0.11501030 0.70268541
vn 0.70213897 -0.11500533 0.70269100
vn 0.70213897 -0.11500533 0.70269100
vn 0.70213897 -0.11500533 0.70269100
vn 0.70321003 0.10826793 0.70269034
vn 0.70321003 0.10826793 0.70269034
vn 0.70321003 0.10826793 0.70269034
vn 0.70321291 0.10826639 0.70268769
vn 0.70321291 0.10826639 0.70268769
vn 0.70321291 0.10826639 0.70268769
vn 0.63503027 0.32088577 0.70268690
vn 0.63503027 0.32088577 0.70268690
vn 0.63503027 0.32088577 0.70268690
vn 0.63503582 0.32088479 0.70268233
vn 0.63503582 0.32088479 0.70268233
vn 0.63503582 0.32088479 0.70268233
vn 0.50431498 0.50190160 0.70268143
vn 0.50431498 0.50190160 0.70268143
vn 0.50431498 0.50190160 0.70268143
vn 0.50430983 0.50190088 0.70268564
vn 0.50430983 0.50190088 0.70268564
vn 0.50430983 0.50190088 0.70268564
vn 0.32392980 0.63348522 0.70268483
vn 0.32392980 0.63348522 0.70268483
vn 0.32392980 0.63348522 0.70268483
vn 0.32392599 0.63348336 0.70268826
vn 0.32392599 0.63348336 0.70268826
vn 0.32392599 0.63348336 0.70268826
vn 0.11163933 0.70268589 0.70268713
vn 0.11163933 0.70268589 0.70268713
vn 0.11163933 0.70268589 0.70268713
vn 0.11163992 0.70268646 0.70268646
vn 0.11163992 0.70268646 0.70268646
vn 0.11163992 0.70268646 0.70268646
vn 0.56926404 -0.41946413 0.70709851
vn 0.56926404 -0.41946413 0.70709851
vn 0.56926404 -0.41946413 0.70709851
vn 0.56925648 -0.41945810 0.70710817
vn 0.56925648 -0.41945810 0.70710817
vn 0.56925648 -0.41945810 0.70710817
vn 0.56925034 -0.41945113 0.70711725
vn 0.56925034 -0.41945113 0.70711725
vn 0.56925034 -0.41945113 0.70711725
vn 0.56926023 -0.41946112 0.70710336
vn 0.56926023 -0.41946112 0.70710336
vn 0.56926023 -0.41946112 0.70710336
vn 0.92200676 -0.38717377 0.00000000
vn 0.92200676 -0.38717377 0.00000000
vn 0.92200676 -0.38717377 0.00000000
vn 0.92200676 -0.38717377 0.00000000
vn 0.92200676 -0.38717377 0.00000000
vn 0.92200676 -0.38717377 0.00000000
vn 0.95274849 -0.30376029 0.00000000
vn 0.95274849 -0.30376029 0.00000000
vn 0.95274849 -0.30376029 0.00000000
vn 0.95274849 -0.30376029 0.00000000
vn 0.95274849 -0.30376029 0.00000000
vn 0.95274849 -0.30376029 0.00000000
vn 0.18702550 -0.98235506 0.00000000
vn 0.18702550 -0.98235506 0.00000000
vn 0.18702550 -0.98235506 0.00000000
vn 0.18702550 -0.98235506 0.00000000
vn 0.18702550 -0.98235506 0.00000000
vn 0.18702550 -0.98235506 0.00000000
vn 0.53488893 -0.84492239 0.00000000
vn 0.53488893 -0.84492239 0.00000000
vn 0.53488893 -0.84492239 0.00000000
vn 0.53488893 -0.84492239 0.00000000
vn 0.53488893 -0.84492239 0.00000000
vn 0.53488893 -0.84492239 0.00000000
vn 0.80793182 -0.58927597 0.00000000
vn 0.80793182 -0.58927597 0.00000000
vn 0.80793182 -0.58927597 0.00000000
vn 0.80793182 -0.58927597 0.00000000
vn 0.80793182 -0.58927597 0.00000000
vn 0.80793182 -0.58927597 0.00000000
vn 0.00000000 -1.00000000 0.00000000
vn 0.00000000 -1.00000000 0.00000000
vn 0.00000000 -1.00000000 0.00000000
vn 0.00000000 -1.00000000 0.00000000
vn 0.00000000 -1.00000000 0.00000000
vn 0.00000000 -1.00000000 0.00000000
vn 0.00000000 0.00000000 -1.00000000
vn 0.00000000 0.00000000 -1.00000000
vn 0.00000000 0.00000000 -1.00000000
vn 0.00000000 0.00000000 -1.00000000
vn 0.00000000 0.00000000 -1.00000000
vn 0.00000000 0.00000000 -1.00000000
vn 0.00000000 0.00000000 -1.00000000
vn 0.00000000 0.00000000 -1.00000000
vn 0.00000000 0.00000000 -1.00000000
vn 0.00000000 0.00000000 -1.00000000
vn 0.00000000 0.00000000 -1.00000000
vn 0.00000000 0.00000000 -1.00000000
vn 0.00000000 0.00000000 -1.00000000
vn 0.00000000 0.00000000 -1.00000000
vn 0.00000000 0.00000000 -1.00000000
vn 0.00000000 0.00000000 -1.00000000
vn 0.00000000 0.00000000 -1.00000000
vn 0.00000000 0.00000000 -1.00000000
vn 0.00000000 0.00000000 -1.00000000
vn 0.00000000 0.00000000 -1.00000000
vn 0.00000000 0.00000000 -1.00000000
vn 0.00000000 0.00000000 -1.00000000
vn 0.00000000 0.00000000 -1.00000000
vn 0.00000000 0.00000000 -1.00000000
vn 0.00000000 0.00000000 -1.00000000
vn 0.00000000 0.00000000 -1.00000000
vn 0.00000000 0.00000000 -1.00000000
vn 0.00000000 0.00000000 -1.00000000
vn 0.00000000 0.00000000 -1.00000000
vn 0.00000000 0.00000000 -1.00000000
vn 0.00000000 0.00000000 -1.00000000
vn 0.00000000 0.00000000 -1.00000000
vn 0.00000000 0.00000000 -1.00000000
vn 0.00000000 0.00000000 -1.00000000
vn 0.00000000 0.00000000 -1.00000000
vn 0.00000000 0.00000000 -1.00000000
vn 0.00000000 0.00000000 -1.00000000
vn 0.00000000 0.00000000 -1.00000000
vn 0.00000000 0.00000000 -1.00000000
vn 0.00000000 0.00000000 -1.00000000
vn 0.00000000 0.00000000 -1.00000000
vn 0.00000000 0.00000000 -1.00000000
vn 0.00000000 0.00000000 -1.00000000
vn 0.00000000 0.00000000 -1.00000000
vn 0.00000000 0.00000000 -1.00000000
vn 0.00000000 0.00000000 -1.00000000
vn 0.00000000 0.00000000 -1.00000000
vn 0.00000000 0.00000000 -1.00000000
vn 0.00000000 0.00000000 -1.00000000
vn 0.00000000 0.00000000 -1.00000000
vn 0.00000000 0.00000000 -1.00000000
vn 0.00000000 0.00000000 -1.00000000
vn 0.00000000 0.00000000 -1.00000000
vn 0.00000000 0.00000000 -1.00000000
vn 0.00000000 0.00000000 -1.00000000
vn 0.00000000 0.00000000 -1.00000000
vn 0.00000000 0.00000000 -1.00000000
vn 0.00000000 0.00000000 -1.00000000
vn 0.00000000 0.00000000 -1.00000000
vn 0.00000000 0.00000000 -1.00000000
vn 0.00000000 0.00000000 -1.00000000
vn 0.00000000 0.00000000 -1.00000000
vn 0.00000000 0.00000000 -1.00000000
vn 0.00000000 0.00000000 -1.00000000
vn 0.00000000 0.00000000 -1.00000000
vn 0.00000000 0.00000000 -1.00000000
vn 0.00000000 0.00000000 -1.00000000
vn 0.00000000 0.00000000 -1.00000000
vn 0.00000000 0.00000000 -1.00000000
vn 0.00000000 0.00000000 -1.00000000
vn 0.00000000 0.00000000 -1.00000000
vn 0.00000000 0.00000000 -1.00000000
vn 0.00000000 0.00000000 -1.00000000
vn 0.00000000 0.00000000 -1.00000000
vn 0.00000000 0.00000000 -1.00000000
vn 0.00000000 0.00000000 -1.00000000
vn 0.00000000 0.00000000 -1.00000000
vn 0.00000000 0.00000000 -1.00000000
vn 0.00000000 0.00000000 -1.00000000
vn 0.00000000 0.00000000 -1.00000000
vn 0.00000000 0.00000000 -1.00000000
vn 0.00000000 0.00000000 -1.00000000
vn 0.00000000 0.00000000 -1.00000000
vn 0.00000000 0.00000000 -1.00000000
vn 0.00000000 0.00000000 -1.00000000
vn 0.00000000 0.00000000 -1.00000000
vn 0.00000000 0.00000000 -1.00000000
vn 0.00000000 0.00000000 -1.00000000
vn 0.00000000 0.00000000 -1.00000000
vn 0.00000000 0.00000000 -1.00000000
vn 0.00000000 0.00000000 -1.00000000
vn 0.00000000 0.00000000 -1.00000000
vn 0.00000000 0.00000000 -1.00000000
vn 0.00000000 0.00000000 -1.00000000
vn 0.00000000 0.00000000 -1.00000000
vn 0.00000000 0.00000000 -1.00000000
vn 0.00000000 0.00000000 -1.00000000
vn 0.00000000 0.00000000 -1.00000000
vn 0.00000000 0.00000000 -1.00000000
vn 0.00000000 0.00000000 -1.00000000
vn 0.00000000 0.00000000 -1.00000000
vn 0.00000000 0.00000000 -1.00000000
vn 0.00000000 0.00000000 -1.00000000
vn 0.00000000 0.00000000 -1.00000000
vn 0.00000000 0.00000000 -1.00000000
vn 0.00000000 0.00000000 -1.00000000
vn 0.00000000 0.00000000 -1.00000000
vn 0.00000000 0.00000000 -1.00000000
vn 0.00000000 0.00000000 -1.00000000
vn 0.00000000 0.00000000 -1.00000000
vn 0.00000000 0.00000000 -1.00000000
vn 0.00000000 0.00000000 -1.00000000
vn 0.00000000 0.00000000 -1.00000000
vn 0.00000000 0.00000000 -1.00000000
vn 0.00000000 0.00000000 -1.00000000
vn 0.00000000 0.00000000 -1.00000000
vn 0.00000000 0.00000000 -1.00000000
vn 0.00000000 0.00000000 -1.00000000
vn 0.00000000 0.00000000 -1.00000000
vn 0.00000000 0.00000000 -1.00000000
vn 0.00000000 0.00000000 -1.00000000
vn 0.00000000 0.00000000 -1.00000000
vn 0.00000000 0.00000000 -1.00000000
vn 0.00000000 0.00000000 -1.00000000
vn 0.00000000 0.00000000 -1.00000000
vn 0.00000000 0.00000000 -1.00000000
vn 0.00000000 0.00000000 -1.00000000
vn 0.00000000 0.00000000 -1.00000000
vn 0.00000000 0.00000000 -1.00000000
vn 0.00000000 0.00000000 -1.00000000
vn 0.00000000 0.00000000 -1.00000000
vn 0.00000000 0.00000000 -1.00000000
vn 0.00000000 0.00000000 -1.00000000
vn 0.00000000 0.00000000 -1.00000000
vn 0.00000000 0.00000000 -1.00000000
vn 0.00000000 0.00000000 -1.00000000
vn 0.00000000 0.00000000 -1.00000000
vn 0.00000000 0.00000000 -1.00000000
vn 0.00000000 0.00000000 -1.00000000
vn 0.00000000 0.00000000 -1.00000000
vn 0.00000000 0.00000000 -1.00000000
vn 0.00000000 0.00000000 -1.00000000
vn 0.00000000 0.00000000 -1.00000000
vn 0.00000000 0.00000000 -1.00000000
vn 0.00000000 0.00000000 -1.00000000
vn 0.00000000 0.00000000 -1.00000000
vn 0.00000000 0.00000000 -1.00000000
vn 0.00000000 0.00000000 -1.00000000
vn 0.00000000 0.00000000 -1.00000000
vn 0.00000000 0.00000000 -1.00000000
vn 0.00000000 0.00000000 -1.00000000
vn 0.00000000 0.00000000 -1.00000000
vn 0.00000000 0.00000000 -1.00000000
vn 0.00000000 0.00000000 -1.00000000
vn 0.00000000 0.00000000 -1.00000000
vn 0.00000000 0.00000000 -1.00000000
vn 0.00000000 0.00000000 -1.00000000
vn 0.00000000 0.00000000 -1.00000000
vn 0.00000000 0.00000000 -1.00000000
vn 0.00000000 0.00000000 -1.00000000
vn 0.00000000 0.00000000 -1.00000000
vn 0.00000000 0.00000000 -1.00000000
vn 0.00000000 0.00000000 -1.00000000
vn 0.00000000 0.00000000 -1.00000000
vn 0.00000000 0.00000000 -1.00000000
vn 0.00000000 0.00000000 -1.00000000
vn 0.00000000 0.00000000 -1.00000000
vn 0.00000000 0.00000000 -1.00000000
vn 0.00000000 0.00000000 -1.00000000
vn 0.00000000 0.00000000 -1.00000000
vn 0.00000000 0.00000000 -1.00000000
vn 0.00000000 0.00000000 -1.00000000
vn 0.00000000 0.00000000 -1.00000000
vn 0.00000000 0.00000000 -1.00000000
vn 0.00000000 0.00000000 -1.00000000
vn 0.00000000 0.00000000 -1.00000000
vn 0.00000000 0.00000000 -1.00000000
vn 0.00000000 0.00000000 -1.00000000
vn 0.00000000 0.00000000 -1.00000000
vn 0.00000000 0.00000000 -1.00000000
vn -0.00366527 -0.28045612 0.95985985
vn -0.00366527 -0.28045612 0.95985985
vn -0.00366527 -0.28045612 0.95985985
vn -0.00030695 -0.80746860 0.58991048
vn -0.00030695 -0.80746860 0.58991048
vn -0.00030695 -0.80746860 0.58991048
vn 0.00083376 -0.92587388 0.37783179
vn 0.00083376 -0.92587388 0.37783179
vn 0.00083376 -0.92587388 0.37783179
vn -0.00140527 -0.98984702 0.14212990
vn -0.00140527 -0.98984702 0.14212990
vn -0.00140527 -0.98984702 0.14212990
vn 0.01393278 -0.96441040 0.26404255
vn 0.01393278 -0.96441040 0.26404255
vn 0.01393278 -0.96441040 0.26404255
vn 0.00000000 -0.99254334 0.12189225
vn 0.00000000 -0.99254334 0.12189225
vn 0.00000000 -0.99254334 0.12189225
vn 0.01080618 -0.86797293 0.49649393
vn 0.01080618 -0.86797293 0.49649393
vn 0.01080618 -0.86797293 0.49649393
vn -0.00013237 -0.90673722 0.42169609
vn -0.00013237 -0.90673722 0.42169609
vn -0.00013237 -0.90673722 0.42169609
vn 0.00001451 -0.82584738 0.56389369
vn 0.00001451 -0.82584738 0.56389369
vn 0.00001451 -0.82584738 0.56389369
vn 0.00742922 -0.42576381 0.90480384
vn 0.00742922 -0.42576381 0.90480384
vn 0.00742922 -0.42576381 0.90480384
vn 0.00448743 -0.45022133 0.89290572
vn 0.00448743 -0.45022133 0.89290572
vn 0.00448743 -0.45022133 0.89290572
vn 0.00003212 -0.53620666 0.84408673
vn 0.00003212 -0.53620666 0.84408673
vn 0.00003212 -0.53620666 0.84408673
vn -0.00012215 -0.70710678 0.70710678
vn -0.00012215 -0.70710678 0.70710678
vn -0.00012215 -0.70710678 0.70710678
vn 0.01790538 -0.62428923 0.78098807
vn 0.01790538 -0.62428923 0.78098807
vn 0.01790538 -0.62428923 0.78098807
vn 0.00316008 -0.71983769 0.69413523
vn 0.00316008 -0.71983769 0.69413523
vn 0.00316008 -0.71983769 0.69413523
vn 0.00000000 -0.13312397 0.99109939
vn 0.00000000 -0.13312397 0.99109939
vn 0.00000000 -0.13312397 0.99109939
vn 0.01320276 -0.05902191 0.99816938
vn 0.01320276 -0.05902191 0.99816938
vn 0.01320276 -0.05902191 0.99816938
vn 0.00471579 -0.13561258 0.99075072
vn 0.00471579 -0.13561258 0.99075072
vn 0.00471579 -0.13561258 0.99075072
vn 0.80159732 -0.59066095 -0.09252770
vn 0.80159732 -0.59066095 -0.09252770
vn 0.80159732 -0.59066095 -0.09252770
vn 0.80367473 -0.59036826 -0.07464740
vn 0.80367473 -0.59036826 -0.07464740
vn 0.80367473 -0.59036826 -0.07464740
vn 0.75301221 -0.55854868 -0.34784477
vn 0.75301221 -0.55854868 -0.34784477
vn 0.75301221 -0.55854868 -0.34784477
vn 0.78204135 -0.56220713 -0.26895069
vn 0.78204135 -0.56220713 -0.26895069
vn 0.78204135 -0.56220713 -0.26895069
vn 0.72186879 -0.53183573 -0.44278235
vn 0.72186879 -0.53183573 -0.44278235
vn 0.72186879 -0.53183573 -0.44278235
vn 0.67394705 -0.49665964 -0.54692282
vn 0.67394705 -0.49665964 -0.54692282
vn 0.67394705 -0.49665964 -0.54692282
vn 0.67664941 -0.49830375 -0.54206913
vn 0.67664941 -0.49830375 -0.54206913
vn 0.67664941 -0.49830375 -0.54206913
vn 0.53721639 -0.39701754 -0.74416102
vn 0.53721639 -0.39701754 -0.74416102
vn 0.53721639 -0.39701754 -0.74416102
vn 0.62570231 -0.42813308 -0.65207261
vn 0.62570231 -0.42813308 -0.65207261
vn 0.62570231 -0.42813308 -0.65207261
vn 0.48986327 -0.36088300 -0.79359778
vn 0.48986327 -0.36088300 -0.79359778
vn 0.48986327 -0.36088300 -0.79359778
vn 0.38578722 -0.28428389 -0.87769635
vn 0.38578722 -0.28428389 -0.87769635
vn 0.38578722 -0.28428389 -0.87769635
vn 0.38636349 -0.28468710 -0.87731209
vn 0.38636349 -0.28468710 -0.87731209
vn 0.38636349 -0.28468710 -0.87731209
vn 0.19047301 -0.14040047 -0.97160061
vn 0.19047301 -0.14040047 -0.97160061
vn 0.19047301 -0.14040047 -0.97160061
vn 0.35337746 -0.20187086 -0.91343994
vn 0.35337746 -0.20187086 -0.91343994
vn 0.35337746 -0.20187086 -0.91343994
vn 0.15705660 -0.11572737 -0.98078560
vn 0.15705660 -0.11572737 -0.98078560
vn 0.15705660 -0.11572737 -0.98078560
vn 0.08517074 -0.08517074 -0.99271944
vn 0.08517074 -0.08517074 -0.99271944
vn 0.08517074 -0.08517074 -0.99271944
vn 0.22163906 -0.15870288 -0.96212760
vn 0.22163906 -0.15870288 -0.96212760
vn 0.22163906 -0.15870288 -0.96212760
vn 0.17646244 -0.14699253 -0.97326985
vn 0.17646244 -0.14699253 -0.97326985
vn 0.17646244 -0.14699253 -0.97326985
vn 0.35656951 -0.37240836 -0.85683732
vn 0.35656951 -0.37240836 -0.85683732
vn 0.35656951 -0.37240836 -0.85683732
vn 0.32893207 -0.35951607 -0.87324217
vn 0.32893207 -0.35951607 -0.87324217
vn 0.32893207 -0.35951607 -0.87324217
vn 0.49096815 -0.44809851 -0.74709973
vn 0.49096815 -0.44809851 -0.74709973
vn 0.49096815 -0.44809851 -0.74709973
vn 0.56670985 -0.62809330 -0.53323423
vn 0.56670985 -0.62809330 -0.53323423
vn 0.56670985 -0.62809330 -0.53323423
vn 0.58720129 -0.62740229 -0.51143035
vn 0.58720129 -0.62740229 -0.51143035
vn 0.58720129 -0.62740229 -0.51143035
vn 0.54124377 -0.53566826 -0.64816256
vn 0.54124377 -0.53566826 -0.64816256
vn 0.54124377 -0.53566826 -0.64816256
vn 0.42491250 -0.43784048 -0.79230366
vn 0.42491250 -0.43784048 -0.79230366
vn 0.42491250 -0.43784048 -0.79230366
vn 0.70467873 -0.70467873 -0.08279954
vn 0.70467873 -0.70467873 -0.08279954
vn 0.70467873 -0.70467873 -0.08279954
vn 0.67395868 -0.71868497 -0.17108947
vn 0.67395868 -0.71868497 -0.17108947
vn 0.67395868 -0.71868497 -0.17108947
vn 0.68454398 -0.67423878 -0.27713103
vn 0.68454398 -0.67423878 -0.27713103
vn 0.68454398 -0.67423878 -0.27713103
vn 0.62957716 -0.63872972 -0.44233126
vn 0.62957716 -0.63872972 -0.44233126
vn 0.62957716 -0.63872972 -0.44233126
vn 0.70710678 -0.70710678 0.00000000
vn 0.70710678 -0.70710678 0.00000000
vn 0.70710678 -0.70710678 0.00000000
vn 0.70710678 -0.70710678 0.00000000
vn 0.70710678 -0.70710678 0.00000000
vn 0.70710678 -0.70710678 0.00000000
vn 0.70710678 -0.70710678 -0.00000000
vn 0.70710678 -0.70710678 -0.00000000
vn 0.70710678 -0.70710678 -0.00000000
vn 0.56925601 -0.41945875 0.70710817
vn 0.56925601 -0.41945875 0.70710817
vn 0.56925601 -0.41945875 0.70710817
vn 0.56925303 -0.41945571 0.70711236
vn 0.56925303 -0.41945571 0.70711236
vn 0.56925303 -0.41945571 0.70711236
vn 0.88902773 -0.33345028 0.31375246
vn 0.88902773 -0.33345028 0.31375246
vn 0.88902773 -0.33345028 0.31375246
vn 0.90913819 -0.30556168 0.28301911
vn 0.90913819 -0.30556168 0.28301911
vn 0.90913819 -0.30556168 0.28301911
vn 0.91331499 -0.29296284 0.28289309
vn 0.91331499 -0.29296284 0.28289309
vn 0.91331499 -0.29296284 0.28289309
vn 0.91624818 -0.30426160 0.26060345
vn 0.91624818 -0.30426160 0.26060345
vn 0.91624818 -0.30426160 0.26060345
vn 0.92349860 -0.32487236 0.20398110
vn 0.92349860 -0.32487236 0.20398110
vn 0.92349860 -0.32487236 0.20398110
vn 0.92310573 -0.32047202 0.21254056
vn 0.92310573 -0.32047202 0.21254056
vn 0.92310573 -0.32047202 0.21254056
vn 0.93367821 -0.30822794 0.18231987
vn 0.93367821 -0.30822794 0.18231987
vn 0.93367821 -0.30822794 0.18231987
vn 0.93362531 -0.31481452 0.17098419
vn 0.93362531 -0.31481452 0.17098419
vn 0.93362531 -0.31481452 0.17098419
vn 0.94165608 -0.31082876 0.12910966
vn 0.94165608 -0.31082876 0.12910966
vn 0.94165608 -0.31082876 0.12910966
vn 0.57371444 -0.41336712 0.70709219
vn 0.57371444 -0.41336712 0.70709219
vn 0.57371444 -0.41336712 0.70709219
vn 0.62607449 -0.37425394 0.68407947
vn 0.62607449 -0.37425394 0.68407947
vn 0.62607449 -0.37425394 0.68407947
vn 0.77993943 -0.35162169 0.51774190
vn 0.77993943 -0.35162169 0.51774190
vn 0.77993943 -0.35162169 0.51774190
vn 0.74701602 -0.34918021 0.56572101
vn 0.74701602 -0.34918021 0.56572101
vn 0.74701602 -0.34918021 0.56572101
vn 0.73650588 -0.36377477 0.57028678
vn 0.73650588 -0.36377477 0.57028678
vn 0.73650588 -0.36377477 0.57028678
vn 0.70198463 -0.36115224 0.61382948
vn 0.70198463 -0.36115224 0.61382948
vn 0.70198463 -0.36115224 0.61382948
vn 0.69496929 -0.36921963 0.61700449
vn 0.69496929 -0.36921963 0.61700449
vn 0.69496929 -0.36921963 0.61700449
vn 0.66624307 -0.37788714 0.64290083
vn 0.66624307 -0.37788714 0.64290083
vn 0.66624307 -0.37788714 0.64290083
vn 0.63864824 -0.41485025 0.64809544
vn 0.63864824 -0.41485025 0.64809544
vn 0.63864824 -0.41485025 0.64809544
vn 0.94958387 -0.31205644 0.03018705
vn 0.94958387 -0.31205644 0.03018705
vn 0.94958387 -0.31205644 0.03018705
vn 0.94713408 -0.31984641 0.02520526
vn 0.94713408 -0.31984641 0.02520526
vn 0.94713408 -0.31984641 0.02520526
vn 0.94859496 -0.30635272 0.07947086
vn 0.94859496 -0.30635272 0.07947086
vn 0.94859496 -0.30635272 0.07947086
vn 0.94813090 -0.30828775 0.07750142
vn 0.94813090 -0.30828775 0.07750142
vn 0.94813090 -0.30828775 0.07750142
vn 0.94471320 -0.31263385 0.09887890
vn 0.94471320 -0.31263385 0.09887890
vn 0.94471320 -0.31263385 0.09887890
vn 0.94148932 -0.31178815 0.12800790
vn 0.94148932 -0.31178815 0.12800790
vn 0.94148932 -0.31178815 0.12800790
vn 0.89213214 -0.34148921 0.29577923
vn 0.89213214 -0.34148921 0.29577923
vn 0.89213214 -0.34148921 0.29577923
vn 0.87085000 -0.30785493 0.38320441
vn 0.87085000 -0.30785493 0.38320441
vn 0.87085000 -0.30785493 0.38320441
vn 0.86611041 -0.31773743 0.38587005
vn 0.86611041 -0.31773743 0.38587005
vn 0.86611041 -0.31773743 0.38587005
vn 0.85459811 -0.33174738 0.39950688
vn 0.85459811 -0.33174738 0.39950688
vn 0.85459811 -0.33174738 0.39950688
vn 0.84512296 -0.32882527 0.42147494
vn 0.84512296 -0.32882527 0.42147494
vn 0.84512296 -0.32882527 0.42147494
vn 0.83269723 -0.33499342 0.44090218
vn 0.83269723 -0.33499342 0.44090218
vn 0.83269723 -0.33499342 0.44090218
vn 0.82498763 -0.34548640 0.44725223
vn 0.82498763 -0.34548640 0.44725223
vn 0.82498763 -0.34548640 0.44725223
vn 0.81169418 -0.33765504 0.47659379
vn 0.81169418 -0.33765504 0.47659379
vn 0.81169418 -0.33765504 0.47659379
vn 0.78355742 -0.34496216 0.51675805
vn 0.78355742 -0.34496216 0.51675805
vn 0.78355742 -0.34496216 0.51675805
vn 0.95002632 -0.31216981 0.00000000
vn 0.95002632 -0.31216981 0.00000000
vn 0.95002632 -0.31216981 0.00000000
vn 0.95001682 -0.31219872 0.00000136
vn 0.95001682 -0.31219872 0.00000136
vn 0.95001682 -0.31219872 0.00000136
vn 0.95000732 -0.31222763 0.00000000
vn 0.95000732 -0.31222763 0.00000000
vn 0.95000732 -0.31222763 0.00000000
vn 0.95000732 -0.31222763 0.00000000
vn 0.95000732 -0.31222763 0.00000000
vn 0.95000732 -0.31222763 0.00000000
vn 0.00000000 1.00000000 0.00000000
vn 0.00000000 1.00000000 0.00000000
vn 0.00000000 1.00000000 0.00000000
vn 0.00000000 1.00000000 0.00000000
vn 0.00000000 1.00000000 0.00000000
vn 0.00000000 1.00000000 0.00000000
vn 0.99939427 -0.03480084 0.00000000
vn 0.99939427 -0.03480084 0.00000000
vn 0.99939427 -0.03480084 0.00000000
vn 0.99939427 -0.03480084 0.00000000
vn 0.99939427 -0.03480084 0.00000000
vn 0.99939427 -0.03480084 0.00000000
vn 0.91147555 0.41135426 0.00000000
vn 0.91147555 0.41135426 0.00000000
vn 0.91147555 0.41135426 0.00000000
vn 0.91147555 0.41135426 0.00000000
vn 0.91147555 0.41135426 0.00000000
vn 0.91147555 0.41135426 0.00000000
vn 0.63507960 0.77244670 0.00000000
vn 0.63507960 0.77244670 0.00000000
vn 0.63507960 0.77244670 0.00000000
vn 0.63507960 0.77244670 0.00000000
vn 0.63507960 0.77244670 0.00000000
vn 0.63507960 0.77244670 0.00000000
vn 0.22736587 0.97380941 0.00000000
vn 0.22736587 0.97380941 0.00000000
vn 0.22736587 0.97380941 0.00000000
vn 0.22736587 0.97380941 0.00000000
vn 0.22736587 0.97380941 0.00000000
vn 0.22736587 0.97380941 0.00000000
vn 1.00000000 0.00000000 0.00000000
vn 1.00000000 0.00000000 0.00000000
vn 1.00000000 0.00000000 0.00000000
vn 1.00000000 0.00000000 0.00000000
vn 1.00000000 0.00000000 0.00000000
vn 1.00000000 0.00000000 0.00000000
vn 1.00000000 0.00000000 0.00000000
vn 1.00000000 0.00000000 0.00000000
vn 1.00000000 0.00000000 0.00000000
vn 1.00000000 0.00000000 0.00000000
vn 1.00000000 0.00000000 0.00000000
vn 1.00000000 0.00000000 0.00000000
vn 1.00000000 0.00000000 0.00000000
vn 1.00000000 0.00000000 0.00000000
vn 1.00000000 0.00000000 0.00000000
vn 1.00000000 0.00000000 0.00000000
vn 1.00000000 0.00000000 0.00000000
vn 1.00000000 0.00000000 0.00000000
vn 1.00000000 0.00000000 0.00000000
vn 1.00000000 0.00000000 0.00000000
vn 1.00000000 0.00000000 0.00000000
vn 1.00000000 0.00000000 0.00000000
vn 1.00000000 0.00000000 0.00000000
vn 1.00000000 0.00000000 0.00000000
vn 1.00000000 0.00000000 0.00000000
vn 1.00000000 0.00000000 0.00000000
vn 1.00000000 0.00000000 0.00000000
vn 1.00000000 0.00000000 0.00000000
vn 1.00000000 0.00000000 0.00000000
vn 1.00000000 0.00000000 0.00000000
vn 1.00000000 0.00000000 0.00000000
vn 1.00000000 0.00000000 0.00000000
vn 1.00000000 0.00000000 0.00000000
vn 1.00000000 0.00000000 0.00000000
vn 1.00000000 0.00000000 0.00000000
vn 1.00000000 0.00000000 0.00000000
vn 1.00000000 0.00000000 0.00000000
vn 1.00000000 0.00000000 0.00000000
vn 1.00000000 0.00000000 0.00000000
vn 1.00000000 0.00000000 0.00000000
vn 1.00000000 0.00000000 0.00000000
vn 1.00000000 0.00000000 0.00000000
vn 1.00000000 0.00000000 0.00000000
vn 1.00000000 0.00000000 0.00000000
vn 1.00000000 0.00000000 0.00000000
vn 1.00000000 0.00000000 0.00000000
vn 1.00000000 0.00000000 0.00000000
vn 1.00000000 0.00000000 0.00000000
vn 1.00000000 0.00000000 0.00000000
vn 1.00000000 0.00000000 0.00000000
vn 1.00000000 0.00000000 0.00000000
vn 1.00000000 0.00000000 0.00000000
vn 1.00000000 0.00000000 0.00000000
vn 1.00000000 0.00000000 0.00000000
vn 1.00000000 0.00000000 0.00000000
vn 1.00000000 0.00000000 0.00000000
vn 1.00000000 0.00000000 0.00000000
vn 1.00000000 0.00000000 0.00000000
vn 1.00000000 0.00000000 0.00000000
vn 1.00000000 0.00000000 0.00000000
vn 1.00000000 0.00000000 0.00000000
vn 1.00000000 0.00000000 0.00000000
vn 1.00000000 0.00000000 0.00000000
vn 1.00000000 0.00000000 0.00000000
vn 1.00000000 0.00000000 0.00000000
vn 1.00000000 0.00000000 0.00000000
vn 1.00000000 0.00000000 0.00000000
vn 1.00000000 0.00000000 0.00000000
vn 1.00000000 0.00000000 0.00000000
vn 1.00000000 0.00000000 0.00000000
vn 1.00000000 0.00000000 0.00000000
vn 1.00000000 0.00000000 0.00000000
vn 1.00000000 0.00000000 0.00000000
vn 1.00000000 0.00000000 0.00000000
vn 1.00000000 0.00000000 0.00000000
vn 1.00000000 0.00000000 0.00000000
vn 1.00000000 0.00000000 0.00000000
vn 1.00000000 0.00000000 0.00000000
vn 1.00000000 0.00000000 0.00000000
vn 1.00000000 0.00000000 0.00000000
vn 1.00000000 0.00000000 0.00000000
vn 1.00000000 0.00000000 0.00000000
vn 1.00000000 0.00000000 0.00000000
vn 1.00000000 0.00000000 0.00000000
vn 1.00000000 0.00000000 0.00000000
vn 1.00000000 0.00000000 0.00000000
vn 1.00000000 0.00000000 0.00000000
vn 1.00000000 0.00000000 0.00000000
vn 1.00000000 0.00000000 0.00000000
vn 1.00000000 0.00000000 0.00000000
vn 0.98078517 0.00000000 -0.19509085
vn 0.98078517 0.00000000 -0.19509085
vn 0.98078517 0.00000000 -0.19509085
vn 0.88499513 0.00000668 -0.46560028
vn 0.88499513 0.00000668 -0.46560028
vn 0.88499513 0.00000668 -0.46560028
vn 0.91383079 -0.00055558 -0.40609480
vn 0.91383079 -0.00055558 -0.40609480
vn 0.91383079 -0.00055558 -0.40609480
vn 0.89688029 0.00000000 -0.44227339
vn 0.89688029 0.00000000 -0.44227339
vn 0.89688029 0.00000000 -0.44227339
vn 0.98078517 0.00000000 -0.19509085
vn 0.98078517 0.00000000 -0.19509085
vn 0.98078517 0.00000000 -0.19509085
vn 0.66163915 -0.00188094 -0.74982004
vn 0.66163915 -0.00188094 -0.74982004
vn 0.66163915 -0.00188094 -0.74982004
vn 0.55791768 0.00001141 -0.82989630
vn 0.55791768 0.00001141 -0.82989630
vn 0.55791768 0.00001141 -0.82989630
vn 0.79292622 -0.00001915 -0.60931765
vn 0.79292622 -0.00001915 -0.60931765
vn 0.79292622 -0.00001915 -0.60931765
vn 0.79335063 0.00000000 -0.60876496
vn 0.79335063 0.00000000 -0.60876496
vn 0.79335063 0.00000000 -0.60876496
vn 0.60876496 0.00000000 -0.79335063
vn 0.60876496 0.00000000 -0.79335063
vn 0.60876496 0.00000000 -0.79335063
vn 0.09683133 0.00000000 -0.99530081
vn 0.09683133 0.00000000 -0.99530081
vn 0.09683133 0.00000000 -0.99530081
vn 0.28759477 -0.00385351 -0.95774443
vn 0.28759477 -0.00385351 -0.95774443
vn 0.28759477 -0.00385351 -0.95774443
vn 0.44163196 -0.00001001 -0.89719631
vn 0.44163196 -0.00001001 -0.89719631
vn 0.44163196 -0.00001001 -0.89719631
vn 0.44229361 0.00000000 -0.89687032
vn 0.44229361 0.00000000 -0.89687032
vn 0.44229361 0.00000000 -0.89687032
vn 0.19508758 0.00000000 -0.98078583
vn 0.19508758 0.00000000 -0.98078583
vn 0.19508758 0.00000000 -0.98078583
vn 1.00000000 0.00000000 0.00000000
vn 1.00000000 0.00000000 0.00000000
vn 1.00000000 0.00000000 0.00000000
vn 1.00000000 0.00000000 0.00000000
vn 1.00000000 0.00000000 0.00000000
vn 1.00000000 0.00000000 0.00000000
vn 0.97931394 -0.00059549 0.20234587
vn 0.97931394 -0.00059549 0.20234587
vn 0.97931394 -0.00059549 0.20234587
vn 0.99144238 -0.00230510 0.13052472
vn 0.99144238 -0.00230510 0.13052472
vn 0.99144238 -0.00230510 0.13052472
vn 0.98731687 -0.00430913 0.15870359
vn 0.98731687 -0.00430913 0.15870359
vn 0.98731687 -0.00430913 0.15870359
vn 0.99805932 0.00000000 0.06227026
vn 0.99805932 0.00000000 0.06227026
vn 0.99805932 0.00000000 0.06227026
vn 0.09801367 0.00000000 0.99518507
vn 0.09801367 0.00000000 0.99518507
vn 0.09801367 0.00000000 0.99518507
vn 0.13052403 -0.00398456 0.99143714
vn 0.13052403 -0.00398456 0.99143714
vn 0.13052403 -0.00398456 0.99143714
vn 0.22697082 -0.00000455 0.97390156
vn 0.22697082 -0.00000455 0.97390156
vn 0.22697082 -0.00000455 0.97390156
vn 0.32121490 0.00001633 0.94700633
vn 0.32121490 0.00001633 0.94700633
vn 0.32121490 0.00001633 0.94700633
vn 0.38267942 -0.00452684 0.92387010
vn 0.38267942 -0.00452684 0.92387010
vn 0.38267942 -0.00452684 0.92387010
vn 0.44191236 -0.00002911 0.89705823
vn 0.44191236 -0.00002911 0.89705823
vn 0.44191236 -0.00002911 0.89705823
vn 0.56867537 0.00003746 0.82256205
vn 0.56867537 0.00003746 0.82256205
vn 0.56867537 0.00003746 0.82256205
vn 0.60876238 -0.00353996 0.79334471
vn 0.60876238 -0.00353996 0.79334471
vn 0.60876238 -0.00353996 0.79334471
vn 0.66888768 -0.00015645 0.74336347
vn 0.66888768 -0.00015645 0.74336347
vn 0.66888768 -0.00015645 0.74336347
vn 0.71239956 0.00003529 0.70177409
vn 0.71239956 0.00003529 0.70177409
vn 0.71239956 0.00003529 0.70177409
vn 0.79334918 -0.00112582 0.60876581
vn 0.79334918 -0.00112582 0.60876581
vn 0.79334918 -0.00112582 0.60876581
vn 0.78186920 -0.00297911 0.62343538
vn 0.78186920 -0.00297911 0.62343538
vn 0.78186920 -0.00297911 0.62343538
vn 0.96564807 0.00047650 0.25985298
vn 0.96564807 0.00047650 0.25985298
vn 0.96564807 0.00047650 0.25985298
vn 0.93845526 -0.00123218 0.34539863
vn 0.93845526 -0.00123218 0.34539863
vn 0.93845526 -0.00123218 0.34539863
vn 0.92880661 -0.00253762 0.37055614
vn 0.92880661 -0.00253762 0.37055614
vn 0.92880661 -0.00253762 0.37055614
vn 0.90222879 0.00003203 0.43125770
vn 0.90222879 0.00003203 0.43125770
vn 0.90222879 0.00003203 0.43125770
vn 0.87249820 -0.00000779 0.48861733
vn 0.87249820 -0.00000779 0.48861733
vn 0.87249820 -0.00000779 0.48861733
vn 0.87102134 0.00002037 0.49124517
vn 0.87102134 0.00002037 0.49124517
vn 0.87102134 0.00002037 0.49124517
vn 0.84809598 -0.00005334 0.52984263
vn 0.84809598 -0.00005334 0.52984263
vn 0.84809598 -0.00005334 0.52984263
vn 0.00000000 0.00000000 1.00000000
vn 0.00000000 0.00000000 1.00000000
vn 0.00000000 0.00000000 1.00000000
vn 0.00000000 0.00000000 1.00000000
vn 0.00000000 0.00000000 1.00000000
vn 0.00000000 0.00000000 1.00000000
vn 0.00000000 0.00000000 1.00000000
vn 0.00000000 0.00000000 1.00000000
vn 0.00000000 0.00000000 1.00000000
vn 0.00000000 0.00000000 1.00000000
vn 0.00000000 0.00000000 1.00000000
vn 0.00000000 0.00000000 1.00000000
vn 0.00000000 0.00000000 1.00000000
vn 0.00000000 0.00000000 1.00000000
vn 0.00000000 0.00000000 1.00000000
vn 0.00000000 0.00000000 1.00000000
vn 0.00000000 0.00000000 1.00000000
vn 0.00000000 0.00000000 1.00000000
vn 0.65513027 -0.28820803 0.69838418
vn 0.65513027 -0.28820803 0.69838418
vn 0.65513027 -0.28820803 0.69838418
vn 0.65513146 -0.28822186 0.69837736
vn 0.65513146 -0.28822186 0.69837736
vn 0.65513146 -0.28822186 0.69837736
vn 0.71547103 0.01911456 0.69838087
vn 0.71547103 0.01911456 0.69838087
vn 0.71547103 0.01911456 0.69838087
vn 0.71546790 0.01911992 0.69838393
vn 0.71546790 0.01911992 0.69838393
vn 0.71546790 0.01911992 0.69838393
vn 0.63880048 0.32278588 0.69838615
vn 0.63880048 0.32278588 0.69838615
vn 0.63880048 0.32278588 0.69838615
vn 0.63880736 0.32278115 0.69838205
vn 0.63880736 0.32278115 0.69838205
vn 0.63880736 0.32278115 0.69838205
vn 0.43980434 0.56465272 0.69838346
vn 0.43980434 0.56465272 0.69838346
vn 0.43980434 0.56465272 0.69838346
vn 0.43980810 0.56465211 0.69838158
vn 0.43980810 0.56465211 0.69838158
vn 0.43980810 0.56465211 0.69838158
vn 0.15660120 0.69838116 0.69838372
vn 0.15660120 0.69838116 0.69838372
vn 0.15660120 0.69838116 0.69838372
vn 0.15660441 0.69838208 0.69838208
vn 0.15660441 0.69838208 0.69838208
vn 0.15660441 0.69838208 0.69838208
vn 0.00000000 0.00000000 1.00000000
vn 0.00000000 0.00000000 1.00000000
vn 0.00000000 0.00000000 1.00000000
vn 0.00000000 0.00000000 1.00000000
vn 0.00000000 0.00000000 1.00000000
vn 0.00000000 0.00000000 1.00000000
vn 0.00000000 0.00000000 1.00000000
vn 0.00000000 0.00000000 1.00000000
vn 0.00000000 0.00000000 1.00000000
vn 0.00000000 0.00000000 1.00000000
vn 0.00000000 0.00000000 1.00000000
vn 0.00000000 0.00000000 1.00000000
vn 0.00000000 0.00000000 1.00000000
vn 0.00000000 0.00000000 1.00000000
vn 0.00000000 0.00000000 1.00000000
vn 0.00000000 0.00000000 1.00000000
vn 0.00000000 0.00000000 1.00000000
vn 0.00000000 0.00000000 1.00000000
vn 0.00000000 0.00000000 1.00000000
vn 0.00000000 0.00000000 1.00000000
vn 0.00000000 0.00000000 1.00000000
vn 0.00000000 0.00000000 1.00000000
vn 0.00000000 0.00000000 1.00000000
vn 0.00000000 0.00000000 1.00000000
vn 0.00000000 0.00000000 1.00000000
vn 0.00000000 0.00000000 1.00000000
vn 0.00000000 0.00000000 1.00000000
vn 0.00000000 0.00000000 1.00000000
vn 0.00000000 0.00000000 1.00000000
vn 0.00000000 0.00000000 1.00000000
vn 0.00000000 0.00000000 1.00000000
vn 0.00000000 0.00000000 1.00000000
vn 0.00000000 0.00000000 1.00000000
vn 0.00000000 0.00000000 1.00000000
vn 0.00000000 0.00000000 1.00000000
vn 0.00000000 0.00000000 1.00000000
vn 0.00000000 0.00000000 1.00000000
vn 0.00000000 0.00000000 1.00000000
vn 0.00000000 0.00000000 1.00000000
vn 0.00000000 0.00000000 1.00000000
vn 0.00000000 0.00000000 1.00000000
vn 0.00000000 0.00000000 1.00000000
vn 0.00000000 0.00000000 1.00000000
vn 0.00000000 0.00000000 1.00000000
vn 0.00000000 0.00000000 1.00000000
vn 0.00000000 0.00000000 1.00000000
vn 0.00000000 0.00000000 1.00000000
vn 0.00000000 0.00000000 1.00000000
vn 0.00000000 0.00000000 1.00000000
vn 0.00000000 0.00000000 1.00000000
vn 0.00000000 0.00000000 1.00000000
vn 0.00000000 0.00000000 1.00000000
vn 0.00000000 0.00000000 1.00000000
vn 0.00000000 0.00000000 1.00000000
vn 0.00000000 0.00000000 1.00000000
vn 0.00000000 0.00000000 1.00000000
vn 0.00000000 0.00000000 1.00000000
vn 0.00000000 0.00000000 1.00000000
vn 0.00000000 0.00000000 1.00000000
vn 0.00000000 0.00000000 1.00000000
vn 0.00000000 0.00000000 1.00000000
vn 0.00000000 0.00000000 1.00000000
vn 0.00000000 0.00000000 1.00000000
vn 0.00000000 0.00000000 1.00000000
vn 0.00000000 0.00000000 1.00000000
vn 0.00000000 0.00000000 1.00000000
vn 0.00000000 0.00000000 1.00000000
vn 0.00000000 0.00000000 1.00000000
vn 0.00000000 0.00000000 1.00000000
vn 0.00000000 0.00000000 1.00000000
vn 0.00000000 0.00000000 1.00000000
vn 0.00000000 0.00000000 1.00000000
vn 0.00000000 0.00000000 1.00000000
vn 0.00000000 0.00000000 1.00000000
vn 0.00000000 0.00000000 1.00000000
vn 0.00000000 0.00000000 1.00000000
vn 0.00000000 0.00000000 1.00000000
vn 0.00000000 0.00000000 1.00000000
vn 0.00000000 0.00000000 1.00000000
vn 0.00000000 0.00000000 1.00000000
vn 0.00000000 0.00000000 1.00000000
vn 0.00000000 0.00000000 1.00000000
vn 0.00000000 0.00000000 1.00000000
vn 0.00000000 0.00000000 1.00000000
vn 0.00000000 0.00000000 1.00000000
vn 0.00000000 0.00000000 1.00000000
vn 0.00000000 0.00000000 1.00000000
vn 0.00000000 0.00000000 1.00000000
vn 0.00000000 0.00000000 1.00000000
vn 0.00000000 0.00000000 1.00000000
vn 0.00000000 0.00000000 1.00000000
vn 0.00000000 0.00000000 1.00000000
vn 0.00000000 0.00000000 1.00000000
vn 0.00000000 0.00000000 1.00000000
vn 0.00000000 0.00000000 1.00000000
vn 0.00000000 0.00000000 1.00000000
vn 0.00000000 0.00000000 1.00000000
vn 0.00000000 0.00000000 1.00000000
vn 0.00000000 0.00000000 1.00000000
vn 0.00000000 0.00000000 1.00000000
vn 0.00000000 0.00000000 1.00000000
vn 0.00000000 0.00000000 1.00000000
vn 0.00000000 0.00000000 1.00000000
vn 0.00000000 0.00000000 1.00000000
vn 0.00000000 0.00000000 1.00000000
vn 0.00000000 0.00000000 1.00000000
vn 0.00000000 0.00000000 1.00000000
vn 0.00000000 0.00000000 1.00000000
vn 0.00000000 0.00000000 1.00000000
vn 0.00000000 0.00000000 1.00000000
vn 0.00000000 0.00000000 1.00000000
vn 0.00000000 0.00000000 1.00000000
vn 0.00000000 0.00000000 1.00000000
vn 0.00000000 0.00000000 1.00000000
vn 0.00000000 0.00000000 1.00000000
vn 0.00000000 0.00000000 1.00000000
vn 0.00000000 0.00000000 1.00000000
vn 0.00000000 0.00000000 1.00000000
vn 0.00000000 0.00000000 1.00000000
vn 0.00000000 0.00000000 1.00000000
vn 0.00000000 0.00000000 1.00000000
vn 0.00000000 0.00000000 1.00000000
vn 0.00000000 0.00000000 1.00000000
vn 0.00000000 0.00000000 1.00000000
vn 0.00000000 0.00000000 1.00000000
vn 0.00000000 0.00000000 1.00000000
vn 0.00000000 0.00000000 1.00000000
vn 0.00000000 0.00000000 1.00000000
vn 0.00000000 0.00000000 1.00000000
vn 0.00000000 0.00000000 1.00000000
vn 0.00000000 0.00000000 1.00000000
vn 0.00000000 0.00000000 1.00000000
vn 0.00000000 0.00000000 1.00000000
vn 0.00000000 0.00000000 1.00000000
vn 0.00000000 0.00000000 1.00000000
vn 0.00000000 0.00000000 1.00000000
vn 0.00000000 0.00000000 1.00000000
vn 0.00000000 0.00000000 1.00000000
vn 0.00000000 0.00000000 1.00000000
vn 0.00000000 0.00000000 1.00000000
vn 0.00000000 0.00000000 1.00000000
vn 0.00000000 0.00000000 1.00000000
vn 0.00000000 0.00000000 1.00000000
vn 0.00000000 0.00000000 1.00000000
vn 0.00000000 0.00000000 1.00000000
vn 0.00000000 0.00000000 1.00000000
vn 0.00000000 0.00000000 1.00000000
vn 0.00000000 0.00000000 1.00000000
vn 0.00000000 0.00000000 1.00000000
vn 0.00000000 0.00000000 1.00000000
vn 0.00000000 0.00000000 1.00000000
vn 0.00000000 0.00000000 1.00000000
vn 0.00000000 0.00000000 1.00000000
vn 0.00000000 0.00000000 1.00000000
vn 0.00000000 0.00000000 1.00000000
vn 0.00000000 0.00000000 1.00000000
vn 0.00000000 0.00000000 1.00000000
vn 0.00000000 0.00000000 1.00000000
vn 0.00000000 0.00000000 1.00000000
vn 0.00000000 0.00000000 1.00000000
vn 0.00000000 0.00000000 1.00000000
vn 0.00000000 0.00000000 1.00000000
vn 0.00000000 0.00000000 1.00000000
vn 0.00000000 0.00000000 1.00000000
vn 0.00000000 0.00000000 1.00000000
vn 0.00000000 0.00000000 1.00000000
vn 0.00000000 0.00000000 1.00000000
vn 0.00000000 0.00000000 1.00000000
vn 0.00000000 0.00000000 1.00000000
vn 0.00000000 0.00000000 1.00000000
vn 0.00000000 0.00000000 1.00000000
vn 0.00000000 0.00000000 1.00000000
vn 0.00000000 0.00000000 1.00000000
vn 0.00000000 0.00000000 1.00000000
vn 0.00000000 0.00000000 1.00000000
vn 0.00000000 0.00000000 1.00000000
vn 0.00000000 0.00000000 1.00000000
vn 0.00000000 0.00000000 1.00000000
vn 0.00000000 0.00000000 1.00000000
vn 0.00000000 0.00000000 1.00000000
vn 0.00000000 0.00000000 1.00000000
vn 0.00000000 0.00000000 1.00000000
vn 0.00000000 0.00000000 1.00000000
vn 0.00000000 0.00000000 1.00000000
vn 0.00000000 0.00000000 1.00000000
vn 0.00000000 0.00000000 1.00000000
vn 0.00000000 0.00000000 1.00000000
vn 0.00000000 0.00000000 1.00000000
vn 0.00000000 0.00000000 1.00000000
vn 0.00000000 0.00000000 1.00000000
vn 0.00000000 0.00000000 1.00000000
vn 0.00000000 0.00000000 1.00000000
vn 0.22251735 0.97492873 0.00000000
vn 0.22251735 0.97492873 0.00000000
vn 0.22251735 0.97492873 0.00000000
vn 0.22251735 0.97492873 0.00000000
vn 0.22251735 0.97492873 0.00000000
vn 0.22251735 0.97492873 0.00000000
vn 0.62349664 0.78182603 0.00000000
vn 0.62349664 0.78182603 0.00000000
vn 0.62349664 0.78182603 0.00000000
vn 0.62349664 0.78182603 0.00000000
vn 0.62349664 0.78182603 0.00000000
vn 0.62349664 0.78182603 0.00000000
vn 0.90096660 0.43388845 0.00000000
vn 0.90096660 0.43388845 0.00000000
vn 0.90096660 0.43388845 0.00000000
vn 0.90096660 0.43388845 0.00000000
vn 0.90096660 0.43388845 0.00000000
vn 0.90096660 0.43388845 0.00000000
vn 1.00000000 0.00000000 0.00000000
vn 1.00000000 0.00000000 0.00000000
vn 1.00000000 0.00000000 0.00000000
vn 1.00000000 0.00000000 0.00000000
vn 1.00000000 0.00000000 0.00000000
vn 1.00000000 0.00000000 0.00000000
vn 0.90096660 -0.43388845 0.00000000
vn 0.90096660 -0.43388845 0.00000000
vn 0.90096660 -0.43388845 0.00000000
vn 0.90096660 -0.43388845 0.00000000
vn 0.90096660 -0.43388845 0.00000000
vn 0.90096660 -0.43388845 0.00000000
vn 0.62349664 -0.78182603 0.00000000
vn 0.62349664 -0.78182603 0.00000000
vn 0.62349664 -0.78182603 0.00000000
vn 0.62349664 -0.78182603 0.00000000
vn 0.62349664 -0.78182603 0.00000000
vn 0.62349664 -0.78182603 0.00000000
vn 0.22251735 -0.97492873 0.00000000
vn 0.22251735 -0.97492873 0.00000000
vn 0.22251735 -0.97492873 0.00000000
vn 0.22251735 -0.97492873 0.00000000
vn 0.22251735 -0.97492873 0.00000000
vn 0.22251735 -0.97492873 0.00000000
vn 0.22251735 0.97492873 0.00000000
vn 0.22251735 0.97492873 0.00000000
vn 0.22251735 0.97492873 0.00000000
vn 0.22251735 0.97492873 0.00000000
vn 0.22251735 0.97492873 0.00000000
vn 0.22251735 0.97492873 0.00000000
vn 0.62349664 0.78182603 0.00000000
vn 0.62349664 0.78182603 0.00000000
vn 0.62349664 0.78182603 0.00000000
vn 0.62349664 0.78182603 0.00000000
vn 0.62349664 0.78182603 0.00000000
vn 0.62349664 0.78182603 0.00000000
vn 0.90096660 0.43388845 0.00000000
vn 0.90096660 0.43388845 0.00000000
vn 0.90096660 0.43388845 0.00000000
vn 0.90096660 0.43388845 0.00000000
vn 0.90096660 0.43388845 0.00000000
vn 0.90096660 0.43388845 0.00000000
vn 1.00000000 0.00000000 0.00000000
vn 1.00000000 0.00000000 0.00000000
vn 1.00000000 0.00000000 0.00000000
vn 1.00000000 0.00000000 0.00000000
vn 1.00000000 0.00000000 0.00000000
vn 1.00000000 0.00000000 0.00000000
vn 0.90096660 -0.43388845 0.00000000
vn 0.90096660 -0.43388845 0.00000000
vn 0.90096660 -0.43388845 0.00000000
vn 0.90096660 -0.43388845 0.00000000
vn 0.90096660 -0.43388845 0.00000000
vn 0.90096660 -0.43388845 0.00000000
vn 0.62349664 -0.78182603 0.00000000
vn 0.62349664 -0.78182603 0.00000000
vn 0.62349664 -0.78182603 0.00000000
vn 0.62349664 -0.78182603 0.00000000
vn 0.62349664 -0.78182603 0.00000000
vn 0.62349664 -0.78182603 0.00000000
vn 0.22251735 -0.97492873 0.00000000
vn 0.22251735 -0.97492873 0.00000000
vn 0.22251735 -0.97492873 0.00000000
vn 0.22251735 -0.97492873 0.00000000
vn 0.22251735 -0.97492873 0.00000000
vn 0.22251735 -0.97492873 0.00000000
vn 0.18615509 0.69474682 -0.69474682
vn 0.18615509 0.69474682 -0.69474682
vn 0.18615509 0.69474682 -0.69474682
vn 0.18615447 0.69474636 -0.69474744
vn 0.18615447 0.69474636 -0.69474744
vn 0.18615447 0.69474636 -0.69474744
vn 0.50858923 0.50858923 -0.69474742
vn 0.50858923 0.50858923 -0.69474742
vn 0.50858923 0.50858923 -0.69474742
vn 0.50858923 0.50858923 -0.69474742
vn 0.50858923 0.50858923 -0.69474742
vn 0.50858923 0.50858923 -0.69474742
vn 0.69474618 0.18615492 -0.69474750
vn 0.69474618 0.18615492 -0.69474750
vn 0.69474618 0.18615492 -0.69474750
vn 0.69474688 0.18615461 -0.69474688
vn 0.69474688 0.18615461 -0.69474688
vn 0.69474688 0.18615461 -0.69474688
vn 0.69474682 -0.18615509 -0.69474682
vn 0.69474682 -0.18615509 -0.69474682
vn 0.69474682 -0.18615509 -0.69474682
vn 0.69474636 -0.18615447 -0.69474744
vn 0.69474636 -0.18615447 -0.69474744
vn 0.69474636 -0.18615447 -0.69474744
vn 0.50858923 -0.50858923 -0.69474742
vn 0.50858923 -0.50858923 -0.69474742
vn 0.50858923 -0.50858923 -0.69474742
vn 0.50858923 -0.50858923 -0.69474742
vn 0.50858923 -0.50858923 -0.69474742
vn 0.50858923 -0.50858923 -0.69474742
vn 0.18615492 -0.69474618 -0.69474750
vn 0.18615492 -0.69474618 -0.69474750
vn 0.18615492 -0.69474618 -0.69474750
vn 0.18615461 -0.69474688 -0.69474688
vn 0.18615461 -0.69474688 -0.69474688
vn 0.18615461 -0.69474688 -0.69474688
vn 0.17103159 -0.05620686 -0.98366101
vn 0.17103159 -0.05620686 -0.98366101
vn 0.17103159 -0.05620686 -0.98366101
vn 0.83708708 -0.27505774 -0.47289371
vn 0.83708708 -0.27505774 -0.47289371
vn 0.83708708 -0.27505774 -0.47289371
vn 0.94690278 -0.31114344 -0.08102397
vn 0.94690278 -0.31114344 -0.08102397
vn 0.94690278 -0.31114344 -0.08102397
vn 0.92858318 -0.30510009 -0.21129888
vn 0.92858318 -0.30510009 -0.21129888
vn 0.92858318 -0.30510009 -0.21129888
vn 0.39196617 -0.12876717 -0.91092345
vn 0.39196617 -0.12876717 -0.91092345
vn 0.39196617 -0.12876717 -0.91092345
vn 0.60526675 0.38015819 -0.69937966
vn 0.60526675 0.38015819 -0.69937966
vn 0.60526675 0.38015819 -0.69937966
vn 0.60957860 0.22460464 -0.76024121
vn 0.60957860 0.22460464 -0.76024121
vn 0.60957860 0.22460464 -0.76024121
vn 0.85551763 -0.28109330 -0.43482886
vn 0.85551763 -0.28109330 -0.43482886
vn 0.85551763 -0.28109330 -0.43482886
vn 0.84719162 -0.20062255 -0.49195218
vn 0.84719162 -0.20062255 -0.49195218
vn 0.84719162 -0.20062255 -0.49195218
vn 0.83541582 0.11380955 -0.53770606
vn 0.83541582 0.11380955 -0.53770606
vn 0.83541582 0.11380955 -0.53770606
vn 0.72917168 -0.23962670 -0.64100523
vn 0.72917168 -0.23962670 -0.64100523
vn 0.72917168 -0.23962670 -0.64100523
vn 0.59920376 -0.19691552 -0.77600202
vn 0.59920376 -0.19691552 -0.77600202
vn 0.59920376 -0.19691552 -0.77600202
vn 0.76868812 -0.25267635 -0.58759955
vn 0.76868812 -0.25267635 -0.58759955
vn 0.76868812 -0.25267635 -0.58759955
vn 0.76872832 -0.25257797 -0.58758927
vn 0.76872832 -0.25257797 -0.58758927
vn 0.76872832 -0.25257797 -0.58758927
vn 0.49757411 -0.16348592 -0.85187579
vn 0.49757411 -0.16348592 -0.85187579
vn 0.49757411 -0.16348592 -0.85187579
vn 0.49754021 -0.16356766 -0.85187990
vn 0.49754021 -0.16356766 -0.85187990
vn 0.49754021 -0.16356766 -0.85187990
vn 0.17102559 -0.05622512 -0.98366101
vn 0.17102559 -0.05622512 -0.98366101
vn 0.17102559 -0.05622512 -0.98366101
vn 0.92855522 -0.30517722 -0.21131035
vn 0.92855522 -0.30517722 -0.21131035
vn 0.92855522 -0.30517722 -0.21131035
vn 0.92854053 -0.30522161 -0.21131081
vn 0.92854053 -0.30522161 -0.21131081
vn 0.92854053 -0.30522161 -0.21131081
vn 0.92855638 -0.30517760 -0.21130473
vn 0.92855638 -0.30517760 -0.21130473
vn 0.92855638 -0.30517760 -0.21130473
vn 0.92857537 -0.30511980 -0.21130473
vn 0.92857537 -0.30511980 -0.21130473
vn 0.92857537 -0.30511980 -0.21130473
vn 0.78672249 -0.55519311 -0.26986727
vn 0.78672249 -0.55519311 -0.26986727
vn 0.78672249 -0.55519311 -0.26986727
vn 0.37387952 -0.12286966 -0.91930254
vn 0.37387952 -0.12286966 -0.91930254
vn 0.37387952 -0.12286966 -0.91930254
vn 0.38939275 -0.27462000 -0.87917981
vn 0.38939275 -0.27462000 -0.87917981
vn 0.38939275 -0.27462000 -0.87917981
vn 0.37237475 -0.45728014 -0.80760877
vn 0.37237475 -0.45728014 -0.80760877
vn 0.37237475 -0.45728014 -0.80760877
vn 0.54764841 -0.17997296 -0.81712359
vn 0.54764841 -0.17997296 -0.81712359
vn 0.54764841 -0.17997296 -0.81712359
vn 0.76870693 -0.25261912 -0.58759955
vn 0.76870693 -0.25261912 -0.58759955
vn 0.76870693 -0.25261912 -0.58759955
vn 0.51801590 -0.61625714 -0.59320036
vn 0.51801590 -0.61625714 -0.59320036
vn 0.51801590 -0.61625714 -0.59320036
vn 0.72220037 -0.40708047 -0.55920669
vn 0.72220037 -0.40708047 -0.55920669
vn 0.72220037 -0.40708047 -0.55920669
vn 0.25439697 -0.08357348 -0.96348205
vn 0.25439697 -0.08357348 -0.96348205
vn 0.25439697 -0.08357348 -0.96348205
vn 0.39450879 0.79999585 -0.45207241
vn 0.39450879 0.79999585 -0.45207241
vn 0.39450879 0.79999585 -0.45207241
vn 0.00000000 0.00000000 -1.00000000
vn 0.00000000 0.00000000 -1.00000000
vn 0.00000000 0.00000000 -1.00000000
vn 0.00000000 0.00000000 -1.00000000
vn 0.00000000 0.00000000 -1.00000000
vn 0.00000000 0.00000000 -1.00000000
vn 0.00000000 0.00000000 -1.00000000
vn 0.00000000 0.00000000 -1.00000000
vn 0.00000000 0.00000000 -1.00000000
vn 0.00000000 0.00000000 -1.00000000
vn 0.00000000 0.00000000 -1.00000000
vn 0.00000000 0.00000000 -1.00000000
vn 0.23692379 0.00000000 -0.97152824
vn 0.23692379 0.00000000 -0.97152824
vn 0.23692379 0.00000000 -0.97152824
vn 0.25881664 0.00098749 -0.96592597
vn 0.25881664 0.00098749 -0.96592597
vn 0.25881664 0.00098749 -0.96592597
vn 0.48003791 0.00000124 -0.87724775
vn 0.48003791 0.00000124 -0.87724775
vn 0.48003791 0.00000124 -0.87724775
vn 0.60769465 -0.00000834 -0.79417077
vn 0.60769465 -0.00000834 -0.79417077
vn 0.60769465 -0.00000834 -0.79417077
vn 0.70710336 0.00311275 -0.70710336
vn 0.70710336 0.00311275 -0.70710336
vn 0.70710336 0.00311275 -0.70710336
vn 0.76238524 0.00116004 -0.64712240
vn 0.76238524 0.00116004 -0.64712240
vn 0.76238524 0.00116004 -0.64712240
vn 0.96592644 0.00000000 -0.25881677
vn 0.96592644 0.00000000 -0.25881677
vn 0.96592644 0.00000000 -0.25881677
vn 0.84042143 0.00000431 -0.54193342
vn 0.84042143 0.00000431 -0.54193342
vn 0.84042143 0.00000431 -0.54193342
vn 0.96590651 -0.00002391 -0.25889114
vn 0.96590651 -0.00002391 -0.25889114
vn 0.96590651 -0.00002391 -0.25889114
vn 0.96579488 0.00000000 -0.25930727
vn 0.96579488 0.00000000 -0.25930727
vn 0.96579488 0.00000000 -0.25930727
vn 0.99656711 0.00000000 -0.08278888
vn 0.99656711 0.00000000 -0.08278888
vn 0.99656711 0.00000000 -0.08278888
vn 0.96148820 0.01930001 -0.27416775
vn 0.96148820 0.01930001 -0.27416775
vn 0.96148820 0.01930001 -0.27416775
vn 0.89951546 0.05948082 -0.43282094
vn 0.89951546 0.05948082 -0.43282094
vn 0.89951546 0.05948082 -0.43282094
vn 0.00000000 1.00000000 0.00000000
vn 0.00000000 1.00000000 0.00000000
vn 0.00000000 1.00000000 0.00000000
vn 0.00000000 1.00000000 0.00000000
vn 0.00000000 1.00000000 0.00000000
vn 0.00000000 1.00000000 0.00000000
vn 0.00000000 0.19508840 -0.98078566
vn 0.00000000 0.19508840 -0.98078566
vn 0.00000000 0.19508840 -0.98078566
vn 0.00000000 0.19508840 -0.98078566
vn 0.00000000 0.19508840 -0.98078566
vn 0.00000000 0.19508840 -0.98078566
vn 0.00000000 0.55557818 -0.83146430
vn 0.00000000 0.55557818 -0.83146430
vn 0.00000000 0.55557818 -0.83146430
vn 0.00000000 0.55557818 -0.83146430
vn 0.00000000 0.55557818 -0.83146430
vn 0.00000000 0.55557818 -0.83146430
vn 0.00000000 0.83146430 -0.55557818
vn 0.00000000 0.83146430 -0.55557818
vn 0.00000000 0.83146430 -0.55557818
vn 0.00000000 0.83146430 -0.55557818
vn 0.00000000 0.83146430 -0.55557818
vn 0.00000000 0.83146430 -0.55557818
vn 0.00000000 0.98078566 -0.19508840
vn 0.00000000 0.98078566 -0.19508840
vn 0.00000000 0.98078566 -0.19508840
vn 0.00000000 0.98078566 -0.19508840
vn 0.00000000 0.98078566 -0.19508840
vn 0.00000000 0.98078566 -0.19508840
vn 0.00000000 -0.98078566 -0.19508840
vn 0.00000000 -0.98078566 -0.19508840
vn 0.00000000 -0.98078566 -0.19508840
vn 0.00000000 -0.98078566 -0.19508840
vn 0.00000000 -0.98078566 -0.19508840
vn 0.00000000 -0.98078566 -0.19508840
vn 0.00000000 -0.83146430 -0.55557818
vn 0.00000000 -0.83146430 -0.55557818
vn 0.00000000 -0.83146430 -0.55557818
vn 0.00000000 -0.83146430 -0.55557818
vn 0.00000000 -0.83146430 -0.55557818
vn 0.00000000 -0.83146430 -0.55557818
vn 0.00000000 -0.55557818 -0.83146430
vn 0.00000000 -0.55557818 -0.83146430
vn 0.00000000 -0.55557818 -0.83146430
vn 0.00000000 -0.55557818 -0.83146430
vn 0.00000000 -0.55557818 -0.83146430
vn 0.00000000 -0.55557818 -0.83146430
vn 0.00000000 -0.19508840 -0.98078566
vn 0.00000000 -0.19508840 -0.98078566
vn 0.00000000 -0.19508840 -0.98078566
vn 0.00000000 -0.19508840 -0.98078566
vn 0.00000000 -0.19508840 -0.98078566
vn 0.00000000 -0.19508840 -0.98078566
vn 0.00000000 -1.00000000 0.00000000
vn 0.00000000 -1.00000000 0.00000000
vn 0.00000000 -1.00000000 0.00000000
vn 0.00000000 -1.00000000 0.00000000
vn 0.00000000 -1.00000000 0.00000000
vn 0.00000000 -1.00000000 0.00000000
vn 0.00000000 -0.19508840 0.98078566
vn 0.00000000 -0.19508840 0.98078566
vn 0.00000000 -0.19508840 0.98078566
vn 0.00000000 -0.19508840 0.98078566
vn 0.00000000 -0.19508840 0.98078566
vn 0.00000000 -0.19508840 0.98078566
vn 0.00000000 -0.55557818 0.83146430
vn 0.00000000 -0.55557818 0.83146430
vn 0.00000000 -0.55557818 0.83146430
vn 0.00000000 -0.55557818 0.83146430
vn 0.00000000 -0.55557818 0.83146430
vn 0.00000000 -0.55557818 0.83146430
vn 0.00000000 -0.83146430 0.55557818
vn 0.00000000 -0.83146430 0.55557818
vn 0.00000000 -0.83146430 0.55557818
vn 0.00000000 -0.83146430 0.55557818
vn 0.00000000 -0.83146430 0.55557818
vn 0.00000000 -0.83146430 0.55557818
vn 0.00000000 -0.98078566 0.19508840
vn 0.00000000 -0.98078566 0.19508840
vn 0.00000000 -0.98078566 0.19508840
vn 0.00000000 -0.98078566 0.19508840
vn 0.00000000 -0.98078566 0.19508840
vn 0.00000000 -0.98078566 0.19508840
vn 0.00000000 0.00000000 1.00000000
vn 0.00000000 0.00000000 1.00000000
vn 0.00000000 0.00000000 1.00000000
vn 0.00000000 0.00000000 1.00000000
vn 0.00000000 0.00000000 1.00000000
vn 0.00000000 0.00000000 1.00000000
vn 0.00000000 0.98078566 0.19508840
vn 0.00000000 0.98078566 0.19508840
vn 0.00000000 0.98078566 0.19508840
vn 0.00000000 0.98078566 0.19508840
vn 0.00000000 0.98078566 0.19508840
vn 0.00000000 0.98078566 0.19508840
vn 0.00000000 0.83146430 0.55557818
vn 0.00000000 0.83146430 0.55557818
vn 0.00000000 0.83146430 0.55557818
vn 0.00000000 0.83146430 0.55557818
vn 0.00000000 0.83146430 0.55557818
vn 0.00000000 0.83146430 0.55557818
vn 0.00000000 0.55557818 0.83146430
vn 0.00000000 0.55557818 0.83146430
vn 0.00000000 0.55557818 0.83146430
vn 0.00000000 0.55557818 0.83146430
vn 0.00000000 0.55557818 0.83146430
vn 0.00000000 0.55557818 0.83146430
vn 0.00000000 0.19508840 0.98078566
vn 0.00000000 0.19508840 0.98078566
vn 0.00000000 0.19508840 0.98078566
vn 0.00000000 0.19508840 0.98078566
vn 0.00000000 0.19508840 0.98078566
vn 0.00000000 0.19508840 0.98078566
vn 0.25881677 0.96592644 0.00000000
vn 0.25881677 0.96592644 0.00000000
vn 0.25881677 0.96592644 0.00000000
vn 0.25881677 0.96592644 0.00000000
vn 0.25881677 0.96592644 0.00000000
vn 0.25881677 0.96592644 0.00000000
vn 0.70710678 0.70710678 0.00000000
vn 0.70710678 0.70710678 0.00000000
vn 0.70710678 0.70710678 0.00000000
vn 0.70710678 0.70710678 0.00000000
vn 0.70710678 0.70710678 0.00000000
vn 0.70710678 0.70710678 0.00000000
vn 0.96592644 0.25881677 0.00000000
vn 0.96592644 0.25881677 0.00000000
vn 0.96592644 0.25881677 0.00000000
vn 0.96592644 0.25881677 0.00000000
vn 0.96592644 0.25881677 0.00000000
vn 0.96592644 0.25881677 0.00000000
vn 0.96592644 -0.25881677 0.00000000
vn 0.96592644 -0.25881677 0.00000000
vn 0.96592644 -0.25881677 0.00000000
vn 0.96592644 -0.25881677 0.00000000
vn 0.96592644 -0.25881677 0.00000000
vn 0.96592644 -0.25881677 0.00000000
vn 0.70710678 -0.70710678 0.00000000
vn 0.70710678 -0.70710678 0.00000000
vn 0.70710678 -0.70710678 0.00000000
vn 0.70710678 -0.70710678 0.00000000
vn 0.70710678 -0.70710678 0.00000000
vn 0.70710678 -0.70710678 0.00000000
vn 0.25881677 -0.96592644 0.00000000
vn 0.25881677 -0.96592644 0.00000000
vn 0.25881677 -0.96592644 0.00000000
vn 0.25881677 -0.96592644 0.00000000
vn 0.25881677 -0.96592644 0.00000000
vn 0.25881677 -0.96592644 0.00000000
vn 0.00000000 0.00000000 -1.00000000
vn 0.00000000 0.00000000 -1.00000000
vn 0.00000000 0.00000000 -1.00000000
vn 0.00000000 0.00000000 -1.00000000
vn 0.00000000 0.00000000 -1.00000000
vn 0.00000000 0.00000000 -1.00000000
vn 0.69474682 0.69474682 -0.18615509
vn 0.69474682 0.69474682 -0.18615509
vn 0.69474682 0.69474682 -0.18615509
vn 0.69475077 0.69474382 -0.18615152
vn 0.69475077 0.69474382 -0.18615152
vn 0.69475077 0.69474382 -0.18615152
vn 0.50859077 0.69474517 -0.50859077
vn 0.50859077 0.69474517 -0.50859077
vn 0.50859077 0.69474517 -0.50859077
vn 0.50859077 0.69474517 -0.50859077
vn 0.50859077 0.69474517 -0.50859077
vn 0.50859077 0.69474517 -0.50859077
vn 0.18615569 0.69474442 -0.69474905
vn 0.18615569 0.69474442 -0.69474905
vn 0.18615569 0.69474442 -0.69474905
vn 0.18615062 0.69474742 -0.69474742
vn 0.18615062 0.69474742 -0.69474742
vn 0.18615062 0.69474742 -0.69474742
vn 1.00000000 0.00000000 0.00000000
vn 1.00000000 0.00000000 0.00000000
vn 1.00000000 0.00000000 0.00000000
vn 1.00000000 0.00000000 0.00000000
vn 1.00000000 0.00000000 0.00000000
vn 1.00000000 0.00000000 0.00000000
vn 1.00000000 0.00000000 0.00000000
vn 1.00000000 0.00000000 0.00000000
vn 1.00000000 0.00000000 0.00000000
vn 1.00000000 0.00000000 0.00000000
vn 1.00000000 0.00000000 0.00000000
vn 1.00000000 0.00000000 0.00000000
vn 1.00000000 0.00000000 0.00000000
vn 1.00000000 0.00000000 0.00000000
vn 1.00000000 0.00000000 0.00000000
vn 1.00000000 0.00000000 0.00000000
vn 1.00000000 0.00000000 0.00000000
vn 1.00000000 0.00000000 0.00000000
vn 1.00000000 0.00000000 0.00000000
vn 1.00000000 0.00000000 0.00000000
vn 1.00000000 0.00000000 0.00000000
vn 1.00000000 0.00000000 0.00000000
vn 1.00000000 0.00000000 0.00000000
vn 1.00000000 0.00000000 0.00000000
vn 1.00000000 0.00000000 0.00000000
vn 1.00000000 0.00000000 0.00000000
vn 1.00000000 0.00000000 0.00000000
vn 1.00000000 0.00000000 0.00000000
vn 1.00000000 0.00000000 0.00000000
vn 1.00000000 0.00000000 0.00000000
vn 1.00000000 0.00000000 0.00000000
vn 1.00000000 0.00000000 0.00000000
vn 1.00000000 0.00000000 0.00000000
vn 1.00000000 0.00000000 0.00000000
vn 1.00000000 0.00000000 0.00000000
vn 1.00000000 0.00000000 0.00000000
vn 1.00000000 0.00000000 0.00000000
vn 1.00000000 0.00000000 0.00000000
vn 1.00000000 0.00000000 0.00000000
vn 1.00000000 0.00000000 0.00000000
vn 1.00000000 0.00000000 0.00000000
vn 1.00000000 0.00000000 0.00000000
vn 1.00000000 0.00000000 0.00000000
vn 1.00000000 0.00000000 0.00000000
vn 1.00000000 0.00000000 0.00000000
vn 1.00000000 0.00000000 0.00000000
vn 1.00000000 0.00000000 0.00000000
vn 1.00000000 0.00000000 0.00000000
vn 1.00000000 0.00000000 0.00000000
vn 1.00000000 0.00000000 0.00000000
vn 1.00000000 0.00000000 0.00000000
vn 1.00000000 0.00000000 0.00000000
vn 1.00000000 0.00000000 0.00000000
vn 1.00000000 0.00000000 0.00000000
vn 0.00000000 0.00000000 -1.00000000
vn 0.00000000 0.00000000 -1.00000000
vn 0.00000000 0.00000000 -1.00000000
vn 0.00000000 0.00000000 -1.00000000
vn 0.00000000 0.00000000 -1.00000000
vn 0.00000000 0.00000000 -1.00000000
vn 0.00000000 0.00000000 -1.00000000
vn 0.00000000 0.00000000 -1.00000000
vn 0.00000000 0.00000000 -1.00000000
vn 0.00000000 0.00000000 -1.00000000
vn 0.00000000 0.00000000 -1.00000000
vn 0.00000000 0.00000000 -1.00000000
vn 0.00000000 0.00000000 -1.00000000
vn 0.00000000 0.00000000 -1.00000000
vn 0.00000000 0.00000000 -1.00000000
vn 0.00000000 0.00000000 -1.00000000
vn 0.00000000 0.00000000 -1.00000000
vn 0.00000000 0.00000000 -1.00000000
vn 0.00000000 0.00000000 -1.00000000
vn 0.00000000 0.00000000 -1.00000000
vn 0.00000000 0.00000000 -1.00000000
vn 0.00000000 0.00000000 -1.00000000
vn 0.00000000 0.00000000 -1.00000000
vn 0.00000000 0.00000000 -1.00000000
vn 0.00000000 0.00000000 -1.00000000
vn 0.00000000 0.00000000 -1.00000000
vn 0.00000000 0.00000000 -1.00000000
vn 0.00000000 0.00000000 -1.00000000
vn 0.00000000 0.00000000 -1.00000000
vn 0.00000000 0.00000000 -1.00000000
f 1//1 2//2 3//3
f 4//4 5//5 6//6
f 7//7 8//8 9//9
f 10//10 11//11 12//12
f 13//13 14//14 15//15
f 16//16 17//17 18//18
f 19//19 20//20 21//21
f 22//22 23//23 24//24
f 25//25 26//26 27//27
f 28//28 29//29 30//30
f 31//31 32//32 33//33
f 34//34 35//35 36//36
f 37//37 38//38 39//39
f 40//40 41//41 42//42
f 43//43 44//44 45//45
f 46//46 47//47 48//48
f 49//49 50//50 51//51
f 52//52 53//53 54//54
f 55//55 56//56 57//57
f 58//58 59//59 60//60
f 61//61 62//62 63//63
f 64//64 65//65 66//66
f 67//67 68//68 69//69
f 70//70 71//71 72//72
f 73//73 74//74 75//75
f 76//76 77//77 78//78
f 79//79 80//80 81//81
f 82//82 83//83 84//84
f 85//85 86//86 87//87
f 88//88 89//89 90//90
f 91//91 92//92 93//93
f 94//94 95//95 96//96
f 97//97 98//98 99//99
f 100//100 101//101 102//102
f 103//103 104//104 105//105
f 106//106 107//107 108//108
f 109//109 110//110 111//111
f 112//112 113//113 114//114
f 115//115 116//116 117//117
f 118//118 119//119 120//120
f 121//121 122//122 123//123
f 124//124 125//125 126//126
f 127//127 128//128 129//129
f 130//130 131//131 132//132
f 133//133 134//134 135//135
f 136//136 137//137 138//138
f 139//139 140//140 141//141
f 142//142 143//143 144//144
f 145//145 146//146 147//147
f 148//148 149//149 150//150
f 151//151 152//152 153//153
f 154//154 155//155 156//156
f 157//157 158//158 159//159
f 160//160 161//161 162//162
f 163//163 164//164 165//165
f 166//166 167//167 168//168
f 169//169 170//170 171//171
f 172//172 173//173 174//174
f 175//175 176//176 177//177
f 178//178 179//179 180//180
f 181//181 182//182 183//183
f 184//184 185//185 186//186
f 187//187 188//188 189//189
f 190//190 191//191 192//192
f 193//193 194//194 195//195
f 196//196 197//197 198//198
f 199//199 200//200 201//201
f 202//202 203//203 204//204
f 205//205 206//206 207//207
f 208//208 209//209 210//210
f 211//211 212//212 213//213
f 214//214 215//215 216//216
f 217//217 218//218 219//219
f 220//220 221//221 222//222
f 223//223 224//224 225//225
f 226//226 227//227 228//228
f 229//229 230//230 231//231
f 232//232 233//233 234//234
f 235//235 236//236 237//237
f 238//238 239//239 240//240
f 241//241 242//242 243//243
f 244//244 245//245 246//246
f 247//247 248//248 249//249
f 250//250 251//251 252//252
f 253//253 254//254 255//255
f 256//256 257//257 258//258
f 259//259 260//260 261//261
f 262//262 263//263 264//264
f 265//265 266//266 267//267
f 268//268 269//269 270//270
f 271//271 272//272 273//273
f 274//274 275//275 276//276
f 277//277 278//278 279//279
f 280//280 281//281 282//282
f 283//283 284//284 285//285
f 286//286 287//287 288//288
f 289//289 290//290 291//291
f 292//292 293//293 294//294
f 295//295 296//296 297//297
f 298//298 299//299 300//300
f 301//301 302//302 303//303
f 304//304 305//305 306//306
f 307//307 308//308 309//309
f 310//310 311//311 312//312
f 313//313 314//314 315//315
f 316//316 317//317 318//318
f 319//319 320//320 321//321
f 322//322 323//323 324//324
f 325//325 326//326 327//327
f 328//328 329//329 330//330
f 331//331 332//332 333//333
f 334//334 335//335 336//336
f 337//337 338//338 339//339
f 340//340 341//341 342//342
f 343//343 344//344 345//345
f 346//346 347//347 348//348
f 349//349 350//350 351//351
f 352//352 353//353 354//354
f 355//355 356//356 357//357
f 358//358 359//359 360//360
f 361//361 362//362 363//363
f 364//364 365//365 366//366
f 367//367 368//368 369//369
f 370//370 371//371 372//372
f 373//373 374//374 375//375
f 376//376 377//377 378//378
f 379//379 380//380 381//381
f 382//382 383//383 384//384
f 385//385 386//386 387//387
f 388//388 389//389 390//390
f 391//391 392//392 393//393
f 394//394 395//395 396//396
f 397//397 398//398 399//399
f 400//400 401//401 402//402
f 403//403 404//404 405//405
f 406//406 407//407 408//408
f 409//409 410//410 411//411
f 412//412 413//413 414//414
f 415//415 416//416 417//417
f 418//418 419//419 420//420
f 421//421 422//422 423//423
f 424//424 425//425 426//426
f 427//427 428//428 429//429
f 430//430 431//431 432//432
f 433//433 434//434 435//435
f 436//436 437//437 438//438
f 439//439 440//440 441//441
f 442//442 443//443 444//444
f 445//445 446//446 447//447
f 448//448 449//449 450//450
f 451//451 452//452 453//453
f 454//454 455//455 456//456
f 457//457 458//458 459//459
f 460//460 461//461 462//462
f 463//463 464//464 465//465
f 466//466 467//467 468//468
f 469//469 470//470 471//471
f 472//472 473//473 474//474
f 475//475 476//476 477//477
f 478//478 479//479 480//480
f 481//481 482//482 483//483
f 484//484 485//485 486//486
f 487//487 488//488 489//489
f 490//490 491//491 492//492
f 493//493 494//494 495//495
f 496//496 497//497 498//498
f 499//499 500//500 501//501
f 502//502 503//503 504//504
f 505//505 506//506 507//507
f 508//508 509//509 510//510
f 511//511 512//512 513//513
f 514//514 515//515 516//516
f 517//517 518//518 519//519
f 520//520 521//521 522//522
f 523//523 524//524 525//525
f 526//526 527//527 528//528
f 529//529 530//530 531//531
f 532//532 533//533 534//534
f 535//535 536//536 537//537
f 538//538 539//539 540//540
f 541//541 542//542 543//543
f 544//544 545//545 546//546
f 547//547 548//548 549//549
f 550//550 551//551 552//552
f 553//553 554//554 555//555
f 556//556 557//557 558//558
f 559//559 560//560 561//561
f 562//562 563//563 564//564
f 565//565 566//566 567//567
f 568//568 569//569 570//570
f 571//571 572//572 573//573
f 574//574 575//575 576//576
f 577//577 578//578 579//579
f 580//580 581//581 582//582
f 583//583 584//584 585//585
f 586//586 587//587 588//588
f 589//589 590//590 591//591
f 592//592 593//593 594//594
f 595//595 596//596 597//597
f 598//598 599//599 600//600
f 601//601 602//602 603//603
f 604//604 605//605 606//606
f 607//607 608//608 609//609
f 610//610 611//611 612//612
f 613//613 614//614 615//615
f 616//616 617//617 618//618
f 619//619 620//620 621//621
f 622//622 623//623 624//624
f 625//625 626//626 627//627
f 628//628 629//629 630//630
f 631//631 632//632 633//633
f 634//634 635//635 636//636
f 637//637 638//638 639//639
f 640//640 641//641 642//642
f 643//643 644//644 645//645
f 646//646 647//647 648//648
f 649//649 650//650 651//651
f 652//652 653//653 654//654
f 655//655 656//656 657//657
f 658//658 659//659 660//660
f 661//661 662//662 663//663
f 664//664 665//665 666//666
f 667//667 668//668 669//669
f 670//670 671//671 672//672
f 673//673 674//674 675//675
f 676//676 677//677 678//678
f 679//679 680//680 681//681
f 682//682 683//683 684//684
f 685//685 686//686 687//687
f 688//688 689//689 690//690
f 691//691 692//692 693//693
f 694//694 695//695 696//696
f 697//697 698//698 699//699
f 700//700 701//701 702//702
f 703//703 704//704 705//705
f 706//706 707//707 708//708
f 709//709 710//710 711//711
f 712//712 713//713 714//714
f 715//715 716//716 717//717
f 718//718 719//719 720//720
f 721//721 722//722 723//723
f 724//724 725//725 726//726
f 727//727 728//728 729//729
f 730//730 731//731 732//732
f 733//733 734//734 735//735
f 736//736 737//737 738//738
f 739//739 740//740 741//741
f 742//742 743//743 744//744
f 745//745 746//746 747//747
f 748//748 749//749 750//750
f 751//751 752//752 753//753
f 754//754 755//755 756//756
f 757//757 758//758 759//759
f 760//760 761//761 762//762
f 763//763 764//764 765//765
f 766//766 767//767 768//768
f 769//769 770//770 771//771
f 772//772 773//773 774//774
f 775//775 776//776 777//777
f 778//778 779//779 780//780
f 781//781 782//782 783//783
f 784//784 785//785 786//786
f 787//787 788//788 789//789
f 790//790 791//791 792//792
f 793//793 794//794 795//795
f 796//796 797//797 798//798
f 799//799 800//800 801//801
f 802//802 803//803 804//804
f 805//805 806//806 807//807
f 808//808 809//809 810//810
f 811//811 812//812 813//813
f 814//814 815//815 816//816
f 817//817 818//818 819//819
f 820//820 821//821 822//822
f 823//823 824//824 825//825
f 826//826 827//827 828//828
f 829//829 830//830 831//831
f 832//832 833//833 834//834
f 835//835 836//836 837//837
f 838//838 839//839 840//840
f 841//841 842//842 843//843
f 844//844 845//845 846//846
f 847//847 848//848 849//849
f 850//850 851//851 852//852
f 853//853 854//854 855//855
f 856//856 857//857 858//858
f 859//859 860//860 861//861
f 862//862 863//863 864//864
f 865//865 866//866 867//867
f 868//868 869//869 870//870
f 871//871 872//872 873//873
f 874//874 875//875 876//876
f 877//877 878//878 879//879
f 880//880 881//881 882//882
f 883//883 884//884 885//885
f 886//886 887//887 888//888
f 889//889 890//890 891//891
f 892//892 893//893 894//894
f 895//895 896//896 897//897
f 898//898 899//899 900//900
f 901//901 902//902 903//903
f 904//904 905//905 906//906
f 907//907 908//908 909//909
f 910//910 911//911 912//912
f 913//913 914//914 915//915
f 916//916 917//917 918//918
f 919//919 920//920 921//921
f 922//922 923//923 924//924
f 925//925 926//926 927//927
f 928//928 929//929 930//930
f 931//931 932//932 933//933
f 934//934 935//935 936//936
f 937//937 938//938 939//939
f 940//940 941//941 942//942
f 943//943 944//944 945//945
f 946//946 947//947 948//948
f 949//949 950//950 951//951
f 952//952 953//953 954//954
f 955//955 956//956 957//957
f 958//958 959//959 960//960
f 961//961 962//962 963//963
f 964//964 965//965 966//966
f 967//967 968//968 969//969
f 970//970 971//971 972//972
f 973//973 974//974 975//975
f 976//976 977//977 978//978
f 979//979 980//980 981//981
f 982//982 983//983 984//984
f 985//985 986//986 987//987
f 988//988 989//989 990//990
f 991//991 992//992 993//993
f 994//994 995//995 996//996
f 997//997 998//998 999//999
f 1000//1000 1001//1001 1002//1002
f 1003//1003 1004//1004 1005//1005
f 1006//1006 1007//1007 1008//1008
f 1009//1009 1010//1010 1011//1011
f 1012//1012 1013//1013 1014//1014
f 1015//1015 1016//1016 1017//1017
f 1018//1018 1019//1019 1020//1020
f 1021//1021 1022//1022 1023//1023
f 1024//1024 1025//1025 1026//1026
f 1027//1027 1028//1028 1029//1029
f 1030//1030 1031//1031 1032//1032
f 1033//1033 1034//1034 1035//1035
f 1036//1036 1037//1037 1038//1038
f 1039//1039 1040//1040 1041//1041
f 1042//1042 1043//1043 1044//1044
f 1045//1045 1046//1046 1047//1047
f 1048//1048 1049//1049 1050//1050
f 1051//1051 1052//1052 1053//1053
f 1054//1054 1055//1055 1056//1056
f 1057//1057 1058//1058 1059//1059
f 1060//1060 1061//1061 1062//1062
f 1063//1063 1064//1064 1065//1065
f 1066//1066 1067//1067 1068//1068
f 1069//1069 1070//1070 1071//1071
f 1072//1072 1073//1073 1074//1074
f 1075//1075 1076//1076 1077//1077
f 1078//1078 1079//1079 1080//1080
f 1081//1081 1082//1082 1083//1083
f 1084//1084 1085//1085 1086//1086
f 1087//1087 1088//1088 1089//1089
f 1090//1090 1091//1091 1092//1092
f 1093//1093 1094//1094 1095//1095
f 1096//1096 1097//1097 1098//1098
f 1099//1099 1100//1100 1101//1101
f 1102//1102 1103//1103 1104//1104
f 1105//1105 1106//1106 1107//1107
f 1108//1108 1109//1109 1110//1110
f 1111//1111 1112//1112 1113//1113
f 1114//1114 1115//1115 1116//1116
f 1117//1117 1118//1118 1119//1119
f 1120//1120 1121//1121 1122//1122
f 1123//1123 1124//1124 1125//1125
f 1126//1126 1127//1127 1128//1128
f 1129//1129 1130//1130 1131//1131
f 1132//1132 1133//1133 1134//1134
f 1135//1135 1136//1136 1137//1137
f 1138//1138 1139//1139 1140//1140
f 1141//1141 1142//1142 1143//1143
f 1144//1144 1145//1145 1146//1146
f 1147//1147 1148//1148 1149//1149
f 1150//1150 1151//1151 1152//1152
f 1153//1153 1154//1154 1155//1155
f 1156//1156 1157//1157 1158//1158
f 1159//1159 1160//1160 1161//1161
f 1162//1162 1163//1163 1164//1164
f 1165//1165 1166//1166 1167//1167
f 1168//1168 1169//1169 1170//1170
f 1171//1171 1172//1172 1173//1173
f 1174//1174 1175//1175 1176//1176
f 1177//1177 1178//1178 1179//1179
f 1180//1180 1181//1181 1182//1182
f 1183//1183 1184//1184 1185//1185
f 1186//1186 1187//1187 1188//1188
f 1189//1189 1190//1190 1191//1191
f 1192//1192 1193//1193 1194//1194
f 1195//1195 1196//1196 1197//1197
f 1198//1198 1199//1199 1200//1200
f 1201//1201 1202//1202 1203//1203
f 1204//1204 1205//1205 1206//1206
f 1207//1207 1208//1208 1209//1209
f 1210//1210 1211//1211 1212//1212
f 1213//1213 1214//1214 1215//1215
f 1216//1216 1217//1217 1218//1218
f 1219//1219 1220//1220 1221//1221
f 1222//1222 1223//1223 1224//1224
f 1225//1225 1226//1226 1227//1227
f 1228//1228 1229//1229 1230//1230
f 1231//1231 1232//1232 1233//1233
f 1234//1234 1235//1235 1236//1236
f 1237//1237 1238//1238 1239//1239
f 1240//1240 1241//1241 1242//1242
f 1243//1243 1244//1244 1245//1245
f 1246//1246 1247//1247 1248//1248
f 1249//1249 1250//1250 1251//1251
f 1252//1252 1253//1253 1254//1254
f 1255//1255 1256//1256 1257//1257
f 1258//1258 1259//1259 1260//1260
f 1261//1261 1262//1262 1263//1263
f 1264//1264 1265//1265 1266//1266
f 1267//1267 1268//1268 1269//1269
f 1270//1270 1271//1271 1272//1272
f 1273//1273 1274//1274 1275//1275
f 1276//1276 1277//1277 1278//1278
f 1279//1279 1280//1280 1281//1281
f 1282//1282 1283//1283 1284//1284
f 1285//1285 1286//1286 1287//1287
f 1288//1288 1289//1289 1290//1290
f 1291//1291 1292//1292 1293//1293
f 1294//1294 1295//1295 1296//1296
f 1297//1297 1298//1298 1299//1299
f 1300//1300 1301//1301 1302//1302
f 1303//1303 1304//1304 1305//1305
f 1306//1306 1307//1307 1308//1308
f 1309//1309 1310//1310 1311//1311
f 1312//1312 1313//1313 1314//1314
f 1315//1315 1316//1316 1317//1317
f 1318//1318 1319//1319 1320//1320
f 1321//1321 1322//1322 1323//1323
f 1324//1324 1325//1325 1326//1326
f 1327//1327 1328//1328 1329//1329
f 1330//1330 1331//1331 1332//1332
f 1333//1333 1334//1334 1335//1335
f 1336//1336 1337//1337 1338//1338
f 1339//1339 1340//1340 1341//1341
f 1342//1342 1343//1343 1344//1344
f 1345//1345 1346//1346 1347//1347
f 1348//1348 1349//1349 1350//1350
f 1351//1351 1352//1352 1353//1353
f 1354//1354 1355//1355 1356//1356
f 1357//1357 1358//1358 1359//1359
f 1360//1360 1361//1361 1362//1362
f 1363//1363 1364//1364 1365//1365
f 1366//1366 1367//1367 1368//1368
f 1369//1369 1370//1370 1371//1371
f 1372//1372 1373//1373 1374//1374
f 1375//1375 1376//1376 1377//1377
f 1378//1378 1379//1379 1380//1380
f 1381//1381 1382//1382 1383//1383
f 1384//1384 1385//1385 1386//1386
f 1387//1387 1388//1388 1389//1389
f 1390//1390 1391//1391 1392//1392
f 1393//1393 1394//1394 1395//1395
f 1396//1396 1397//1397 1398//1398
f 1399//1399 1400//1400 1401//1401
f 1402//1402 1403//1403 1404//1404
f 1405//1405 1406//1406 1407//1407
f 1408//1408 1409//1409 1410//1410
f 1411//1411 1412//1412 1413//1413
f 1414//1414 1415//1415 1416//1416
f 1417//1417 1418//1418 1419//1419
f 1420//1420 1421//1421 1422//1422
f 1423//1423 1424//1424 1425//1425
f 1426//1426 1427//1427 1428//1428
f 1429//1429 1430//1430 1431//1431
f 1432//1432 1433//1433 1434//1434
f 1435//1435 1436//1436 1437//1437
f 1438//1438 1439//1439 1440//1440
f 1441//1441 1442//1442 1443//1443
f 1444//1444 1445//1445 1446//1446
f 1447//1447 1448//1448 1449//1449
f 1450//1450 1451//1451 1452//1452
f 1453//1453 1454//1454 1455//1455
f 1456//1456 1457//1457 1458//1458
f 1459//1459 1460//1460 1461//1461
f 1462//1462 1463//1463 1464//1464
f 1465//1465 1466//1466 1467//1467
f 1468//1468 1469//1469 1470//1470
f 1471//1471 1472//1472 1473//1473
f 1474//1474 1475//1475 1476//1476
f 1477//1477 1478//1478 1479//1479
f 1480//1480 1481//1481 1482//1482
f 1483//1483 1484//1484 1485//1485
f 1486//1486 1487//1487 1488//1488
f 1489//1489 1490//1490 1491//1491
f 1492//1492 1493//1493 1494//1494
f 1495//1495 1496//1496 1497//1497
f 1498//1498 1499//1499 1500//1500
f 1501//1501 1502//1502 1503//1503
f 1504//1504 1505//1505 1506//1506
f 1507//1507 1508//1508 1509//1509
f 1510//1510 1511//1511 1512//1512
f 1513//1513 1514//1514 1515//1515
f 1516//1516 1517//1517 1518//1518
f 1519//1519 1520//1520 1521//1521
f 1522//1522 1523//1523 1524//1524
f 1525//1525 1526//1526 1527//1527
f 1528//1528 1529//1529 1530//1530
f 1531//1531 1532//1532 1533//1533
f 1534//1534 1535//1535 1536//1536
f 1537//1537 1538//1538 1539//1539
f 1540//1540 1541//1541 1542//1542
f 1543//1543 1544//1544 1545//1545
f 1546//1546 1547//1547 1548//1548
f 1549//1549 1550//1550 1551//1551
f 1552//1552 1553//1553 1554//1554
f 1555//1555 1556//1556 1557//1557
f 1558//1558 1559//1559 1560//1560
f 1561//1561 1562//1562 1563//1563
f 1564//1564 1565//1565 1566//1566
f 1567//1567 1568//1568 1569//1569
f 1570//1570 1571//1571 1572//1572
f 1573//1573 1574//1574 1575//1575
f 1576//1576 1577//1577 1578//1578
f 1579//1579 1580//1580 1581//1581
f 1582//1582 1583//1583 1584//1584
f 1585//1585 1586//1586 1587//1587
f 1588//1588 1589//1589 1590//1590
f 1591//1591 1592//1592 1593//1593
f 1594//1594 1595//1595 1596//1596
f 1597//1597 1598//1598 1599//1599
f 1600//1600 1601//1601 1602//1602
f 1603//1603 1604//1604 1605//1605
f 1606//1606 1607//1607 1608//1608
f 1609//1609 1610//1610 1611//1611
f 1612//1612 1613//1613 1614//1614
f 1615//1615 1616//1616 1617//1617
f 1618//1618 1619//1619 1620//1620
f 1621//1621 1622//1622 1623//1623
f 1624//1624 1625//1625 1626//1626
f 1627//1627 1628//1628 1629//1629
f 1630//1630 1631//1631 1632//1632
f 1633//1633 1634//1634 1635//1635
f 1636//1636 1637//1637 1638//1638
f 1639//1639 1640//1640 1641//1641
f 1642//1642 1643//1643 1644//1644
f 1645//1645 1646//1646 1647//1647
f 1648//1648 1649//1649 1650//1650
f 1651//1651 1652//1652 1653//1653
f 1654//1654 1655//1655 1656//1656
f 1657//1657 1658//1658 1659//1659
f 1660//1660 1661//1661 1662//1662
f 1663//1663 1664//1664 1665//1665
f 1666//1666 1667//1667 1668//1668
f 1669//1669 1670//1670 1671//1671
f 1672//1672 1673//1673 1674//1674
f 1675//1675 1676//1676 1677//1677
f 1678//1678 1679//1679 1680//1680
f 1681//1681 1682//1682 1683//1683
f 1684//1684 1685//1685 1686//1686
f 1687//1687 1688//1688 1689//1689
f 1690//1690 1691//1691 1692//1692
f 1693//1693 1694//1694 1695//1695
f 1696//1696 1697//1697 1698//1698
f 1699//1699 1700//1700 1701//1701
f 1702//1702 1703//1703 1704//1704
f 1705//1705 1706//1706 1707//1707
f 1708//1708 1709//1709 1710//1710
f 1711//1711 1712//1712 1713//1713
f 1714//1714 1715//1715 1716//1716
f 1717//1717 1718//1718 1719//1719
f 1720//1720 1721//1721 1722//1722
f 1723//1723 1724//1724 1725//1725
f 1726//1726 1727//1727 1728//1728
f 1729//1729 1730//1730 1731//1731
f 1732//1732 1733//1733 1734//1734
f 1735//1735 1736//1736 1737//1737
f 1738//1738 1739//1739 1740//1740
f 1741//1741 1742//1742 1743//1743
f 1744//1744 1745//1745 1746//1746
f 1747//1747 1748//1748 1749//1749
f 1750//1750 1751//1751 1752//1752
f 1753//1753 1754//1754 1755//1755
f 1756//1756 1757//1757 1758//1758
f 1759//1759 1760//1760 1761//1761
f 1762//1762 1763//1763 1764//1764
f 1765//1765 1766//1766 1767//1767
f 1768//1768 1769//1769 1770//1770
f 1771//1771 1772//1772 1773//1773
f 1774//1774 1775//1775 1776//1776
f 1777//1777 1778//1778 1779//1779
f 1780//1780 1781//1781 1782//1782
f 1783//1783 1784//1784 1785//1785
f 1786//1786 1787//1787 1788//1788
f 1789//1789 1790//1790 1791//1791
f 1792//1792 1793//1793 1794//1794
f 1795//1795 1796//1796 1797//1797
f 1798//1798 1799//1799 1800//1800
f 1801//1801 1802//1802 1803//1803
f 1804//1804 1805//1805 1806//1806
f 1807//1807 1808//1808 1809//1809
f 1810//1810 1811//1811 1812//1812
f 1813//1813 1814//1814 1815//1815
f 1816//1816 1817//1817 1818//1818
f 1819//1819 1820//1820 1821//1821
f 1822//1822 1823//1823 1824//1824
f 1825//1825 1826//1826 1827//1827
f 1828//1828 1829//1829 1830//1830
f 1831//1831 1832//1832 1833//1833
f 1834//1834 1835//1835 1836//1836
f 1837//1837 1838//1838 1839//1839
f 1840//1840 1841//1841 1842//1842
f 1843//1843 1844//1844 1845//1845
f 1846//1846 1847//1847 1848//1848
f 1849//1849 1850//1850 1851//1851
f 1852//1852 1853//1853 1854//1854
f 1855//1855 1856//1856 1857//1857
f 1858//1858 1859//1859 1860//1860
f 1861//1861 1862//1862 1863//1863
f 1864//1864 1865//1865 1866//1866
f 1867//1867 1868//1868 1869//1869
f 1870//1870 1871//1871 1872//1872
f 1873//1873 1874//1874 1875//1875
f 1876//1876 1877//1877 1878//1878
f 1879//1879 1880//1880 1881//1881
f 1882//1882 1883//1883 1884//1884
f 1885//1885 1886//1886 1887//1887
f 1888//1888 1889//1889 1890//1890
f 1891//1891 1892//1892 1893//1893
f 1894//1894 1895//1895 1896//1896
f 1897//1897 1898//1898 1899//1899
f 1900//1900 1901//1901 1902//1902
f 1903//1903 1904//1904 1905//1905
f 1906//1906 1907//1907 1908//1908
f 1909//1909 1910//1910 1911//1911
f 1912//1912 1913//1913 1914//1914
f 1915//1915 1916//1916 1917//1917
f 1918//1918 1919//1919 1920//1920
f 1921//1921 1922//1922 1923//1923
f 1924//1924 1925//1925 1926//1926
f 1927//1927 1928//1928 1929//1929
f 1930//1930 1931//1931 1932//1932
f 1933//1933 1934//1934 1935//1935
f 1936//1936 1937//1937 1938//1938
f 1939//1939 1940//1940 1941//1941
f 1942//1942 1943//1943 1944//1944
f 1945//1945 1946//1946 1947//1947
f 1948//1948 1949//1949 1950//1950
f 1951//1951 1952//1952 1953//1953
f 1954//1954 1955//1955 1956//1956
f 1957//1957 1958//1958 1959//1959
f 1960//1960 1961//1961 1962//1962
f 1963//1963 1964//1964 1965//1965
f 1966//1966 1967//1967 1968//1968
f 1969//1969 1970//1970 1971//1971
f 1972//1972 1973//1973 1974//1974
f 1975//1975 1976//1976 1977//1977
f 1978//1978 1979//1979 1980//1980
f 1981//1981 1982//1982 1983//1983
f 1984//1984 1985//1985 1986//1986
f 1987//1987 1988//1988 1989//1989
f 1990//1990 1991//1991 1992//1992
f 1993//1993 1994//1994 1995//1995
f 1996//1996 1997//1997 1998//1998
f 1999//1999 2000//2000 2001//2001
f 2002//2002 2003//2003 2004//2004
f 2005//2005 2006//2006 2007//2007
f 2008//2008 2009//2009 2010//2010
f 2011//2011 2012//2012 2013//2013
f 2014//2014 2015//2015 2016//2016
f 2017//2017 2018//2018 2019//2019
f 2020//2020 2021//2021 2022//2022
f 2023//2023 2024//2024 2025//2025
f 2026//2026 2027//2027 2028//2028
f 2029//2029 2030//2030 2031//2031
f 2032//2032 2033//2033 2034//2034
f 2035//2035 2036//2036 2037//2037
f 2038//2038 2039//2039 2040//2040
f 2041//2041 2042//2042 2043//2043
f 2044//2044 2045//2045 2046//2046
f 2047//2047 2048//2048 2049//2049
f 2050//2050 2051//2051 2052//2052
f 2053//2053 2054//2054 2055//2055
f 2056//2056 2057//2057 2058//2058
f 2059//2059 2060//2060 2061//2061
f 2062//2062 2063//2063 2064//2064
f 2065//2065 2066//2066 2067//2067
f 2068//2068 2069//2069 2070//2070
f 2071//2071 2072//2072 2073//2073
f 2074//2074 2075//2075 2076//2076
f 2077//2077 2078//2078 2079//2079
f 2080//2080 2081//2081 2082//2082
f 2083//2083 2084//2084 2085//2085
f 2086//2086 2087//2087 2088//2088
f 2089//2089 2090//2090 2091//2091
f 2092//2092 2093//2093 2094//2094
f 2095//2095 2096//2096 2097//2097
f 2098//2098 2099//2099 2100//2100
f 2101//2101 2102//2102 2103//2103
f 2104//2104 2105//2105 2106//2106
f 2107//2107 2108//2108 2109//2109
f 2110//2110 2111//2111 2112//2112
f 2113//2113 2114//2114 2115//2115
f 2116//2116 2117//2117 2118//2118
f 2119//2119 2120//2120 2121//2121
f 2122//2122 2123//2123 2124//2124
f 2125//2125 2126//2126 2127//2127
f 2128//2128 2129//2129 2130//2130
f 2131//2131 2132//2132 2133//2133
f 2134//2134 2135//2135 2136//2136
f 2137//2137 2138//2138 2139//2139
f 2140//2140 2141//2141 2142//2142
f 2143//2143 2144//2144 2145//2145
f 2146//2146 2147//2147 2148//2148
f 2149//2149 2150//2150 2151//2151
f 2152//2152 2153//2153 2154//2154
f 2155//2155 2156//2156 2157//2157
f 2158//2158 2159//2159 2160//2160
f 2161//2161 2162//2162 2163//2163
f 2164//2164 2165//2165 2166//2166
f 2167//2167 2168//2168 2169//2169
f 2170//2170 2171//2171 2172//2172
f 2173//2173 2174//2174 2175//2175
f 2176//2176 2177//2177 2178//2178
f 2179//2179 2180//2180 2181//2181
f 2182//2182 2183//2183 2184//2184
f 2185//2185 2186//2186 2187//2187
f 2188//2188 2189//2189 2190//2190
f 2191//2191 2192//2192 2193//2193
f 2194//2194 2195//2195 2196//2196
f 2197//2197 2198//2198 2199//2199
f 2200//2200 2201//2201 2202//2202
f 2203//2203 2204//2204 2205//2205
f 2206//2206 2207//2207 2208//2208
f 2209//2209 2210//2210 2211//2211
f 2212//2212 2213//2213 2214//2214
f 2215//2215 2216//2216 2217//2217
f 2218//2218 2219//2219 2220//2220
f 2221//2221 2222//2222 2223//2223
f 2224//2224 2225//2225 2226//2226
f 2227//2227 2228//2228 2229//2229
f 2230//2230 2231//2231 2232//2232
f 2233//2233 2234//2234 2235//2235
f 2236//2236 2237//2237 2238//2238
f 2239//2239 2240//2240 2241//2241
f 2242//2242 2243//2243 2244//2244
f 2245//2245 2246//2246 2247//2247
f 2248//2248 2249//2249 2250//2250
f 2251//2251 2252//2252 2253//2253
f 2254//2254 2255//2255 2256//2256
f 2257//2257 2258//2258 2259//2259
f 2260//2260 2261//2261 2262//2262
f 2263//2263 2264//2264 2265//2265
f 2266//2266 2267//2267 2268//2268
f 2269//2269 2270//2270 2271//2271
f 2272//2272 2273//2273 2274//2274
f 2275//2275 2276//2276 2277//2277
f 2278//2278 2279//2279 2280//2280
f 2281//2281 2282//2282 2283//2283
f 2284//2284 2285//2285 2286//2286
f 2287//2287 2288//2288 2289//2289
f 2290//2290 2291//2291 2292//2292
f 2293//2293 2294//2294 2295//2295
f 2296//2296 2297//2297 2298//2298
f 2299//2299 2300//2300 2301//2301
f 2302//2302 2303//2303 2304//2304
f 2305//2305 2306//2306 2307//2307
f 2308//2308 2309//2309 2310//2310
f 2311//2311 2312//2312 2313//2313
f 2314//2314 2315//2315 2316//2316
f 2317//2317 2318//2318 2319//2319
f 2320//2320 2321//2321 2322//2322
f 2323//2323 2324//2324 2325//2325
f 2326//2326 2327//2327 2328//2328
f 2329//2329 2330//2330 2331//2331
f 2332//2332 2333//2333 2334//2334
f 2335//2335 2336//2336 2337//2337
f 2338//2338 2339//2339 2340//2340
f 2341//2341 2342//2342 2343//2343
f 2344//2344 2345//2345 2346//2346
f 2347//2347 2348//2348 2349//2349
f 2350//2350 2351//2351 2352//2352
f 2353//2353 2354//2354 2355//2355
f 2356//2356 2357//2357 2358//2358
f 2359//2359 2360//2360 2361//2361
f 2362//2362 2363//2363 2364//2364
f 2365//2365 2366//2366 2367//2367
f 2368//2368 2369//2369 2370//2370
f 2371//2371 2372//2372 2373//2373
f 2374//2374 2375//2375 2376//2376
f 2377//2377 2378//2378 2379//2379
f 2380//2380 2381//2381 2382//2382
f 2383//2383 2384//2384 2385//2385
f 2386//2386 2387//2387 2388//2388
f 2389//2389 2390//2390 2391//2391
f 2392//2392 2393//2393 2394//2394
f 2395//2395 2396//2396 2397//2397
f 2398//2398 2399//2399 2400//2400
f 2401//2401 2402//2402 2403//2403
f 2404//2404 2405//2405 2406//2406
f 2407//2407 2408//2408 2409//2409
f 2410//2410 2411//2411 2412//2412
f 2413//2413 2414//2414 2415//2415
f 2416//2416 2417//2417 2418//2418
f 2419//2419 2420//2420 2421//2421
f 2422//2422 2423//2423 2424//2424
f 2425//2425 2426//2426 2427//2427
f 2428//2428 2429//2429 2430//2430
f 2431//2431 2432//2432 2433//2433
f 2434//2434 2435//2435 2436//2436
f 2437//2437 2438//2438 2439//2439
f 2440//2440 2441//2441 2442//2442
f 2443//2443 2444//2444 2445//2445
f 2446//2446 2447//2447 2448//2448
f 2449//2449 2450//2450 2451//2451
f 2452//2452 2453//2453 2454//2454
f 2455//2455 2456//2456 2457//2457
f 2458//2458 2459//2459 2460//2460
f 2461//2461 2462//2462 2463//2463
f 2464//2464 2465//2465 2466//2466
f 2467//2467 2468//2468 2469//2469
f 2470//2470 2471//2471 2472//2472
f 2473//2473 2474//2474 2475//2475
f 2476//2476 2477//2477 2478//2478
f 2479//2479 2480//2480 2481//2481
f 2482//2482 2483//2483 2484//2484
f 2485//2485 2486//2486 2487//2487
f 2488//2488 2489//2489 2490//2490
f 2491//2491 2492//2492 2493//2493
f 2494//2494 2495//2495 2496//2496
f 2497//2497 2498//2498 2499//2499
f 2500//2500 2501//2501 2502//2502
f 2503//2503 2504//2504 2505//2505
f 2506//2506 2507//2507 2508//2508
f 2509//2509 2510//2510 2511//2511
f 2512//2512 2513//2513 2514//2514
f 2515//2515 2516//2516 2517//2517
f 2518//2518 2519//2519 2520//2520
f 2521//2521 2522//2522 2523//2523
f 2524//2524 2525//2525 2526//2526
f 2527//2527 2528//2528 2529//2529
f 2530//2530 2531//2531 2532//2532
f 2533//2533 2534//2534 2535//2535
f 2536//2536 2537//2537 2538//2538
f 2539//2539 2540//2540 2541//2541
f 2542//2542 2543//2543 2544//2544
f 2545//2545 2546//2546 2547//2547
f 2548//2548 2549//2549 2550//2550
f 2551//2551 2552//2552 2553//2553
f 2554//2554 2555//2555 2556//2556
f 2557//2557 2558//2558 2559//2559
f 2560//2560 2561//2561 2562//2562
f 2563//2563 2564//2564 2565//2565
f 2566//2566 2567//2567 2568//2568
f 2569//2569 2570//2570 2571//2571
f 2572//2572 2573//2573 2574//2574
f 2575//2575 2576//2576 2577//2577
f 2578//2578 2579//2579 2580//2580
f 2581//2581 2582//2582 2583//2583
f 2584//2584 2585//2585 2586//2586
f 2587//2587 2588//2588 2589//2589
f 2590//2590 2591//2591 2592//2592
f 2593//2593 2594//2594 2595//2595
f 2596//2596 2597//2597 2598//2598
f 2599//2599 2600//2600 2601//2601
f 2602//2602 2603//2603 2604//2604
f 2605//2605 2606//2606 2607//2607
f 2608//2608 2609//2609 2610//2610
f 2611//2611 2612//2612 2613//2613
f 2614//2614 2615//2615 2616//2616
f 2617//2617 2618//2618 2619//2619
f 2620//2620 2621//2621 2622//2622
f 2623//2623 2624//2624 2625//2625
f 2626//2626 2627//2627 2628//2628
f 2629//2629 2630//2630 2631//2631
f 2632//2632 2633//2633 2634//2634
f 2635//2635 2636//2636 2637//2637
f 2638//2638 2639//2639 2640//2640
f 2641//2641 2642//2642 2643//2643
f 2644//2644 2645//2645 2646//2646
f 2647//2647 2648//2648 2649//2649
f 2650//2650 2651//2651 2652//2652
f 2653//2653 2654//2654 2655//2655
f 2656//2656 2657//2657 2658//2658
f 2659//2659 2660//2660 2661//2661
f 2662//2662 2663//2663 2664//2664
f 2665//2665 2666//2666 2667//2667
f 2668//2668 2669//2669 2670//2670
f 2671//2671 2672//2672 2673//2673
f 2674//2674 2675//2675 2676//2676
f 2677//2677 2678//2678 2679//2679
f 2680//2680 2681//2681 2682//2682
f 2683//2683 2684//2684 2685//2685
f 2686//2686 2687//2687 2688//2688
f 2689//2689 2690//2690 2691//2691
f 2692//2692 2693//2693 2694//2694
f 2695//2695 2696//2696 2697//2697
f 2698//2698 2699//2699 2700//2700
f 2701//2701 2702//2702 2703//2703
f 2704//2704 2705//2705 2706//2706
f 2707//2707 2708//2708 2709//2709
f 2710//2710 2711//2711 2712//2712
f 2713//2713 2714//2714 2715//2715
f 2716//2716 2717//2717 2718//2718
f 2719//2719 2720//2720 2721//2721
f 2722//2722 2723//2723 2724//2724
f 2725//2725 2726//2726 2727//2727
f 2728//2728 2729//2729 2730//2730
f 2731//2731 2732//2732 2733//2733
f 2734//2734 2735//2735 2736//2736
f 2737//2737 2738//2738 2739//2739
f 2740//2740 2741//2741 2742//2742
f 2743//2743 2744//2744 2745//2745
f 2746//2746 2747//2747 2748//2748
f 2749//2749 2750//2750 2751//2751
f 2752//2752 2753//2753 2754//2754
f 2755//2755 2756//2756 2757//2757
f 2758//2758 2759//2759 2760//2760
f 2761//2761 2762//2762 2763//2763
f 2764//2764 2765//2765 2766//2766
f 2767//2767 2768//2768 2769//2769
f 2770//2770 2771//2771 2772//2772
f 2773//2773 2774//2774 2775//2775
f 2776//2776 2777//2777 2778//2778
f 2779//2779 2780//2780 2781//2781
f 2782//2782 2783//2783 2784//2784
f 2785//2785 2786//2786 2787//2787
f 2788//2788 2789//2789 2790//2790
f 2791//2791 2792//2792 2793//2793
f 2794//2794 2795//2795 2796//2796
f 2797//2797 2798//2798 2799//2799
f 2800//2800 2801//2801 2802//2802
f 2803//2803 2804//2804 2805//2805
f 2806//2806 2807//2807 2808//2808
f 2809//2809 2810//2810 2811//2811
f 2812//2812 2813//2813 2814//2814
f 2815//2815 2816//2816 2817//2817
f 2818//2818 2819//2819 2820//2820
f 2821//2821 2822//2822 2823//2823
f 2824//2824 2825//2825 2826//2826
f 2827//2827 2828//2828 2829//2829
f 2830//2830 2831//2831 2832//2832
f 2833//2833 2834//2834 2835//2835
f 2836//2836 2837//2837 2838//2838
f 2839//2839 2840//2840 2841//2841
f 2842//2842 2843//2843 2844//2844
f 2845//2845 2846//2846 2847//2847
f 2848//2848 2849//2849 2850//2850
f 2851//2851 2852//2852 2853//2853
f 2854//2854 2855//2855 2856//2856
f 2857//2857 2858//2858 2859//2859
f 2860//2860 2861//2861 2862//2862
f 2863//2863 2864//2864 2865//2865
f 2866//2866 2867//2867 2868//2868
f 2869//2869 2870//2870 2871//2871
f 2872//2872 2873//2873 2874//2874
f 2875//2875 2876//2876 2877//2877
f 2878//2878 2879//2879 2880//2880
f 2881//2881 2882//2882 2883//2883
f 2884//2884 2885//2885 2886//2886
f 2887//2887 2888//2888 2889//2889
f 2890//2890 2891//2891 2892//2892
f 2893//2893 2894//2894 2895//2895
f 2896//2896 2897//2897 2898//2898
f 2899//2899 2900//2900 2901//2901
f 2902//2902 2903//2903 2904//2904
f 2905//2905 2906//2906 2907//2907
f 2908//2908 2909//2909 2910//2910
f 2911//2911 2912//2912 2913//2913
f 2914//2914 2915//2915 2916//2916
f 2917//2917 2918//2918 2919//2919
f 2920//2920 2921//2921 2922//2922
f 2923//2923 2924//2924 2925//2925
f 2926//2926 2927//2927 2928//2928
f 2929//2929 2930//2930 2931//2931
f 2932//2932 2933//2933 2934//2934
f 2935//2935 2936//2936 2937//2937
f 2938//2938 2939//2939 2940//2940
f 2941//2941 2942//2942 2943//2943
f 2944//2944 2945//2945 2946//2946
f 2947//2947 2948//2948 2949//2949
f 2950//2950 2951//2951 2952//2952
f 2953//2953 2954//2954 2955//2955
f 2956//2956 2957//2957 2958//2958
f 2959//2959 2960//2960 2961//2961
f 2962//2962 2963//2963 2964//2964
f 2965//2965 2966//2966 2967//2967
f 2968//2968 2969//2969 2970//2970
f 2971//2971 2972//2972 2973//2973
f 2974//2974 2975//2975 2976//2976
f 2977//2977 2978//2978 2979//2979
f 2980//2980 2981//2981 2982//2982
f 2983//2983 2984//2984 2985//2985
f 2986//2986 2987//2987 2988//2988
f 2989//2989 2990//2990 2991//2991
f 2992//2992 2993//2993 2994//2994
f 2995//2995 2996//2996 2997//2997
f 2998//2998 2999//2999 3000//3000
f 3001//3001 3002//3002 3003//3003
f 3004//3004 3005//3005 3006//3006
f 3007//3007 3008//3008 3009//3009
f 3010//3010 3011//3011 3012//3012
f 3013//3013 3014//3014 3015//3015
f 3016//3016 3017//3017 3018//3018
f 3019//3019 3020//3020 3021//3021
f 3022//3022 3023//3023 3024//3024
f 3025//3025 3026//3026 3027//3027
f 3028//3028 3029//3029 3030//3030
f 3031//3031 3032//3032 3033//3033
f 3034//3034 3035//3035 3036//3036
f 3037//3037 3038//3038 3039//3039
f 3040//3040 3041//3041 3042//3042
f 3043//3043 3044//3044 3045//3045
f 3046//3046 3047//3047 3048//3048
f 3049//3049 3050//3050 3051//3051
f 3052//3052 3053//3053 3054//3054
f 3055//3055 3056//3056 3057//3057
f 3058//3058 3059//3059 3060//3060
f 3061//3061 3062//3062 3063//3063
f 3064//3064 3065//3065 3066//3066
f 3067//3067 3068//3068 3069//3069
f 3070//3070 3071//3071 3072//3072
f 3073//3073 3074//3074 3075//3075
f 3076//3076 3077//3077 3078//3078
f 3079//3079 3080//3080 3081//3081
f 3082//3082 3083//3083 3084//3084
f 3085//3085 3086//3086 3087//3087
f 3088//3088 3089//3089 3090//3090
f 3091//3091 3092//3092 3093//3093
f 3094//3094 3095//3095 3096//3096
f 3097//3097 3098//3098 3099//3099
f 3100//3100 3101//3101 3102//3102
f 3103//3103 3104//3104 3105//3105
f 3106//3106 3107//3107 3108//3108
f 3109//3109 3110//3110 3111//3111
f 3112//3112 3113//3113 3114//3114
f 3115//3115 3116//3116 3117//3117
f 3118//3118 3119//3119 3120//3120
f 3121//3121 3122//3122 3123//3123
f 3124//3124 3125//3125 3126//3126
f 3127//3127 3128//3128 3129//3129
f 3130//3130 3131//3131 3132//3132
f 3133//3133 3134//3134 3135//3135
f 3136//3136 3137//3137 3138//3138
f 3139//3139 3140//3140 3141//3141
f 3142//3142 3143//3143 3144//3144
f 3145//3145 3146//3146 3147//3147
f 3148//3148 3149//3149 3150//3150
f 3151//3151 3152//3152 3153//3153
f 3154//3154 3155//3155 3156//3156
f 3157//3157 3158//3158 3159//3159
f 3160//3160 3161//3161 3162//3162
f 3163//3163 3164//3164 3165//3165
f 3166//3166 3167//3167 3168//3168
f 3169//3169 3170//3170 3171//3171
f 3172//3172 3173//3173 3174//3174
f 3175//3175 3176//3176 3177//3177
f 3178//3178 3179//3179 3180//3180
f 3181//3181 3182//3182 3183//3183
f 3184//3184 3185//3185 3186//3186
f 3187//3187 3188//3188 3189//3189
f 3190//3190 3191//3191 3192//3192
f 3193//3193 3194//3194 3195//3195
f 3196//3196 3197//3197 3198//3198
f 3199//3199 3200//3200 3201//3201
f 3202//3202 3203//3203 3204//3204
f 3205//3205 3206//3206 3207//3207
f 3208//3208 3209//3209 3210//3210
f 3211//3211 3212//3212 3213//3213
f 3214//3214 3215//3215 3216//3216
f 3217//3217 3218//3218 3219//3219
f 3220//3220 3221//3221 3222//3222
f 3223//3223 3224//3224 3225//3225
f 3226//3226 3227//3227 3228//3228
f 3229//3229 3230//3230 3231//3231
f 3232//3232 3233//3233 3234//3234
f 3235//3235 3236//3236 3237//3237
f 3238//3238 3239//3239 3240//3240
f 3241//3241 3242//3242 3243//3243
f 3244//3244 3245//3245 3246//3246
f 3247//3247 3248//3248 3249//3249
f 3250//3250 3251//3251 3252//3252
f 3253//3253 3254//3254 3255//3255
f 3256//3256 3257//3257 3258//3258
f 3259//3259 3260//3260 3261//3261
f 3262//3262 3263//3263 3264//3264
f 3265//3265 3266//3266 3267//3267
f 3268//3268 3269//3269 3270//3270
f 3271//3271 3272//3272 3273//3273
f 3274//3274 3275//3275 3276//3276
f 3277//3277 3278//3278 3279//3279
f 3280//3280 3281//3281 3282//3282
f 3283//3283 3284//3284 3285//3285
f 3286//3286 3287//3287 3288//3288
f 3289//3289 3290//3290 3291//3291
f 3292//3292 3293//3293 3294//3294
f 3295//3295 3296//3296 3297//3297
f 3298//3298 3299//3299 3300//3300
f 3301//3301 3302//3302 3303//3303
f 3304//3304 3305//3305 3306//3306
f 3307//3307 3308//3308 3309//3309
f 3310//3310 3311//3311 3312//3312
f 3313//3313 3314//3314 3315//3315
f 3316//3316 3317//3317 3318//3318
f 3319//3319 3320//3320 3321//3321
f 3322//3322 3323//3323 3324//3324
f 3325//3325 3326//3326 3327//3327
f 3328//3328 3329//3329 3330//3330
f 3331//3331 3332//3332 3333//3333
f 3334//3334 3335//3335 3336//3336
f 3337//3337 3338//3338 3339//3339
f 3340//3340 3341//3341 3342//3342
f 3343//3343 3344//3344 3345//3345
f 3346//3346 3347//3347 3348//3348
f 3349//3349 3350//3350 3351//3351
f 3352//3352 3353//3353 3354//3354
f 3355//3355 3356//3356 3357//3357
f 3358//3358 3359//3359 3360//3360
f 3361//3361 3362//3362 3363//3363
f 3364//3364 3365//3365 3366//3366
f 3367//3367 3368//3368 3369//3369
f 3370//3370 3371//3371 3372//3372
f 3373//3373 3374//3374 3375//3375
f 3376//3376 3377//3377 3378//3378
f 3379//3379 3380//3380 3381//3381
f 3382//3382 3383//3383 3384//3384
f 3385//3385 3386//3386 3387//3387
f 3388//3388 3389//3389 3390//3390
f 3391//3391 3392//3392 3393//3393
f 3394//3394 3395//3395 3396//3396
f 3397//3397 3398//3398 3399//3399
f 3400//3400 3401//3401 3402//3402
f 3403//3403 3404//3404 3405//3405
f 3406//3406 3407//3407 3408//3408
f 3409//3409 3410//3410 3411//3411
f 3412//3412 3413//3413 3414//3414
f 3415//3415 3416//3416 3417//3417
f 3418//3418 3419//3419 3420//3420
f 3421//3421 3422//3422 3423//3423
f 3424//3424 3425//3425 3426//3426
f 3427//3427 3428//3428 3429//3429
f 3430//3430 3431//3431 3432//3432
f 3433//3433 3434//3434 3435//3435
f 3436//3436 3437//3437 3438//3438
f 3439//3439 3440//3440 3441//3441
f 3442//3442 3443//3443 3444//3444
f 3445//3445 3446//3446 3447//3447
f 3448//3448 3449//3449 3450//3450
f 3451//3451 3452//3452 3453//3453
f 3454//3454 3455//3455 3456//3456
f 3457//3457 3458//3458 3459//3459
f 3460//3460 3461//3461 3462//3462
f 3463//3463 3464//3464 3465//3465
f 3466//3466 3467//3467 3468//3468
f 3469//3469 3470//3470 3471//3471
f 3472//3472 3473//3473 3474//3474
f 3475//3475 3476//3476 3477//3477
f 3478//3478 3479//3479 3480//3480
f 3481//3481 3482//3482 3483//3483
f 3484//3484 3485//3485 3486//3486
f 3487//3487 3488//3488 3489//3489
f 3490//3490 3491//3491 3492//3492
f 3493//3493 3494//3494 3495//3495
f 3496//3496 3497//3497 3498//3498
f 3499//3499 3500//3500 3501//3501
f 3502//3502 3503//3503 3504//3504
f 3505//3505 3506//3506 3507//3507
f 3508//3508 3509//3509 3510//3510
f 3511//3511 3512//3512 3513//3513
f 3514//3514 3515//3515 3516//3516
f 3517//3517 3518//3518 3519//3519
f 3520//3520 3521//3521 3522//3522
f 3523//3523 3524//3524 3525//3525
f 3526//3526 3527//3527 3528//3528
f 3529//3529 3530//3530 3531//3531
f 3532//3532 3533//3533 3534//3534
f 3535//3535 3536//3536 3537//3537
f 3538//3538 3539//3539 3540//3540
f 3541//3541 3542//3542 3543//3543
f 3544//3544 3545//3545 3546//3546
f 3547//3547 3548//3548 3549//3549
f 3550//3550 3551//3551 3552//3552
f 3553//3553 3554//3554 3555//3555
f 3556//3556 3557//3557 3558//3558
f 3559//3559 3560//3560 3561//3561
f 3562//3562 3563//3563 3564//3564
f 3565//3565 3566//3566 3567//3567
f 3568//3568 3569//3569 3570//3570
f 3571//3571 3572//3572 3573//3573
f 3574//3574 3575//3575 3576//3576
f 3577//3577 3578//3578 3579//3579
f 3580//3580 3581//3581 3582//3582
f 3583//3583 3584//3584 3585//3585
f 3586//3586 3587//3587 3588//3588
f 3589//3589 3590//3590 3591//3591
f 3592//3592 3593//3593 3594//3594
f 3595//3595 3596//3596 3597//3597
f 3598//3598 3599//3599 3600//3600
f 3601//3601 3602//3602 3603//3603
f 3604//3604 3605//3605 3606//3606
f 3607//3607 3608//3608 3609//3609
f 3610//3610 3611//3611 3612//3612
f 3613//3613 3614//3614 3615//3615
f 3616//3616 3617//3617 3618//3618
f 3619//3619 3620//3620 3621//3621
f 3622//3622 3623//3623 3624//3624
f 3625//3625 3626//3626 3627//3627
f 3628//3628 3629//3629 3630//3630
f 3631//3631 3632//3632 3633//3633
f 3634//3634 3635//3635 3636//3636
f 3637//3637 3638//3638 3639//3639
f 3640//3640 3641//3641 3642//3642
f 3643//3643 3644//3644 3645//3645
f 3646//3646 3647//3647 3648//3648
f 3649//3649 3650//3650 3651//3651
f 3652//3652 3653//3653 3654//3654
f 3655//3655 3656//3656 3657//3657
f 3658//3658 3659//3659 3660//3660
f 3661//3661 3662//3662 3663//3663
f 3664//3664 3665//3665 3666//3666
f 3667//3667 3668//3668 3669//3669
f 3670//3670 3671//3671 3672//3672
f 3673//3673 3674//3674 3675//3675
f 3676//3676 3677//3677 3678//3678
f 3679//3679 3680//3680 3681//3681
f 3682//3682 3683//3683 3684//3684
f 3685//3685 3686//3686 3687//3687
f 3688//3688 3689//3689 3690//3690
f 3691//3691 3692//3692 3693//3693
f 3694//3694 3695//3695 3696//3696
f 3697//3697 3698//3698 3699//3699
f 3700//3700 3701//3701 3702//3702
f 3703//3703 3704//3704 3705//3705
f 3706//3706 3707//3707 3708//3708
f 3709//3709 3710//3710 3711//3711
f 3712//3712 3713//3713 3714//3714
f 3715//3715 3716//3716 3717//3717
f 3718//3718 3719//3719 3720//3720
f 3721//3721 3722//3722 3723//3723
f 3724//3724 3725//3725 3726//3726
f 3727//3727 3728//3728 3729//3729
f 3730//3730 3731//3731 3732//3732
f 3733//3733 3734//3734 3735//3735
f 3736//3736 3737//3737 3738//3738
f 3739//3739 3740//3740 3741//3741
f 3742//3742 3743//3743 3744//3744
f 3745//3745 3746//3746 3747//3747
f 3748//3748 3749//3749 3750//3750
f 3751//3751 3752//3752 3753//3753
f 3754//3754 3755//3755 3756//3756
f 3757//3757 3758//3758 3759//3759
f 3760//3760 3761//3761 3762//3762
f 3763//3763 3764//3764 3765//3765
f 3766//3766 3767//3767 3768//3768
f 3769//3769 3770//3770 3771//3771
f 3772//3772 3773//3773 3774//3774
f 3775//3775 3776//3776 3777//3777
f 3778//3778 3779//3779 3780//3780
f 3781//3781 3782//3782 3783//3783
f 3784//3784 3785//3785 3786//3786
f 3787//3787 3788//3788 3789//3789
f 3790//3790 3791//3791 3792//3792
f 3793//3793 3794//3794 3795//3795
f 3796//3796 3797//3797 3798//3798
f 3799//3799 3800//3800 3801//3801
f 3802//3802 3803//3803 3804//3804
f 3805//3805 3806//3806 3807//3807
f 3808//3808 3809//3809 3810//3810
f 3811//3811 3812//3812 3813//3813
f 3814//3814 3815//3815 3816//3816
f 3817//3817 3818//3818 3819//3819
f 3820//3820 3821//3821 3822//3822
f 3823//3823 3824//3824 3825//3825
f 3826//3826 3827//3827 3828//3828
f 3829//3829 3830//3830 3831//3831
f 3832//3832 3833//3833 3834//3834
f 3835//3835 3836//3836 3837//3837
f 3838//3838 3839//3839 3840//3840
f 3841//3841 3842//3842 3843//3843
f 3844//3844 3845//3845 3846//3846
f 3847//3847 3848//3848 3849//3849
f 3850//3850 3851//3851 3852//3852
f 3853//3853 3854//3854 3855//3855
f 3856//3856 3857//3857 3858//3858
f 3859//3859 3860//3860 3861//3861
f 3862//3862 3863//3863 3864//3864
f 3865//3865 3866//3866 3867//3867
f 3868//3868 3869//3869 3870//3870
f 3871//3871 3872//3872 3873//3873
f 3874//3874 3875//3875 3876//3876
f 3877//3877 3878//3878 3879//3879
f 3880//3880 3881//3881 3882//3882
f 3883//3883 3884//3884 3885//3885
f 3886//3886 3887//3887 3888//3888
f 3889//3889 3890//3890 3891//3891
f 3892//3892 3893//3893 3894//3894
f 3895//3895 3896//3896 3897//3897
f 3898//3898 3899//3899 3900//3900
f 3901//3901 3902//3902 3903//3903
f 3904//3904 3905//3905 3906//3906
f 3907//3907 3908//3908 3909//3909
f 3910//3910 3911//3911 3912//3912
f 3913//3913 3914//3914 3915//3915
f 3916//3916 3917//3917 3918//3918
f 3919//3919 3920//3920 3921//3921
f 3922//3922 3923//3923 3924//3924
f 3925//3925 3926//3926 3927//3927
f 3928//3928 3929//3929 3930//3930
f 3931//3931 3932//3932 3933//3933
f 3934//3934 3935//3935 3936//3936
f 3937//3937 3938//3938 3939//3939
f 3940//3940 3941//3941 3942//3942
f 3943//3943 3944//3944 3945//3945
f 3946//3946 3947//3947 3948//3948
f 3949//3949 3950//3950 3951//3951
f 3952//3952 3953//3953 3954//3954
f 3955//3955 3956//3956 3957//3957
f 3958//3958 3959//3959 3960//3960
f 3961//3961 3962//3962 3963//3963
f 3964//3964 3965//3965 3966//3966
f 3967//3967 3968//3968 3969//3969
f 3970//3970 3971//3971 3972//3972
f 3973//3973 3974//3974 3975//3975
f 3976//3976 3977//3977 3978//3978
f 3979//3979 3980//3980 3981//3981
f 3982//3982 3983//3983 3984//3984
f 3985//3985 3986//3986 3987//3987
f 3988//3988 3989//3989 3990//3990
f 3991//3991 3992//3992 3993//3993
f 3994//3994 3995//3995 3996//3996
f 3997//3997 3998//3998 3999//3999
f 4000//4000 4001//4001 4002//4002
f 4003//4003 4004//4004 4005//4005
f 4006//4006 4007//4007 4008//4008
f 4009//4009 4010//4010 4011//4011
f 4012//4012 4013//4013 4014//4014
f 4015//4015 4016//4016 4017//4017
f 4018//4018 4019//4019 4020//4020
f 4021//4021 4022//4022 4023//4023
f 4024//4024 4025//4025 4026//4026
f 4027//4027 4028//4028 4029//4029
f 4030//4030 4031//4031 4032//4032
f 4033//4033 4034//4034 4035//4035
f 4036//4036 4037//4037 4038//4038
f 4039//4039 4040//4040 4041//4041
f 4042//4042 4043//4043 4044//4044
f 4045//4045 4046//4046 4047//4047
f 4048//4048 4049//4049 4050//4050
f 4051//4051 4052//4052 4053//4053
f 4054//4054 4055//4055 4056//4056
f 4057//4057 4058//4058 4059//4059
f 4060//4060 4061//4061 4062//4062
f 4063//4063 4064//4064 4065//4065
f 4066//4066 4067//4067 4068//4068
f 4069//4069 4070//4070 4071//4071
f 4072//4072 4073//4073 4074//4074
f 4075//4075 4076//4076 4077//4077
f 4078//4078 4079//4079 4080//4080
f 4081//4081 4082//4082 4083//4083
f 4084//4084 4085//4085 4086//4086
f 4087//4087 4088//4088 4089//4089
f 4090//4090 4091//4091 4092//4092
f 4093//4093 4094//4094 4095//4095
f 4096//4096 4097//4097 4098//4098
f 4099//4099 4100//4100 4101//4101
f 4102//4102 4103//4103 4104//4104
f 4105//4105 4106//4106 4107//4107
f 4108//4108 4109//4109 4110//4110
f 4111//4111 4112//4112 4113//4113
f 4114//4114 4115//4115 4116//4116
f 4117//4117 4118//4118 4119//4119
f 4120//4120 4121//4121 4122//4122
f 4123//4123 4124//4124 4125//4125
f 4126//4126 4127//4127 4128//4128
f 4129//4129 4130//4130 4131//4131
f 4132//4132 4133//4133 4134//4134
f 4135//4135 4136//4136 4137//4137
f 4138//4138 4139//4139 4140//4140
f 4141//4141 4142//4142 4143//4143
f 4144//4144 4145//4145 4146//4146
f 4147//4147 4148//4148 4149//4149
f 4150//4150 4151//4151 4152//4152
f 4153//4153 4154//4154 4155//4155
f 4156//4156 4157//4157 4158//4158
f 4159//4159 4160//4160 4161//4161
f 4162//4162 4163//4163 4164//4164
f 4165//4165 4166//4166 4167//4167
f 4168//4168 4169//4169 4170//4170
f 4171//4171 4172//4172 4173//4173
f 4174//4174 4175//4175 4176//4176
f 4177//4177 4178//4178 4179//4179
f 4180//4180 4181//4181 4182//4182
f 4183//4183 4184//4184 4185//4185
f 4186//4186 4187//4187 4188//4188
f 4189//4189 4190//4190 4191//4191
f 4192//4192 4193//4193 4194//4194
f 4195//4195 4196//4196 4197//4197
f 4198//4198 4199//4199 4200//4200
f 4201//4201 4202//4202 4203//4203
f 4204//4204 4205//4205 4206//4206
f 4207//4207 4208//4208 4209//4209
f 4210//4210 4211//4211 4212//4212
f 4213//4213 4214//4214 4215//4215
f 4216//4216 4217//4217 4218//4218
f 4219//4219 4220//4220 4221//4221
f 4222//4222 4223//4223 4224//4224
f 4225//4225 4226//4226 4227//4227
f 4228//4228 4229//4229 4230//4230
f 4231//4231 4232//4232 4233//4233
f 4234//4234 4235//4235 4236//4236
f 4237//4237 4238//4238 4239//4239
f 4240//4240 4241//4241 4242//4242
f 4243//4243 4244//4244 4245//4245
f 4246//4246 4247//4247 4248//4248
f 4249//4249 4250//4250 4251//4251
f 4252//4252 4253//4253 4254//4254
f 4255//4255 4256//4256 4257//4257
f 4258//4258 4259//4259 4260//4260
f 4261//4261 4262//4262 4263//4263
f 4264//4264 4265//4265 4266//4266
f 4267//4267 4268//4268 4269//4269
f 4270//4270 4271//4271 4272//4272
f 4273//4273 4274//4274 4275//4275
f 4276//4276 4277//4277 4278//4278
f 4279//4279 4280//4280 4281//4281
f 4282//4282 4283//4283 4284//4284
f 4285//4285 4286//4286 4287//4287
f 4288//4288 4289//4289 4290//4290
f 4291//4291 4292//4292 4293//4293
f 4294//4294 4295//4295 4296//4296
f 4297//4297 4298//4298 4299//4299
f 4300//4300 4301//4301 4302//4302
f 4303//4303 4304//4304 4305//4305
f 4306//4306 4307//4307 4308//4308
f 4309//4309 4310//4310 4311//4311
f 4312//4312 4313//4313 4314//4314
f 4315//4315 4316//4316 4317//4317
f 4318//4318 4319//4319 4320//4320
f 4321//4321 4322//4322 4323//4323
f 4324//4324 4325//4325 4326//4326
f 4327//4327 4328//4328 4329//4329
f 4330//4330 4331//4331 4332//4332
f 4333//4333 4334//4334 4335//4335
f 4336//4336 4337//4337 4338//4338
f 4339//4339 4340//4340 4341//4341
f 4342//4342 4343//4343 4344//4344
f 4345//4345 4346//4346 4347//4347
f 4348//4348 4349//4349 4350//4350
f 4351//4351 4352//4352 4353//4353
f 4354//4354 4355//4355 4356//4356
f 4357//4357 4358//4358 4359//4359
f 4360//4360 4361//4361 4362//4362
f 4363//4363 4364//4364 4365//4365
f 4366//4366 4367//4367 4368//4368
f 4369//4369 4370//4370 4371//4371
f 4372//4372 4373//4373 4374//4374
f 4375//4375 4376//4376 4377//4377
f 4378//4378 4379//4379 4380//4380
f 4381//4381 4382//4382 4383//4383
f 4384//4384 4385//4385 4386//4386
f 4387//4387 4388//4388 4389//4389
f 4390//4390 4391//4391 4392//4392
f 4393//4393 4394//4394 4395//4395
f 4396//4396 4397//4397 4398//4398
f 4399//4399 4400//4400 4401//4401
f 4402//4402 4403//4403 4404//4404
f 4405//4405 4406//4406 4407//4407
f 4408//4408 4409//4409 4410//4410
f 4411//4411 4412//4412 4413//4413
f 4414//4414 4415//4415 4416//4416
f 4417//4417 4418//4418 4419//4419
f 4420//4420 4421//4421 4422//4422
f 4423//4423 4424//4424 4425//4425
f 4426//4426 4427//4427 4428//4428
f 4429//4429 4430//4430 4431//4431
f 4432//4432 4433//4433 4434//4434
f 4435//4435 4436//4436 4437//4437
f 4438//4438 4439//4439 4440//4440
f 4441//4441 4442//4442 4443//4443
f 4444//4444 4445//4445 4446//4446
f 4447//4447 4448//4448 4449//4449
f 4450//4450 4451//4451 4452//4452
f 4453//4453 4454//4454 4455//4455
f 4456//4456 4457//4457 4458//4458
f 4459//4459 4460//4460 4461//4461
f 4462//4462 4463//4463 4464//4464
f 4465//4465 4466//4466 4467//4467
f 4468//4468 4469//4469 4470//4470
f 4471//4471 4472//4472 4473//4473
f 4474//4474 4475//4475 4476//4476
f 4477//4477 4478//4478 4479//4479
f 4480//4480 4481//4481 4482//4482
f 4483//4483 4484//4484 4485//4485
f 4486//4486 4487//4487 4488//4488
f 4489//4489 4490//4490 4491//4491
f 4492//4492 4493//4493 4494//4494
f 4495//4495 4496//4496 4497//4497
f 4498//4498 4499//4499 4500//4500
f 4501//4501 4502//4502 4503//4503
f 4504//4504 4505//4505 4506//4506
f 4507//4507 4508//4508 4509//4509
f 4510//4510 4511//4511 4512//4512
f 4513//4513 4514//4514 4515//4515
f 4516//4516 4517//4517 4518//4518
f 4519//4519 4520//4520 4521//4521
f 4522//4522 4523//4523 4524//4524
f 4525//4525 4526//4526 4527//4527
f 4528//4528 4529//4529 4530//4530
f 4531//4531 4532//4532 4533//4533
f 4534//4534 4535//4535 4536//4536
f 4537//4537 4538//4538 4539//4539
f 4540//4540 4541//4541 4542//4542
f 4543//4543 4544//4544 4545//4545
f 4546//4546 4547//4547 4548//4548
f 4549//4549 4550//4550 4551//4551
f 4552//4552 4553//4553 4554//4554
f 4555//4555 4556//4556 4557//4557
f 4558//4558 4559//4559 4560//4560
f 4561//4561 4562//4562 4563//4563
f 4564//4564 4565//4565 4566//4566
f 4567//4567 4568//4568 4569//4569
f 4570//4570 4571//4571 4572//4572
f 4573//4573 4574//4574 4575//4575
f 4576//4576 4577//4577 4578//4578
f 4579//4579 4580//4580 4581//4581
f 4582//4582 4583//4583 4584//4584
f 4585//4585 4586//4586 4587//4587
f 4588//4588 4589//4589 4590//4590
f 4591//4591 4592//4592 4593//4593
f 4594//4594 4595//4595 4596//4596
f 4597//4597 4598//4598 4599//4599
f 4600//4600 4601//4601 4602//4602
f 4603//4603 4604//4604 4605//4605
f 4606//4606 4607//4607 4608//4608
f 4609//4609 4610//4610 4611//4611
f 4612//4612 4613//4613 4614//4614
f 4615//4615 4616//4616 4617//4617
f 4618//4618 4619//4619 4620//4620
f 4621//4621 4622//4622 4623//4623
f 4624//4624 4625//4625 4626//4626
f 4627//4627 4628//4628 4629//4629
f 4630//4630 4631//4631 4632//4632
f 4633//4633 4634//4634 4635//4635
f 4636//4636 4637//4637 4638//4638
f 4639//4639 4640//4640 4641//4641
f 4642//4642 4643//4643 4644//4644
f 4645//4645 4646//4646 4647//4647
f 4648//4648 4649//4649 4650//4650
f 4651//4651 4652//4652 4653//4653
f 4654//4654 4655//4655 4656//4656
f 4657//4657 4658//4658 4659//4659
f 4660//4660 4661//4661 4662//4662
f 4663//4663 4664//4664 4665//4665
f 4666//4666 4667//4667 4668//4668
f 4669//4669 4670//4670 4671//4671
f 4672//4672 4673//4673 4674//4674
f 4675//4675 4676//4676 4677//4677
f 4678//4678 4679//4679 4680//4680
f 4681//4681 4682//4682 4683//4683
f 4684//4684 4685//4685 4686//4686
f 4687//4687 4688//4688 4689//4689
f 4690//4690 4691//4691 4692//4692
f 4693//4693 4694//4694 4695//4695
f 4696//4696 4697//4697 4698//4698
f 4699//4699 4700//4700 4701//4701
f 4702//4702 4703//4703 4704//4704
f 4705//4705 4706//4706 4707//4707
f 4708//4708 4709//4709 4710//4710
f 4711//4711 4712//4712 4713//4713
f 4714//4714 4715//4715 4716//4716
f 4717//4717 4718//4718 4719//4719
f 4720//4720 4721//4721 4722//4722
f 4723//4723 4724//4724 4725//4725
f 4726//4726 4727//4727 4728//4728
f 4729//4729 4730//4730 4731//4731
f 4732//4732 4733//4733 4734//4734
f 4735//4735 4736//4736 4737//4737
f 4738//4738 4739//4739 4740//4740
f 4741//4741 4742//4742 4743//4743
f 4744//4744 4745//4745 4746//4746
f 4747//4747 4748//4748 4749//4749
f 4750//4750 4751//4751 4752//4752
f 4753//4753 4754//4754 4755//4755
f 4756//4756 4757//4757 4758//4758
f 4759//4759 4760//4760 4761//4761
f 4762//4762 4763//4763 4764//4764
f 4765//4765 4766//4766 4767//4767
f 4768//4768 4769//4769 4770//4770
f 4771//4771 4772//4772 4773//4773
f 4774//4774 4775//4775 4776//4776
f 4777//4777 4778//4778 4779//4779
f 4780//4780 4781//4781 4782//4782
f 4783//4783 4784//4784 4785//4785
f 4786//4786 4787//4787 4788//4788
f 4789//4789 4790//4790 4791//4791
f 4792//4792 4793//4793 4794//4794
f 4795//4795 4796//4796 4797//4797
f 4798//4798 4799//4799 4800//4800
f 4801//4801 4802//4802 4803//4803
f 4804//4804 4805//4805 4806//4806
f 4807//4807 4808//4808 4809//4809
f 4810//4810 4811//4811 4812//4812
f 4813//4813 4814//4814 4815//4815
f 4816//4816 4817//4817 4818//4818
f 4819//4819 4820//4820 4821//4821
f 4822//4822 4823//4823 4824//4824
f 4825//4825 4826//4826 4827//4827
f 4828//4828 4829//4829 4830//4830
f 4831//4831 4832//4832 4833//4833
f 4834//4834 4835//4835 4836//4836
f 4837//4837 4838//4838 4839//4839
f 4840//4840 4841//4841 4842//4842
f 4843//4843 4844//4844 4845//4845
f 4846//4846 4847//4847 4848//4848
f 4849//4849 4850//4850 4851//4851
f 4852//4852 4853//4853 4854//4854
f 4855//4855 4856//4856 4857//4857
f 4858//4858 4859//4859 4860//4860
f 4861//4861 4862//4862 4863//4863
f 4864//4864 4865//4865 4866//4866
f 4867//4867 4868//4868 4869//4869
f 4870//4870 4871//4871 4872//4872
f 4873//4873 4874//4874 4875//4875
f 4876//4876 4877//4877 4878//4878
f 4879//4879 4880//4880 4881//4881
f 4882//4882 4883//4883 4884//4884
f 4885//4885 4886//4886 4887//4887
f 4888//4888 4889//4889 4890//4890
f 4891//4891 4892//4892 4893//4893
f 4894//4894 4895//4895 4896//4896
f 4897//4897 4898//4898 4899//4899
f 4900//4900 4901//4901 4902//4902
f 4903//4903 4904//4904 4905//4905
f 4906//4906 4907//4907 4908//4908
f 4909//4909 4910//4910 4911//4911
f 4912//4912 4913//4913 4914//4914
f 4915//4915 4916//4916 4917//4917
f 4918//4918 4919//4919 4920//4920
f 4921//4921 4922//4922 4923//4923
f 4924//4924 4925//4925 4926//4926
f 4927//4927 4928//4928 4929//4929
f 4930//4930 4931//4931 4932//4932
f 4933//4933 4934//4934 4935//4935
f 4936//4936 4937//4937 4938//4938
f 4939//4939 4940//4940 4941//4941
f 4942//4942 4943//4943 4944//4944
f 4945//4945 4946//4946 4947//4947
f 4948//4948 4949//4949 4950//4950
f 4951//4951 4952//4952 4953//4953
f 4954//4954 4955//4955 4956//4956
f 4957//4957 4958//4958 4959//4959
f 4960//4960 4961//4961 4962//4962
f 4963//4963 4964//4964 4965//4965
f 4966//4966 4967//4967 4968//4968
f 4969//4969 4970//4970 4971//4971
f 4972//4972 4973//4973 4974//4974
f 4975//4975 4976//4976 4977//4977
f 4978//4978 4979//4979 4980//4980
f 4981//4981 4982//4982 4983//4983
f 4984//4984 4985//4985 4986//4986
f 4987//4987 4988//4988 4989//4989
f 4990//4990 4991//4991 4992//4992
f 4993//4993 4994//4994 4995//4995
f 4996//4996 4997//4997 4998//4998
f 4999//4999 5000//5000 5001//5001
f 5002//5002 5003//5003 5004//5004
f 5005//5005 5006//5006 5007//5007
f 5008//5008 5009//5009 5010//5010
f 5011//5011 5012//5012 5013//5013
f 5014//5014 5015//5015 5016//5016
f 5017//5017 5018//5018 5019//5019
f 5020//5020 5021//5021 5022//5022
f 5023//5023 5024//5024 5025//5025
f 5026//5026 5027//5027 5028//5028
f 5029//5029 5030//5030 5031//5031
f 5032//5032 5033//5033 5034//5034
f 5035//5035 5036//5036 5037//5037
f 5038//5038 5039//5039 5040//5040
f 5041//5041 5042//5042 5043//5043
f 5044//5044 5045//5045 5046//5046
f 5047//5047 5048//5048 5049//5049
f 5050//5050 5051//5051 5052//5052
f 5053//5053 5054//5054 5055//5055
f 5056//5056 5057//5057 5058//5058
f 5059//5059 5060//5060 5061//5061
f 5062//5062 5063//5063 5064//5064
f 5065//5065 5066//5066 5067//5067
f 5068//5068 5069//5069 5070//5070
f 5071//5071 5072//5072 5073//5073
f 5074//5074 5075//5075 5076//5076
f 5077//5077 5078//5078 5079//5079
f 5080//5080 5081//5081 5082//5082
f 5083//5083 5084//5084 5085//5085
f 5086//5086 5087//5087 5088//5088
f 5089//5089 5090//5090 5091//5091
f 5092//5092 5093//5093 5094//5094
f 5095//5095 5096//5096 5097//5097
f 5098//5098 5099//5099 5100//5100
f 5101//5101 5102//5102 5103//5103
f 5104//5104 5105//5105 5106//5106
f 5107//5107 5108//5108 5109//5109
f 5110//5110 5111//5111 5112//5112
f 5113//5113 5114//5114 5115//5115
f 5116//5116 5117//5117 5118//5118
f 5119//5119 5120//5120 5121//5121
f 5122//5122 5123//5123 5124//5124
f 5125//5125 5126//5126 5127//5127
f 5128//5128 5129//5129 5130//5130
f 5131//5131 5132//5132 5133//5133
f 5134//5134 5135//5135 5136//5136
f 5137//5137 5138//5138 5139//5139
f 5140//5140 5141//5141 5142//5142
f 5143//5143 5144//5144 5145//5145
f 5146//5146 5147//5147 5148//5148
f 5149//5149 5150//5150 5151//5151
f 5152//5152 5153//5153 5154//5154
f 5155//5155 5156//5156 5157//5157
f 5158//5158 5159//5159 5160//5160
f 5161//5161 5162//5162 5163//5163
f 5164//5164 5165//5165 5166//5166
f 5167//5167 5168//5168 5169//5169
f 5170//5170 5171//5171 5172//5172
f 5173//5173 5174//5174 5175//5175
f 5176//5176 5177//5177 5178//5178
f 5179//5179 5180//5180 5181//5181
f 5182//5182 5183//5183 5184//5184
f 5185//5185 5186//5186 5187//5187
f 5188//5188 5189//5189 5190//5190
f 5191//5191 5192//5192 5193//5193
f 5194//5194 5195//5195 5196//5196
f 5197//5197 5198//5198 5199//5199
f 5200//5200 5201//5201 5202//5202
f 5203//5203 5204//5204 5205//5205
f 5206//5206 5207//5207 5208//5208
f 5209//5209 5210//5210 5211//5211
f 5212//5212 5213//5213 5214//5214
f 5215//5215 5216//5216 5217//5217
f 5218//5218 5219//5219 5220//5220
f 5221//5221 5222//5222 5223//5223
f 5224//5224 5225//5225 5226//5226
f 5227//5227 5228//5228 5229//5229
f 5230//5230 5231//5231 5232//5232
f 5233//5233 5234//5234 5235//5235
f 5236//5236 5237//5237 5238//5238
f 5239//5239 5240//5240 5241//5241
f 5242//5242 5243//5243 5244//5244
f 5245//5245 5246//5246 5247//5247
f 5248//5248 5249//5249 5250//5250
f 5251//5251 5252//5252 5253//5253
f 5254//5254 5255//5255 5256//5256
f 5257//5257 5258//5258 5259//5259
f 5260//5260 5261//5261 5262//5262
f 5263//5263 5264//5264 5265//5265
f 5266//5266 5267//5267 5268//5268
f 5269//5269 5270//5270 5271//5271
f 5272//5272 5273//5273 5274//5274
f 5275//5275 5276//5276 5277//5277
f 5278//5278 5279//5279 5280//5280
f 5281//5281 5282//5282 5283//5283
f 5284//5284 5285//5285 5286//5286
f 5287//5287 5288//5288 5289//5289
f 5290//5290 5291//5291 5292//5292
f 5293//5293 5294//5294 5295//5295
f 5296//5296 5297//5297 5298//5298
f 5299//5299 5300//5300 5301//5301
f 5302//5302 5303//5303 5304//5304
f 5305//5305 5306//5306 5307//5307
f 5308//5308 5309//5309 5310//5310
f 5311//5311 5312//5312 5313//5313
f 5314//5314 5315//5315 5316//5316
f 5317//5317 5318//5318 5319//5319
f 5320//5320 5321//5321 5322//5322
f 5323//5323 5324//5324 5325//5325
f 5326//5326 5327//5327 5328//5328
f 5329//5329 5330//5330 5331//5331
f 5332//5332 5333//5333 5334//5334
f 5335//5335 5336//5336 5337//5337
f 5338//5338 5339//5339 5340//5340
f 5341//5341 5342//5342 5343//5343
f 5344//5344 5345//5345 5346//5346
f 5347//5347 5348//5348 5349//5349
f 5350//5350 5351//5351 5352//5352
f 5353//5353 5354//5354 5355//5355
f 5356//5356 5357//5357 5358//5358
f 5359//5359 5360//5360 5361//5361
f 5362//5362 5363//5363 5364//5364
f 5365//5365 5366//5366 5367//5367
f 5368//5368 5369//5369 5370//5370
f 5371//5371 5372//5372 5373//5373
f 5374//5374 5375//5375 5376//5376
f 5377//5377 5378//5378 5379//5379
f 5380//5380 5381//5381 5382//5382
f 5383//5383 5384//5384 5385//5385
f 5386//5386 5387//5387 5388//5388
f 5389//5389 5390//5390 5391//5391
f 5392//5392 5393//5393 5394//5394
f 5395//5395 5396//5396 5397//5397
f 5398//5398 5399//5399 5400//5400
f 5401//5401 5402//5402 5403//5403
f 5404//5404 5405//5405 5406//5406
f 5407//5407 5408//5408 5409//5409
f 5410//5410 5411//5411 5412//5412
f 5413//5413 5414//5414 5415//5415
f 5416//5416 5417//5417 5418//5418
f 5419//5419 5420//5420 5421//5421
f 5422//5422 5423//5423 5424//5424
f 5425//5425 5426//5426 5427//5427
f 5428//5428 5429//5429 5430//5430
f 5431//5431 5432//5432 5433//5433
f 5434//5434 5435//5435 5436//5436
f 5437//5437 5438//5438 5439//5439
f 5440//5440 5441//5441 5442//5442
f 5443//5443 5444//5444 5445//5445
f 5446//5446 5447//5447 5448//5448
f 5449//5449 5450//5450 5451//5451
f 5452//5452 5453//5453 5454//5454
f 5455//5455 5456//5456 5457//5457
f 5458//5458 5459//5459 5460//5460
f 5461//5461 5462//5462 5463//5463
f 5464//5464 5465//5465 5466//5466
f 5467//5467 5468//5468 5469//5469
f 5470//5470 5471//5471 5472//5472
f 5473//5473 5474//5474 5475//5475
f 5476//5476 5477//5477 5478//5478
f 5479//5479 5480//5480 5481//5481
f 5482//5482 5483//5483 5484//5484
f 5485//5485 5486//5486 5487//5487
f 5488//5488 5489//5489 5490//5490
f 5491//5491 5492//5492 5493//5493
f 5494//5494 5495//5495 5496//5496
f 5497//5497 5498//5498 5499//5499
f 5500//5500 5501//5501 5502//5502
f 5503//5503 5504//5504 5505//5505
f 5506//5506 5507//5507 5508//5508
f 5509//5509 5510//5510 5511//5511
f 5512//5512 5513//5513 5514//5514
f 5515//5515 5516//5516 5517//5517
f 5518//5518 5519//5519 5520//5520
f 5521//5521 5522//5522 5523//5523
f 5524//5524 5525//5525 5526//5526
f 5527//5527 5528//5528 5529//5529
f 5530//5530 5531//5531 5532//5532
f 5533//5533 5534//5534 5535//5535
f 5536//5536 5537//5537 5538//5538
f 5539//5539 5540//5540 5541//5541
f 5542//5542 5543//5543 5544//5544
f 5545//5545 5546//5546 5547//5547
f 5548//5548 5549//5549 5550//5550
f 5551//5551 5552//5552 5553//5553
f 5554//5554 5555//5555 5556//5556
f 5557//5557 5558//5558 5559//5559
f 5560//5560 5561//5561 5562//5562
f 5563//5563 5564//5564 5565//5565
f 5566//5566 5567//5567 5568//5568
f 5569//5569 5570//5570 5571//5571
f 5572//5572 5573//5573 5574//5574
f 5575//5575 5576//5576 5577//5577
f 5578//5578 5579//5579 5580//5580
f 5581//5581 5582//5582 5583//5583
f 5584//5584 5585//5585 5586//5586
f 5587//5587 5588//5588 5589//5589
f 5590//5590 5591//5591 5592//5592
f 5593//5593 5594//5594 5595//5595
f 5596//5596 5597//5597 5598//5598
f 5599//5599 5600//5600 5601//5601
f 5602//5602 5603//5603 5604//5604
f 5605//5605 5606//5606 5607//5607
f 5608//5608 5609//5609 5610//5610
f 5611//5611 5612//5612 5613//5613
f 5614//5614 5615//5615 5616//5616
f 5617//5617 5618//5618 5619//5619
f 5620//5620 5621//5621 5622//5622
f 5623//5623 5624//5624 5625//5625
f 5626//5626 5627//5627 5628//5628
f 5629//5629 5630//5630 5631//5631
f 5632//5632 5633//5633 5634//5634
f 5635//5635 5636//5636 5637//5637
f 5638//5638 5639//5639 5640//5640
f 5641//5641 5642//5642 5643//5643
f 5644//5644 5645//5645 5646//5646
f 5647//5647 5648//5648 5649//5649
f 5650//5650 5651//5651 5652//5652
f 5653//5653 5654//5654 5655//5655
f 5656//5656 5657//5657 5658//5658
f 5659//5659 5660//5660 5661//5661
f 5662//5662 5663//5663 5664//5664
f 5665//5665 5666//5666 5667//5667
f 5668//5668 5669//5669 5670//5670
f 5671//5671 5672//5672 5673//5673
f 5674//5674 5675//5675 5676//5676
f 5677//5677 5678//5678 5679//5679
f 5680//5680 5681//5681 5682//5682
f 5683//5683 5684//5684 5685//5685
f 5686//5686 5687//5687 5688//5688
f 5689//5689 5690//5690 5691//5691
f 5692//5692 5693//5693 5694//5694
f 5695//5695 5696//5696 5697//5697
f 5698//5698 5699//5699 5700//5700
f 5701//5701 5702//5702 5703//5703
f 5704//5704 5705//5705 5706//5706
f 5707//5707 5708//5708 5709//5709
f 5710//5710 5711//5711 5712//5712
f 5713//5713 5714//5714 5715//5715
f 5716//5716 5717//5717 5718//5718
f 5719//5719 5720//5720 5721//5721
f 5722//5722 5723//5723 5724//5724
f 5725//5725 5726//5726 5727//5727
f 5728//5728 5729//5729 5730//5730
f 5731//5731 5732//5732 5733//5733
f 5734//5734 5735//5735 5736//5736
f 5737//5737 5738//5738 5739//5739
f 5740//5740 5741//5741 5742//5742
f 5743//5743 5744//5744 5745//5745
f 5746//5746 5747//5747 5748//5748
f 5749//5749 5750//5750 5751//5751
f 5752//5752 5753//5753 5754//5754
f 5755//5755 5756//5756 5757//5757
f 5758//5758 5759//5759 5760//5760
f 5761//5761 5762//5762 5763//5763
f 5764//5764 5765//5765 5766//5766
f 5767//5767 5768//5768 5769//5769
f 5770//5770 5771//5771 5772//5772
f 5773//5773 5774//5774 5775//5775
f 5776//5776 5777//5777 5778//5778
f 5779//5779 5780//5780 5781//5781
f 5782//5782 5783//5783 5784//5784
f 5785//5785 5786//5786 5787//5787
f 5788//5788 5789//5789 5790//5790
f 5791//5791 5792//5792 5793//5793
f 5794//5794 5795//5795 5796//5796
f 5797//5797 5798//5798 5799//5799
f 5800//5800 5801//5801 5802//5802
f 5803//5803 5804//5804 5805//5805
f 5806//5806 5807//5807 5808//5808
f 5809//5809 5810//5810 5811//5811
f 5812//5812 5813//5813 5814//5814
f 5815//5815 5816//5816 5817//5817
f 5818//5818 5819//5819 5820//5820
f 5821//5821 5822//5822 5823//5823
f 5824//5824 5825//5825 5826//5826
f 5827//5827 5828//5828 5829//5829
f 5830//5830 5831//5831 5832//5832
f 5833//5833 5834//5834 5835//5835
f 5836//5836 5837//5837 5838//5838
f 5839//5839 5840//5840 5841//5841
f 5842//5842 5843//5843 5844//5844
f 5845//5845 5846//5846 5847//5847
f 5848//5848 5849//5849 5850//5850
f 5851//5851 5852//5852 5853//5853
f 5854//5854 5855//5855 5856//5856
f 5857//5857 5858//5858 5859//5859
f 5860//5860 5861//5861 5862//5862
f 5863//5863 5864//5864 5865//5865
f 5866//5866 5867//5867 5868//5868
f 5869//5869 5870//5870 5871//5871
f 5872//5872 5873//5873 5874//5874
f 5875//5875 5876//5876 5877//5877
f 5878//5878 5879//5879 5880//5880
f 5881//5881 5882//5882 5883//5883
f 5884//5884 5885//5885 5886//5886
f 5887//5887 5888//5888 5889//5889
f 5890//5890 5891//5891 5892//5892
f 5893//5893 5894//5894 5895//5895
f 5896//5896 5897//5897 5898//5898
f 5899//5899 5900//5900 5901//5901
f 5902//5902 5903//5903 5904//5904
f 5905//5905 5906//5906 5907//5907
f 5908//5908 5909//5909 5910//5910
f 5911//5911 5912//5912 5913//5913
f 5914//5914 5915//5915 5916//5916
f 5917//5917 5918//5918 5919//5919
f 5920//5920 5921//5921 5922//5922
f 5923//5923 5924//5924 5925//5925
f 5926//5926 5927//5927 5928//5928
f 5929//5929 5930//5930 5931//5931
f 5932//5932 5933//5933 5934//5934
f 5935//5935 5936//5936 5937//5937
f 5938//5938 5939//5939 5940//5940
f 5941//5941 5942//5942 5943//5943
f 5944//5944 5945//5945 5946//5946
f 5947//5947 5948//5948 5949//5949
f 5950//5950 5951//5951 5952//5952
f 5953//5953 5954//5954 5955//5955
f 5956//5956 5957//5957 5958//5958
f 5959//5959 5960//5960 5961//5961
f 5962//5962 5963//5963 5964//5964
f 5965//5965 5966//5966 5967//5967
f 5968//5968 5969//5969 5970//5970
f 5971//5971 5972//5972 5973//5973
f 5974//5974 5975//5975 5976//5976
f 5977//5977 5978//5978 5979//5979
f 5980//5980 5981//5981 5982//5982
f 5983//5983 5984//5984 5985//5985
f 5986//5986 5987//5987 5988//5988
f 5989//5989 5990//5990 5991//5991
f 5992//5992 5993//5993 5994//5994
f 5995//5995 5996//5996 5997//5997
f 5998//5998 5999//5999 6000//6000
f 6001//6001 6002//6002 6003//6003
f 6004//6004 6005//6005 6006//6006
f 6007//6007 6008//6008 6009//6009
f 6010//6010 6011//6011 6012//6012
f 6013//6013 6014//6014 6015//6015
f 6016//6016 6017//6017 6018//6018
f 6019//6019 6020//6020 6021//6021
f 6022//6022 6023//6023 6024//6024
f 6025//6025 6026//6026 6027//6027
f 6028//6028 6029//6029 6030//6030
f 6031//6031 6032//6032 6033//6033
f 6034//6034 6035//6035 6036//6036
f 6037//6037 6038//6038 6039//6039
f 6040//6040 6041//6041 6042//6042
f 6043//6043 6044//6044 6045//6045
f 6046//6046 6047//6047 6048//6048
f 6049//6049 6050//6050 6051//6051
f 6052//6052 6053//6053 6054//6054
f 6055//6055 6056//6056 6057//6057
f 6058//6058 6059//6059 6060//6060
f 6061//6061 6062//6062 6063//6063
f 6064//6064 6065//6065 6066//6066
f 6067//6067 6068//6068 6069//6069
f 6070//6070 6071//6071 6072//6072
f 6073//6073 6074//6074 6075//6075
f 6076//6076 6077//6077 6078//6078
f 6079//6079 6080//6080 6081//6081
f 6082//6082 6083//6083 6084//6084
f 6085//6085 6086//6086 6087//6087
f 6088//6088 6089//6089 6090//6090

